board_index,board_name,width,height,total_mines,selections,opened_safe,opened_mines,cycles,cfg_cycles,load_cycles,solver_cycles,score_cycles,total_board_cycles,score_numerator,score_denominator,score_scaled,score,board_crc,jtag_retries,transport_error,protocol_version,build_id,solver_stalled
1,board_8x14_27_1_none,8,14,27,60,85,4,59428,0,0,59428,0,59428,1955,2295,8518,0.8518,2774,0,0,2,0001,0
2,board_11x19_31_35_none,11,19,31,63,178,0,13002,0,0,13002,0,13002,5518,5518,10000,1.0000,EEDC,0,0,2,0001,0
3,board_18x14_66_70_none,18,14,66,121,186,7,352193,0,0,352193,0,352193,10974,12276,8939,0.8939,7EE7,0,0,2,0001,0
4,board_19x6_21_151_none,19,6,21,33,93,2,37650,0,0,37650,0,37650,1767,1953,9047,0.9047,6C79,0,0,2,0001,0
5,board_18x5_18_177_none,18,5,18,47,72,2,56507,0,0,56507,0,56507,1152,1296,8888,0.8888,84B2,0,0,2,0001,0
6,board_17x6_25_200_none,17,6,25,21,20,1,96868,0,0,96868,0,96868,423,1925,2197,0.2197,A7A6,0,0,2,0001,1
7,board_12x14_37_231_none,12,14,37,93,131,1,36724,0,0,36724,0,36724,4716,4847,9729,0.9729,FF21,0,0,2,0001,0
8,board_7x19_23_273_none,7,19,23,69,110,2,28716,0,0,28716,0,28716,2310,2530,9130,0.9130,D1B2,0,0,2,0001,0
9,board_4x16_19_299_none,4,16,19,35,45,3,56029,0,0,56029,0,56029,720,855,8421,0.8421,CE34,0,0,2,0001,0
10,board_4x6_3_321_none,4,6,3,12,21,0,2939,0,0,2939,0,2939,63,63,10000,1.0000,3E18,0,0,2,0001,0
11,board_7x4_6_325_none,7,4,6,8,22,1,4281,0,0,4281,0,4281,110,132,8333,0.8333,817A,0,0,2,0001,0
12,board_10x8_21_332_none,10,8,21,30,59,1,18477,0,0,18477,0,18477,1180,1239,9523,0.9523,74A6,0,0,2,0001,0
13,board_17x19_46_358_none,17,19,46,114,277,0,23840,0,0,23840,0,23840,12742,12742,10000,1.0000,AE07,0,0,2,0001,0
14,board_18x19_74_408_none,18,19,74,148,268,1,136309,0,0,136309,0,136309,19564,19832,9864,0.9864,ABBC,0,0,2,0001,0
15,board_19x12_49_496_none,19,12,49,92,179,3,75927,0,0,75927,0,75927,8234,8771,9387,0.9387,3AC1,0,0,2,0001,0
16,board_18x6_15_552_none,18,6,15,43,93,0,7735,0,0,7735,0,7735,1395,1395,10000,1.0000,FF30,0,0,2,0001,0
17,board_12x5_16_570_none,12,5,16,28,44,2,110494,0,0,110494,0,110494,616,704,8750,0.8750,3884,0,0,2,0001,0
18,board_11x6_18_590_none,11,6,18,39,48,3,72835,0,0,72835,0,72835,720,864,8333,0.8333,8E1A,0,0,2,0001,0
19,board_5x18_13_613_none,5,18,13,24,77,0,12793,0,0,12793,0,12793,1001,1001,10000,1.0000,E3DB,0,0,2,0001,0
20,board_4x14_14_628_none,4,14,14,22,37,2,71830,0,0,71830,0,71830,434,588,7380,0.7380,044E,0,0,2,0001,1
21,board_9x5_7_645_none,9,5,7,7,38,1,3235,0,0,3235,0,3235,228,266,8571,0.8571,E49C,0,0,2,0001,0
22,board_16x8_27_654_none,16,8,27,64,101,0,22842,0,0,22842,0,22842,2727,2727,10000,1.0000,F882,0,0,2,0001,0
23,board_17x10_29_686_none,17,10,29,61,141,1,44657,0,0,44657,0,44657,3948,4089,9655,0.9655,76BD,0,0,2,0001,0
24,board_19x18_59_719_none,19,18,59,139,283,1,122231,0,0,122231,0,122231,16414,16697,9830,0.9830,3497,0,0,2,0001,0
25,board_19x19_97_786_none,19,19,97,120,173,4,576449,0,0,576449,0,576449,15725,25608,6140,0.6140,4194,0,0,2,0001,1
26,board_19x19_92_895_none,19,19,92,141,247,2,560026,0,0,560026,0,560026,22186,24748,8964,0.8964,6CB0,0,0,2,0001,1
27,board_17x14_41_1003_none,17,14,41,89,197,3,54079,0,0,54079,0,54079,7486,8077,9268,0.9268,7707,0,0,2,0001,0
28,board_16x12_28_1051_none,16,12,28,38,164,0,11437,0,0,11437,0,11437,4592,4592,10000,1.0000,32BD,0,0,2,0001,0
29,board_15x10_20_1082_none,15,10,20,57,130,3,34306,0,0,34306,0,34306,2210,2600,8500,0.8500,9128,0,0,2,0001,0
30,board_7x5_8_1103_none,7,5,8,18,27,2,6702,0,0,6702,0,6702,162,216,7500,0.7500,2D20,0,0,2,0001,0
31,board_4x18_14_1113_none,4,18,14,32,58,2,23826,0,0,23826,0,23826,696,812,8571,0.8571,EB2A,0,0,2,0001,0
32,board_4x19_19_1129_none,4,19,19,44,57,1,26124,0,0,26124,0,26124,1026,1083,9473,0.9473,ED18,0,0,2,0001,0
33,board_8x16_22_1152_none,8,16,22,49,106,0,10416,0,0,10416,0,10416,2332,2332,10000,1.0000,5CB3,0,0,2,0001,0
34,board_12x8_17_1176_none,12,8,17,26,79,0,8709,0,0,8709,0,8709,1343,1343,10000,1.0000,1C65,0,0,2,0001,0
35,board_19x6_20_1196_none,19,6,20,44,94,0,13711,0,0,13711,0,13711,1880,1880,10000,1.0000,DE0D,0,0,2,0001,0
36,board_18x19_86_1218_none,18,19,86,131,240,2,171809,0,0,171809,0,171809,20128,22016,9142,0.9142,8DA2,0,0,2,0001,1
37,board_11x14_22_1318_none,11,14,22,47,132,0,8881,0,0,8881,0,8881,2904,2904,10000,1.0000,C912,0,0,2,0001,0
38,board_10x12_18_1343_none,10,12,18,45,102,0,8684,0,0,8684,0,8684,1836,1836,10000,1.0000,A863,0,0,2,0001,0
39,board_6x5_7_1368_none,6,5,7,12,23,0,2286,0,0,2286,0,2286,161,161,10000,1.0000,D1D0,0,0,2,0001,0
40,board_4x10_6_1376_none,4,10,6,16,34,0,5325,0,0,5325,0,5325,204,204,10000,1.0000,789F,0,0,2,0001,0
41,board_5x14_15_1384_none,5,14,15,5,16,2,20244,0,0,20244,0,20244,130,825,1575,0.1575,1354,0,0,2,0001,1
42,board_11x19_37_1403_none,11,19,37,87,172,0,32539,0,0,32539,0,32539,6364,6364,10000,1.0000,0FDD,0,0,2,0001,0
43,board_15x14_31_1446_none,15,14,31,68,179,0,48317,0,0,48317,0,48317,5549,5549,10000,1.0000,F6EB,0,0,2,0001,0
44,board_18x6_30_1480_none,18,6,30,41,64,4,52086,0,0,52086,0,52086,1608,2340,6871,0.6871,C589,0,0,2,0001,1
45,board_18x8_21_1515_none,18,8,21,48,123,0,14897,0,0,14897,0,14897,2583,2583,10000,1.0000,2AD5,0,0,2,0001,0
46,board_18x10_31_1538_none,18,10,31,79,149,1,32656,0,0,32656,0,32656,4470,4619,9677,0.9677,C950,0,0,2,0001,0
47,board_16x14_55_1571_none,16,14,55,92,162,0,87101,0,0,87101,0,87101,8910,9295,9585,0.9585,52F5,0,0,2,0001,1
48,board_14x18_63_1632_none,14,18,63,116,189,2,110750,0,0,110750,0,110750,11529,11907,9682,0.9682,E364,0,0,2,0001,0
49,board_11x19_46_1705_none,11,19,46,55,105,2,45018,0,0,45018,0,45018,4504,7498,6006,0.6006,5EAA,0,0,2,0001,1
50,board_6x14_15_1756_none,6,14,15,39,69,0,66857,0,0,66857,0,66857,1035,1035,10000,1.0000,115D,0,0,2,0001,0
51,board_4x10_11_1773_none,4,10,11,19,29,3,12465,0,0,12465,0,12465,232,319,7272,0.7272,3768,0,0,2,0001,0
52,board_4x4_3_1786_none,4,4,3,10,13,0,9891,0,0,9891,0,9891,39,39,10000,1.0000,238E,0,0,2,0001,0
53,board_6x6_5_1792_none,6,6,5,2,31,0,1673,0,0,1673,0,1673,155,155,10000,1.0000,BC91,0,0,2,0001,0
54,board_8x10_16_1798_none,8,10,16,42,64,3,29584,0,0,29584,0,29584,832,1024,8125,0.8125,7D57,0,0,2,0001,0
55,board_10x14_38_1817_none,10,14,38,56,102,5,149412,0,0,149412,0,149412,3366,3876,8684,0.8684,0689,0,0,2,0001,0
56,board_15x19_50_1861_none,15,19,50,139,235,1,53988,0,0,53988,0,53988,11515,11750,9800,0.9800,89B3,0,0,2,0001,0
57,board_16x19_45_1918_none,16,19,45,83,259,1,23295,0,0,23295,0,23295,11396,11655,9777,0.9777,F30E,0,0,2,0001,0
58,board_19x14_56_1973_none,19,14,56,114,210,0,71644,0,0,71644,0,71644,11760,11760,10000,1.0000,9D05,0,0,2,0001,0
59,board_18x4_10_2037_none,18,4,10,22,62,0,11539,0,0,11539,0,11539,620,620,10000,1.0000,45E8,0,0,2,0001,0
60,board_15x6_16_2048_none,15,6,16,35,74,0,12022,0,0,12022,0,12022,1184,1184,10000,1.0000,B9C7,0,0,2,0001,0
61,board_12x10_30_2065_none,12,10,30,67,90,2,32459,0,0,32459,0,32459,2520,2700,9333,0.9333,DA73,0,0,2,0001,0
62,board_11x12_36_2100_none,11,12,36,52,78,1,110539,0,0,110539,0,110539,2712,3456,7847,0.7847,5E27,0,0,2,0001,1
63,board_5x19_14_2151_none,5,19,14,47,81,1,88099,0,0,88099,0,88099,1053,1134,9285,0.9285,C615,0,0,2,0001,0
64,board_4x12_12_2166_none,4,12,12,28,36,1,21383,0,0,21383,0,21383,396,432,9166,0.9166,0318,0,0,2,0001,0
65,board_6x5_5_2182_none,6,5,5,11,25,1,5100,0,0,5100,0,5100,100,125,8000,0.8000,EDE3,0,0,2,0001,0
66,board_7x4_4_2188_none,7,4,4,5,24,0,2610,0,0,2610,0,2610,96,96,10000,1.0000,698B,0,0,2,0001,0
67,board_9x4_5_2194_none,9,4,5,12,31,1,2504,0,0,2504,0,2504,124,155,8000,0.8000,5704,0,0,2,0001,0
68,board_16x14_55_2201_none,16,14,55,106,169,5,162440,0,0,162440,0,162440,8450,9295,9090,0.9090,1C5B,0,0,2,0001,0
69,board_19x19_50_2263_none,19,19,50,116,311,0,57985,0,0,57985,0,57985,15550,15550,10000,1.0000,1230,0,0,2,0001,0
70,board_19x16_75_2315_none,19,16,75,147,229,5,437737,0,0,437737,0,437737,16030,17175,9333,0.9333,8BA8,0,0,2,0001,0
71,board_14x4_7_2401_none,14,4,7,16,49,0,3329,0,0,3329,0,3329,343,343,10000,1.0000,2B51,0,0,2,0001,0
72,board_9x6_13_2409_none,9,6,13,14,13,1,92098,0,0,92098,0,92098,128,533,2401,0.2401,85C7,0,0,2,0001,1
73,board_4x16_13_2425_none,4,16,13,21,51,3,34962,0,0,34962,0,34962,510,663,7692,0.7692,C290,0,0,2,0001,0
74,board_5x16_22_2443_none,5,16,22,38,58,4,75805,0,0,75805,0,75805,1044,1276,8181,0.8181,78EA,0,0,2,0001,0
75,board_11x5_7_2473_none,11,5,7,19,48,0,5110,0,0,5110,0,5110,336,336,10000,1.0000,FF59,0,0,2,0001,0
76,board_18x8_37_2481_none,18,8,37,25,53,0,198847,0,0,198847,0,198847,1961,3959,4953,0.4953,FB70,0,0,2,0001,1
77,board_19x12_48_2530_none,19,12,48,126,180,7,250251,0,0,250251,0,250251,7380,8640,8541,0.8541,DEC6,0,0,2,0001,0
78,board_19x16_46_2583_none,19,16,46,113,258,0,50905,0,0,50905,0,50905,11868,11868,10000,1.0000,2C74,0,0,2,0001,0
79,board_19x18_47_2633_none,19,18,47,97,295,0,34259,0,0,34259,0,34259,13865,13865,10000,1.0000,B048,0,0,2,0001,0
80,board_17x18_78_2682_none,17,18,78,158,228,3,341138,0,0,341138,0,341138,17100,17784,9615,0.9615,F3D6,0,0,2,0001,0
81,board_15x14_51_2776_none,15,14,51,78,145,2,183990,0,0,183990,0,183990,7077,8109,8727,0.8727,A9F5,0,0,2,0001,1
82,board_10x6_8_2841_none,10,6,8,12,52,0,4722,0,0,4722,0,4722,416,416,10000,1.0000,03CB,0,0,2,0001,0
83,board_6x4_6_2852_none,6,4,6,15,18,0,39972,0,0,39972,0,39972,108,108,10000,1.0000,F38C,0,0,2,0001,0
84,board_5x5_6_2859_none,5,5,6,23,19,4,4569,0,0,4569,0,4569,38,114,3333,0.3333,B86E,0,0,2,0001,0
85,board_4x12_8_2866_none,4,12,8,19,40,0,11704,0,0,11704,0,11704,320,320,10000,1.0000,62E8,0,0,2,0001,0
86,board_6x19_24_2876_none,6,19,24,10,30,3,59544,0,0,59544,0,59544,450,2160,2083,0.2083,EF0F,0,0,2,0001,1
87,board_8x19_39_2903_none,8,19,39,52,98,1,110391,0,0,110391,0,110391,3709,4407,8416,0.8416,E37E,0,0,2,0001,1
88,board_12x12_26_2952_none,12,12,26,63,118,0,47790,0,0,47790,0,47790,3068,3068,10000,1.0000,1A7D,0,0,2,0001,0
89,board_15x8_16_2982_none,15,8,16,49,104,0,12168,0,0,12168,0,12168,1664,1664,10000,1.0000,9284,0,0,2,0001,0
90,board_19x5_25_2999_none,19,5,25,44,70,3,32738,0,0,32738,0,32738,1540,1750,8800,0.8800,E8B7,0,0,2,0001,0
91,board_19x6_29_3031_none,19,6,29,28,30,3,41585,0,0,41585,0,41585,615,2465,2494,0.2494,7EF6,0,0,2,0001,1
92,board_16x19_62_3063_none,16,19,62,130,242,0,165991,0,0,165991,0,165991,15004,15004,10000,1.0000,A234,0,0,2,0001,0
93,board_9x14_22_3129_none,9,14,22,45,104,1,76690,0,0,76690,0,76690,2184,2288,9545,0.9545,BCC3,0,0,2,0001,0
94,board_5x6_5_3153_none,5,6,5,15,25,0,1965,0,0,1965,0,1965,125,125,10000,1.0000,90CD,0,0,2,0001,0
95,board_4x5_4_3159_none,4,5,4,7,16,1,2327,0,0,2327,0,2327,48,64,7500,0.7500,684E,0,0,2,0001,0
96,board_4x8_6_3164_none,4,8,6,10,26,0,4564,0,0,4564,0,4564,156,156,10000,1.0000,55BB,0,0,2,0001,0
97,board_6x12_10_3173_none,6,12,10,15,62,0,5655,0,0,5655,0,5655,620,620,10000,1.0000,BF58,0,0,2,0001,0
98,board_12x19_63_3184_none,12,19,63,112,155,3,323785,0,0,323785,0,323785,9270,10395,8917,0.8917,391D,0,0,2,0001,1
99,board_19x8_26_3257_none,19,8,26,50,126,0,72616,0,0,72616,0,72616,3276,3276,10000,1.0000,8E95,0,0,2,0001,0
100,board_18x5_19_3285_none,18,5,19,50,71,2,28530,0,0,28530,0,28530,1207,1349,8947,0.8947,C1CA,0,0,2,0001,0
101,board_16x10_22_3306_none,16,10,22,54,138,0,13330,0,0,13330,0,13330,3036,3036,10000,1.0000,84ED,0,0,2,0001,0
102,board_12x16_42_3329_none,12,16,42,57,140,0,155559,0,0,155559,0,155559,5880,6300,9333,0.9333,A037,0,0,2,0001,1
103,board_7x19_27_3377_none,7,19,27,55,106,0,40086,0,0,40086,0,40086,2862,2862,10000,1.0000,2326,0,0,2,0001,0
104,board_4x14_9_3407_none,4,14,9,19,47,1,19776,0,0,19776,0,19776,376,423,8888,0.8888,65CC,0,0,2,0001,0
105,board_4x8_6_3417_none,4,8,6,20,26,0,4791,0,0,4791,0,4791,156,156,10000,1.0000,4E92,0,0,2,0001,0
106,board_4x6_6_3425_none,4,6,6,9,18,0,2378,0,0,2378,0,2378,108,108,10000,1.0000,C551,0,0,2,0001,0
107,board_6x4_5_3433_none,6,4,5,12,19,0,1705,0,0,1705,0,1705,95,95,10000,1.0000,A65F,0,0,2,0001,0
108,board_7x5_6_3440_none,7,5,6,22,29,1,12055,0,0,12055,0,12055,145,174,8333,0.8333,7C6B,0,0,2,0001,0
109,board_15x18_68_3447_none,15,18,68,39,46,3,75352,0,0,75352,0,75352,2522,13736,1836,0.1836,E387,0,0,2,0001,1
110,board_19x14_40_3528_none,19,14,40,73,226,0,28368,0,0,28368,0,28368,9040,9040,10000,1.0000,9160,0,0,2,0001,0
111,board_18x5_23_3571_none,18,5,23,47,54,2,170091,0,0,170091,0,170091,1108,1541,7190,0.7190,2117,0,0,2,0001,1
112,board_16x4_12_3597_none,16,4,12,37,52,2,26668,0,0,26668,0,26668,520,624,8333,0.8333,5C2B,0,0,2,0001,0
113,board_14x5_10_3611_none,14,5,10,36,60,1,87148,0,0,87148,0,87148,540,600,9000,0.9000,8DB4,0,0,2,0001,0
114,board_11x8_13_3622_none,11,8,13,18,75,2,13739,0,0,13739,0,13739,825,975,8461,0.8461,563A,0,0,2,0001,0
115,board_5x19_24_3636_none,5,19,24,13,17,2,40491,0,0,40491,0,40491,266,1704,1561,0.1561,4591,0,0,2,0001,1
116,board_4x16_9_3665_none,4,16,9,19,55,0,4522,0,0,4522,0,4522,495,495,10000,1.0000,1FC3,0,0,2,0001,0
117,board_7x6_11_3675_none,7,6,11,24,31,4,26819,0,0,26819,0,26819,217,341,6363,0.6363,B0D9,0,0,2,0001,0
118,board_14x6_12_3687_none,14,6,12,8,72,0,6141,0,0,6141,0,6141,864,864,10000,1.0000,F1E8,0,0,2,0001,0
119,board_19x18_81_3701_none,19,18,81,41,94,2,282990,0,0,282990,0,282990,7092,21141,3354,0.3354,E7BE,0,0,2,0001,1
120,board_19x19_55_3790_none,19,19,55,87,306,0,18603,0,0,18603,0,18603,16830,16830,10000,1.0000,34F5,0,0,2,0001,0
121,board_19x19_49_3848_none,19,19,49,105,312,1,48469,0,0,48469,0,48469,14976,15288,9795,0.9795,2DBD,0,0,2,0001,0
122,board_14x6_21_3900_none,14,6,21,47,63,2,32494,0,0,32494,0,32494,1197,1323,9047,0.9047,6C49,0,0,2,0001,0
123,board_9x4_5_3924_none,9,4,5,8,31,0,12049,0,0,12049,0,12049,155,155,10000,1.0000,FB9C,0,0,2,0001,0
124,board_5x10_12_3930_none,5,10,12,15,23,2,41065,0,0,41065,0,41065,200,456,4385,0.4385,F7C2,0,0,2,0001,1
125,board_4x18_14_3944_none,4,18,14,28,58,0,25642,0,0,25642,0,25642,812,812,10000,1.0000,CD10,0,0,2,0001,0
126,board_4x19_12_3961_none,4,19,12,22,64,0,8032,0,0,8032,0,8032,768,768,10000,1.0000,D1A8,0,0,2,0001,0
127,board_11x8_22_3974_none,11,8,22,37,66,1,30749,0,0,30749,0,30749,1386,1452,9545,0.9545,8D98,0,0,2,0001,0
128,board_16x4_8_3998_none,16,4,8,18,56,0,9464,0,0,9464,0,9464,448,448,10000,1.0000,8B2B,0,0,2,0001,0
129,board_17x4_10_4007_none,17,4,10,21,58,1,15255,0,0,15255,0,15255,522,580,9000,0.9000,93A5,0,0,2,0001,0
130,board_19x14_67_4019_none,19,14,67,144,199,0,423378,0,0,423378,0,423378,13333,13333,10000,1.0000,B210,0,0,2,0001,0
131,board_19x18_58_4099_none,19,18,58,129,284,0,47047,0,0,47047,0,47047,16472,16472,10000,1.0000,3513,0,0,2,0001,0
132,board_14x16_53_4164_none,14,16,53,112,158,3,347729,0,0,347729,0,347729,7861,9063,8673,0.8673,6DB4,0,0,2,0001,1
133,board_12x14_46_4226_none,12,14,46,66,88,3,367807,0,0,367807,0,367807,3682,5612,6560,0.6560,0D17,0,0,2,0001,1
134,board_10x10_24_4277_none,10,10,24,53,76,0,14646,0,0,14646,0,14646,1824,1824,10000,1.0000,1A89,0,0,2,0001,0
135,board_7x5_5_4304_none,7,5,5,15,30,1,6352,0,0,6352,0,6352,120,150,8000,0.8000,A5BA,0,0,2,0001,0
136,board_4x6_6_4311_none,4,6,6,12,18,0,2886,0,0,2886,0,2886,108,108,10000,1.0000,92DD,0,0,2,0001,0
137,board_6x18_15_4319_none,6,18,15,27,93,0,10987,0,0,10987,0,10987,1395,1395,10000,1.0000,AA70,0,0,2,0001,0
138,board_14x14_51_4335_none,14,14,51,72,113,4,260139,0,0,260139,0,260139,5183,7395,7008,0.7008,D922,0,0,2,0001,1
139,board_19x4_11_4390_none,19,4,11,21,65,0,7026,0,0,7026,0,7026,715,715,10000,1.0000,0B55,0,0,2,0001,0
140,board_19x5_23_4403_none,19,5,23,32,72,0,21427,0,0,21427,0,21427,1656,1656,10000,1.0000,01B7,0,0,2,0001,0
141,board_19x8_39_4427_none,19,8,39,68,98,3,94462,0,0,94462,0,94462,3483,4407,7903,0.7903,C291,0,0,2,0001,1
142,board_14x19_38_4473_none,14,19,38,74,228,0,28789,0,0,28789,0,28789,8664,8664,10000,1.0000,83D0,0,0,2,0001,0
143,board_10x19_46_4515_none,10,19,46,122,144,4,99954,0,0,99954,0,99954,6048,6624,9130,0.9130,AF8D,0,0,2,0001,0
144,board_9x18_41_4567_none,9,18,41,85,121,5,54874,0,0,54874,0,54874,4356,4961,8780,0.8780,7AF8,0,0,2,0001,0
145,board_6x12_15_4612_none,6,12,15,31,57,0,3627,0,0,3627,0,3627,855,855,10000,1.0000,406D,0,0,2,0001,0
146,board_4x8_5_4628_none,4,8,5,8,27,0,3928,0,0,3928,0,3928,135,135,10000,1.0000,6689,0,0,2,0001,0
147,board_4x4_3_4635_none,4,4,3,8,13,0,1483,0,0,1483,0,1483,39,39,10000,1.0000,CFFD,0,0,2,0001,0
148,board_8x12_16_4639_none,8,12,16,35,80,0,5287,0,0,5287,0,5287,1280,1280,10000,1.0000,40CB,0,0,2,0001,0
149,board_15x19_69_4657_none,15,19,69,145,216,4,260287,0,0,260287,0,260287,14040,14904,9420,0.9420,D59E,0,0,2,0001,0
150,board_17x18_78_4735_none,17,18,78,153,222,4,695640,0,0,695640,0,695640,16404,17784,9224,0.9224,B7D1,0,0,2,0001,1
151,board_19x6_18_4835_none,19,6,18,43,96,0,10606,0,0,10606,0,10606,1728,1728,10000,1.0000,74FA,0,0,2,0001,0
152,board_17x5_22_4855_none,17,5,22,38,52,3,142269,0,0,142269,0,142269,955,1386,6890,0.6890,B3C9,0,0,2,0001,1
153,board_9x18_27_4886_none,9,18,27,41,135,1,24635,0,0,24635,0,24635,3510,3645,9629,0.9629,6430,0,0,2,0001,0
154,board_4x14_9_4915_none,4,14,9,15,47,0,14609,0,0,14609,0,14609,423,423,10000,1.0000,6E78,0,0,2,0001,0
155,board_5x5_5_4925_none,5,5,5,12,20,1,5871,0,0,5871,0,5871,80,100,8000,0.8000,37FF,0,0,2,0001,0
156,board_10x6_13_4933_none,10,6,13,40,47,2,53295,0,0,53295,0,53295,517,611,8461,0.8461,4559,0,0,2,0001,0
157,board_14x12_23_4949_none,14,12,23,41,145,0,11013,0,0,11013,0,11013,3335,3335,10000,1.0000,8DF4,0,0,2,0001,0
158,board_16x16_44_4975_none,16,16,44,106,212,2,34535,0,0,34535,0,34535,8904,9328,9545,0.9545,CC75,0,0,2,0001,0
159,board_19x16_54_5024_none,19,16,54,107,250,2,98758,0,0,98758,0,98758,13000,13500,9629,0.9629,632F,0,0,2,0001,0
160,board_15x4_16_5084_none,15,4,16,35,44,5,46763,0,0,46763,0,46763,484,704,6875,0.6875,E578,0,0,2,0001,0
161,board_8x10_11_5105_none,8,10,11,25,69,0,5533,0,0,5533,0,5533,759,759,10000,1.0000,BFB3,0,0,2,0001,0
162,board_7x12_12_5117_none,7,12,12,12,72,2,7730,0,0,7730,0,7730,720,864,8333,0.8333,5564,0,0,2,0001,0
163,board_6x14_15_5132_none,6,14,15,37,69,4,53516,0,0,53516,0,53516,759,1035,7333,0.7333,EE4F,0,0,2,0001,0
164,board_4x19_15_5149_none,4,19,15,26,61,2,17536,0,0,17536,0,17536,793,915,8666,0.8666,98AB,0,0,2,0001,0
165,board_4x16_11_5168_none,4,16,11,20,53,0,5574,0,0,5574,0,5574,583,583,10000,1.0000,1DFE,0,0,2,0001,0
166,board_9x6_13_5182_none,9,6,13,8,41,1,5932,0,0,5932,0,5932,492,533,9230,0.9230,E8B1,0,0,2,0001,0
167,board_16x6_14_5197_none,16,6,14,30,82,0,9305,0,0,9305,0,9305,1148,1148,10000,1.0000,F869,0,0,2,0001,0
168,board_19x19_95_5213_none,19,19,95,118,166,4,481071,0,0,481071,0,481071,14706,25270,5819,0.5819,E048,0,0,2,0001,1
169,board_16x14_33_5327_none,16,14,33,62,191,0,17921,0,0,17921,0,17921,6303,6303,10000,1.0000,45B8,0,0,2,0001,0
170,board_9x4_9_5364_none,9,4,9,13,21,2,27631,0,0,27631,0,27631,135,243,5555,0.5555,D83C,0,0,2,0001,1
171,board_4x12_10_5374_none,4,12,10,28,38,1,29357,0,0,29357,0,29357,342,380,9000,0.9000,5617,0,0,2,0001,0
172,board_6x19_20_5387_none,6,19,20,45,94,0,13223,0,0,13223,0,13223,1880,1880,10000,1.0000,BF4A,0,0,2,0001,0
173,board_12x10_30_5410_none,12,10,30,36,58,2,143669,0,0,143669,0,143669,1560,2700,5777,0.5777,2DA8,0,0,2,0001,1
174,board_19x5_13_5448_none,19,5,13,23,82,0,32881,0,0,32881,0,32881,1066,1066,10000,1.0000,CF47,0,0,2,0001,0
175,board_19x10_41_5465_none,19,10,41,73,149,5,135120,0,0,135120,0,135120,5364,6109,8780,0.8780,18CA,0,0,2,0001,0
176,board_19x12_56_5510_none,19,12,56,90,172,0,49545,0,0,49545,0,49545,9632,9632,10000,1.0000,6F86,0,0,2,0001,0
177,board_19x14_70_5573_none,19,14,70,57,74,6,406008,0,0,406008,0,406008,4004,13720,2918,0.2918,9FE0,0,0,2,0001,1
178,board_12x18_32_5652_none,12,18,32,97,184,0,14485,0,0,14485,0,14485,5888,5888,10000,1.0000,D6A9,0,0,2,0001,0
179,board_7x8_14_5691_none,7,8,14,23,42,2,26562,0,0,26562,0,26562,504,588,8571,0.8571,A36B,0,0,2,0001,0
180,board_4x4_3_5706_none,4,4,3,8,13,0,2837,0,0,2837,0,2837,39,39,10000,1.0000,C09B,0,0,2,0001,0
181,board_4x10_11_5710_none,4,10,11,14,18,2,68942,0,0,68942,0,68942,140,319,4388,0.4388,66DF,0,0,2,0001,1
182,board_7x16_27_5722_none,7,16,27,55,85,6,35761,0,0,35761,0,35761,1785,2295,7777,0.7777,29CC,0,0,2,0001,0
183,board_9x19_29_5751_none,9,19,29,46,142,0,8901,0,0,8901,0,8901,4118,4118,10000,1.0000,0F28,0,0,2,0001,0
184,board_10x19_29_5782_none,10,19,29,68,161,0,27724,0,0,27724,0,27724,4669,4669,10000,1.0000,8CB7,0,0,2,0001,0
185,board_12x19_34_5818_none,12,19,34,80,194,0,12010,0,0,12010,0,12010,6596,6596,10000,1.0000,AFA7,0,0,2,0001,0
186,board_18x10_46_5854_none,18,10,46,102,129,1,180822,0,0,180822,0,180822,5800,6164,9409,0.9409,67C9,0,0,2,0001,1
187,board_19x4_11_5911_none,19,4,11,21,65,0,11140,0,0,11140,0,11140,715,715,10000,1.0000,215D,0,0,2,0001,0
188,board_15x14_51_5923_none,15,14,51,94,159,2,103097,0,0,103097,0,103097,7791,8109,9607,0.9607,FE36,0,0,2,0001,0
189,board_11x19_31_5977_none,11,19,31,73,178,0,15631,0,0,15631,0,15631,5518,5518,10000,1.0000,C12A,0,0,2,0001,0
190,board_6x16_23_6011_none,6,16,23,54,73,1,27372,0,0,27372,0,27372,1606,1679,9565,0.9565,DB14,0,0,2,0001,0
191,board_4x10_10_6039_none,4,10,10,17,30,2,13504,0,0,13504,0,13504,240,300,8000,0.8000,DCEF,0,0,2,0001,0
192,board_4x4_3_6051_none,4,4,3,6,13,0,1742,0,0,1742,0,1742,39,39,10000,1.0000,1656,0,0,2,0001,0
193,board_7x6_10_6055_none,7,6,10,23,32,1,39915,0,0,39915,0,39915,288,320,9000,0.9000,C0FA,0,0,2,0001,0
194,board_12x16_35_6069_none,12,16,35,99,157,1,293262,0,0,293262,0,293262,5338,5495,9714,0.9714,910E,0,0,2,0001,0
195,board_18x18_78_6108_none,18,18,78,138,220,4,320185,0,0,320185,0,320185,16176,19188,8430,0.8430,6D83,0,0,2,0001,1
196,board_19x10_41_6201_none,19,10,41,79,149,0,69249,0,0,69249,0,69249,6109,6109,10000,1.0000,623F,0,0,2,0001,0
197,board_18x4_10_6249_none,18,4,10,31,62,1,13566,0,0,13566,0,13566,558,620,9000,0.9000,2BD4,0,0,2,0001,0
198,board_11x10_27_6260_none,11,10,27,52,83,1,35996,0,0,35996,0,35996,2158,2241,9629,0.9629,EE2D,0,0,2,0001,0
199,board_4x19_19_6291_none,4,19,19,36,56,3,73773,0,0,73773,0,73773,893,1083,8245,0.8245,A8D8,0,0,2,0001,1
200,board_5x8_6_6317_none,5,8,6,7,34,0,2713,0,0,2713,0,2713,204,204,10000,1.0000,DD8E,0,0,2,0001,0
201,board_6x6_5_6324_none,6,6,5,11,31,0,1983,0,0,1983,0,1983,155,155,10000,1.0000,84D8,0,0,2,0001,0
202,board_9x4_7_6330_none,9,4,7,19,29,0,9322,0,0,9322,0,9322,203,203,10000,1.0000,911B,0,0,2,0001,0
203,board_14x8_26_6338_none,14,8,26,33,75,1,47657,0,0,47657,0,47657,1864,2236,8336,0.8336,BA9F,0,0,2,0001,1
204,board_17x14_35_6367_none,17,14,35,61,203,0,18605,0,0,18605,0,18605,7105,7105,10000,1.0000,FB16,0,0,2,0001,0
205,board_19x19_78_6407_none,19,19,78,159,283,3,113511,0,0,113511,0,113511,21225,22074,9615,0.9615,F026,0,0,2,0001,0
206,board_18x12_37_6494_none,18,12,37,80,179,0,12207,0,0,12207,0,12207,6623,6623,10000,1.0000,1E1B,0,0,2,0001,0
207,board_17x10_25_6536_none,17,10,25,63,145,1,26490,0,0,26490,0,26490,3480,3625,9600,0.9600,E3C3,0,0,2,0001,0
208,board_15x6_13_6564_none,15,6,13,31,77,0,25117,0,0,25117,0,25117,1001,1001,10000,1.0000,776D,0,0,2,0001,0
209,board_14x5_12_6578_none,14,5,12,29,58,0,26060,0,0,26060,0,26060,696,696,10000,1.0000,0758,0,0,2,0001,0
210,board_9x5_11_6591_none,9,5,11,26,34,3,103510,0,0,103510,0,103510,272,374,7272,0.7272,EDA4,0,0,2,0001,0
211,board_8x6_12_6603_none,8,6,12,22,36,1,10643,0,0,10643,0,10643,396,432,9166,0.9166,021B,0,0,2,0001,0
212,board_4x19_15_6619_none,4,19,15,35,53,0,41538,0,0,41538,0,41538,795,915,8688,0.8688,7F79,0,0,2,0001,1
213,board_4x19_23_6637_none,4,19,23,42,53,3,26134,0,0,26134,0,26134,1060,1219,8695,0.8695,EC67,0,0,2,0001,0
214,board_8x12_14_6664_none,8,12,14,26,82,2,10141,0,0,10141,0,10141,984,1148,8571,0.8571,47F6,0,0,2,0001,0
215,board_11x6_12_6679_none,11,6,12,21,54,0,7741,0,0,7741,0,7741,648,648,10000,1.0000,835F,0,0,2,0001,0
216,board_12x5_13_6693_none,12,5,13,30,47,3,26260,0,0,26260,0,26260,470,611,7692,0.7692,8FF9,0,0,2,0001,0
217,board_17x5_20_6708_none,17,5,20,42,65,5,49661,0,0,49661,0,49661,975,1300,7500,0.7500,83DF,0,0,2,0001,0
218,board_19x18_71_6733_none,19,18,71,155,271,0,79421,0,0,79421,0,79421,19241,19241,10000,1.0000,C4C9,0,0,2,0001,0
219,board_16x18_59_6816_none,16,18,59,128,229,1,144221,0,0,144221,0,144221,13282,13511,9830,0.9830,80D2,0,0,2,0001,0
220,board_10x8_14_6882_none,10,8,14,26,66,1,8669,0,0,8669,0,8669,858,924,9285,0.9285,9066,0,0,2,0001,0
221,board_8x5_9_6897_none,8,5,9,9,21,0,53185,0,0,53185,0,53185,189,279,6774,0.6774,A20F,0,0,2,0001,1
222,board_5x4_5_6907_none,5,4,5,12,15,3,34427,0,0,34427,0,34427,30,75,4000,0.4000,973F,0,0,2,0001,0
223,board_4x5_4_6913_none,4,5,4,10,16,1,16244,0,0,16244,0,16244,48,64,7500,0.7500,A0F8,0,0,2,0001,0
224,board_4x16_15_6918_none,4,16,15,22,49,1,8669,0,0,8669,0,8669,686,735,9333,0.9333,0DA2,0,0,2,0001,0
225,board_5x18_22_6938_none,5,18,22,34,58,3,108977,0,0,108977,0,108977,1072,1496,7165,0.7165,D957,0,0,2,0001,1
226,board_8x19_37_6967_none,8,19,37,43,53,3,66801,0,0,66801,0,66801,1616,4255,3797,0.3797,B2B5,0,0,2,0001,1
227,board_15x10_26_7014_none,15,10,26,56,124,1,28804,0,0,28804,0,28804,3100,3224,9615,0.9615,933D,0,0,2,0001,0
228,board_18x5_23_7044_none,18,5,23,36,67,0,9862,0,0,9862,0,9862,1541,1541,10000,1.0000,9780,0,0,2,0001,0
229,board_19x10_28_7070_none,19,10,28,59,162,1,23679,0,0,23679,0,23679,4374,4536,9642,0.9642,DB2C,0,0,2,0001,0
230,board_12x19_51_7103_none,12,19,51,119,177,5,285534,0,0,285534,0,285534,8142,9027,9019,0.9019,7E60,0,0,2,0001,0
231,board_7x12_14_7160_none,7,12,14,45,70,0,6694,0,0,6694,0,6694,980,980,10000,1.0000,32FB,0,0,2,0001,0
232,board_5x8_10_7176_none,5,8,10,19,30,0,3927,0,0,3927,0,3927,300,300,10000,1.0000,DECB,0,0,2,0001,0
233,board_4x4_4_7187_none,4,4,4,14,12,2,3950,0,0,3950,0,3950,24,48,5000,0.5000,5A07,0,0,2,0001,0
234,board_6x10_10_7194_none,6,10,10,15,50,0,9725,0,0,9725,0,9725,500,500,10000,1.0000,46DF,0,0,2,0001,0
235,board_7x12_17_7206_none,7,12,17,43,67,4,22514,0,0,22514,0,22514,871,1139,7647,0.7647,4A16,0,0,2,0001,0
236,board_14x19_46_7224_none,14,19,46,98,220,1,71802,0,0,71802,0,71802,9900,10120,9782,0.9782,6DA9,0,0,2,0001,0
237,board_15x19_41_7279_none,15,19,41,78,244,0,61704,0,0,61704,0,61704,10004,10004,10000,1.0000,1EC6,0,0,2,0001,0
238,board_19x6_32_7323_none,19,6,32,28,59,3,140040,0,0,140040,0,140040,1642,2624,6257,0.6257,4859,0,0,2,0001,1
239,board_16x8_22_7362_none,16,8,22,40,106,0,39512,0,0,39512,0,39512,2332,2332,10000,1.0000,626A,0,0,2,0001,0
240,board_10x18_43_7386_none,10,18,43,75,118,1,171802,0,0,171802,0,171802,4937,5891,8380,0.8380,29A2,0,0,2,0001,1
241,board_5x18_13_7433_none,5,18,13,35,77,0,19333,0,0,19333,0,19333,1001,1001,10000,1.0000,C8E7,0,0,2,0001,0
242,board_4x14_12_7447_none,4,14,12,32,44,3,18737,0,0,18737,0,18737,396,528,7500,0.7500,2C58,0,0,2,0001,0
243,board_5x4_3_7460_none,5,4,3,9,17,0,1546,0,0,1546,0,1546,51,51,10000,1.0000,0375,0,0,2,0001,0
244,board_10x8_17_7464_none,10,8,17,32,63,0,13669,0,0,13669,0,13669,1071,1071,10000,1.0000,FEF2,0,0,2,0001,0
245,board_15x16_58_7483_none,15,16,58,116,175,0,202937,0,0,202937,0,202937,10150,10556,9615,0.9615,AFF6,0,0,2,0001,1
246,board_17x19_55_7547_none,17,19,55,145,268,1,167220,0,0,167220,0,167220,14472,14740,9818,0.9818,6A9F,0,0,2,0001,0
247,board_18x19_50_7610_none,18,19,50,102,292,0,19271,0,0,19271,0,19271,14600,14600,10000,1.0000,B1C8,0,0,2,0001,0
248,board_19x19_52_7666_none,19,19,52,118,309,0,28308,0,0,28308,0,28308,16068,16068,10000,1.0000,124F,0,0,2,0001,0
249,board_19x18_59_7723_none,19,18,59,138,283,0,58206,0,0,58206,0,58206,16697,16697,10000,1.0000,7FB0,0,0,2,0001,0
250,board_19x16_65_7787_none,19,16,65,148,239,1,67253,0,0,67253,0,67253,15296,15535,9846,0.9846,9423,0,0,2,0001,0
251,board_17x5_14_7860_none,17,5,14,33,71,4,93286,0,0,93286,0,93286,710,994,7142,0.7142,1F20,0,0,2,0001,0
252,board_10x8_19_7876_none,10,8,19,36,61,1,15283,0,0,15283,0,15283,1098,1159,9473,0.9473,469B,0,0,2,0001,0
253,board_4x19_11_7900_none,4,19,11,22,65,3,13591,0,0,13591,0,13591,520,715,7272,0.7272,BA60,0,0,2,0001,0
254,board_5x12_16_7912_none,5,12,16,21,38,0,15622,0,0,15622,0,15622,608,704,8636,0.8636,47E6,0,0,2,0001,1
255,board_8x6_8_7929_none,8,6,8,16,40,1,16790,0,0,16790,0,16790,280,320,8750,0.8750,03CF,0,0,2,0001,0
256,board_12x4_9_7939_none,12,4,9,23,39,0,7411,0,0,7411,0,7411,351,351,10000,1.0000,FA04,0,0,2,0001,0
257,board_16x8_33_7949_none,16,8,33,63,95,2,99847,0,0,99847,0,99847,2945,3135,9393,0.9393,DD9F,0,0,2,0001,0
258,board_18x12_52_7990_none,18,12,52,107,164,0,35528,0,0,35528,0,35528,8528,8528,10000,1.0000,7DAC,0,0,2,0001,0
259,board_19x19_50_8055_none,19,19,50,117,311,0,77106,0,0,77106,0,77106,15550,15550,10000,1.0000,362B,0,0,2,0001,0
260,board_18x18_78_8107_none,18,18,78,160,246,3,172575,0,0,172575,0,172575,18450,19188,9615,0.9615,B4C8,0,0,2,0001,0
261,board_17x14_62_8194_none,17,14,62,53,105,6,239339,0,0,239339,0,239339,5454,10912,4998,0.4998,DBAB,0,0,2,0001,1
262,board_12x6_11_8265_none,12,6,11,30,61,0,8681,0,0,8681,0,8681,671,671,10000,1.0000,68D1,0,0,2,0001,0
263,board_11x5_7_8277_none,11,5,7,13,48,0,2934,0,0,2934,0,2934,336,336,10000,1.0000,0FCD,0,0,2,0001,0
264,board_9x4_6_8286_none,9,4,6,9,30,1,5299,0,0,5299,0,5299,150,180,8333,0.8333,0ACA,0,0,2,0001,0
265,board_7x5_8_8294_none,7,5,8,13,27,0,4077,0,0,4077,0,4077,216,216,10000,1.0000,1AD2,0,0,2,0001,0
266,board_4x18_9_8303_none,4,18,9,19,63,0,6308,0,0,6308,0,6308,567,567,10000,1.0000,37DD,0,0,2,0001,0
267,board_6x19_27_8314_none,6,19,27,62,87,1,69190,0,0,69190,0,69190,2262,2349,9629,0.9629,6C3C,0,0,2,0001,0
268,board_10x12_26_8348_none,10,12,26,52,94,1,11806,0,0,11806,0,11806,2350,2444,9615,0.9615,851E,0,0,2,0001,0
269,board_14x6_12_8378_none,14,6,12,13,72,1,10379,0,0,10379,0,10379,792,864,9166,0.9166,6E4C,0,0,2,0001,0
270,board_15x5_11_8391_none,15,5,11,22,64,2,16454,0,0,16454,0,16454,576,704,8181,0.8181,4BC5,0,0,2,0001,0
271,board_19x10_41_8404_none,19,10,41,84,149,3,185149,0,0,185149,0,185149,5662,6109,9268,0.9268,96C2,0,0,2,0001,0
272,board_17x19_68_8450_none,17,19,68,194,255,2,119797,0,0,119797,0,119797,16830,17340,9705,0.9705,CBFD,0,0,2,0001,0
273,board_9x10_13_8526_none,9,10,13,27,77,1,11622,0,0,11622,0,11622,924,1001,9230,0.9230,E4EA,0,0,2,0001,0
274,board_8x8_8_8540_none,8,8,8,14,56,0,5227,0,0,5227,0,5227,448,448,10000,1.0000,C0FE,0,0,2,0001,0
275,board_6x5_5_8549_none,6,5,5,7,25,0,1703,0,0,1703,0,1703,125,125,10000,1.0000,DE17,0,0,2,0001,0
276,board_4x4_4_8556_none,4,4,4,9,12,0,2706,0,0,2706,0,2706,48,48,10000,1.0000,428A,0,0,2,0001,0
277,board_4x4_4_8561_none,4,4,4,15,12,3,3385,0,0,3385,0,3385,12,48,2500,0.2500,8955,0,0,2,0001,0
278,board_4x8_6_8566_none,4,8,6,9,26,0,5072,0,0,5072,0,5072,156,156,10000,1.0000,82C4,0,0,2,0001,0
279,board_8x19_31_8574_none,8,19,31,58,121,0,196951,0,0,196951,0,196951,3751,3751,10000,1.0000,C960,0,0,2,0001,0
280,board_15x14_37_8610_none,15,14,37,72,173,1,26485,0,0,26485,0,26485,6228,6401,9729,0.9729,841E,0,0,2,0001,0
281,board_19x4_19_8654_none,19,4,19,42,57,3,60916,0,0,60916,0,60916,912,1083,8421,0.8421,1F5F,0,0,2,0001,0
282,board_19x6_25_8674_none,19,6,25,14,24,2,70800,0,0,70800,0,70800,422,2225,1896,0.1896,9B74,0,0,2,0001,1
283,board_17x12_28_8705_none,17,12,28,66,176,2,42546,0,0,42546,0,42546,4576,4928,9285,0.9285,9C80,0,0,2,0001,0
284,board_14x18_51_8739_none,14,18,51,121,201,2,70663,0,0,70663,0,70663,9849,10251,9607,0.9607,6DA6,0,0,2,0001,0
285,board_9x19_41_8795_none,9,19,41,82,130,1,42191,0,0,42191,0,42191,5200,5330,9756,0.9756,D57F,0,0,2,0001,0
286,board_6x14_12_8842_none,6,14,12,11,72,0,7078,0,0,7078,0,7078,864,864,10000,1.0000,FDCC,0,0,2,0001,0
287,board_4x4_4_8857_none,4,4,4,6,12,1,1668,0,0,1668,0,1668,36,48,7500,0.7500,4DCB,0,0,2,0001,0
288,board_10x14_25_8862_none,10,14,25,31,115,0,11345,0,0,11345,0,11345,2875,2875,10000,1.0000,AA9E,0,0,2,0001,0
289,board_14x19_67_8892_none,14,19,67,15,11,4,106509,0,0,106509,0,106509,-59,13333,-44,-0.0044,1BA8,0,0,2,0001,1
290,board_18x16_43_8965_none,18,16,43,116,245,2,38125,0,0,38125,0,38125,10045,10535,9534,0.9534,F2A3,0,0,2,0001,0
291,board_19x6_29_9014_none,19,6,29,50,85,2,88903,0,0,88903,0,88903,2295,2465,9310,0.9310,B638,0,0,2,0001,0
292,board_15x6_13_9046_none,15,6,13,33,77,0,13959,0,0,13959,0,13959,1001,1001,10000,1.0000,3B9C,0,0,2,0001,0
293,board_14x8_15_9060_none,14,8,15,23,97,0,5776,0,0,5776,0,5776,1455,1455,10000,1.0000,1634,0,0,2,0001,0
294,board_6x19_28_9077_none,6,19,28,31,86,1,34564,0,0,34564,0,34564,2322,2408,9642,0.9642,67F1,0,0,2,0001,0
295,board_4x12_8_9111_none,4,12,8,20,40,2,10960,0,0,10960,0,10960,240,320,7500,0.7500,578E,0,0,2,0001,0
296,board_9x4_6_9120_none,9,4,6,11,30,0,9136,0,0,9136,0,9136,180,180,10000,1.0000,82BC,0,0,2,0001,0
297,board_10x5_7_9127_none,10,5,7,22,43,1,23518,0,0,23518,0,23518,258,301,8571,0.8571,4D0E,0,0,2,0001,0
298,board_11x6_9_9135_none,11,6,9,26,57,1,8983,0,0,8983,0,8983,456,513,8888,0.8888,7AE9,0,0,2,0001,0
299,board_18x18_81_9145_none,18,18,81,20,23,2,209606,0,0,209606,0,209606,1377,19683,699,0.0699,D5D2,0,0,2,0001,1
300,board_19x19_65_9242_none,19,19,65,122,296,0,53668,0,0,53668,0,53668,19240,19240,10000,1.0000,FC59,0,0,2,0001,0
301,board_19x18_47_9310_none,19,18,47,96,295,0,24616,0,0,24616,0,24616,13865,13865,10000,1.0000,18C9,0,0,2,0001,0
302,board_17x8_35_9363_none,17,8,35,79,101,1,33540,0,0,33540,0,33540,3434,3535,9714,0.9714,B2FB,0,0,2,0001,0
303,board_10x5_7_9401_none,10,5,7,7,43,1,3288,0,0,3288,0,3288,258,301,8571,0.8571,6765,0,0,2,0001,0
304,board_6x12_17_9409_none,6,12,17,33,39,2,56635,0,0,56635,0,56635,553,935,5914,0.5914,54E6,0,0,2,0001,1
305,board_4x16_19_9429_none,4,16,19,39,45,2,40807,0,0,40807,0,40807,765,855,8947,0.8947,926D,0,0,2,0001,0
306,board_4x19_15_9452_none,4,19,15,34,61,1,33997,0,0,33997,0,33997,854,915,9333,0.9333,8A72,0,0,2,0001,0
307,board_4x19_13_9469_none,4,19,13,17,63,0,47099,0,0,47099,0,47099,819,819,10000,1.0000,6F0A,0,0,2,0001,0
308,board_5x16_14_9484_none,5,16,14,34,66,1,43007,0,0,43007,0,43007,858,924,9285,0.9285,D65B,0,0,2,0001,0
309,board_8x10_21_9502_none,8,10,21,48,59,2,181423,0,0,181423,0,181423,1121,1239,9047,0.9047,2F49,0,0,2,0001,0
310,board_9x8_19_9531_none,9,8,19,46,53,1,100426,0,0,100426,0,100426,954,1007,9473,0.9473,A199,0,0,2,0001,0
311,board_15x4_8_9552_none,15,4,8,22,52,0,6295,0,0,6295,0,6295,416,416,10000,1.0000,9001,0,0,2,0001,0
312,board_16x5_11_9561_none,16,5,11,16,69,1,10108,0,0,10108,0,10108,690,759,9090,0.9090,2B6F,0,0,2,0001,0
313,board_19x18_72_9573_none,19,18,72,118,270,2,487747,0,0,487747,0,487747,18900,19440,9722,0.9722,0CEB,0,0,2,0001,0
314,board_16x16_53_9660_none,16,16,53,128,203,3,131647,0,0,131647,0,131647,10150,10759,9433,0.9433,D42A,0,0,2,0001,0
315,board_11x8_22_9720_none,11,8,22,47,66,2,90844,0,0,90844,0,90844,1320,1452,9090,0.9090,E21A,0,0,2,0001,0
316,board_8x4_4_9748_none,8,4,4,8,28,0,1579,0,0,1579,0,1579,112,112,10000,1.0000,1A8C,0,0,2,0001,0
317,board_6x4_3_9753_none,6,4,3,3,21,1,2044,0,0,2044,0,2044,42,63,6666,0.6666,7306,0,0,2,0001,0
318,board_4x6_6_9757_none,4,6,6,12,18,0,6445,0,0,6445,0,6445,108,108,10000,1.0000,1830,0,0,2,0001,0
319,board_5x19_14_9764_none,5,19,14,23,81,2,12099,0,0,12099,0,12099,972,1134,8571,0.8571,6474,0,0,2,0001,0
320,board_11x14_42_9782_none,11,14,42,53,86,5,263746,0,0,263746,0,263746,3052,4704,6488,0.6488,2FA5,0,0,2,0001,1
321,board_12x12_40_9830_none,12,12,40,40,68,3,139011,0,0,139011,0,139011,2408,4160,5788,0.5788,689F,0,0,2,0001,1
322,board_15x8_25_9883_none,15,8,25,69,95,2,134073,0,0,134073,0,134073,2185,2375,9200,0.9200,521C,0,0,2,0001,0
323,board_18x4_10_9912_none,18,4,10,25,62,0,7684,0,0,7684,0,7684,620,620,10000,1.0000,3BE6,0,0,2,0001,0
324,board_19x10_50_9923_none,19,10,50,40,60,1,160921,0,0,160921,0,160921,2860,7000,4085,0.4085,6914,0,0,2,0001,1
325,board_17x18_44_9976_none,17,18,44,86,262,0,15592,0,0,15592,0,15592,11528,11528,10000,1.0000,0234,0,0,2,0001,0
326,board_15x19_42_10025_none,15,19,42,81,243,0,14892,0,0,14892,0,14892,10206,10206,10000,1.0000,5D1F,0,0,2,0001,0
327,board_14x19_46_10069_none,14,19,46,100,220,0,22126,0,0,22126,0,22126,10120,10120,10000,1.0000,2ED5,0,0,2,0001,0
328,board_11x18_48_10118_none,11,18,48,22,33,3,82356,0,0,82356,0,82356,1134,7200,1575,0.1575,38F7,0,0,2,0001,1
329,board_5x6_4_10169_none,5,6,4,13,26,0,1821,0,0,1821,0,1821,104,104,10000,1.0000,EC6E,0,0,2,0001,0
330,board_4x4_3_10174_none,4,4,3,3,13,0,1208,0,0,1208,0,1208,39,39,10000,1.0000,ADA4,0,0,2,0001,0
331,board_4x8_9_10179_none,4,8,9,15,23,2,9703,0,0,9703,0,9703,161,207,7777,0.7777,EB90,0,0,2,0001,0
332,board_8x16_18_10190_none,8,16,18,19,110,0,6131,0,0,6131,0,6131,1980,1980,10000,1.0000,3DE2,0,0,2,0001,0
333,board_15x18_68_10210_none,15,18,68,129,202,0,92970,0,0,92970,0,92970,13736,13736,10000,1.0000,749E,0,0,2,0001,0
334,board_18x10_32_10284_none,18,10,32,83,148,0,46646,0,0,46646,0,46646,4736,4736,10000,1.0000,D16C,0,0,2,0001,0
335,board_19x4_15_10319_none,19,4,15,32,61,1,22162,0,0,22162,0,22162,854,915,9333,0.9333,3BEE,0,0,2,0001,0
336,board_16x10_33_10337_none,16,10,33,85,127,0,72085,0,0,72085,0,72085,4191,4191,10000,1.0000,0B00,0,0,2,0001,0
337,board_9x19_36_10376_none,9,19,36,26,42,3,171837,0,0,171837,0,171837,1107,4860,2277,0.2277,0778,0,0,2,0001,1
338,board_4x12_9_10418_none,4,12,9,11,39,1,4961,0,0,4961,0,4961,312,351,8888,0.8888,995D,0,0,2,0001,0
339,board_5x4_5_10428_none,5,4,5,16,15,1,25413,0,0,25413,0,25413,60,75,8000,0.8000,6B17,0,0,2,0001,0
340,board_6x4_6_10436_none,6,4,6,9,18,1,3881,0,0,3881,0,3881,90,108,8333,0.8333,9FD3,0,0,2,0001,0
341,board_7x5_9_10444_none,7,5,9,15,26,1,7184,0,0,7184,0,7184,208,234,8888,0.8888,A8B4,0,0,2,0001,0
342,board_15x18_45_10455_none,15,18,45,93,225,1,86405,0,0,86405,0,86405,9900,10125,9777,0.9777,94A5,0,0,2,0001,0
343,board_18x19_90_10511_none,18,19,90,163,232,4,353974,0,0,353974,0,353974,19872,22680,8761,0.8761,9827,0,0,2,0001,1
344,board_19x14_48_10622_none,19,14,48,81,218,0,21947,0,0,21947,0,21947,10464,10464,10000,1.0000,34A2,0,0,2,0001,0
345,board_17x4_17_10676_none,17,4,17,24,51,0,27503,0,0,27503,0,27503,867,867,10000,1.0000,2935,0,0,2,0001,0
346,board_12x6_16_10695_none,12,6,16,28,56,1,5897,0,0,5897,0,5897,840,896,9375,0.9375,0295,0,0,2,0001,0
347,board_10x10_15_10713_none,10,10,15,31,85,0,7315,0,0,7315,0,7315,1275,1275,10000,1.0000,F25F,0,0,2,0001,0
348,board_9x12_15_10730_none,9,12,15,33,93,1,27565,0,0,27565,0,27565,1302,1395,9333,0.9333,F4A2,0,0,2,0001,0
349,board_4x19_21_10747_none,4,19,21,35,49,2,53638,0,0,53638,0,53638,919,1155,7956,0.7956,D2F6,0,0,2,0001,1
350,board_4x14_8_10774_none,4,14,8,19,48,0,3997,0,0,3997,0,3997,384,384,10000,1.0000,4308,0,0,2,0001,0
351,board_4x12_7_10783_none,4,12,7,17,41,0,9426,0,0,9426,0,9426,287,287,10000,1.0000,B7D8,0,0,2,0001,0
352,board_11x4_11_10792_none,11,4,11,22,33,2,9650,0,0,9650,0,9650,297,363,8181,0.8181,130A,0,0,2,0001,0
353,board_15x8_17_10807_none,15,8,17,40,103,0,11875,0,0,11875,0,11875,1751,1751,10000,1.0000,E310,0,0,2,0001,0
354,board_16x10_22_10825_none,16,10,22,40,138,0,21157,0,0,21157,0,21157,3036,3036,10000,1.0000,CEBA,0,0,2,0001,0
355,board_18x16_62_10848_none,18,16,62,119,226,1,45166,0,0,45166,0,45166,13786,14012,9838,0.9838,E031,0,0,2,0001,0
356,board_19x18_58_10918_none,19,18,58,119,284,0,26157,0,0,26157,0,26157,16472,16472,10000,1.0000,6945,0,0,2,0001,0
357,board_17x12_30_10982_none,17,12,30,61,174,1,26344,0,0,26344,0,26344,5046,5220,9666,0.9666,2034,0,0,2,0001,0
358,board_16x10_27_11014_none,16,10,27,62,133,2,28504,0,0,28504,0,28504,3325,3591,9259,0.9259,C65C,0,0,2,0001,0
359,board_10x4_9_11043_none,10,4,9,20,31,4,6721,0,0,6721,0,6721,155,279,5555,0.5555,2016,0,0,2,0001,0
360,board_5x10_7_11053_none,5,10,7,11,43,2,6187,0,0,6187,0,6187,215,301,7142,0.7142,B54F,0,0,2,0001,0
361,board_4x12_10_11061_none,4,12,10,13,38,1,7656,0,0,7656,0,7656,342,380,9000,0.9000,86D6,0,0,2,0001,0
362,board_5x19_17_11073_none,5,19,17,29,78,0,8724,0,0,8724,0,8724,1326,1326,10000,1.0000,5D41,0,0,2,0001,0
363,board_10x10_21_11094_none,10,10,21,36,79,1,35492,0,0,35492,0,35492,1580,1659,9523,0.9523,990F,0,0,2,0001,0
364,board_12x6_20_11118_none,12,6,20,18,26,0,93945,0,0,93945,0,93945,520,1040,5000,0.5000,BFC8,0,0,2,0001,1
365,board_19x8_22_11140_none,19,8,22,46,130,1,14863,0,0,14863,0,14863,2730,2860,9545,0.9545,5178,0,0,2,0001,0
366,board_19x10_33_11163_none,19,10,33,59,157,0,36159,0,0,36159,0,36159,5181,5181,10000,1.0000,CA50,0,0,2,0001,0
367,board_17x19_56_11199_none,17,19,56,90,267,0,21157,0,0,21157,0,21157,14952,14952,10000,1.0000,11F3,0,0,2,0001,0
368,board_14x16_32_11257_none,14,16,32,73,192,0,20256,0,0,20256,0,20256,6144,6144,10000,1.0000,2BBF,0,0,2,0001,0
369,board_6x4_5_11291_none,6,4,5,17,19,1,17909,0,0,17909,0,17909,76,95,8000,0.8000,A5A4,0,0,2,0001,0
370,board_4x12_12_11297_none,4,12,12,18,36,1,15961,0,0,15961,0,15961,396,432,9166,0.9166,93E0,0,0,2,0001,0
371,board_10x19_26_11312_none,10,19,26,60,164,1,70043,0,0,70043,0,70043,4100,4264,9615,0.9615,AC7D,0,0,2,0001,0
372,board_14x14_41_11343_none,14,14,41,74,155,3,70735,0,0,70735,0,70735,5890,6355,9268,0.9268,6AAF,0,0,2,0001,0
373,board_19x4_11_11395_none,19,4,11,23,65,2,107730,0,0,107730,0,107730,585,715,8181,0.8181,AAE5,0,0,2,0001,0
374,board_17x14_62_11407_none,17,14,62,41,51,2,261175,0,0,261175,0,261175,2810,10912,2575,0.2575,09F1,0,0,2,0001,1
375,board_16x16_62_11479_none,16,16,62,132,194,1,476705,0,0,476705,0,476705,11834,12028,9838,0.9838,3CD1,0,0,2,0001,0
376,board_12x19_35_11559_none,12,19,35,70,193,0,12568,0,0,12568,0,12568,6755,6755,10000,1.0000,77B0,0,0,2,0001,0
377,board_9x18_27_11595_none,9,18,27,68,135,1,31657,0,0,31657,0,31657,3510,3645,9629,0.9629,FC16,0,0,2,0001,0
378,board_4x5_3_11628_none,4,5,3,6,17,0,2795,0,0,2795,0,2795,51,51,10000,1.0000,EB66,0,0,2,0001,0
379,board_6x8_11_11632_none,6,8,11,20,37,2,8122,0,0,8122,0,8122,333,407,8181,0.8181,C878,0,0,2,0001,0
380,board_11x18_35_11644_none,11,18,35,62,163,2,42780,0,0,42780,0,42780,5379,5705,9428,0.9428,BB4E,0,0,2,0001,0
381,board_14x19_36_11685_none,14,19,36,64,230,0,13541,0,0,13541,0,13541,8280,8280,10000,1.0000,D03E,0,0,2,0001,0
382,board_19x12_60_11725_none,19,12,60,27,31,2,186865,0,0,186865,0,186865,1524,10080,1511,0.1511,0F8F,0,0,2,0001,1
383,board_18x4_10_11796_none,18,4,10,22,62,0,14597,0,0,14597,0,14597,620,620,10000,1.0000,A84F,0,0,2,0001,0
384,board_11x14_34_11808_none,11,14,34,74,120,1,122300,0,0,122300,0,122300,3960,4080,9705,0.9705,EDF3,0,0,2,0001,0
385,board_7x19_19_11845_none,7,19,19,33,114,0,13861,0,0,13861,0,13861,2166,2166,10000,1.0000,87D0,0,0,2,0001,0
386,board_4x14_14_11865_none,4,14,14,17,34,2,33654,0,0,33654,0,33654,392,588,6666,0.6666,C499,0,0,2,0001,1
387,board_6x4_3_11881_none,6,4,3,8,21,0,1596,0,0,1596,0,1596,63,63,10000,1.0000,C6C6,0,0,2,0001,0
388,board_12x10_30_11885_none,12,10,30,31,66,1,42602,0,0,42602,0,42602,1890,2700,7000,0.7000,51DB,0,0,2,0001,1
389,board_14x12_35_11917_none,14,12,35,91,133,2,111049,0,0,111049,0,111049,4389,4655,9428,0.9428,4E5E,0,0,2,0001,0
390,board_16x16_37_11954_none,16,16,37,75,219,0,46197,0,0,46197,0,46197,8103,8103,10000,1.0000,B68F,0,0,2,0001,0
391,board_19x18_90_11995_none,19,18,90,198,252,3,388957,0,0,388957,0,388957,21924,22680,9666,0.9666,F2CC,0,0,2,0001,0
392,board_19x12_48_12094_none,19,12,48,107,180,2,68577,0,0,68577,0,68577,8280,8640,9583,0.9583,465C,0,0,2,0001,0
393,board_15x4_10_12147_none,15,4,10,18,50,0,7485,0,0,7485,0,7485,500,500,10000,1.0000,973E,0,0,2,0001,0
394,board_14x4_11_12158_none,14,4,11,31,45,1,30848,0,0,30848,0,30848,450,495,9090,0.9090,8AB8,0,0,2,0001,0
395,board_11x5_14_12170_none,11,5,14,23,41,4,47418,0,0,47418,0,47418,410,574,7142,0.7142,C47C,0,0,2,0001,0
396,board_10x6_16_12185_none,10,6,16,33,44,1,84176,0,0,84176,0,84176,660,704,9375,0.9375,0E14,0,0,2,0001,0
397,board_8x10_16_12206_none,8,10,16,48,64,3,35198,0,0,35198,0,35198,832,1024,8125,0.8125,6814,0,0,2,0001,0
398,board_5x16_11_12225_none,5,16,11,26,69,0,5321,0,0,5321,0,5321,759,759,10000,1.0000,47DD,0,0,2,0001,0
399,board_4x18_12_12237_none,4,18,12,29,60,1,40113,0,0,40113,0,40113,660,720,9166,0.9166,AFC6,0,0,2,0001,0
400,board_4x18_19_12251_none,4,18,19,36,53,2,34824,0,0,34824,0,34824,901,1007,8947,0.8947,A3E1,0,0,2,0001,0
401,board_9x6_8_12275_none,9,6,8,23,46,2,13374,0,0,13374,0,13374,276,368,7500,0.7500,2E44,0,0,2,0001,0
402,board_16x6_24_12285_none,16,6,24,8,27,0,63040,0,0,63040,0,63040,648,1728,3750,0.3750,AD06,0,0,2,0001,1
403,board_18x10_31_12314_none,18,10,31,75,149,0,16592,0,0,16592,0,16592,4619,4619,10000,1.0000,1A75,0,0,2,0001,0
404,board_19x18_60_12348_none,19,18,60,139,282,1,57601,0,0,57601,0,57601,16638,16920,9833,0.9833,423B,0,0,2,0001,0
405,board_19x19_90_12420_none,19,19,90,11,10,5,131530,0,0,131530,0,131530,-455,24390,-186,-0.0186,7728,0,0,2,0001,1
406,board_18x19_90_12527_none,18,19,90,163,228,4,304678,0,0,304678,0,304678,19512,22680,8603,0.8603,9F29,0,0,2,0001,1
407,board_15x12_26_12630_none,15,12,26,53,154,1,23418,0,0,23418,0,23418,3850,4004,9615,0.9615,C458,0,0,2,0001,0
408,board_11x6_12_12660_none,11,6,12,18,54,0,6520,0,0,6520,0,6520,648,648,10000,1.0000,6841,0,0,2,0001,0
409,board_6x5_7_12674_none,6,5,7,9,17,1,65414,0,0,65414,0,65414,96,161,5962,0.5962,0086,0,0,2,0001,1
410,board_4x8_6_12684_none,4,8,6,18,26,0,15571,0,0,15571,0,15571,156,156,10000,1.0000,3C23,0,0,2,0001,0
411,board_4x16_11_12691_none,4,16,11,39,53,0,5046,0,0,5046,0,5046,583,583,10000,1.0000,44A6,0,0,2,0001,0
412,board_6x19_30_12703_none,6,19,30,14,25,1,55121,0,0,55121,0,55121,666,2520,2642,0.2642,2A34,0,0,2,0001,1
413,board_10x14_21_12740_none,10,14,21,32,119,2,51472,0,0,51472,0,51472,2261,2499,9047,0.9047,854B,0,0,2,0001,0
414,board_17x4_18_12764_none,17,4,18,40,50,3,37029,0,0,37029,0,37029,750,900,8333,0.8333,B842,0,0,2,0001,0
415,board_19x8_23_12784_none,19,8,23,50,129,0,15138,0,0,15138,0,15138,2967,2967,10000,1.0000,2F21,0,0,2,0001,0
416,board_18x16_62_12811_none,18,16,62,123,226,3,202065,0,0,202065,0,202065,13334,14012,9516,0.9516,6C60,0,0,2,0001,0
417,board_17x19_82_12880_none,17,19,82,128,221,5,279451,0,0,279451,0,279451,16917,19762,8560,0.8560,11A2,0,0,2,0001,1
418,board_11x16_27_12975_none,11,16,27,59,149,1,13649,0,0,13649,0,13649,3874,4023,9629,0.9629,72F3,0,0,2,0001,0
419,board_8x10_14_13005_none,8,10,14,31,66,1,35100,0,0,35100,0,35100,858,924,9285,0.9285,B860,0,0,2,0001,0
420,board_7x8_11_13020_none,7,8,11,19,45,0,4502,0,0,4502,0,4502,495,495,10000,1.0000,2293,0,0,2,0001,0
421,board_4x4_3_13034_none,4,4,3,8,13,0,2464,0,0,2464,0,2464,39,39,10000,1.0000,E31B,0,0,2,0001,0
422,board_4x6_3_13040_none,4,6,3,10,21,0,2452,0,0,2452,0,2452,63,63,10000,1.0000,60E1,0,0,2,0001,0
423,board_4x10_6_13044_none,4,10,6,11,34,0,3077,0,0,3077,0,3077,204,204,10000,1.0000,55B7,0,0,2,0001,0
424,board_6x14_18_13051_none,6,14,18,34,66,0,9498,0,0,9498,0,9498,1188,1188,10000,1.0000,5A34,0,0,2,0001,0
425,board_7x16_27_13075_none,7,16,27,34,68,2,144018,0,0,144018,0,144018,1666,2295,7259,0.7259,4DCE,0,0,2,0001,1
426,board_10x19_47_13106_none,10,19,47,16,18,5,75147,0,0,75147,0,75147,131,6721,194,0.0194,F38F,0,0,2,0001,1
427,board_17x12_35_13163_none,17,12,35,48,105,2,287176,0,0,287176,0,287176,3337,5915,5641,0.5641,C99B,0,0,2,0001,1
428,board_19x4_19_13202_none,19,4,19,37,57,2,39355,0,0,39355,0,39355,969,1083,8947,0.8947,08CE,0,0,2,0001,0
429,board_18x8_21_13222_none,18,8,21,37,123,1,33667,0,0,33667,0,33667,2460,2583,9523,0.9523,2DDC,0,0,2,0001,0
430,board_11x19_51_13248_none,11,19,51,115,158,3,290301,0,0,290301,0,290301,7584,8058,9411,0.9411,38CC,0,0,2,0001,0
431,board_10x19_41_13308_none,10,19,41,77,137,2,102161,0,0,102161,0,102161,5319,6109,8706,0.8706,2679,0,0,2,0001,1
432,board_7x18_16_13358_none,7,18,16,30,110,1,12593,0,0,12593,0,12593,1650,1760,9375,0.9375,B7A1,0,0,2,0001,0
433,board_4x6_6_13375_none,4,6,6,13,18,0,7745,0,0,7745,0,7745,108,108,10000,1.0000,FEC3,0,0,2,0001,0
434,board_6x5_4_13382_none,6,5,4,7,26,0,1756,0,0,1756,0,1756,104,104,10000,1.0000,0570,0,0,2,0001,0
435,board_11x14_42_13388_none,11,14,42,46,84,1,174898,0,0,174898,0,174898,3416,4704,7261,0.7261,01C5,0,0,2,0001,1
436,board_14x18_58_13437_none,14,18,58,120,194,4,217471,0,0,217471,0,217471,10476,11252,9310,0.9310,C495,0,0,2,0001,0
437,board_19x14_57_13505_none,19,14,57,89,162,1,152785,0,0,152785,0,152785,9025,11913,7575,0.7575,F9DF,0,0,2,0001,1
438,board_19x10_51_13570_none,19,10,51,45,61,2,189502,0,0,189502,0,189502,2833,7089,3996,0.3996,9169,0,0,2,0001,1
439,board_16x4_9_13630_none,16,4,9,24,55,2,14128,0,0,14128,0,14128,385,495,7777,0.7777,A6B4,0,0,2,0001,0
440,board_12x8_21_13640_none,12,8,21,52,75,0,70404,0,0,70404,0,70404,1575,1575,10000,1.0000,2323,0,0,2,0001,0
441,board_5x19_15_13665_none,5,19,15,40,80,0,13833,0,0,13833,0,13833,1200,1200,10000,1.0000,CB31,0,0,2,0001,0
442,board_4x10_12_13681_none,4,10,12,24,28,1,28402,0,0,28402,0,28402,308,336,9166,0.9166,14BE,0,0,2,0001,0
443,board_11x5_9_13695_none,11,5,9,12,46,0,5018,0,0,5018,0,5018,414,414,10000,1.0000,F88D,0,0,2,0001,0
444,board_15x10_39_13706_none,15,10,39,65,98,5,215339,0,0,215339,0,215339,3267,4329,7546,0.7546,B2A4,0,0,2,0001,1
445,board_19x19_55_13757_none,19,19,55,91,306,0,60009,0,0,60009,0,60009,16830,16830,10000,1.0000,9F56,0,0,2,0001,0
446,board_19x16_73_13822_none,19,16,73,169,231,0,143483,0,0,143483,0,143483,16863,16863,10000,1.0000,9540,0,0,2,0001,0
447,board_15x6_16_13906_none,15,6,16,41,74,0,14756,0,0,14756,0,14756,1184,1184,10000,1.0000,B377,0,0,2,0001,0
448,board_8x6_12_13927_none,8,6,12,12,29,1,61761,0,0,61761,0,61761,312,432,7222,0.7222,4969,0,0,2,0001,1
449,board_4x14_14_13941_none,4,14,14,26,35,2,36958,0,0,36958,0,36958,406,588,6904,0.6904,5534,0,0,2,0001,1
450,board_4x18_10_13956_none,4,18,10,26,62,0,6294,0,0,6294,0,6294,620,620,10000,1.0000,19D5,0,0,2,0001,0
451,board_4x19_11_13967_none,4,19,11,26,65,3,25706,0,0,25706,0,25706,520,715,7272,0.7272,FDD6,0,0,2,0001,0
452,board_8x12_23_13980_none,8,12,23,29,36,1,129239,0,0,129239,0,129239,755,1679,4496,0.4496,BE2F,0,0,2,0001,1
453,board_16x4_13_14006_none,16,4,13,23,51,2,20293,0,0,20293,0,20293,561,663,8461,0.8461,EE99,0,0,2,0001,0
454,board_19x16_46_14021_none,19,16,46,84,258,0,26273,0,0,26273,0,26273,11868,11868,10000,1.0000,D663,0,0,2,0001,0
455,board_19x18_46_14075_none,19,18,46,98,296,1,40502,0,0,40502,0,40502,13320,13616,9782,0.9782,5A3C,0,0,2,0001,0
456,board_14x14_47_14124_none,14,14,47,105,149,2,103808,0,0,103808,0,103808,6705,7003,9574,0.9574,901A,0,0,2,0001,0
457,board_10x8_12_14176_none,10,8,12,25,68,0,6470,0,0,6470,0,6470,816,816,10000,1.0000,8290,0,0,2,0001,0
458,board_9x6_7_14190_none,9,6,7,13,47,0,3232,0,0,3232,0,3232,329,329,10000,1.0000,1155,0,0,2,0001,0
459,board_5x4_5_14198_none,5,4,5,13,15,1,29183,0,0,29183,0,29183,60,75,8000,0.8000,62EF,0,0,2,0001,0
460,board_4x10_8_14204_none,4,10,8,22,32,3,12143,0,0,12143,0,12143,160,256,6250,0.6250,70C8,0,0,2,0001,0
461,board_8x19_37_14213_none,8,19,37,43,57,3,133091,0,0,133091,0,133091,1764,4255,4145,0.4145,02D1,0,0,2,0001,1
462,board_10x18_47_14253_none,10,18,47,91,133,2,71038,0,0,71038,0,71038,5985,6251,9574,0.9574,B8E7,0,0,2,0001,0
463,board_17x6_15_14308_none,17,6,15,32,87,1,35537,0,0,35537,0,35537,1218,1305,9333,0.9333,6D26,0,0,2,0001,0
464,board_19x6_29_14325_none,19,6,29,71,85,3,46818,0,0,46818,0,46818,2210,2465,8965,0.8965,3DE2,0,0,2,0001,0
465,board_16x18_49_14358_none,16,18,49,94,239,1,103246,0,0,103246,0,103246,11472,11711,9795,0.9795,37F4,0,0,2,0001,0
466,board_12x19_63_14414_none,12,19,63,62,93,3,576987,0,0,576987,0,576987,5364,10395,5160,0.5160,9982,0,0,2,0001,1
467,board_6x10_8_14486_none,6,10,8,18,52,0,6532,0,0,6532,0,6532,416,416,10000,1.0000,469F,0,0,2,0001,0
468,board_5x8_6_14495_none,5,8,6,17,34,1,4933,0,0,4933,0,4933,170,204,8333,0.8333,8C9F,0,0,2,0001,0
469,board_4x4_3_14502_none,4,4,3,7,13,0,4317,0,0,4317,0,4317,39,39,10000,1.0000,6BB2,0,0,2,0001,0
470,board_6x10_9_14506_none,6,10,9,19,51,0,10430,0,0,10430,0,10430,459,459,10000,1.0000,0CCD,0,0,2,0001,0
471,board_12x19_63_14516_none,12,19,63,66,86,2,266109,0,0,266109,0,266109,5088,10395,4894,0.4894,388C,0,0,2,0001,1
472,board_14x19_69_14592_none,14,19,69,153,197,7,391118,0,0,391118,0,391118,12214,13593,8985,0.8985,97E3,0,0,2,0001,0
473,board_16x18_59_14670_none,16,18,59,107,229,0,37490,0,0,37490,0,37490,13511,13511,10000,1.0000,6101,0,0,2,0001,0
474,board_19x10_28_14740_none,19,10,28,48,162,0,31209,0,0,31209,0,31209,4536,4536,10000,1.0000,7020,0,0,2,0001,0
475,board_19x6_25_14772_none,19,6,25,32,80,1,47497,0,0,47497,0,47497,1911,2225,8588,0.8588,2202,0,0,2,0001,1
476,board_18x4_18_14799_none,18,4,18,42,54,1,36921,0,0,36921,0,36921,918,972,9444,0.9444,EB02,0,0,2,0001,0
477,board_17x6_18_14821_none,17,6,18,26,84,2,24332,0,0,24332,0,24332,1344,1512,8888,0.8888,15CA,0,0,2,0001,0
478,board_9x19_44_14840_none,9,19,44,70,118,4,355728,0,0,355728,0,355728,4684,5588,8382,0.8382,F9C6,0,0,2,0001,1
479,board_7x19_32_14894_none,7,19,32,78,101,3,154252,0,0,154252,0,154252,2929,3232,9062,0.9062,7D5F,0,0,2,0001,0
480,board_4x8_6_14930_none,4,8,6,13,26,0,3802,0,0,3802,0,3802,156,156,10000,1.0000,3A4A,0,0,2,0001,0
481,board_4x6_6_14937_none,4,6,6,7,18,0,3398,0,0,3398,0,3398,108,108,10000,1.0000,9EC9,0,0,2,0001,0
482,board_7x4_6_14945_none,7,4,6,4,22,0,2995,0,0,2995,0,2995,132,132,10000,1.0000,2893,0,0,2,0001,0
483,board_8x5_6_14958_none,8,5,6,15,34,0,3732,0,0,3732,0,3732,204,204,10000,1.0000,EED2,0,0,2,0001,0
484,board_15x16_58_14965_none,15,16,58,102,182,1,53359,0,0,53359,0,53359,10374,10556,9827,0.9827,0EB9,0,0,2,0001,0
485,board_19x16_43_15033_none,19,16,43,86,261,0,26231,0,0,26231,0,26231,11223,11223,10000,1.0000,9287,0,0,2,0001,0
486,board_17x5_22_15079_none,17,5,22,34,63,2,50379,0,0,50379,0,50379,1260,1386,9090,0.9090,E7AF,0,0,2,0001,0
487,board_15x4_12_15104_none,15,4,12,20,48,2,9874,0,0,9874,0,9874,480,576,8333,0.8333,6621,0,0,2,0001,0
488,board_9x10_15_15118_none,9,10,15,34,75,0,9405,0,0,9405,0,9405,1125,1125,10000,1.0000,C2AD,0,0,2,0001,0
489,board_6x16_25_15135_none,6,16,25,47,71,4,55301,0,0,55301,0,55301,1491,1775,8400,0.8400,CE8E,0,0,2,0001,0
490,board_4x19_17_15167_none,4,19,17,29,59,1,39560,0,0,39560,0,39560,944,1003,9411,0.9411,37F4,0,0,2,0001,0
491,board_4x18_9_15186_none,4,18,9,21,63,1,31429,0,0,31429,0,31429,504,567,8888,0.8888,E168,0,0,2,0001,0
492,board_4x14_11_15197_none,4,14,11,24,45,1,13712,0,0,13712,0,13712,450,495,9090,0.9090,7C1B,0,0,2,0001,0
493,board_10x4_8_15211_none,10,4,8,19,32,0,11642,0,0,11642,0,11642,256,256,10000,1.0000,8C1D,0,0,2,0001,0
494,board_14x5_9_15220_none,14,5,9,15,61,1,9172,0,0,9172,0,9172,488,549,8888,0.8888,8A46,0,0,2,0001,0
495,board_19x18_82_15230_none,19,18,82,95,133,5,248897,0,0,248897,0,248897,9606,21320,4505,0.4505,59B9,0,0,2,0001,1
496,board_18x16_49_15325_none,18,16,49,93,239,2,42229,0,0,42229,0,42229,11233,11711,9591,0.9591,8421,0,0,2,0001,0
497,board_10x4_7_15379_none,10,4,7,23,33,0,2742,0,0,2742,0,2742,231,231,10000,1.0000,02F8,0,0,2,0001,0
498,board_4x10_11_15388_none,4,10,11,16,29,0,14370,0,0,14370,0,14370,319,319,10000,1.0000,D850,0,0,2,0001,0
499,board_4x14_14_15402_none,4,14,14,21,36,0,30648,0,0,30648,0,30648,504,588,8571,0.8571,8FB2,0,0,2,0001,1
500,board_7x18_21_15420_none,7,18,21,49,105,1,18938,0,0,18938,0,18938,2100,2205,9523,0.9523,D6F5,0,0,2,0001,0
501,board_9x14_31_15447_none,9,14,31,23,20,3,102525,0,0,102525,0,102525,335,2945,1137,0.1137,2CF4,0,0,2,0001,1
502,board_17x4_9_15483_none,17,4,9,20,59,0,3572,0,0,3572,0,3572,531,531,10000,1.0000,A79A,0,0,2,0001,0
503,board_19x14_66_15494_none,19,14,66,73,120,2,517827,0,0,517827,0,517827,7520,13200,5696,0.5696,206C,0,0,2,0001,1
504,board_18x18_56_15566_none,18,18,56,128,268,1,110340,0,0,110340,0,110340,14740,15008,9821,0.9821,0420,0,0,2,0001,0
505,board_11x14_42_15626_none,11,14,42,75,112,2,65307,0,0,65307,0,65307,4480,4704,9523,0.9523,2A0D,0,0,2,0001,0
506,board_6x5_4_15676_none,6,5,4,19,26,0,5170,0,0,5170,0,5170,104,104,10000,1.0000,5195,0,0,2,0001,0
507,board_4x4_3_15681_none,4,4,3,8,13,0,2319,0,0,2319,0,2319,39,39,10000,1.0000,C970,0,0,2,0001,0
508,board_4x8_8_15685_none,4,8,8,16,24,0,14773,0,0,14773,0,14773,192,192,10000,1.0000,DEAF,0,0,2,0001,0
509,board_8x19_20_15695_none,8,19,20,29,132,0,15255,0,0,15255,0,15255,2640,2640,10000,1.0000,9CED,0,0,2,0001,0
510,board_9x19_25_15716_none,9,19,25,51,146,1,33264,0,0,33264,0,33264,3504,3650,9600,0.9600,680E,0,0,2,0001,0
511,board_12x18_53_15744_none,12,18,53,17,30,2,205921,0,0,205921,0,205921,1264,8639,1463,0.1463,1772,0,0,2,0001,1
512,board_14x16_58_15803_none,14,16,58,38,76,2,426132,0,0,426132,0,426132,4076,9628,4233,0.4233,12A4,0,0,2,0001,1
513,board_18x8_24_15871_none,18,8,24,52,120,0,36399,0,0,36399,0,36399,2880,2880,10000,1.0000,4574,0,0,2,0001,0
514,board_19x4_13_15899_none,19,4,13,32,63,0,10390,0,0,10390,0,10390,819,819,10000,1.0000,6FF2,0,0,2,0001,0
515,board_19x6_31_15916_none,19,6,31,16,32,4,72865,0,0,72865,0,72865,660,2573,2565,0.2565,BFE4,0,0,2,0001,1
516,board_14x18_33_15954_none,14,18,33,56,219,1,18511,0,0,18511,0,18511,7008,7227,9696,0.9696,09C6,0,0,2,0001,0
517,board_9x19_41_15989_none,9,19,41,71,130,0,62454,0,0,62454,0,62454,5330,5330,10000,1.0000,8150,0,0,2,0001,0
518,board_6x14_20_16033_none,6,14,20,24,64,1,27384,0,0,27384,0,27384,1216,1280,9500,0.9500,03E7,0,0,2,0001,0
519,board_4x8_5_16058_none,4,8,5,12,27,1,3827,0,0,3827,0,3827,108,135,8000,0.8000,84CC,0,0,2,0001,0
520,board_5x5_6_16064_none,5,5,6,11,19,0,14169,0,0,14169,0,14169,114,114,10000,1.0000,B17D,0,0,2,0001,0
521,board_8x10_16_16071_none,8,10,16,18,64,1,6129,0,0,6129,0,6129,960,1024,9375,0.9375,8ABA,0,0,2,0001,0
522,board_16x19_74_16092_none,16,19,74,34,38,2,378128,0,0,378128,0,378128,2352,17020,1381,0.1381,49AE,0,0,2,0001,1
523,board_19x10_28_16190_none,19,10,28,38,162,0,49432,0,0,49432,0,49432,4536,4536,10000,1.0000,AD0B,0,0,2,0001,0
524,board_19x8_21_16220_none,19,8,21,54,131,0,13056,0,0,13056,0,13056,2751,2751,10000,1.0000,2755,0,0,2,0001,0
525,board_19x6_18_16242_none,19,6,18,43,96,1,17852,0,0,17852,0,17852,1632,1728,9444,0.9444,E80E,0,0,2,0001,0
526,board_17x4_18_16262_none,17,4,18,26,50,2,18050,0,0,18050,0,18050,800,900,8888,0.8888,6375,0,0,2,0001,0
527,board_14x8_23_16283_none,14,8,23,56,89,1,40718,0,0,40718,0,40718,1958,2047,9565,0.9565,DD4D,0,0,2,0001,0
528,board_10x14_19_16311_none,10,14,19,41,121,0,22152,0,0,22152,0,22152,2299,2299,10000,1.0000,B911,0,0,2,0001,0
529,board_4x18_18_16332_none,4,18,18,37,47,1,50232,0,0,50232,0,50232,792,972,8148,0.8148,A1B3,0,0,2,0001,1
530,board_4x14_9_16351_none,4,14,9,12,47,0,5186,0,0,5186,0,5186,423,423,10000,1.0000,9EFA,0,0,2,0001,0
531,board_5x6_5_16362_none,5,6,5,14,25,0,4274,0,0,4274,0,4274,125,125,10000,1.0000,D5EF,0,0,2,0001,0
532,board_6x5_6_16368_none,6,5,6,15,24,0,6151,0,0,6151,0,6151,144,144,10000,1.0000,F4A3,0,0,2,0001,0
533,board_10x5_12_16376_none,10,5,12,34,38,1,18691,0,0,18691,0,18691,418,456,9166,0.9166,539B,0,0,2,0001,0
534,board_12x8_17_16390_none,12,8,17,30,79,1,12716,0,0,12716,0,12716,1264,1343,9411,0.9411,BAD4,0,0,2,0001,0
535,board_19x19_95_16408_none,19,19,95,36,59,6,282615,0,0,282615,0,282615,4009,25270,1586,0.1586,A160,0,0,2,0001,1
536,board_19x18_72_16520_none,19,18,72,103,219,1,432608,0,0,432608,0,432608,15498,19440,7972,0.7972,795F,0,0,2,0001,1
537,board_18x12_30_16599_none,18,12,30,67,186,0,17324,0,0,17324,0,17324,5580,5580,10000,1.0000,7589,0,0,2,0001,0
538,board_15x5_18_16631_none,15,5,18,16,27,1,76132,0,0,76132,0,76132,429,1026,4181,0.4181,06D3,0,0,2,0001,1
539,board_10x5_10_16658_none,10,5,10,19,40,0,4898,0,0,4898,0,4898,400,400,10000,1.0000,3BFB,0,0,2,0001,0
540,board_6x12_10_16670_none,6,12,10,16,62,0,3725,0,0,3725,0,3725,620,620,10000,1.0000,777C,0,0,2,0001,0
541,board_4x18_18_16682_none,4,18,18,41,54,2,21295,0,0,21295,0,21295,864,972,8888,0.8888,015E,0,0,2,0001,0
542,board_4x19_19_16703_none,4,19,19,35,57,2,18459,0,0,18459,0,18459,969,1083,8947,0.8947,B240,0,0,2,0001,0
543,board_4x19_18_16727_none,4,19,18,34,58,2,31039,0,0,31039,0,31039,928,1044,8888,0.8888,282B,0,0,2,0001,0
544,board_9x8_15_16748_none,9,8,15,49,57,1,33993,0,0,33993,0,33993,798,855,9333,0.9333,9895,0,0,2,0001,0
545,board_12x4_13_16765_none,12,4,13,28,35,3,22009,0,0,22009,0,22009,350,455,7692,0.7692,5FC3,0,0,2,0001,0
546,board_18x8_19_16783_none,18,8,19,37,125,0,14658,0,0,14658,0,14658,2375,2375,10000,1.0000,3971,0,0,2,0001,0
547,board_19x19_94_16805_none,19,19,94,131,188,7,351731,0,0,351731,0,351731,15803,25098,6296,0.6296,8D91,0,0,2,0001,1
548,board_14x12_29_16920_none,14,12,29,66,139,0,34525,0,0,34525,0,34525,4031,4031,10000,1.0000,CA68,0,0,2,0001,0
549,board_8x4_8_16953_none,8,4,8,19,24,1,21250,0,0,21250,0,21250,168,192,8750,0.8750,8271,0,0,2,0001,0
550,board_4x10_7_16962_none,4,10,7,9,33,1,4104,0,0,4104,0,4104,198,231,8571,0.8571,2FC1,0,0,2,0001,0
551,board_6x19_24_16971_none,6,19,24,37,66,0,143718,0,0,143718,0,143718,1584,2160,7333,0.7333,1E9F,0,0,2,0001,1
552,board_7x19_23_16998_none,7,19,23,54,110,1,17386,0,0,17386,0,17386,2420,2530,9565,0.9565,B801,0,0,2,0001,0
553,board_11x14_28_17028_none,11,14,28,51,126,0,77631,0,0,77631,0,77631,3528,3528,10000,1.0000,8295,0,0,2,0001,0
554,board_16x6_26_17059_none,16,6,26,53,70,2,111503,0,0,111503,0,111503,1680,1820,9230,0.9230,A069,0,0,2,0001,0
555,board_19x4_11_17094_none,19,4,11,22,65,0,27084,0,0,27084,0,27084,715,715,10000,1.0000,E0B4,0,0,2,0001,0
556,board_19x12_55_17106_none,19,12,55,60,109,3,256372,0,0,256372,0,256372,5476,9515,5755,0.5755,B15B,0,0,2,0001,1
557,board_14x19_39_17170_none,14,19,39,70,227,0,25086,0,0,25086,0,25086,8853,8853,10000,1.0000,C41A,0,0,2,0001,0
558,board_9x14_27_17212_none,9,14,27,59,99,2,69084,0,0,69084,0,69084,2475,2673,9259,0.9259,5958,0,0,2,0001,0
559,board_8x12_23_17245_none,8,12,23,25,54,1,59354,0,0,59354,0,59354,1169,1679,6962,0.6962,8DED,0,0,2,0001,1
560,board_6x8_12_17269_none,6,8,12,16,36,0,6872,0,0,6872,0,6872,432,432,10000,1.0000,A191,0,0,2,0001,0
561,board_4x4_3_17283_none,4,4,3,6,13,1,2412,0,0,2412,0,2412,26,39,6666,0.6666,511A,0,0,2,0001,0
562,board_6x12_19_17287_none,6,12,19,36,53,2,25650,0,0,25650,0,25650,901,1007,8947,0.8947,4AA4,0,0,2,0001,0
563,board_12x19_33_17311_none,12,19,33,64,195,0,20151,0,0,20151,0,20151,6435,6435,10000,1.0000,7D83,0,0,2,0001,0
564,board_19x8_37_17349_none,19,8,37,58,115,2,63519,0,0,63519,0,63519,4025,4255,9459,0.9459,9642,0,0,2,0001,0
565,board_19x4_11_17392_none,19,4,11,23,65,0,11007,0,0,11007,0,11007,715,715,10000,1.0000,745F,0,0,2,0001,0
566,board_18x5_16_17405_none,18,5,16,52,74,3,81523,0,0,81523,0,81523,962,1184,8125,0.8125,DBB4,0,0,2,0001,0
567,board_15x12_47_17426_none,15,12,47,11,17,3,54997,0,0,54997,0,54997,400,6251,639,0.0639,3E9F,0,0,2,0001,1
568,board_10x19_28_17482_none,10,19,28,65,162,0,15001,0,0,15001,0,15001,4536,4536,10000,1.0000,8544,0,0,2,0001,0
569,board_4x14_17_17512_none,4,14,17,23,39,2,23663,0,0,23663,0,23663,585,663,8823,0.8823,5D66,0,0,2,0001,0
570,board_4x5_3_17533_none,4,5,3,4,17,0,1783,0,0,1783,0,1783,51,51,10000,1.0000,1334,0,0,2,0001,0
571,board_5x4_3_17537_none,5,4,3,9,17,1,13432,0,0,13432,0,13432,34,51,6666,0.6666,8CD4,0,0,2,0001,0
572,board_11x12_33_17542_none,11,12,33,27,35,3,255226,0,0,255226,0,255226,858,3267,2626,0.2626,8C46,0,0,2,0001,1
573,board_15x18_38_17581_none,15,18,38,62,232,1,27035,0,0,27035,0,27035,8584,8816,9736,0.9736,1428,0,0,2,0001,0
574,board_17x19_48_17621_none,17,19,48,86,275,0,36822,0,0,36822,0,36822,13200,13200,10000,1.0000,A2E8,0,0,2,0001,0
575,board_19x10_40_17672_none,19,10,40,88,150,1,31881,0,0,31881,0,31881,5850,6000,9750,0.9750,F9BC,0,0,2,0001,0
576,board_16x4_10_17716_none,16,4,10,21,54,2,13904,0,0,13904,0,13904,432,540,8000,0.8000,F83C,0,0,2,0001,0
577,board_8x14_19_17728_none,8,14,19,43,93,0,127091,0,0,127091,0,127091,1767,1767,10000,1.0000,1335,0,0,2,0001,0
578,board_7x16_16_17749_none,7,16,16,25,96,0,14569,0,0,14569,0,14569,1536,1536,10000,1.0000,BBA7,0,0,2,0001,0
579,board_4x18_18_17767_none,4,18,18,18,39,1,73258,0,0,73258,0,73258,648,972,6666,0.6666,CA0F,0,0,2,0001,1
580,board_4x12_12_17787_none,4,12,12,27,36,0,12098,0,0,12098,0,12098,432,432,10000,1.0000,3239,0,0,2,0001,0
581,board_11x4_11_17803_none,11,4,11,16,33,1,15127,0,0,15127,0,15127,330,363,9090,0.9090,2747,0,0,2,0001,0
582,board_18x14_37_17819_none,18,14,37,88,215,0,20869,0,0,20869,0,20869,7955,7955,10000,1.0000,8C2B,0,0,2,0001,0
583,board_19x18_49_17860_none,19,18,49,89,293,0,51334,0,0,51334,0,51334,14357,14357,10000,1.0000,C2E4,0,0,2,0001,0
584,board_19x19_94_17913_none,19,19,94,21,28,1,268662,0,0,268662,0,268662,2365,25098,942,0.0942,F1D9,0,0,2,0001,1
585,board_14x6_12_18020_none,14,6,12,35,72,0,11109,0,0,11109,0,11109,864,864,10000,1.0000,B81D,0,0,2,0001,0
586,board_6x8_10_18035_none,6,8,10,31,38,2,43518,0,0,43518,0,43518,304,380,8000,0.8000,5B75,0,0,2,0001,0
587,board_4x19_19_18048_none,4,19,19,36,57,2,63414,0,0,63414,0,63414,969,1083,8947,0.8947,4BB8,0,0,2,0001,0
588,board_8x14_19_18072_none,8,14,19,44,93,0,20034,0,0,20034,0,20034,1767,1767,10000,1.0000,0A94,0,0,2,0001,0
589,board_15x4_15_18094_none,15,4,15,25,38,0,50359,0,0,50359,0,50359,570,675,8444,0.8444,96CA,0,0,2,0001,1
590,board_19x8_26_18112_none,19,8,26,52,126,1,70348,0,0,70348,0,70348,3150,3276,9615,0.9615,A4CA,0,0,2,0001,0
591,board_18x19_83_18140_none,18,19,83,177,238,1,405380,0,0,405380,0,405380,19495,21497,9068,0.9068,AAE0,0,0,2,0001,1
592,board_16x19_72_18234_none,16,19,72,133,219,2,389168,0,0,389168,0,389168,15304,16704,9161,0.9161,1C97,0,0,2,0001,1
593,board_9x8_12_18317_none,9,8,12,26,60,0,11711,0,0,11711,0,11711,720,720,10000,1.0000,F0B8,0,0,2,0001,0
594,board_5x4_5_18331_none,5,4,5,7,15,1,2656,0,0,2656,0,2656,60,75,8000,0.8000,F7AF,0,0,2,0001,0
595,board_4x12_7_18337_none,4,12,7,12,41,0,20214,0,0,20214,0,20214,287,287,10000,1.0000,C679,0,0,2,0001,0
596,board_5x16_17_18346_none,5,16,17,18,23,2,26664,0,0,26664,0,26664,265,1071,2474,0.2474,5A25,0,0,2,0001,1
597,board_7x19_34_18364_none,7,19,34,6,16,2,38367,0,0,38367,0,38367,346,3366,1027,0.1027,ADE5,0,0,2,0001,1
598,board_15x12_26_18406_none,15,12,26,57,154,0,54326,0,0,54326,0,54326,4004,4004,10000,1.0000,C868,0,0,2,0001,0
599,board_19x4_17_18436_none,19,4,17,38,59,3,15324,0,0,15324,0,15324,826,1003,8235,0.8235,9C93,0,0,2,0001,0
600,board_19x6_18_18459_none,19,6,18,39,96,1,20251,0,0,20251,0,20251,1632,1728,9444,0.9444,4EB7,0,0,2,0001,0
601,board_19x8_21_18479_none,19,8,21,57,131,1,26555,0,0,26555,0,26555,2620,2751,9523,0.9523,E9AB,0,0,2,0001,0
602,board_12x19_59_18502_none,12,19,59,19,28,4,178908,0,0,178908,0,178908,976,9971,978,0.0978,574F,0,0,2,0001,1
603,board_7x14_14_18573_none,7,14,14,22,84,0,7406,0,0,7406,0,7406,1176,1176,10000,1.0000,818B,0,0,2,0001,0
604,board_4x8_9_18590_none,4,8,9,10,23,0,3755,0,0,3755,0,3755,207,207,10000,1.0000,01EA,0,0,2,0001,0
605,board_5x6_4_18600_none,5,6,4,7,26,0,2753,0,0,2753,0,2753,104,104,10000,1.0000,F021,0,0,2,0001,0
606,board_6x8_7_18605_none,6,8,7,16,41,0,8633,0,0,8633,0,8633,287,287,10000,1.0000,9B83,0,0,2,0001,0
607,board_12x19_57_18613_none,12,19,57,64,130,2,77243,0,0,77243,0,77243,7068,9747,7251,0.7251,5657,0,0,2,0001,1
608,board_15x19_50_18681_none,15,19,50,114,235,0,28312,0,0,28312,0,28312,11750,11750,10000,1.0000,1813,0,0,2,0001,0
609,board_19x10_47_18742_none,19,10,47,52,115,1,157037,0,0,157037,0,157037,5262,6721,7829,0.7829,A583,0,0,2,0001,1
610,board_18x4_12_18798_none,18,4,12,21,60,2,14663,0,0,14663,0,14663,600,720,8333,0.8333,0D8D,0,0,2,0001,0
611,board_17x5_11_18811_none,17,5,11,19,66,0,49374,0,0,49374,0,49374,726,814,8918,0.8918,3FC0,0,0,2,0001,1
612,board_12x12_37_18823_none,12,12,37,45,65,7,306828,0,0,306828,0,306828,1656,3959,4182,0.4182,8D55,0,0,2,0001,1
613,board_9x18_38_18866_none,9,18,38,16,26,1,97234,0,0,97234,0,97234,864,4712,1833,0.1833,7BC8,0,0,2,0001,1
614,board_4x16_11_18910_none,4,16,11,20,53,0,11374,0,0,11374,0,11374,583,583,10000,1.0000,7155,0,0,2,0001,0
615,board_5x5_5_18924_none,5,5,5,11,20,2,24718,0,0,24718,0,24718,60,100,6000,0.6000,ADD8,0,0,2,0001,0
616,board_10x6_11_18930_none,10,6,11,24,49,0,34199,0,0,34199,0,34199,539,539,10000,1.0000,9E8E,0,0,2,0001,0
617,board_14x12_43_18943_none,14,12,43,91,115,2,100271,0,0,100271,0,100271,4695,5375,8734,0.8734,F659,0,0,2,0001,1
618,board_15x14_55_18994_none,15,14,55,54,90,4,402852,0,0,402852,0,402852,4330,8525,5079,0.5079,8FCD,0,0,2,0001,1
619,board_19x19_53_19054_none,19,19,53,102,308,0,17956,0,0,17956,0,17956,16324,16324,10000,1.0000,BF4D,0,0,2,0001,0
620,board_18x8_34_19111_none,18,8,34,24,33,1,205319,0,0,205319,0,205319,1012,3740,2705,0.2705,0BE4,0,0,2,0001,1
621,board_11x5_9_19150_none,11,5,9,12,46,0,3036,0,0,3036,0,3036,414,414,10000,1.0000,2904,0,0,2,0001,0
622,board_7x12_22_19161_none,7,12,22,42,62,2,19938,0,0,19938,0,19938,1240,1364,9090,0.9090,12E9,0,0,2,0001,0
623,board_4x18_14_19186_none,4,18,14,26,58,0,17527,0,0,17527,0,17527,812,812,10000,1.0000,41CA,0,0,2,0001,0
624,board_4x19_13_19201_none,4,19,13,31,63,1,16212,0,0,16212,0,16212,756,819,9230,0.9230,3B48,0,0,2,0001,0
625,board_5x14_19_19218_none,5,14,19,27,51,2,39315,0,0,39315,0,39315,867,969,8947,0.8947,5DBC,0,0,2,0001,0
626,board_11x4_6_19241_none,11,4,6,12,38,2,5571,0,0,5571,0,5571,152,228,6666,0.6666,8A01,0,0,2,0001,0
627,board_12x4_7_19249_none,12,4,7,14,41,0,3909,0,0,3909,0,3909,287,287,10000,1.0000,5FAB,0,0,2,0001,0
628,board_18x12_54_19258_none,18,12,54,49,82,1,463953,0,0,463953,0,463953,4266,8748,4876,0.4876,CC57,0,0,2,0001,1
629,board_19x14_56_19321_none,19,14,56,96,203,1,63292,0,0,63292,0,63292,11158,11760,9488,0.9488,FE38,0,0,2,0001,1
630,board_19x19_63_19382_none,19,19,63,123,298,3,82512,0,0,82512,0,82512,17880,18774,9523,0.9523,9645,0,0,2,0001,0
631,board_18x19_72_19456_none,18,19,72,84,157,2,254947,0,0,254947,0,254947,10764,19440,5537,0.5537,C056,0,0,2,0001,1
632,board_12x8_17_19534_none,12,8,17,41,79,1,19135,0,0,19135,0,19135,1264,1343,9411,0.9411,0CA1,0,0,2,0001,0
633,board_11x6_10_19553_none,11,6,10,40,56,0,4214,0,0,4214,0,4214,560,560,10000,1.0000,900B,0,0,2,0001,0
634,board_4x8_9_19566_none,4,8,9,19,23,1,17650,0,0,17650,0,17650,184,207,8888,0.8888,6EDF,0,0,2,0001,0
635,board_4x12_10_19576_none,4,12,10,13,38,1,6621,0,0,6621,0,6621,342,380,9000,0.9000,E706,0,0,2,0001,0
636,board_4x16_9_19587_none,4,16,9,14,55,0,12381,0,0,12381,0,12381,495,495,10000,1.0000,80BE,0,0,2,0001,0
637,board_8x18_36_19597_none,8,18,36,76,108,3,109255,0,0,109255,0,109255,3564,3888,9166,0.9166,253B,0,0,2,0001,0
638,board_15x6_12_19639_none,15,6,12,29,78,0,8725,0,0,8725,0,8725,936,936,10000,1.0000,6D1C,0,0,2,0001,0
639,board_16x5_11_19653_none,16,5,11,32,69,2,24354,0,0,24354,0,24354,621,759,8181,0.8181,5657,0,0,2,0001,0
640,board_19x5_24_19667_none,19,5,24,38,71,2,25159,0,0,25159,0,25159,1562,1704,9166,0.9166,EF5F,0,0,2,0001,0
641,board_19x14_39_19701_none,19,14,39,76,227,1,27334,0,0,27334,0,27334,8626,8853,9743,0.9743,A91E,0,0,2,0001,0
642,board_12x18_58_19745_none,12,18,58,83,151,2,219889,0,0,219889,0,219889,8442,9164,9212,0.9212,76EB,0,0,2,0001,1
643,board_9x12_19_19807_none,9,12,19,51,89,0,23031,0,0,23031,0,23031,1691,1691,10000,1.0000,7B77,0,0,2,0001,0
644,board_8x10_11_19829_none,8,10,11,25,69,0,8798,0,0,8798,0,8798,759,759,10000,1.0000,C879,0,0,2,0001,0
645,board_4x4_4_19842_none,4,4,4,13,12,1,11543,0,0,11543,0,11543,36,48,7500,0.7500,CAC0,0,0,2,0001,0
646,board_4x6_6_19847_none,4,6,6,14,18,1,15399,0,0,15399,0,15399,90,108,8333,0.8333,6817,0,0,2,0001,0
647,board_5x12_9_19856_none,5,12,9,9,42,1,35039,0,0,35039,0,35039,327,459,7124,0.7124,27B1,0,0,2,0001,1
648,board_9x19_35_19866_none,9,19,35,53,136,0,47717,0,0,47717,0,47717,4760,4760,10000,1.0000,00A1,0,0,2,0001,0
649,board_12x19_61_19905_none,12,19,61,54,61,2,430186,0,0,430186,0,430186,3387,10187,3324,0.3324,583F,0,0,2,0001,1
650,board_17x12_30_19977_none,17,12,30,74,174,0,23097,0,0,23097,0,23097,5220,5220,10000,1.0000,A383,0,0,2,0001,0
651,board_18x10_24_20009_none,18,10,24,54,156,0,16998,0,0,16998,0,16998,3744,3744,10000,1.0000,2F62,0,0,2,0001,0
652,board_19x4_19_20035_none,19,4,19,28,36,1,86829,0,0,86829,0,86829,627,1083,5789,0.5789,DD7E,0,0,2,0001,1
653,board_19x4_19_20058_none,19,4,19,25,41,1,49754,0,0,49754,0,49754,722,1083,6666,0.6666,C9F9,0,0,2,0001,1
654,board_17x10_25_20080_none,17,10,25,39,145,1,22379,0,0,22379,0,22379,3480,3625,9600,0.9600,FC7A,0,0,2,0001,0
655,board_15x14_31_20109_none,15,14,31,64,179,0,16241,0,0,16241,0,16241,5549,5549,10000,1.0000,3444,0,0,2,0001,0
656,board_12x18_46_20144_none,12,18,46,109,170,3,211851,0,0,211851,0,211851,7310,7820,9347,0.9347,B5C4,0,0,2,0001,0
657,board_10x19_51_20198_none,10,19,51,92,139,3,117781,0,0,117781,0,117781,6672,7089,9411,0.9411,4505,0,0,2,0001,0
658,board_4x10_6_20256_none,4,10,6,5,34,0,1960,0,0,1960,0,1960,204,204,10000,1.0000,628B,0,0,2,0001,0
659,board_4x6_5_20263_none,4,6,5,13,19,1,19232,0,0,19232,0,19232,76,95,8000,0.8000,68C7,0,0,2,0001,0
660,board_7x6_7_20269_none,7,6,7,17,35,0,2090,0,0,2090,0,2090,245,245,10000,1.0000,5E22,0,0,2,0001,0
661,board_9x10_12_20277_none,9,10,12,26,78,1,7675,0,0,7675,0,7675,858,936,9166,0.9166,B706,0,0,2,0001,0
662,board_14x18_58_20291_none,14,18,58,86,194,1,101972,0,0,101972,0,101972,11058,11252,9827,0.9827,D9CE,0,0,2,0001,0
663,board_15x19_73_20357_none,15,19,73,17,17,5,97357,0,0,97357,0,97357,181,15476,116,0.0116,E58F,0,0,2,0001,1
664,board_19x16_45_20449_none,19,16,45,90,259,3,146044,0,0,146044,0,146044,10878,11655,9333,0.9333,963E,0,0,2,0001,0
665,board_19x12_34_20497_none,19,12,34,61,194,0,17607,0,0,17607,0,17607,6596,6596,10000,1.0000,CE09,0,0,2,0001,0
666,board_18x5_24_20534_none,18,5,24,31,38,5,52239,0,0,52239,0,52239,582,1584,3674,0.3674,868D,0,0,2,0001,1
667,board_12x8_13_20562_none,12,8,13,32,83,1,12812,0,0,12812,0,12812,996,1079,9230,0.9230,6BAE,0,0,2,0001,0
668,board_9x14_27_20577_none,9,14,27,21,16,5,112174,0,0,112174,0,112174,-63,2673,-235,-0.0235,FD45,0,0,2,0001,1
669,board_4x19_13_20607_none,4,19,13,24,63,0,10303,0,0,10303,0,10303,819,819,10000,1.0000,9C1F,0,0,2,0001,0
670,board_4x18_10_20621_none,4,18,10,34,62,0,17377,0,0,17377,0,17377,620,620,10000,1.0000,7A86,0,0,2,0001,0
671,board_4x14_8_20632_none,4,14,8,14,48,1,5708,0,0,5708,0,5708,336,384,8750,0.8750,AF21,0,0,2,0001,0
672,board_4x10_9_20641_none,4,10,9,26,31,3,15189,0,0,15189,0,15189,186,279,6666,0.6666,FE18,0,0,2,0001,0
673,board_10x4_7_20652_none,10,4,7,13,33,1,13207,0,0,13207,0,13207,198,231,8571,0.8571,6BFA,0,0,2,0001,0
674,board_12x6_10_20660_none,12,6,10,15,62,0,3586,0,0,3586,0,3586,620,620,10000,1.0000,C4A3,0,0,2,0001,0
675,board_17x14_58_20672_none,17,14,58,85,125,2,530783,0,0,530783,0,530783,6890,10440,6599,0.6599,26F6,0,0,2,0001,1
676,board_18x18_85_20749_none,18,18,85,12,52,1,126034,0,0,126034,0,126034,4181,20315,2058,0.2058,10C3,0,0,2,0001,1
677,board_19x19_53_20848_none,19,19,53,85,308,1,37088,0,0,37088,0,37088,16016,16324,9811,0.9811,A7FF,0,0,2,0001,0
678,board_19x16_45_20907_none,19,16,45,91,259,0,16227,0,0,16227,0,16227,11655,11655,10000,1.0000,BF82,0,0,2,0001,0
679,board_12x4_11_20957_none,12,4,11,19,37,3,17125,0,0,17125,0,17125,296,407,7272,0.7272,F921,0,0,2,0001,0
680,board_10x4_6_20969_none,10,4,6,11,34,0,6318,0,0,6318,0,6318,204,204,10000,1.0000,5CAB,0,0,2,0001,0
681,board_6x10_12_20976_none,6,10,12,25,48,1,5697,0,0,5697,0,5697,528,576,9166,0.9166,8A6A,0,0,2,0001,0
682,board_4x18_17_20990_none,4,18,17,35,55,1,13692,0,0,13692,0,13692,880,935,9411,0.9411,9EFF,0,0,2,0001,0
683,board_6x16_17_21013_none,6,16,17,41,79,0,40538,0,0,40538,0,40538,1343,1343,10000,1.0000,4BE5,0,0,2,0001,0
684,board_8x12_23_21034_none,8,12,23,60,73,2,110308,0,0,110308,0,110308,1533,1679,9130,0.9130,0845,0,0,2,0001,0
685,board_11x6_17_21059_none,11,6,17,8,23,0,55338,0,0,55338,0,55338,391,833,4693,0.4693,3886,0,0,2,0001,1
686,board_16x4_9_21080_none,16,4,9,5,55,0,3429,0,0,3429,0,3429,495,495,10000,1.0000,B334,0,0,2,0001,0
687,board_18x8_31_21091_none,18,8,31,9,21,3,29370,0,0,29370,0,29370,312,3503,890,0.0890,04C0,0,0,2,0001,1
688,board_19x18_71_21126_none,19,18,71,115,261,2,191238,0,0,191238,0,191238,17989,19241,9349,0.9349,1B7B,0,0,2,0001,1
689,board_16x18_49_21207_none,16,18,49,86,239,0,28759,0,0,28759,0,28759,11711,11711,10000,1.0000,29E5,0,0,2,0001,0
690,board_8x5_6_21261_none,8,5,6,15,34,0,8110,0,0,8110,0,8110,204,204,10000,1.0000,E278,0,0,2,0001,0
691,board_4x5_4_21268_none,4,5,4,10,16,2,2729,0,0,2729,0,2729,32,64,5000,0.5000,A9A7,0,0,2,0001,0
692,board_5x18_16_21273_none,5,18,16,44,74,3,66924,0,0,66924,0,66924,962,1184,8125,0.8125,599D,0,0,2,0001,0
693,board_12x14_46_21294_none,12,14,46,48,66,3,186932,0,0,186932,0,186932,2670,5612,4757,0.4757,A8EF,0,0,2,0001,1
694,board_14x12_43_21351_none,14,12,43,62,110,1,59702,0,0,59702,0,59702,4605,5375,8567,0.8567,AA96,0,0,2,0001,1
695,board_15x10_36_21407_none,15,10,36,40,45,4,213166,0,0,213166,0,213166,1164,4104,2836,0.2836,5537,0,0,2,0001,1
696,board_19x4_14_21446_none,19,4,14,28,62,0,16263,0,0,16263,0,16263,868,868,10000,1.0000,F85C,0,0,2,0001,0
697,board_19x6_29_21462_none,19,6,29,32,49,1,66668,0,0,66668,0,66668,1336,2465,5419,0.5419,A99D,0,0,2,0001,1
698,board_15x19_38_21497_none,15,19,38,88,247,0,52891,0,0,52891,0,52891,9386,9386,10000,1.0000,B5BF,0,0,2,0001,0
699,board_8x14_29_21540_none,8,14,29,66,83,2,84446,0,0,84446,0,84446,2241,2407,9310,0.9310,A838,0,0,2,0001,0
700,board_6x10_12_21578_none,6,10,12,28,48,0,20120,0,0,20120,0,20120,576,576,10000,1.0000,0D0D,0,0,2,0001,0
701,board_5x8_7_21592_none,5,8,7,10,33,0,8337,0,0,8337,0,8337,231,231,10000,1.0000,38D3,0,0,2,0001,0
702,board_4x4_3_21601_none,4,4,3,6,13,1,1898,0,0,1898,0,1898,26,39,6666,0.6666,9327,0,0,2,0001,0
703,board_6x10_14_21605_none,6,10,14,23,46,0,12175,0,0,12175,0,12175,644,644,10000,1.0000,5DB1,0,0,2,0001,0
704,board_9x16_21_21622_none,9,16,21,52,123,0,55070,0,0,55070,0,55070,2583,2583,10000,1.0000,76C6,0,0,2,0001,0
705,board_14x19_55_21645_none,14,19,55,92,202,0,127344,0,0,127344,0,127344,11110,11605,9573,0.9573,188F,0,0,2,0001,1
706,board_16x18_73_21710_none,16,18,73,150,215,3,117001,0,0,117001,0,117001,15050,15695,9589,0.9589,91E5,0,0,2,0001,0
707,board_19x5_14_21797_none,19,5,14,25,81,0,7765,0,0,7765,0,7765,1134,1134,10000,1.0000,2B27,0,0,2,0001,0
708,board_19x4_14_21814_none,19,4,14,40,62,0,15362,0,0,15362,0,15362,868,868,10000,1.0000,B6F0,0,0,2,0001,0
709,board_16x8_31_21830_none,16,8,31,63,97,0,100122,0,0,100122,0,100122,3007,3007,10000,1.0000,C31B,0,0,2,0001,0
710,board_12x14_26_21866_none,12,14,26,47,142,0,16574,0,0,16574,0,16574,3692,3692,10000,1.0000,A8DD,0,0,2,0001,0
711,board_11x16_25_21897_none,11,16,25,62,151,1,17012,0,0,17012,0,17012,3624,3775,9600,0.9600,DB90,0,0,2,0001,0
712,board_6x19_29_21923_none,6,19,29,55,85,3,51666,0,0,51666,0,51666,2210,2465,8965,0.8965,8B40,0,0,2,0001,0
713,board_4x8_4_21959_none,4,8,4,11,28,0,1804,0,0,1804,0,1804,112,112,10000,1.0000,808F,0,0,2,0001,0
714,board_5x4_4_21964_none,5,4,4,10,16,1,2629,0,0,2629,0,2629,48,64,7500,0.7500,507A,0,0,2,0001,0
715,board_9x6_13_21970_none,9,6,13,29,41,1,17699,0,0,17699,0,17699,492,533,9230,0.9230,5EC8,0,0,2,0001,0
716,board_10x8_17_21987_none,10,8,17,26,63,0,71623,0,0,71623,0,71623,1071,1071,10000,1.0000,A1EF,0,0,2,0001,0
717,board_11x10_20_22006_none,11,10,20,56,90,1,88720,0,0,88720,0,88720,1710,1800,9500,0.9500,431D,0,0,2,0001,0
718,board_18x19_93_22029_none,18,19,93,56,75,2,179757,0,0,179757,0,179757,6477,23157,2796,0.2796,9F68,0,0,2,0001,1
719,board_19x12_34_22144_none,19,12,34,67,194,0,19121,0,0,19121,0,19121,6596,6596,10000,1.0000,8646,0,0,2,0001,0
720,board_17x5_17_22182_none,17,5,17,30,44,1,81864,0,0,81864,0,81864,680,1156,5882,0.5882,E7AE,0,0,2,0001,1
721,board_16x4_16_22202_none,16,4,16,30,48,1,27159,0,0,27159,0,27159,720,768,9375,0.9375,8F96,0,0,2,0001,0
722,board_14x4_15_22223_none,14,4,15,26,41,2,14028,0,0,14028,0,14028,533,615,8666,0.8666,4497,0,0,2,0001,0
723,board_9x10_13_22240_none,9,10,13,21,77,1,11962,0,0,11962,0,11962,924,1001,9230,0.9230,81B4,0,0,2,0001,0
724,board_7x14_14_22254_none,7,14,14,32,84,1,12111,0,0,12111,0,12111,1092,1176,9285,0.9285,C028,0,0,2,0001,0
725,board_4x19_21_22271_none,4,19,21,28,55,2,14579,0,0,14579,0,14579,1045,1155,9047,0.9047,4B54,0,0,2,0001,0
726,board_4x19_21_22294_none,4,19,21,44,55,1,37358,0,0,37358,0,37358,1100,1155,9523,0.9523,DCB8,0,0,2,0001,0
727,board_5x12_8_22319_none,5,12,8,14,52,0,5964,0,0,5964,0,5964,416,416,10000,1.0000,33F7,0,0,2,0001,0
728,board_10x4_11_22329_none,10,4,11,28,29,2,23011,0,0,23011,0,23011,261,319,8181,0.8181,FF93,0,0,2,0001,0
729,board_18x12_31_22343_none,18,12,31,50,185,2,43563,0,0,43563,0,43563,5365,5735,9354,0.9354,5070,0,0,2,0001,0
730,board_19x19_74_22378_none,19,19,74,163,287,0,72230,0,0,72230,0,72230,21238,21238,10000,1.0000,36E1,0,0,2,0001,0
731,board_12x6_19_22466_none,12,6,19,6,20,3,16749,0,0,16749,0,16749,221,1007,2194,0.2194,5089,0,0,2,0001,1
732,board_5x8_5_22491_none,5,8,5,12,35,0,4244,0,0,4244,0,4244,175,175,10000,1.0000,948F,0,0,2,0001,0
733,board_4x10_6_22498_none,4,10,6,15,34,0,4802,0,0,4802,0,4802,204,204,10000,1.0000,2F11,0,0,2,0001,0
734,board_5x19_21_22506_none,5,19,21,40,74,1,35892,0,0,35892,0,35892,1480,1554,9523,0.9523,0030,0,0,2,0001,0
735,board_12x8_24_22532_none,12,8,24,48,72,1,105692,0,0,105692,0,105692,1656,1728,9583,0.9583,2562,0,0,2,0001,0
736,board_18x4_12_22565_none,18,4,12,25,60,0,6912,0,0,6912,0,6912,720,720,10000,1.0000,430D,0,0,2,0001,0
737,board_18x5_13_22579_none,18,5,13,37,77,0,7604,0,0,7604,0,7604,1001,1001,10000,1.0000,E238,0,0,2,0001,0
738,board_19x14_66_22594_none,19,14,66,140,190,0,161561,0,0,161561,0,161561,12540,13200,9500,0.9500,F8BE,0,0,2,0001,1
739,board_15x19_41_22670_none,15,19,41,81,244,0,34612,0,0,34612,0,34612,10004,10004,10000,1.0000,4535,0,0,2,0001,0
740,board_9x10_22_22717_none,9,10,22,28,61,0,25573,0,0,25573,0,25573,1342,1496,8970,0.8970,3A77,0,0,2,0001,1
741,board_6x5_7_22745_none,6,5,7,17,23,2,20079,0,0,20079,0,20079,115,161,7142,0.7142,3A87,0,0,2,0001,0
742,board_4x4_3_22753_none,4,4,3,8,13,0,4940,0,0,4940,0,4940,39,39,10000,1.0000,8827,0,0,2,0001,0
743,board_5x14_19_22757_none,5,14,19,22,28,2,112176,0,0,112176,0,112176,430,969,4437,0.4437,2656,0,0,2,0001,1
744,board_11x19_29_22779_none,11,19,29,55,180,1,15754,0,0,15754,0,15754,5040,5220,9655,0.9655,0BCA,0,0,2,0001,0
745,board_17x10_44_22815_none,17,10,44,76,126,4,109642,0,0,109642,0,109642,5040,5544,9090,0.9090,D5F6,0,0,2,0001,0
746,board_18x8_37_22870_none,18,8,37,84,107,5,73098,0,0,73098,0,73098,3424,3959,8648,0.8648,AB47,0,0,2,0001,0
747,board_18x6_28_22912_none,18,6,28,28,24,4,162321,0,0,162321,0,162321,352,2240,1571,0.1571,A1FB,0,0,2,0001,1
748,board_18x8_31_22944_none,18,8,31,29,45,1,129496,0,0,129496,0,129496,1282,3503,3659,0.3659,69A7,0,0,2,0001,1
749,board_17x12_53_22978_none,17,12,53,82,137,4,186573,0,0,186573,0,186573,6657,8003,8318,0.8318,BBE9,0,0,2,0001,1
750,board_12x19_41_23044_none,12,19,41,81,187,1,56835,0,0,56835,0,56835,7480,7667,9756,0.9756,96FF,0,0,2,0001,0
751,board_7x16_23_23088_none,7,16,23,40,83,0,49379,0,0,49379,0,49379,1909,2047,9325,0.9325,0C2D,0,0,2,0001,1
752,board_4x6_5_23114_none,4,6,5,11,19,0,11421,0,0,11421,0,11421,95,95,10000,1.0000,33DD,0,0,2,0001,0
753,board_4x4_3_23120_none,4,4,3,8,13,0,3855,0,0,3855,0,3855,39,39,10000,1.0000,4751,0,0,2,0001,0
754,board_6x6_8_23124_none,6,6,8,19,28,1,30532,0,0,30532,0,30532,196,224,8750,0.8750,C218,0,0,2,0001,0
755,board_10x14_35_23133_none,10,14,35,15,23,3,155067,0,0,155067,0,155067,490,3675,1333,0.1333,393E,0,0,2,0001,1
756,board_11x16_38_23171_none,11,16,38,42,60,2,326419,0,0,326419,0,326419,2004,5244,3821,0.3821,9708,0,0,2,0001,1
757,board_14x19_38_23214_none,14,19,38,99,228,0,38337,0,0,38337,0,38337,8664,8664,10000,1.0000,1F89,0,0,2,0001,0
758,board_18x16_71_23254_none,18,16,71,130,196,0,501961,0,0,501961,0,501961,13916,15407,9032,0.9032,47E4,0,0,2,0001,1
759,board_18x4_10_23341_none,18,4,10,21,62,0,8503,0,0,8503,0,8503,620,620,10000,1.0000,3DBC,0,0,2,0001,0
760,board_18x4_10_23353_none,18,4,10,11,62,0,14131,0,0,14131,0,14131,620,620,10000,1.0000,0D90,0,0,2,0001,0
761,board_16x5_16_23364_none,16,5,16,25,64,2,27190,0,0,27190,0,27190,896,1024,8750,0.8750,770E,0,0,2,0001,0
762,board_11x12_33_23382_none,11,12,33,63,93,0,54925,0,0,54925,0,54925,3069,3267,9393,0.9393,6AAA,0,0,2,0001,1
763,board_5x19_17_23420_none,5,19,17,44,78,2,47362,0,0,47362,0,47362,1170,1326,8823,0.8823,9185,0,0,2,0001,0
764,board_4x8_6_23438_none,4,8,6,16,26,0,5189,0,0,5189,0,5189,156,156,10000,1.0000,EEF7,0,0,2,0001,0
765,board_7x4_4_23445_none,7,4,4,11,24,0,3558,0,0,3558,0,3558,96,96,10000,1.0000,A1AA,0,0,2,0001,0
766,board_10x5_12_23450_none,10,5,12,14,30,1,57795,0,0,57795,0,57795,322,456,7061,0.7061,FC70,0,0,2,0001,1
767,board_12x8_26_23463_none,12,8,26,42,55,1,66446,0,0,66446,0,66446,1360,1820,7472,0.7472,7691,0,0,2,0001,1
768,board_19x19_63_23496_none,19,19,63,141,298,0,31805,0,0,31805,0,31805,18774,18774,10000,1.0000,9E64,0,0,2,0001,0
769,board_19x19_88_23567_none,19,19,88,27,26,4,202658,0,0,202658,0,202658,1196,24024,497,0.0497,E302,0,0,2,0001,1
770,board_18x12_47_23668_none,18,12,47,114,169,3,107784,0,0,107784,0,107784,7436,7943,9361,0.9361,1C7C,0,0,2,0001,0
771,board_11x4_11_23722_none,11,4,11,18,33,0,20947,0,0,20947,0,20947,363,363,10000,1.0000,9FD4,0,0,2,0001,0
772,board_7x10_14_23740_none,7,10,14,21,56,0,11610,0,0,11610,0,11610,784,784,10000,1.0000,535B,0,0,2,0001,0
773,board_5x14_11_23756_none,5,14,11,34,59,2,48734,0,0,48734,0,48734,531,649,8181,0.8181,495F,0,0,2,0001,0
774,board_4x19_13_23768_none,4,19,13,31,63,0,18017,0,0,18017,0,18017,819,819,10000,1.0000,8321,0,0,2,0001,0
775,board_4x19_15_23783_none,4,19,15,28,61,1,19659,0,0,19659,0,19659,854,915,9333,0.9333,1084,0,0,2,0001,0
776,board_8x10_11_23802_none,8,10,11,23,69,1,22948,0,0,22948,0,22948,690,759,9090,0.9090,028F,0,0,2,0001,0
777,board_16x5_20_23816_none,16,5,20,43,60,1,48441,0,0,48441,0,48441,1140,1200,9500,0.9500,41E1,0,0,2,0001,0
778,board_17x6_25_23837_none,17,6,25,39,77,1,25570,0,0,25570,0,25570,1848,1925,9600,0.9600,CCB4,0,0,2,0001,0
779,board_18x10_32_23865_none,18,10,32,75,148,1,28239,0,0,28239,0,28239,4588,4736,9687,0.9687,A9DE,0,0,2,0001,0
780,board_19x18_60_23901_none,19,18,60,152,282,0,39145,0,0,39145,0,39145,16920,16920,10000,1.0000,3FC5,0,0,2,0001,0
781,board_18x19_93_23968_none,18,19,93,121,194,2,424668,0,0,424668,0,424668,17544,23157,7576,0.7576,B0D8,0,0,2,0001,1
782,board_11x8_13_24073_none,11,8,13,28,75,1,27975,0,0,27975,0,27975,900,975,9230,0.9230,7DB0,0,0,2,0001,0
783,board_6x4_6_24089_none,6,4,6,15,18,2,4179,0,0,4179,0,4179,72,108,6666,0.6666,A26A,0,0,2,0001,0
784,board_4x10_5_24098_none,4,10,5,9,35,0,4317,0,0,4317,0,4317,175,175,10000,1.0000,3465,0,0,2,0001,0
785,board_7x19_35_24104_none,7,19,35,66,98,2,57128,0,0,57128,0,57128,3234,3430,9428,0.9428,E131,0,0,2,0001,0
786,board_12x12_21_24149_none,12,12,21,60,123,0,12026,0,0,12026,0,12026,2583,2583,10000,1.0000,8A05,0,0,2,0001,0
787,board_18x4_19_24172_none,18,4,19,38,47,6,98162,0,0,98162,0,98162,575,1007,5710,0.5710,AB8C,0,0,2,0001,1
788,board_19x10_26_24193_none,19,10,26,44,164,0,14693,0,0,14693,0,14693,4264,4264,10000,1.0000,2159,0,0,2,0001,0
789,board_18x14_45_24220_none,18,14,45,81,207,2,58774,0,0,58774,0,58774,8901,9315,9555,0.9555,E38F,0,0,2,0001,0
790,board_14x19_64_24269_none,14,19,64,125,202,3,603786,0,0,603786,0,603786,12322,12928,9531,0.9531,160C,0,0,2,0001,0
791,board_6x8_10_24343_none,6,8,10,21,38,0,11581,0,0,11581,0,11581,380,380,10000,1.0000,D805,0,0,2,0001,0
792,board_5x6_8_24354_none,5,6,8,16,22,1,23113,0,0,23113,0,23113,154,176,8750,0.8750,50B9,0,0,2,0001,0
793,board_4x8_5_24364_none,4,8,5,13,27,0,4312,0,0,4312,0,4312,135,135,10000,1.0000,94D9,0,0,2,0001,0
794,board_11x19_53_24370_none,11,19,53,29,36,2,200165,0,0,200165,0,200165,1596,8268,1930,0.1930,5EEB,0,0,2,0001,1
795,board_16x16_35_24434_none,16,16,35,79,221,0,14226,0,0,14226,0,14226,7735,7735,10000,1.0000,C305,0,0,2,0001,0
796,board_17x14_35_24472_none,17,14,35,75,203,0,12627,0,0,12627,0,12627,7105,7105,10000,1.0000,6E0F,0,0,2,0001,0
797,board_18x10_38_24513_none,18,10,38,66,125,2,43162,0,0,43162,0,43162,4466,5396,8276,0.8276,A7B5,0,0,2,0001,1
798,board_19x5_25_24554_none,19,5,25,31,47,5,71813,0,0,71813,0,71813,825,1750,4714,0.4714,F61A,0,0,2,0001,1
799,board_16x10_27_24583_none,16,10,27,45,133,0,33822,0,0,33822,0,33822,3591,3591,10000,1.0000,8E86,0,0,2,0001,0
800,board_15x12_38_24612_none,15,12,38,92,142,2,86304,0,0,86304,0,86304,5112,5396,9473,0.9473,4F5F,0,0,2,0001,0
801,board_9x19_36_24654_none,9,19,36,74,135,0,140722,0,0,140722,0,140722,4860,4860,10000,1.0000,05E5,0,0,2,0001,0
802,board_7x19_19_24696_none,7,19,19,29,114,0,6286,0,0,6286,0,6286,2166,2166,10000,1.0000,00E7,0,0,2,0001,0
803,board_4x8_8_24717_none,4,8,8,20,24,1,7748,0,0,7748,0,7748,168,192,8750,0.8750,AB99,0,0,2,0001,0
804,board_5x4_3_24726_none,5,4,3,14,17,0,4429,0,0,4429,0,4429,51,51,10000,1.0000,03D3,0,0,2,0001,0
805,board_11x12_33_24730_none,11,12,33,26,51,2,98087,0,0,98087,0,98087,1485,3267,4545,0.4545,F9EB,0,0,2,0001,1
806,board_14x16_58_24767_none,14,16,58,43,75,2,274141,0,0,274141,0,274141,4018,9628,4173,0.4173,A90C,0,0,2,0001,1
807,board_19x18_49_24841_none,19,18,49,100,293,1,58014,0,0,58014,0,58014,14064,14357,9795,0.9795,F851,0,0,2,0001,0
808,board_18x6_28_24895_none,18,6,28,47,79,3,61824,0,0,61824,0,61824,1972,2240,8803,0.8803,7CD3,0,0,2,0001,1
809,board_12x6_13_24925_none,12,6,13,33,59,1,11293,0,0,11293,0,11293,708,767,9230,0.9230,74B0,0,0,2,0001,0
810,board_7x16_27_24940_none,7,16,27,56,85,0,28064,0,0,28064,0,28064,2295,2295,10000,1.0000,B59B,0,0,2,0001,0
811,board_4x19_11_24972_none,4,19,11,16,65,0,4117,0,0,4117,0,4117,715,715,10000,1.0000,3D9F,0,0,2,0001,0
812,board_5x10_14_24985_none,5,10,14,20,36,1,30256,0,0,30256,0,30256,468,504,9285,0.9285,C2F2,0,0,2,0001,0
813,board_6x8_11_25002_none,6,8,11,6,16,2,36993,0,0,36993,0,36993,102,407,2506,0.2506,2C7C,0,0,2,0001,1
814,board_9x4_5_25015_none,9,4,5,7,31,0,1885,0,0,1885,0,1885,155,155,10000,1.0000,BF75,0,0,2,0001,0
815,board_11x4_7_25021_none,11,4,7,24,37,0,8415,0,0,8415,0,8415,259,259,10000,1.0000,3F89,0,0,2,0001,0
816,board_14x6_18_25030_none,14,6,18,34,66,2,13893,0,0,13893,0,13893,1056,1188,8888,0.8888,4DBF,0,0,2,0001,0
817,board_17x12_53_25049_none,17,12,53,19,35,4,122344,0,0,122344,0,122344,1251,8003,1563,0.1563,5717,0,0,2,0001,1
818,board_19x19_55_25112_none,19,19,55,104,306,0,35942,0,0,35942,0,35942,16830,16830,10000,1.0000,2D23,0,0,2,0001,0
819,board_16x10_38_25170_none,16,10,38,85,122,1,58918,0,0,58918,0,58918,4514,4636,9736,0.9736,1727,0,0,2,0001,0
820,board_8x5_8_25211_none,8,5,8,9,23,0,53332,0,0,53332,0,53332,184,256,7187,0.7187,ADAC,0,0,2,0001,1
821,board_4x14_12_25220_none,4,14,12,31,44,0,17383,0,0,17383,0,17383,528,528,10000,1.0000,55EB,0,0,2,0001,0
822,board_4x16_11_25233_none,4,16,11,21,53,1,10248,0,0,10248,0,10248,530,583,9090,0.9090,A88A,0,0,2,0001,0
823,board_6x18_26_25248_none,6,18,26,42,82,0,33869,0,0,33869,0,33869,2132,2132,10000,1.0000,7649,0,0,2,0001,0
824,board_12x6_11_25279_none,12,6,11,17,61,1,8927,0,0,8927,0,8927,610,671,9090,0.9090,6F73,0,0,2,0001,0
825,board_19x8_39_25292_none,19,8,39,56,97,3,223266,0,0,223266,0,223266,3444,4407,7814,0.7814,2315,0,0,2,0001,1
826,board_19x10_47_25338_none,19,10,47,48,75,3,336316,0,0,336316,0,336316,3096,6721,4606,0.4606,9748,0,0,2,0001,1
827,board_18x19_59_25391_none,18,19,59,88,273,0,97381,0,0,97381,0,97381,16107,16697,9646,0.9646,5096,0,0,2,0001,1
828,board_15x18_68_25458_none,15,18,68,46,75,6,305081,0,0,305081,0,305081,3888,13736,2830,0.2830,A894,0,0,2,0001,1
829,board_10x10_17_25536_none,10,10,17,36,83,0,27090,0,0,27090,0,27090,1411,1411,10000,1.0000,7268,0,0,2,0001,0
830,board_6x4_4_25554_none,6,4,4,16,20,1,4479,0,0,4479,0,4479,60,80,7500,0.7500,A41A,0,0,2,0001,0
831,board_4x12_9_25559_none,4,12,9,23,39,2,11912,0,0,11912,0,11912,273,351,7777,0.7777,FEE1,0,0,2,0001,0
832,board_7x19_22_25570_none,7,19,22,42,111,0,11816,0,0,11816,0,11816,2442,2442,10000,1.0000,9DA8,0,0,2,0001,0
833,board_9x19_42_25595_none,9,19,42,15,13,2,137584,0,0,137584,0,137584,288,5418,531,0.0531,0E62,0,0,2,0001,1
834,board_17x8_18_25648_none,17,8,18,26,118,0,10797,0,0,10797,0,10797,2124,2124,10000,1.0000,ACCD,0,0,2,0001,0
835,board_18x5_16_25669_none,18,5,16,17,20,3,94429,0,0,94429,0,94429,98,1184,827,0.0827,8BD5,0,0,2,0001,1
836,board_19x6_29_25687_none,19,6,29,29,34,2,115703,0,0,115703,0,115703,816,2465,3310,0.3310,C71F,0,0,2,0001,1
837,board_18x10_32_25723_none,18,10,32,72,148,0,31473,0,0,31473,0,31473,4736,4736,10000,1.0000,78AF,0,0,2,0001,0
838,board_14x19_54_25761_none,14,19,54,125,212,0,115233,0,0,115233,0,115233,11448,11448,10000,1.0000,84F7,0,0,2,0001,0
839,board_11x19_57_25819_none,11,19,57,17,21,3,173673,0,0,173673,0,173673,741,8664,855,0.0855,653F,0,0,2,0001,1
840,board_8x16_26_25890_none,8,16,26,64,102,3,154216,0,0,154216,0,154216,2346,2652,8846,0.8846,62B3,0,0,2,0001,0
841,board_4x5_4_25918_none,4,5,4,12,16,1,6103,0,0,6103,0,6103,48,64,7500,0.7500,7944,0,0,2,0001,0
842,board_5x6_7_25924_none,5,6,7,14,23,2,4671,0,0,4671,0,4671,115,161,7142,0.7142,E3D3,0,0,2,0001,0
843,board_6x8_8_25932_none,6,8,8,16,40,1,6026,0,0,6026,0,6026,280,320,8750,0.8750,5F35,0,0,2,0001,0
844,board_10x16_28_25942_none,10,16,28,64,132,0,9618,0,0,9618,0,9618,3696,3696,10000,1.0000,39DE,0,0,2,0001,0
845,board_17x18_62_25975_none,17,18,62,127,244,1,82631,0,0,82631,0,82631,14884,15128,9838,0.9838,32B4,0,0,2,0001,0
846,board_19x10_28_26045_none,19,10,28,80,162,1,24408,0,0,24408,0,24408,4374,4536,9642,0.9642,DCEB,0,0,2,0001,0
847,board_19x4_20_26074_none,19,4,20,40,56,1,39958,0,0,39958,0,39958,1064,1120,9500,0.9500,DBED,0,0,2,0001,0
848,board_15x8_17_26099_none,15,8,17,37,103,0,11811,0,0,11811,0,11811,1751,1751,10000,1.0000,263B,0,0,2,0001,0
849,board_10x16_34_26118_none,10,16,34,86,126,1,59489,0,0,59489,0,59489,4158,4284,9705,0.9705,5EA0,0,0,2,0001,0
850,board_4x16_10_26156_none,4,16,10,32,54,0,10446,0,0,10446,0,10446,540,540,10000,1.0000,26E5,0,0,2,0001,0
851,board_4x8_7_26168_none,4,8,7,15,25,1,18585,0,0,18585,0,18585,150,175,8571,0.8571,75CA,0,0,2,0001,0
852,board_6x4_6_26176_none,6,4,6,10,18,0,3807,0,0,3807,0,3807,108,108,10000,1.0000,FF9A,0,0,2,0001,0
853,board_12x10_18_26183_none,12,10,18,32,102,0,21040,0,0,21040,0,21040,1836,1836,10000,1.0000,5474,0,0,2,0001,0
854,board_15x14_44_26202_none,15,14,44,88,166,0,97332,0,0,97332,0,97332,7304,7304,10000,1.0000,5B60,0,0,2,0001,0
855,board_19x19_63_26250_none,19,19,63,134,283,0,95159,0,0,95159,0,95159,17829,18774,9496,0.9496,E423,0,0,2,0001,1
856,board_19x16_43_26321_none,19,16,43,83,256,1,221304,0,0,221304,0,221304,10747,11223,9575,0.9575,321F,0,0,2,0001,1
857,board_15x4_15_26376_none,15,4,15,38,45,4,25369,0,0,25369,0,25369,495,675,7333,0.7333,E9B4,0,0,2,0001,0
858,board_12x4_9_26397_none,12,4,9,19,39,0,8740,0,0,8740,0,8740,351,351,10000,1.0000,729F,0,0,2,0001,0
859,board_5x16_22_26409_none,5,16,22,22,35,1,88407,0,0,88407,0,88407,712,1276,5579,0.5579,DAE5,0,0,2,0001,1
860,board_4x19_11_26436_none,4,19,11,25,65,0,7800,0,0,7800,0,7800,715,715,10000,1.0000,E248,0,0,2,0001,0
861,board_8x8_16_26448_none,8,8,16,23,48,1,11791,0,0,11791,0,11791,720,768,9375,0.9375,3589,0,0,2,0001,0
862,board_11x4_9_26469_none,11,4,9,17,35,0,16606,0,0,16606,0,16606,315,315,10000,1.0000,5A77,0,0,2,0001,0
863,board_16x6_14_26479_none,16,6,14,34,82,0,13014,0,0,13014,0,13014,1148,1148,10000,1.0000,9B48,0,0,2,0001,0
864,board_19x19_76_26496_none,19,19,76,171,285,1,91373,0,0,91373,0,91373,21375,21660,9868,0.9868,4A38,0,0,2,0001,0
865,board_16x14_47_26583_none,16,14,47,93,177,1,85636,0,0,85636,0,85636,8142,8319,9787,0.9787,D5A4,0,0,2,0001,0
866,board_12x8_26_26636_none,12,8,26,43,70,5,68542,0,0,68542,0,68542,1470,1820,8076,0.8076,F29E,0,0,2,0001,0
867,board_11x6_17_26668_none,11,6,17,36,49,1,11959,0,0,11959,0,11959,784,833,9411,0.9411,CCBE,0,0,2,0001,0
868,board_9x4_6_26690_none,9,4,6,11,30,0,16887,0,0,16887,0,16887,180,180,10000,1.0000,BADE,0,0,2,0001,0
869,board_6x5_4_26699_none,6,5,4,9,26,0,19162,0,0,19162,0,19162,104,104,10000,1.0000,2654,0,0,2,0001,0
870,board_5x6_5_26704_none,5,6,5,4,25,0,1440,0,0,1440,0,1440,125,125,10000,1.0000,69C0,0,0,2,0001,0
871,board_4x16_15_26710_none,4,16,15,23,44,0,28809,0,0,28809,0,28809,660,735,8979,0.8979,137D,0,0,2,0001,1
872,board_8x18_24_26730_none,8,18,24,53,120,3,42093,0,0,42093,0,42093,2520,2880,8750,0.8750,355C,0,0,2,0001,0
873,board_14x8_26_26756_none,14,8,26,42,79,2,52811,0,0,52811,0,52811,1882,2236,8416,0.8416,70CD,0,0,2,0001,1
874,board_19x6_25_26789_none,19,6,25,45,89,2,36186,0,0,36186,0,36186,2047,2225,9200,0.9200,9396,0,0,2,0001,0
875,board_18x18_54_26821_none,18,18,54,138,270,0,28481,0,0,28481,0,28481,14580,14580,10000,1.0000,74E5,0,0,2,0001,0
876,board_12x18_46_26883_none,12,18,46,110,170,2,289537,0,0,289537,0,289537,7480,7820,9565,0.9565,DB96,0,0,2,0001,0
877,board_7x8_11_26939_none,7,8,11,28,45,4,56090,0,0,56090,0,56090,315,495,6363,0.6363,7AFB,0,0,2,0001,0
878,board_4x4_3_26952_none,4,4,3,10,13,0,8025,0,0,8025,0,8025,39,39,10000,1.0000,7E22,0,0,2,0001,0
879,board_5x12_15_26956_none,5,12,15,39,45,3,91816,0,0,91816,0,91816,540,675,8000,0.8000,8842,0,0,2,0001,0
880,board_8x18_20_26974_none,8,18,20,46,124,0,28159,0,0,28159,0,28159,2480,2480,10000,1.0000,9090,0,0,2,0001,0
881,board_14x18_58_26995_none,14,18,58,97,179,2,355833,0,0,355833,0,355833,9994,11252,8881,0.8881,6E2F,0,0,2,0001,1
882,board_18x10_37_27066_none,18,10,37,76,143,1,30258,0,0,30258,0,30258,5148,5291,9729,0.9729,88D6,0,0,2,0001,0
883,board_18x8_25_27109_none,18,8,25,58,113,1,47151,0,0,47151,0,47151,2706,2975,9095,0.9095,DDC4,0,0,2,0001,1
884,board_19x6_17_27138_none,19,6,17,46,97,0,18255,0,0,18255,0,18255,1649,1649,10000,1.0000,49F5,0,0,2,0001,0
885,board_18x8_37_27158_none,18,8,37,72,99,2,93439,0,0,93439,0,93439,3449,3959,8711,0.8711,7234,0,0,2,0001,1
886,board_16x12_40_27197_none,16,12,40,85,152,0,25141,0,0,25141,0,25141,6080,6080,10000,1.0000,4003,0,0,2,0001,0
887,board_11x19_31_27240_none,11,19,31,45,178,0,24462,0,0,24462,0,24462,5518,5518,10000,1.0000,EC1F,0,0,2,0001,0
888,board_7x18_32_27275_none,7,18,32,34,60,3,91295,0,0,91295,0,91295,1638,3008,5445,0.5445,6184,0,0,2,0001,1
889,board_4x6_3_27308_none,4,6,3,8,21,0,2110,0,0,2110,0,2110,63,63,10000,1.0000,E864,0,0,2,0001,0
890,board_8x8_15_27312_none,8,8,15,31,49,0,6709,0,0,6709,0,6709,735,735,10000,1.0000,B2EE,0,0,2,0001,0
891,board_16x19_64_27330_none,16,19,64,94,240,0,36316,0,0,36316,0,36316,15360,15360,10000,1.0000,FDFE,0,0,2,0001,0
892,board_18x18_85_27401_none,18,18,85,156,210,4,415297,0,0,415297,0,415297,16894,20315,8316,0.8316,BB97,0,0,2,0001,1
893,board_19x8_21_27503_none,19,8,21,37,131,0,25151,0,0,25151,0,25151,2751,2751,10000,1.0000,5699,0,0,2,0001,0
894,board_18x5_16_27526_none,18,5,16,31,74,1,10696,0,0,10696,0,10696,1110,1184,9375,0.9375,4726,0,0,2,0001,0
895,board_14x6_21_27544_none,14,6,21,33,63,4,48400,0,0,48400,0,48400,1071,1323,8095,0.8095,499B,0,0,2,0001,0
896,board_12x8_21_27569_none,12,8,21,44,75,1,10876,0,0,10876,0,10876,1500,1575,9523,0.9523,2AA3,0,0,2,0001,0
897,board_5x19_24_27595_none,5,19,24,56,70,4,234233,0,0,234233,0,234233,1396,1704,8192,0.8192,AF5A,0,0,2,0001,1
898,board_4x10_6_27622_none,4,10,6,16,34,0,4209,0,0,4209,0,4209,204,204,10000,1.0000,B909,0,0,2,0001,0
899,board_8x4_8_27629_none,8,4,8,14,24,1,22089,0,0,22089,0,22089,168,192,8750,0.8750,5777,0,0,2,0001,0
900,board_16x12_26_27641_none,16,12,26,56,166,0,22142,0,0,22142,0,22142,4316,4316,10000,1.0000,D844,0,0,2,0001,0
901,board_19x19_98_27668_none,19,19,98,140,194,4,330869,0,0,330869,0,330869,17960,25774,6968,0.6968,F708,0,0,2,0001,1
902,board_17x10_25_27784_none,17,10,25,60,145,1,37912,0,0,37912,0,37912,3480,3625,9600,0.9600,2082,0,0,2,0001,0
903,board_15x6_19_27813_none,15,6,19,16,46,2,42954,0,0,42954,0,42954,732,1349,5426,0.5426,ED70,0,0,2,0001,1
904,board_7x8_8_27833_none,7,8,8,17,48,0,6017,0,0,6017,0,6017,384,384,10000,1.0000,5038,0,0,2,0001,0
905,board_6x10_8_27842_none,6,10,8,20,52,0,4607,0,0,4607,0,4607,416,416,10000,1.0000,4827,0,0,2,0001,0
906,board_4x19_19_27852_none,4,19,19,28,50,3,36364,0,0,36364,0,36364,779,1083,7192,0.7192,72DA,0,0,2,0001,1
907,board_8x12_14_27873_none,8,12,14,29,82,1,17297,0,0,17297,0,17297,1066,1148,9285,0.9285,8A40,0,0,2,0001,0
908,board_14x4_15_27890_none,14,4,15,28,41,4,21551,0,0,21551,0,21551,451,615,7333,0.7333,F98F,0,0,2,0001,0
909,board_19x10_28_27910_none,19,10,28,45,162,0,28170,0,0,28170,0,28170,4536,4536,10000,1.0000,75A7,0,0,2,0001,0
910,board_19x14_58_27943_none,19,14,58,89,199,1,74186,0,0,74186,0,74186,11334,12064,9394,0.9394,7945,0,0,2,0001,1
911,board_18x19_71_28013_none,18,19,71,168,271,1,91499,0,0,91499,0,91499,18970,19241,9859,0.9859,E150,0,0,2,0001,0
912,board_16x18_41_28090_none,16,18,41,98,247,0,19767,0,0,19767,0,19767,10127,10127,10000,1.0000,61EF,0,0,2,0001,0
913,board_11x10_24_28132_none,11,10,24,12,45,1,41127,0,0,41127,0,41127,994,2064,4815,0.4815,9BCC,0,0,2,0001,1
914,board_9x6_15_28158_none,9,6,15,31,39,1,7463,0,0,7463,0,7463,546,585,9333,0.9333,3D45,0,0,2,0001,0
915,board_8x5_10_28174_none,8,5,10,6,23,0,34216,0,0,34216,0,34216,230,300,7666,0.7666,FCC0,0,0,2,0001,1
916,board_4x8_4_28187_none,4,8,4,10,28,0,2030,0,0,2030,0,2030,112,112,10000,1.0000,B679,0,0,2,0001,0
917,board_6x19_27_28192_none,6,19,27,29,87,0,31352,0,0,31352,0,31352,2349,2349,10000,1.0000,B325,0,0,2,0001,0
918,board_10x18_24_28221_none,10,18,24,37,156,0,11077,0,0,11077,0,11077,3744,3744,10000,1.0000,3397,0,0,2,0001,0
919,board_16x8_33_28248_none,16,8,33,46,82,4,94187,0,0,94187,0,94187,2326,3135,7419,0.7419,5F65,0,0,2,0001,1
920,board_18x4_16_28293_none,18,4,16,24,45,2,73583,0,0,73583,0,73583,608,896,6785,0.6785,83D6,0,0,2,0001,1
921,board_18x12_54_28312_none,18,12,54,110,162,2,236229,0,0,236229,0,236229,8424,8748,9629,0.9629,DC42,0,0,2,0001,0
922,board_12x19_35_28378_none,12,19,35,62,193,0,28104,0,0,28104,0,28104,6755,6755,10000,1.0000,1EC8,0,0,2,0001,0
923,board_10x18_26_28416_none,10,18,26,47,154,1,30378,0,0,30378,0,30378,3850,4004,9615,0.9615,EB8F,0,0,2,0001,0
924,board_4x5_4_28446_none,4,5,4,10,16,0,1951,0,0,1951,0,1951,64,64,10000,1.0000,2ABB,0,0,2,0001,0
925,board_4x6_5_28451_none,4,6,5,12,19,1,10756,0,0,10756,0,10756,76,95,8000,0.8000,A13D,0,0,2,0001,0
926,board_7x12_22_28457_none,7,12,22,58,62,3,24340,0,0,24340,0,24340,1178,1364,8636,0.8636,F99A,0,0,2,0001,0
927,board_15x19_41_28484_none,15,19,41,92,244,0,24177,0,0,24177,0,24177,10004,10004,10000,1.0000,06F7,0,0,2,0001,0
928,board_17x16_57_28529_none,17,16,57,92,215,0,43225,0,0,43225,0,43225,12255,12255,10000,1.0000,9EE8,0,0,2,0001,0
929,board_18x14_61_28590_none,18,14,61,107,191,8,148079,0,0,148079,0,148079,10123,11651,8688,0.8688,1568,0,0,2,0001,0
930,board_18x12_58_28657_none,18,12,58,28,35,4,225226,0,0,225226,0,225226,1398,9164,1525,0.1525,377F,0,0,2,0001,1
931,board_19x10_49_28723_none,19,10,49,55,73,3,169072,0,0,169072,0,169072,3154,6909,4565,0.4565,4D46,0,0,2,0001,1
932,board_18x4_11_28783_none,18,4,11,30,61,1,17454,0,0,17454,0,17454,610,671,9090,0.9090,E319,0,0,2,0001,0
933,board_11x16_38_28796_none,11,16,38,66,138,1,34196,0,0,34196,0,34196,5106,5244,9736,0.9736,2C0E,0,0,2,0001,0
934,board_7x19_19_28838_none,7,19,19,23,114,0,10730,0,0,10730,0,10730,2166,2166,10000,1.0000,0E28,0,0,2,0001,0
935,board_4x14_15_28860_none,4,14,15,40,41,3,49333,0,0,49333,0,49333,492,615,8000,0.8000,EE11,0,0,2,0001,0
936,board_6x4_3_28879_none,6,4,3,3,21,0,1384,0,0,1384,0,1384,63,63,10000,1.0000,4AF1,0,0,2,0001,0
937,board_14x14_41_28883_none,14,14,41,78,155,1,52582,0,0,52582,0,52582,6200,6355,9756,0.9756,D2F8,0,0,2,0001,0
938,board_15x16_41_28927_none,15,16,41,58,199,0,11935,0,0,11935,0,11935,8159,8159,10000,1.0000,CC16,0,0,2,0001,0
939,board_17x19_43_28976_none,17,19,43,97,280,0,24677,0,0,24677,0,24677,12040,12040,10000,1.0000,5911,0,0,2,0001,0
940,board_18x19_62_29027_none,18,19,62,151,280,0,35731,0,0,35731,0,35731,17360,17360,10000,1.0000,709B,0,0,2,0001,0
941,board_18x8_25_29093_none,18,8,25,37,119,0,16603,0,0,16603,0,16603,2975,2975,10000,1.0000,2D1F,0,0,2,0001,0
942,board_15x4_10_29119_none,15,4,10,17,50,0,5112,0,0,5112,0,5112,500,500,10000,1.0000,17A4,0,0,2,0001,0
943,board_7x14_17_29130_none,7,14,17,32,81,1,9447,0,0,9447,0,9447,1296,1377,9411,0.9411,57D6,0,0,2,0001,0
944,board_4x19_17_29151_none,4,19,17,33,59,1,10121,0,0,10121,0,10121,944,1003,9411,0.9411,E73A,0,0,2,0001,0
945,board_4x18_18_29171_none,4,18,18,45,54,3,67598,0,0,67598,0,67598,810,972,8333,0.8333,97EA,0,0,2,0001,0
946,board_9x5_6_29191_none,9,5,6,4,39,0,3503,0,0,3503,0,3503,234,234,10000,1.0000,08BC,0,0,2,0001,0
947,board_10x4_7_29198_none,10,4,7,16,33,0,39547,0,0,39547,0,39547,231,231,10000,1.0000,19A5,0,0,2,0001,0
948,board_12x4_12_29206_none,12,4,12,25,36,2,12721,0,0,12721,0,12721,360,432,8333,0.8333,F050,0,0,2,0001,0
949,board_14x5_18_29221_none,14,5,18,13,16,2,57272,0,0,57272,0,57272,184,936,1965,0.1965,9A55,0,0,2,0001,1
950,board_19x18_50_29242_none,19,18,50,118,292,0,18573,0,0,18573,0,18573,14600,14600,10000,1.0000,A3B4,0,0,2,0001,0
951,board_18x18_85_29299_none,18,18,85,12,18,3,93694,0,0,93694,0,93694,813,20315,400,0.0400,38FD,0,0,2,0001,1
952,board_12x6_11_29398_none,12,6,11,24,61,0,5582,0,0,5582,0,5582,671,671,10000,1.0000,A707,0,0,2,0001,0
953,board_7x5_9_29410_none,7,5,9,13,16,2,19049,0,0,19049,0,19049,92,234,3931,0.3931,C83D,0,0,2,0001,1
954,board_4x12_7_29422_none,4,12,7,21,41,0,13099,0,0,13099,0,13099,287,287,10000,1.0000,CF54,0,0,2,0001,0
955,board_5x19_26_29431_none,5,19,26,45,69,1,34845,0,0,34845,0,34845,1725,1794,9615,0.9615,D3AC,0,0,2,0001,0
956,board_6x19_29_29461_none,6,19,29,38,53,3,76044,0,0,76044,0,76044,1282,2465,5200,0.5200,149E,0,0,2,0001,1
957,board_14x6_15_29496_none,14,6,15,29,69,0,13027,0,0,13027,0,13027,1035,1035,10000,1.0000,ED02,0,0,2,0001,0
958,board_16x4_16_29512_none,16,4,16,32,48,2,27829,0,0,27829,0,27829,672,768,8750,0.8750,E76C,0,0,2,0001,0
959,board_18x4_19_29529_none,18,4,19,38,53,0,30106,0,0,30106,0,30106,1007,1007,10000,1.0000,F33F,0,0,2,0001,0
960,board_19x12_32_29552_none,19,12,32,66,196,1,34863,0,0,34863,0,34863,6076,6272,9687,0.9687,4027,0,0,2,0001,0
961,board_16x19_80_29590_none,16,19,80,25,29,4,193873,0,0,193873,0,193873,1424,17920,794,0.0794,39E5,0,0,2,0001,1
962,board_14x18_51_29683_none,14,18,51,77,183,1,167330,0,0,167330,0,167330,9132,10251,8908,0.8908,5FCD,0,0,2,0001,1
963,board_7x6_9_29747_none,7,6,9,19,33,1,6604,0,0,6604,0,6604,264,297,8888,0.8888,1245,0,0,2,0001,0
964,board_4x8_4_29757_none,4,8,4,12,28,0,3461,0,0,3461,0,3461,112,112,10000,1.0000,78C9,0,0,2,0001,0
965,board_6x16_20_29762_none,6,16,20,36,76,1,44503,0,0,44503,0,44503,1444,1520,9500,0.9500,BDA6,0,0,2,0001,0
966,board_11x19_44_29784_none,11,19,44,95,165,0,53987,0,0,53987,0,53987,7260,7260,10000,1.0000,41EA,0,0,2,0001,0
967,board_18x8_30_29834_none,18,8,30,53,104,0,111282,0,0,111282,0,111282,3120,3420,9122,0.9122,C2BA,0,0,2,0001,1
968,board_19x4_18_29868_none,19,4,18,32,41,0,66349,0,0,66349,0,66349,738,1044,7068,0.7068,93A9,0,0,2,0001,1
969,board_18x8_20_29890_none,18,8,20,38,124,0,12030,0,0,12030,0,12030,2480,2480,10000,1.0000,DEC6,0,0,2,0001,0
970,board_18x10_26_29913_none,18,10,26,61,154,2,27032,0,0,27032,0,27032,3696,4004,9230,0.9230,6F23,0,0,2,0001,0
971,board_17x12_35_29944_none,17,12,35,81,169,0,12488,0,0,12488,0,12488,5915,5915,10000,1.0000,539E,0,0,2,0001,0
972,board_10x19_41_29983_none,10,19,41,104,149,4,207962,0,0,207962,0,207962,5513,6109,9024,0.9024,5AB8,0,0,2,0001,0
973,board_9x19_29_30032_none,9,19,29,53,142,0,18008,0,0,18008,0,18008,4118,4118,10000,1.0000,1F45,0,0,2,0001,0
974,board_4x8_8_30065_none,4,8,8,10,24,0,5849,0,0,5849,0,5849,192,192,10000,1.0000,F891,0,0,2,0001,0
975,board_4x5_5_30076_none,4,5,5,7,15,2,2536,0,0,2536,0,2536,45,75,6000,0.6000,9ACD,0,0,2,0001,0
976,board_7x8_8_30084_none,7,8,8,19,48,0,3243,0,0,3243,0,3243,384,384,10000,1.0000,07E9,0,0,2,0001,0
977,board_10x14_35_30093_none,10,14,35,70,105,2,83502,0,0,83502,0,83502,3465,3675,9428,0.9428,FEF3,0,0,2,0001,0
978,board_12x18_58_30137_none,12,18,58,106,150,2,200028,0,0,200028,0,200028,8384,9164,9148,0.9148,4882,0,0,2,0001,1
979,board_17x19_46_30204_none,17,19,46,96,277,2,90682,0,0,90682,0,90682,12188,12742,9565,0.9565,8D50,0,0,2,0001,0
980,board_19x6_32_30259_none,19,6,32,56,77,4,158145,0,0,158145,0,158145,2136,2624,8140,0.8140,B344,0,0,2,0001,1
981,board_15x6_13_30301_none,15,6,13,40,77,0,12669,0,0,12669,0,12669,1001,1001,10000,1.0000,BCFC,0,0,2,0001,0
982,board_12x10_26_30315_none,12,10,26,62,94,3,43979,0,0,43979,0,43979,2162,2444,8846,0.8846,56CC,0,0,2,0001,0
983,board_6x19_20_30346_none,6,19,20,55,94,0,32054,0,0,32054,0,32054,1880,1880,10000,1.0000,0797,0,0,2,0001,0
984,board_4x14_11_30367_none,4,14,11,31,45,1,35788,0,0,35788,0,35788,450,495,9090,0.9090,A159,0,0,2,0001,0
985,board_7x4_5_30379_none,7,4,5,18,23,0,21584,0,0,21584,0,21584,115,115,10000,1.0000,5DBB,0,0,2,0001,0
986,board_12x8_21_30385_none,12,8,21,54,75,3,203237,0,0,203237,0,203237,1350,1575,8571,0.8571,98B8,0,0,2,0001,0
987,board_15x12_47_30411_none,15,12,47,92,133,3,86533,0,0,86533,0,86533,5852,6251,9361,0.9361,3126,0,0,2,0001,0
988,board_18x18_65_30464_none,18,18,65,99,244,3,162511,0,0,162511,0,162511,15083,16835,8959,0.8959,95E5,0,0,2,0001,1
989,board_18x19_60_30536_none,18,19,60,132,282,0,33977,0,0,33977,0,33977,16920,16920,10000,1.0000,A557,0,0,2,0001,0
990,board_19x19_53_30603_none,19,19,53,91,308,3,87402,0,0,87402,0,87402,15400,16324,9433,0.9433,B93B,0,0,2,0001,0
991,board_18x12_58_30666_none,18,12,58,83,107,4,173362,0,0,173362,0,173362,5574,9164,6082,0.6082,858E,0,0,2,0001,1
992,board_15x5_13_30734_none,15,5,13,27,62,1,32084,0,0,32084,0,32084,744,806,9230,0.9230,ECBC,0,0,2,0001,0
993,board_8x8_15_30748_none,8,8,15,46,49,4,56962,0,0,56962,0,56962,539,735,7333,0.7333,5EB6,0,0,2,0001,0
994,board_4x19_10_30764_none,4,19,10,19,66,0,12871,0,0,12871,0,12871,660,660,10000,1.0000,F44A,0,0,2,0001,0
995,board_6x14_22_30776_none,6,14,22,8,16,1,83884,0,0,83884,0,83884,290,1364,2126,0.2126,853C,0,0,2,0001,1
996,board_7x12_22_30799_none,7,12,22,20,17,3,62292,0,0,62292,0,62292,188,1364,1378,0.1378,51F3,0,0,2,0001,1
997,board_10x6_11_30823_none,10,6,11,28,49,0,10063,0,0,10063,0,10063,539,539,10000,1.0000,560E,0,0,2,0001,0
998,board_17x6_25_30836_none,17,6,25,41,77,0,26126,0,0,26126,0,26126,1925,1925,10000,1.0000,E88B,0,0,2,0001,0
999,board_19x18_50_30871_none,19,18,50,98,292,0,41924,0,0,41924,0,41924,14600,14600,10000,1.0000,DE95,0,0,2,0001,0
1000,board_15x14_55_30923_none,15,14,55,103,155,4,176758,0,0,176758,0,176758,7905,8525,9272,0.9272,5374,0,0,2,0001,0
