19 8 22 board_19x8_22_57135_none
2939210000001111129
2944920000001912931
1293920001222112920
0223110001991001110
1291000112221111011
9333210191000191129
2929920111000111192
1123920000000000111

16 4 16 board_16x4_16_57159_none
9219129322100000
9212359499323210
2201999339399920
9101232111224920

10 12 21 board_10x12_21_57178_none
0000011100
0000019111
0011111119
0129100122
0293101291
0292124942
0111199939
0000249332
0112293229
0193923931
0129213941
0011102939

9 14 19 board_9x14_19_57202_none
000011211
000019292
000011229
012210011
019911110
012211910
000001110
000122111
221199329
992259492
223959411
002959200
001293200
000129100

4 18 18 board_4x18_18_57223_none
1910
1221
0293
0299
2349
9931
3942
1299
0122
0011
1239
1992
1221
1110
1921
2229
9332
2991

4 16 15 board_4x16_15_57248_none
0011
0019
0011
0000
1110
1910
2220
1921
1392
1493
2993
9692
9932
3329
9233
1299

8 4 6 board_8x4_6_57266_none
92001291
92112921
12292110
01921000

12 6 19 board_12x6_19_57273_none
000012911939
122119432292
299123993232
933229493929
111922323353
001111911999

15 10 26 board_15x10_26_57294_none
111910292000192
922210393122229
129100293399111
011100112993211
000011101221192
000019211000139
221011392111029
991001494292121
331001993922910
910001222111110

19 19 74 board_19x19_74_57321_none
1922939921123922391
1129239692199449932
0011112992249399591
0112223442192223921
0193992992211001221
0129322239100000191
0023321111100000111
0019939223321011100
1112392299991019221
9222212235941012929
2399102933920001232
1932102939221100191
1111122221119212221
1101939100011292910
9101293211211112221
2210249219391000191
1921199223921011222
2392233229221129219
9212911921119129211

19 19 90 board_19x19_90_57405_none
9200000012210000111
9323321019910111192
2399992122210191139
1933322911110111039
1122322112931100139
0129991002939211192
1395431112233391111
1993910191192921011
2444210222124331129
9399221392019949229
2494929393113949222
9223233439223453219
1129339944939999222
0039499994942594393
1249433334920292299
2995921129210112243
2999491192222102939
2369412221299202942
1939201910299201291

18 14 45 board_18x14_45_57507_none
000113932910000000
000193949321111100
000112249219119100
001110193212222210
001921129112911921
222291123229323392
993321192921294959
239911223232349949
024532911929939321
029992112233331211
029421001911910191
011111223211110122
110019299100000019
910011222100000011

17 10 23 board_17x10_23_57561_none
11191000019119210
91234210012334931
11199910001994949
11234310001223931
19229101110002220
12922211910001910
01111911110001110
22101111110000000
99100001911110000
22100001111910000

14 5 14 board_14x5_14_57587_none
19119291000011
11112322121119
00112911939321
11292112259921
19211001939329

6 10 9 board_6x10_9_57603_none
011100
029200
139311
192291
122211
019111
011119
111022
291019
921011

4 14 9 board_4x14_9_57613_none
9392
1392
0111
0000
0111
1291
9222
1119
0022
0019
1121
1910
1221
0191

4 16 11 board_4x16_11_57624_none
0000
2210
9910
2321
1291
2921
9310
9200
1211
0191
0111
0000
0011
1229
9293
1229

4 19 21 board_4x19_21_57640_none
0011
1139
2959
4959
9931
2221
1229
9292
1322
0191
0111
2210
9921
9339
1129
1111
9211
2493
9399

10 8 14 board_10x8_14_57663_none
1922910199
2229210122
9211111100
9200019100
1111112210
0029312910
0029393321
0011229291

14 4 15 board_14x4_15_57678_none
92013920112291
93139921292921
92199423943210
11122293939100

16 4 16 board_16x4_16_57697_none
0019229229911910
0012394933312220
1212949229212921
9292292111292291

19 16 65 board_19x16_65_57721_none
0000001139421000019
0000112939991000122
1111393122332100191
1911993000019212221
2221493000012393920
1911493011223924930
1111992129399213930
0112333394493102920
0191294999333101110
1333399594299211121
3992932392124922939
9932110222113922953
3311110191194321299
9211911222239910244
2911222922922210299
1110192129210000293

18 19 93 board_18x19_93_57798_none
911110193910123921
232910129322299391
929432232393954311
244995993494399200
199699959949339310
259949954349324920
299423994921294920
399212499210129321
943219443211122392
129112991292191292
134433443494221111
199999399493910000
344332394923221110
991111223111922910
332192392113239210
191139594394922210
122129499399322920
019123432223923931
011119910001292291

16 18 49 board_16x18_49_57907_none
0011100123221100
2229100199929211
9932111223332291
9492119100191222
1229223321112291
0011292991002931
0011212333123920
0019100293929431
0011100293123991
1121100112112931
1949200001922221
2399200002239119
9333212211921111
9219119922110000
1122212391011100
0019222222129200
0122299219129200
0191139211111100

9 6 13 board_9x6_13_57962_none
011101921
019211392
012932493
112299593
291249492
921192211

4 5 4 board_4x5_4_57977_none
1921
1129
0022
0129
0192

4 8 4 board_4x8_4_57982_none
0111
0191
0222
0191
0111
1110
1921
1291

4 16 18 board_4x16_18_57988_none
9100
1100
0111
0192
0249
0199
0233
0192
2339
9921
9421
9339
3959
2959
1393
0292

10 18 26 board_10x18_26_58010_none
2229100019
9921100022
2210011119
1110019222
1910011291
1111221111
0001991000
0012321111
1119111291
9211119211
9300011100
9200001121
2200001939
9210112139
2921191011
1291222000
1222291000
1911921000

12 14 26 board_12x14_26_58037_none
000191000191
110112111221
921001911921
291001111129
232212222121
929292994910
242312399221
929101243219
121102949211
000002949211
011101121129
019100000139
011100000192
000000000111

18 4 18 board_18x4_18_58065_none
000000111191191292
111221192211222293
921992249421292129
921392199991292011

18 12 47 board_18x12_47_58087_none
193399100011291000
129943211129323210
123229119129219910
191123221111112210
111192911121101110
011212122929112910
019101239332229210
011101994391194321
011101499222239939
139312395329139559
939392959921139939
121212299310029321

11 19 31 board_11x19_31_58137_none
12110001291
92910001921
12110001110
00000000011
00011100019
00019100011
01121100000
12910011100
92121229100
23229292100
19943311000
12499100000
00394100122
11493011399
29492019394
39422111229
29229310011
11129921111
00012391191

7 12 17 board_7x12_17_58172_none
1911110
1111932
0001299
1110122
2920000
4930000
9931000
9491111
1223492
0019993
0013693
0001992

4 5 5 board_4x5_5_58193_none
2229
9932
3491
9211
1100

4 4 3 board_4x4_3_58199_none
9111
1119
0122
0191

5 8 7 board_5x8_7_58203_none
00199
00133
22229
99292
22211
00111
00191
00111

11 19 44 board_11x19_44_58212_none
01911221139
01111991199
11102342222
29102949211
92213993291
11193492111
00112922110
00001123920
12110029920
94920029310
29920133311
23322399392
29119933939
93223432121
24932991000
94992221000
24931001110
92111111921
11001911129

17 16 47 board_17x16_47_58263_none
00111000192910000
00192100112222232
00129100000192999
00011100000123332
00000111000019210
00011394210123910
00029599921192121
11139495492233229
92293229213939921
93393121213944420
29324920192129921
11294920111012391
00129321011100222
11111291129100292
19100223292100293
11100192921000129

19 4 14 board_19x4_14_58317_none
1923939100123910000
1139941211299210000
0029920192393111100
0012210112921019100

16 8 27 board_16x8_27_58333_none
0000192110000292
0111112910000292
0192101121211111
1239210019292111
1933921111339229
1292239221294931
1233394949424920
1929939399392110

10 18 37 board_10x18_37_58367_none
9239322211
1399599392
0399932393
0294221349
0111019399
0001122932
0012911110
0019210111
0022200191
1239210122
1994921029
2493392039
9333393129
1299229111
0123221100
0001910000
0001110122
0000000199

8 19 22 board_8x19_22_58410_none
01910122
02220199
02920139
02931122
01129229
12221393
19911392
12211932
00001129
11000011
92100000
29210000
12910000
12111121
91001929
11002231
00001921
00001291
00000111

6 19 16 board_6x19_16_58435_none
000000
122100
199100
122211
000191
000122
121119
929111
232210
911910
221110
910000
121100
019100
122211
192292
113949
113931
192110

4 12 12 board_4x12_12_58452_none
0000
0000
1211
9493
3999
2953
2391
1932
2239
9239
2921
1110

4 10 10 board_4x10_10_58467_none
0192
1349
1992
2443
9399
1399
0139
0011
0000
0000

6 4 3 board_6x4_3_58479_none
292000
293110
112910
001110

8 5 6 board_8x5_6_58484_none
29311019
29391011
11212110
00001921
00001291

14 14 47 board_14x14_47_58492_none
93211000199392
99393221233392
94493991191111
24932221222122
19921110293299
13321911393949
12912221933221
93211912239321
39211122933992
94921029492239
29493149522011
12493939491000
01933122921000
01291001110000

19 19 61 board_19x19_61_58547_none
1991011211000000011
2332119391000000019
9129224931001122221
2229219920001939921
9232212322111139439
2929111292910012932
2231229212110001393
2931193211110000299
3993433912921111249
2949992123932911932
1123932139492112239
0012211939311112921
1119101121100192110
9122200000001221000
1119211000001910000
1112391000001111110
9102931000111123910
1102920000292199210
0001110000292122100

19 16 76 board_19x16_76_58614_none
9292111119101233992
2339219111112999339
9239211211019494322
1293200292022439392
0239100293239393594
0192111213993922999
2322239102943211249
9922993201139310011
2392239112239910011
0223121119944321239
1394921123399229299
9399492292223921222
1239313949101221111
1111102932321293291
9222112322992394931
1299119292222923920

19 12 61 board_19x12_61_58708_none
9101392001221199239
2202993001991123939
9102993101221123221
1102459100111199200
1112993322293359300
2923969399239949200
9493399422129493321
2922959200022423991
2222393210019392221
1912932911233943100
1235943222993299221
0199992912992123929

19 10 46 board_19x10_46_58782_none
0001222249201221199
1212993999212991122
9392394494219321011
2921139549112322129
1111249992112993931
0001993321019434931
1113431011111394249
9119921029312394939
2212391029393959321
9100111011213949200

14 4 10 board_14x4_10_58834_none
91191000192232
11111000112999
00111000112259
00191000191029

6 16 17 board_6x16_17_58845_none
000000
011211
019292
022329
019111
122100
293100
299200
139310
013931
002992
012459
019399
011494
000292
000111

4 19 12 board_4x19_12_58866_none
0000
0111
1392
9492
2921
1110
0000
0000
0000
0000
0000
1100
9211
1291
1221
2921
9339
2393
1939

4 14 17 board_4x14_17_58880_none
0029
0149
0199
1333
9391
3921
9321
3491
9942
4991
9542
2992
1392
0111

9 5 6 board_9x5_6_58900_none
192910111
112110191
000000233
000011299
000019222

10 4 6 board_10x4_6_58907_none
9119922110
1112392910
0000223110
0000191000

18 12 45 board_18x12_45_58914_none
292199492110019939
393249933910023449
933922493111129393
292110393001943492
111111292012399222
112393221019233219
292994920011119111
932234920111012210
920129210192111910
110193200113932210
000129100013949100
000011100019392100

19 19 53 board_19x19_53_58974_none
1910000019100111019
1111110022201392011
0001910029312992000
0001121129912931122
1100019113321110199
9111111101921211233
1239200002239291191
1299300001921223321
9239310001110019910
2223920000011223221
1912920000019291019
1111110011111322133
0000000019100191199
0000000011100111122
0123210000011111111
0199910011119119229
0123221119222113931
0111019221293213930
0191012910129912920

19 19 86 board_19x19_86_59030_none
9101999229229102939
1101244934931113942
0011129493921129391
0029339423111932311
1139593392013339100
1934992292019921100
1293932343112210000
0112111999101110111
1121102342101911291
2939112921001111932
3942229491001122391
9239229311012929322
2239443201129332291
1934999102942493221
2349953102949493910
1994491001139313220
2359421112132213931
2959931193949229991
2994991113949229421

18 18 85 board_18x18_85_59127_none
011101921223921000
129212129299491011
193391122224931029
239333392103941129
194929939102939221
239223343312354910
292102949912999210
921002949313963222
110012221102992299
011119111212394493
129222129392249942
293392139522949939
939229139922359432
232112239329399329
191112932223959229
222194339119394332
292129933221339939
292012392910193392

18 16 74 board_18x16_74_59225_none
112911223949211111
294221993994493292
294911223495999229
239431002949963211
294991002933939100
295542001122222210
129991111019112910
134531192232119331
939932212992113939
943499322239214941
129223991122394931
022202342292495239
019112929212999239
122119221223332394
292111222299100299
939100199222100139

15 10 26 board_15x10_26_59315_none
012321001110000
019992111921000
233333911392000
991029322493100
221029219949111
111121112392229
911932100111192
111299200000222
000249201111291
000192101911921

7 5 9 board_7x5_9_59347_none
9929921
4432391
9910111
4420000
9910000

4 18 10 board_4x18_10_59359_none
1100
9100
1100
0011
0029
0029
0011
0011
0019
1121
1910
1110
1232
1999
1232
1100
9200
9200

6 19 29 board_6x19_29_59371_none
001921
002391
012921
019210
011111
001139
112939
293332
959492
299694
139499
132322
939211
139339
024949
029931
149410
199300
139200

14 6 12 board_14x6_12_59409_none
11101291011119
19101922239111
22212211993210
19119212222910
11111291012210
00000111019100

19 8 32 board_19x8_32_59423_none
0000001221000000199
0011212991111011222
2339292343392029310
9992212299392039932
2321002942211029499
2210002920122111233
9920112111299221129
3920191001933929129

17 19 79 board_17x19_79_59460_none
01922239212221100
02239949219939310
02933932333249910
02921122992249431
12221019433993939
91193332293333393
11139994322933959
12249999911299399
19949533221222233
23459410129101129
19299910192213931
12333332211295941
01910199200296992
12122349421139949
91019933991029321
11012229321012210
00000012321001910
00000124992101221
00000199949100191

15 19 73 board_15x19_73_59553_none
019322121100191
012992939200122
111222139310019
910111013942111
110293214999100
001399294964321
112932324949929
194320295359421
129920299949322
124921259932499
192223949422995
221194943923999
921339392129694
129394312122992
122399101922221
192344201393110
129299211495920
011223912995920
000001112949210

8 8 9 board_8x8_9_59648_none
91000129
11000192
11222211
19299200
12349200
01922210
01111910
00001110

4 4 4 board_4x4_4_59659_none
1111
9219
9222
1119

4 6 5 board_4x6_5_59664_none
0122
0199
0133
0019
2221
9910

6 16 17 board_6x16_17_59671_none
992110
222910
001221
111191
293211
399321
294992
224492
192921
112221
000191
011322
019291
022311
019100
011100

14 16 38 board_14x16_38_59692_none
91192111911110
11113932322910
00124939292110
00199221211000
00123210000111
00002931011291
11225991019211
19399942111100
22494339100111
19322293211292
12911933922939
01111129339221
00000023492211
11001129922291
91001922211921
11001110001110

16 12 26 board_16x12_26_59734_none
9100000192100000
1100000129100000
1110011112221100
2931129201939200
3939129201139310
9221111111112910
1100000139201110
0000012399300000
0000129949200000
0001293232201110
0001932119101932
0001129111101299

17 10 25 board_17x10_25_59763_none
01110001991292000
12921013431292000
19392119910111000
11229233310111000
11013939101291000
91002931102931000
11001110002920111
11211000001111291
19393121100001932
11393929100001291

18 8 24 board_18x8_24_59789_none
029200029921929100
029311029921121100
122291012321000111
191122100191011291
222029311122129311
191029391019139300
223121322011129211
192910191000011119

19 5 22 board_19x5_22_59816_none
9211299119119910019
2911932222113320011
3322231292102920111
9933929239202921291
2399221129201111921

18 10 24 board_18x10_24_59842_none
000000129911110000
000000193322921000
111011322193391000
191019291112932100
111011211013349310
111000000019939910
192110000012222210
223932211000000000
192399292110001110
111293212910001910

17 12 30 board_17x12_30_59868_none
00011100192999100
11019321112232100
91012992100000000
12111349112210000
12910293119920000
92121494113920000
11129399101110000
01292222100000000
12933110011100000
19493921019100000
12939392122210000
01121212911910000

12 19 61 board_12x19_61_59901_none
911221011100
111991019100
112232112210
293129101910
294942212210
223959219100
932299212221
992123211929
594112932132
994934992139
239399322949
121222224459
921011299993
293229223594
349932200299
995349422249
393949993921
113259793121
001939921019

5 12 9 board_5x12_9_59979_none
12221
19929
12332
00292
00292
11322
19291
11211
01110
12910
19210
11100

4 6 6 board_4x6_6_59989_none
9211
2391
2921
9320
3920
2920

5 5 4 board_5x5_4_59996_none
01139
01949
01139
00011
00000

7 8 7 board_7x8_7_60001_none
0001910
0001110
0011100
0029200
1149300
1949300
2249200
1921100

15 19 69 board_15x19_69_60010_none
011211019399229
239391011399229
993932212344221
233229292993920
019221212223931
012921111101139
001129119100149
111022211100299
291029201110399
931029212910293
921121119321222
222910011291293
192121111223599
222019229129999
191122293359993
111292234999421
122392299494311
299322394229291
932291292011211

19 12 40 board_19x12_40_60092_none
9101992911910019119
1212222233321022211
2391000199292129200
9921000134439249300
9420001129921299200
3921102943222332100
9229114991019910111
1222119942024421291
0191012492019911921
0111000292012211121
0000011211000000019
0000019100000000011

19 8 38 board_19x8_38_60139_none
1929211921112222949
2233943229119929399
1934999122223321222
1299333339119111211
1222213994221129391
9210194994910039532
2910129593110029939
1110012921000013931

15 6 12 board_15x6_12_60182_none
019292110000111
121223910001291
910019442101921
110012999212110
000001243391000
000000019211000

14 8 16 board_14x8_16_60195_none
99910001910000
23210002220011
00111001911129
01292101112931
23939210002920
99222910001110
22101111111110
00000001911910

9 16 38 board_9x16_38_60215_none
129921110
294921921
943323391
949394921
942499321
249432291
939922332
123449939
002993359
002943399
002239932
001923320
112332921
911992392
222221292
191000111

5 19 17 board_5x19_17_60262_none
92939
24249
93921
39210
93100
92000
11011
01239
01992
12221
91000
23210
19910
12210
00011
00019
11011
91000
11000

4 8 9 board_4x8_9_60282_none
1921
2249
1949
1292
2332
9939
2392
0111

10 5 7 board_10x5_7_60294_none
0001910192
1111110129
2910000122
9210000292
1100000292

14 10 29 board_14x10_29_60302_none
22291000019111
99211000011119
34311111110011
29911911910000
94423232210000
29393939100000
23949492212110
29593943292910
29923499312110
12211999200000

19 19 55 board_19x19_55_60333_none
0111000111000011119
0191012391000019232
0222019922110012929
0191023322910001121
0111029219321000000
1212139321292111110
9292933921212911932
2312129229112211299
9222111111229101243
2499101111292102939
1993101912931002931
1221012212920012210
0000129101110019100
0001293200012221100
0001939111119910111
0001121229112210191
0000111192223322332
1110191111199992991
1910111000123322221

18 10 46 board_18x10_46_60392_none
001111129101999321
001911932202343991
001111249323911232
111000299399321029
192221293233392139
112992233229223921
222222929932129421
991001233392129391
942223493239333532
129299999129929991

11 4 6 board_11x4_6_60447_none
00011101910
11119211110
19223911110
11292111910

7 10 17 board_7x10_17_60456_none
1223399
9399943
1394239
1322029
9293232
2329939
9113931
1101110
0000111
0000191

4 16 18 board_4x16_18_60475_none
1229
9292
3421
9931
4992
3992
3931
9221
1119
1222
9291
1322
0191
1221
1932
1299

4 19 10 board_4x19_10_60496_none
0000
1111
9229
2932
1291
0111
1100
9200
9200
1211
0192
0239
0192
0122
0019
0011
0000
0000
0000

8 10 21 board_8x10_21_60508_none
22111111
99329339
49393993
93322392
12921111
02392100
12949100
93393321
34922991
99211221

16 5 13 board_16x5_13_60533_none
9200001910019910
9311001221012210
1392111192110111
0292292112921291
0111292001129211

19 14 66 board_19x14_66_60548_none
0292001910292029200
1393111122493139310
1923920029932934931
1124930029921239969
0019932122210195999
1134593921221129349
1929923921991022222
1123321122322239129
0002921129322992129
0003942922992221022
0014959322331111019
1129993922911293332
1933433239322949991
1291191192292293321

19 16 65 board_19x16_65_60624_none
9321002931122229991
3992114991299394421
2993193942395949210
1392123239423932910
1222229129911112331
9119293222210001991
1111212911110002331
0000112111910012910
1121392002220019331
1929392001921123939
2221322012391192293
9100191019222222229
2321111023339439332
2993210019939994991
2949910012222449321
1122210000000192100

19 18 60 board_19x18_60_60698_none
0000199219910001910
0001249322221223210
0002944920019299210
0124994920011223921
1299339210000012229
9222233211100019111
1100299339111111100
0000395994329101110
1121394339942101921
1939229113991123239
2393221112322399129
1922911129102994111
1111222921102992000
1100192110001221000
9100233100122100000
1100199100199211000
0000122211234391000
0000000191192921000

15 14 55 board_15x14_55_60770_none
029929239202992
039544939213959
029599221239349
122993111399339
911221029594943
121101249933399
019101994329233
123211239112339
192910011102992
113221110002942
001922922111129
122392293911132
949311239321929
949200193911121

7 4 3 board_7x4_3_60836_none
0000191
0122211
0199100
0122100

6 4 4 board_6x4_4_60840_none
019229
121292
910111
110000

4 6 7 board_4x6_7_60846_none
0011
1229
9293
2339
1943
1299

4 16 11 board_4x16_11_60854_none
1939
1393
0393
1392
1921
1110
0000
0111
1291
1921
1110
0000
2210
9910
2321
0191

10 16 43 board_10x16_43_60866_none
2932119100
9599112221
2995322939
2493992249
2932332293
2942291292
2399212332
1933212991
1111934942
0012499349
0019494939
0013944231
1102993921
9101393129
2210123232
1910019929

11 14 42 board_11x14_42_60920_none
12211221111
19932992292
14949459439
02932399932
13221944339
92911239239
12110193921
00000124331
11000029939
91001139459
22002932949
93112944349
94912399931
29211949920

18 4 10 board_18x4_10_60972_none
000000019292111392
011211122212911992
019291191001222221
011211111000191000

19 8 41 board_19x8_41_60984_none
9101939393229112229
2201139439932219942
9211112933339224992
9219101139229329492
2332112239211293321
1992019942111212921
2493124993229112392
1922912949921119229

16 19 44 board_16x19_44_61031_none
0192910011291011
0112110019222119
0001221011119122
0001991000011119
1212221000000011
9392000111000111
1392000191011291
0111000111029322
2210000000029219
9921000000011111
2391000001110011
0111000001910019
0000000001221011
1101110001292110
9202932111922921
9203993912222239
2212949211933921
1911121113499431
1110000019949929

8 12 20 board_8x12_20_61080_none
19910129
24542292
19999211
23433321
19101993
11212399
01291122
13931000
93920000
12110122
00011299
00019222

6 8 7 board_6x8_7_61104_none
921249
921999
111232
000000
110000
910000
110000
000000

4 5 3 board_4x5_3_61112_none
9100
1100
2210
9910
2210

4 4 3 board_4x4_3_61116_none
1291
9211
1211
0191

4 5 5 board_4x5_5_61120_none
1291
9322
1291
1222
9119

4 8 9 board_4x8_9_61126_none
0122
1399
1999
2342
1910
2331
2991
2931

6 12 12 board_6x12_12_61137_none
029939
029339
012221
001910
001121
111019
191011
111011
000029
000139
011292
019211

9 18 23 board_9x18_23_61151_none
111929100
911121100
220001110
910001910
110001110
011100000
019212221
022493991
019494232
022492019
019211011
011100000
221001110
992001910
393101110
139432100
029999100
012332100

15 18 68 board_15x18_68_61175_none
110191199111119
911332233229332
111992293393993
001223949934699
011113943339993
019119349349521
122333939949311
921994333942391
932239922129211
292234491012221
223992932001929
292222392001232
931000394232292
920001495999339
110001995954921
110113349239420
921292921129910
129212110012210

19 6 18 board_19x6_18_61254_none
1921111100019101910
1129119100122101110
1121112210191000011
1921012910112232119
2392119210112999111
9229111100192393100

19 4 20 board_19x4_20_61275_none
2211121229101922921
9912939293222229493
3312931212939233599
9101110001292299393

18 6 27 board_18x6_27_61298_none
394392910000002939
999922110000003952
249420111000013949
012921291123239593
002239432199949492
001922991124931211

11 18 35 board_11x18_35_61330_none
93999111129
24953229349
19391194992
11211113931
00000001110
00000111111
11100191191
29200111111
29200000000
11100000011
00001221129
22101991193
99101221129
33101121111
92101929100
29322121100
34991011211
99321019291

9 19 42 board_9x19_42_61368_none
000029311
000039491
122129311
299332111
944991129
923953293
112993949
001223931
110001110
922121111
294939119
349931111
993211110
342112910
939339421
249599391
945993211
399931000
933210000

4 12 7 board_4x12_7_61414_none
9399
9322
1211
0191
0122
0019
0011
0000
0000
1110
1910
1110

5 4 5 board_5x4_5_61422_none
92129
92192
12221
01910

10 10 15 board_10x10_15_61429_none
1910111000
2220191000
2931211011
3939100029
9222210029
1101910122
0112110191
1291000111
9223210011
1119910019

12 14 26 board_12x14_26_61446_none
910111011291
110191129322
000111192292
011212222249
019293922939
132329492121
939112921000
942201110000
129100000000
011100000000
111000000000
192221001110
224992111910
193932911110

18 19 89 board_18x19_89_61473_none
929323921993129222
343993921393933399
993323220112293942
249311921212223920
039911239292922121
029420192212291139
123921221000123499
912932921223239993
234593129299949532
199994221223494391
234449910000399332
923943221100294939
393991019100112393
922221012321000394
121100001991011499
129100012333239594
921101239229939592
221002993922234953
191002932110019999

19 16 54 board_19x16_54_61579_none
0000011129211211011
1100019129219291129
9101121122212321293
2201910019211921493
9102342113921129492
3311999102931134921
9922394202391299421
3491249201932299491
9222399422291123921
1119394991222001110
0122323232291011211
1291191019222119291
1921111011119221211
1221000000012911110
0192100000001111910
0129100000000001110

19 12 32 board_19x12_32_61638_none
9119210000011291000
1112910000019211000
0001121100011100111
0001129211221111191
1112944921991191111
1912939921222232100
1111133310112939211
0000129101292139329
0011293222921011292
0019212929211121211
0011112221102939100
0000019100002931100

19 10 28 board_19x10_28_61675_none
0000011292910001992
0000019323110002493
0000012391000012939
1211001921000019221
9292222110111122100
1212992111291191000
0002349129312221011
0001921239202920029
1112210192102920029
9119100111001110011

15 4 15 board_15x4_15_61705_none
910019321292000
122233993392111
029939594921191
029492393110111

11 8 13 board_11x8_13_61724_none
92111100000
39219101221
39211101991
92100012321
22111119111
19119111229
11111100193
00000000129

9 12 16 board_9x12_16_61738_none
002920000
112920011
922110019
291000122
111111191
000191111
110112121
921101929
129213231
011393910
121393110
929211000

6 18 26 board_6x18_26_61756_none
291122
933399
129943
012391
000111
121211
939292
953339
993942
223991
012321
019111
011119
000133
011299
139432
199921
123229

4 19 19 board_4x19_19_61787_none
1291
1921
2210
9211
1392
0292
0122
0029
0029
1121
1910
1221
2391
9931
9920
9420
4931
9949
2392

6 8 10 board_6x8_10_61809_none
000129
011292
129211
932211
292292
123949
019392
011211

12 5 11 board_12x5_11_61820_none
139939101921
939931212291
232210191111
921100111000
129100000000

18 14 52 board_18x14_52_61834_none
921191011100111011
291111129100191139
332000192100222199
991111112110193443
221192101910129991
011229212110013942
019111292110112291
011100112933391222
000000001299931292
110011100124920292
931239200012222443
949299311029439999
943433391139993494
129911921193321129

19 19 94 board_19x19_94_61897_none
9944921993933221211
4999932349499939391
2943391193499559521
1110111129349399921
1101122223931224339
9102939912921112931
2313932211111912920
9293211222111222110
1239201993910292111
1139311349442393292
2922910193999229229
9311122333344321111
9322119929129921100
1299212232239549311
0139310029339599492
0013931029922993393
1213992013321222249
9493393101921101949
2992129101129101139

18 14 37 board_18x14_37_62007_none
291000011101910000
932100029212210000
129211029219100000
011292122211100000
110139329101110000
910029492101921211
110012921002239392
011101110001933939
019100000001292121
011101110000112110
110012910000113920
921119321000295920
239111292111399421
192100129119239391

16 10 33 board_16x10_33_62049_none
1110199100139910
2921343100199420
2921991000234921
2222321011293391
9219111119212921
9321129223312220
3920029329912920
3941012922323931
2991001111292392
1221000001921292

10 4 8 board_10x4_8_62087_none
1949392110
1299422910
1233911110
1911110000

8 5 5 board_8x5_5_62097_none
91000000
22001110
91002920
12112920
01911110

6 8 7 board_6x8_7_62103_none
232100
999210
233910
002220
001910
001110
011111
019119

4 14 14 board_4x14_14_62112_none
0111
1393
9399
1222
1111
9119
1111
0122
0299
0399
1393
1932
2229
9111

4 18 18 board_4x18_18_62128_none
0019
1243
1999
1243
0019
1121
1910
2231
1939
1292
1322
9291
1211
0000
1100
9211
9549
9999

8 14 19 board_8x14_19_62148_none
12129211
92921392
13221392
12911932
94321291
29921211
12229210
00012921
00001139
00001139
00012921
00019210
00123210
00192910

9 12 23 board_9x12_23_62171_none
000001392
000002994
000002999
000001232
122100122
299112399
395229943
293923491
113221921
222912331
993211991
239101221

14 5 16 board_14x5_16_62198_none
11199311029910
92139392139310
93122322921211
12922911122391
01129210019921

15 4 13 board_15x4_13_62217_none
910012239211211
110029939219392
001139332212593
001921119101992

19 10 40 board_19x10_40_62232_none
2999211112110019111
9332291192921111229
1101232212129211192
0012929100011291111
0019222322222221000
0011101993993922221
1121101223949393992
1939323212231229449
2259499911910023932
1939339311110019229

19 12 57 board_19x12_57_62274_none
0000191029219921100
0000111039434439100
0000001149599393100
0011102959593393221
0129102949421224991
0193222333921395931
1323929393239399331
9292234943921334929
2321193949311293232
2942212249312949219
2999112494392149421
1393119999211029910

18 19 59 board_18x19_59_62338_none
921111129229201910
129119129229201110
011111111111100000
011100000011100000
019111100129100111
011129201393111291
000029201992019322
122111101221011291
199333210011111211
134999933229119100
129349499921111211
921111223210000292
111233210111000394
001999920192221299
001396931112992222
000129392222239100
011111224992232100
019211019943992000
011291013922992000

14 16 38 board_14x16_38_62405_none
19391199100000
23921122211000
93221121292211
23911929349592
92122222939993
11019101122339
11112321111011
19101991191011
11112321111019
00019211000022
00122292100019
00292129100011
00292011100000
00222000111000
01292222392111
01939299392191

11 12 33 board_11x12_33_62445_none
11119920000
29124920011
93349421019
12999493121
01244593921
11239922393
19399321499
12493229594
02931193993
02921222239
02221910022
01911110019

5 4 3 board_5x4_3_62484_none
01129
01921
01121
00019

4 10 9 board_4x10_9_62488_none
3991
9952
3939
2342
1991
2321
9100
1100
0000
0000

7 19 22 board_7x19_22_62498_none
2229292
9932239
2492029
0292011
0111000
0111000
0191000
0111000
0000000
1100111
9100191
1100222
1100292
9100393
2311292
9491111
9921111
9410191
9200111

9 19 24 board_9x19_24_62527_none
000000019
000000122
011111291
019119211
122112210
191012921
332019391
991011211
931111000
110191000
111111000
292100000
949432111
259999119
939432222
121100191
001110111
001910000
001110000

10 19 28 board_10x19_28_62553_none
0000019210
0112233921
0192993229
0112239122
0000011119
2210001121
9910001910
2210001110
0000001110
0011102931
0029313992
1139392392
1921211111
2342100000
2999100000
9343200000
2229200011
9129200129
1111100192

18 6 23 board_18x6_23_62585_none
000193992191191000
221139593211222000
992129339200193210
949222239200129921
122911932101122492
001111291001910292

19 5 17 board_19x5_17_62612_none
1921392000001292999
1129392000001922343
0011333100001111291
0000199212121102931
0000122292929102920

19 8 37 board_19x8_37_62631_none
9239920199200002999
2949920139310002994
2249310012921001349
2931211001392000192
2920191111293122332
1110112291223929929
0122101932192244443
0199101291111199299

14 19 38 board_14x19_38_62673_none
00191012910000
11111019431111
92110013991192
12910002932349
01221001111992
00191000001221
00111011100011
00000019100019
11011111100011
91029200111000
11029310191000
00013920111000
01112920001121
01922121101929
12391019322232
19321023992291
12910029549211
01110029933221
00000012392929

6 12 19 board_6x12_19_62713_none
000129
000192
011222
019229
133392
299311
299300
139321
124939
295942
399239
932129

4 8 7 board_4x8_7_62733_none
0011
1229
9292
1211
1211
9393
1399
0122

4 5 4 board_4x5_4_62741_none
1100
9200
9310
2921
1129

7 10 18 board_7x10_18_62747_none
9100011
2221229
3939393
9931393
9431339
2929292
1133532
0019992
0012493
0000129

10 16 28 board_10x16_28_62769_none
1910000111
1122210292
0019911392
0023322921
1129119331
1932212939
1239222249
0294939129
1393393111
9211293121
2200112929
9210001121
2921000000
1291112110
0111192910
0000112110

14 19 39 board_14x19_39_62799_none
91001939100000
11002493100011
00001992000029
00001221000029
11211001110011
29491002931000
29921002992000
23322111393100
91193920129111
23334920011129
92992121100029
12221019210011
00000123910000
01110192110111
01910111000191
02220001110111
12910001921100
19332223229100
11299299111100

19 10 40 board_19x10_40_62841_none
0000192922210129211
1111222239910293291
2911933393210393111
9432299932101392000
2992245449422921011
1222929939994321019
0001122222499291011
0000000011333223210
2322221019291019921
9992991011211012229

19 5 13 board_19x5_13_62892_none
0000001221001221029
0000001991012991029
0000001221029532022
0000111011129492019
0000191019111392011

16 6 26 board_16x6_26_62908_none
9932119212129949
2399222292935959
1232292223393953
1921229119433299
1129332223991122
0012991192221000

8 19 22 board_8x19_22_62936_none
11101110
19101921
22101292
92110129
23910011
92110000
11000000
11111111
19119229
22323932
19292392
22311292
19100111
22100000
91001110
22001921
91012492
11019392
00011211

4 12 9 board_4x12_9_62959_none
9210
2910
1110
0000
0011
2229
9931
4941
2939
1121
1110
1910

6 4 4 board_6x4_4_62970_none
001910
112221
191292
111292

11 8 22 board_11x8_22_62975_none
11223492011
19299993119
11223339232
00000012949
11101112399
29201911943
39313322492
29219911992

18 19 58 board_18x19_58_63002_none
111291000011100191
911921000029200222
222220122129312291
912931299111292921
123993494100123321
029599492011119392
029323933339122492
022201239992119211
019100294321122100
232100292111192110
992211222191112910
239291292111001110
011211292000000000
001110222001121100
001922291002939100
002392921002931100
113943322111110000
193939292910122111
112121212110199119

19 19 88 board_19x19_88_63063_none
1949421029311011229
2499991029391129393
1996542011211293494
2595993210000292299
1995959910000122222
1239494210001129210
0122393211001933921
1291129291001129391
1932222211111012432
2229292211292112991
9223339392292192221
2493932593111123321
1994129393110019993
2492012433922135999
1932112993292929952
1139219593222123920
0039323922922112220
1149429212393911910
1939921101939211110

18 8 19 board_18x8_19_63163_none
001921119211019100
111139211291011100
911149300111000111
111939200000011291
112132200000019211
191019222221111100
111013939929100011
000002932221100019

11 5 14 board_11x5_14_63186_none
93101992299
99213343949
22292929332
00123221291
00019100111

8 10 14 board_8x10_14_63203_none
11111291
29219211
29333200
11299211
11133391
92019211
93222211
29291191
12321111
01910000

4 19 19 board_4x19_19_63219_none
2992
3992
9321
1211
1291
9311
9300
9310
2910
1121
0019
0011
1100
9210
2921
3491
9943
3499
9222

8 8 9 board_8x8_9_63242_none
00000000
00000000
00011211
01129392
12933592
92139932
11029329
00011111

11 4 11 board_11x4_11_63254_none
99921001910
95492113320
29239219910
11129212210

18 12 30 board_18x12_30_63267_none
122100011100000192
199211019211000129
133391011291000011
019321122211000000
134910299210111111
299210395910191191
293101393221111222
111001922291000293
111001111921111399
192211001110191293
129291000000111111
011211000000000000

19 19 88 board_19x19_88_63298_none
9910012992910000000
9420019432111110000
3921124920001922210
9393394930001129910
2339934920000013431
9239694220001111992
9339493911111911249
1293313232923320139
2349312939339910192
9959492394923332321
2499421293222939910
0295910112292139310
0139322322932111100
0029329993239100000
1123944432932101121
2912993911393111929
9443339221393922221
3999112339434239321
9332101993992922991

19 19 97 board_19x19_97_63403_none
1993339111111119939
1239993219239223492
0013949233499329321
0112243399394933910
1393399222323293220
2993993100192223932
2933331012339229499
1122922229921293959
0019229932210113249
1111125953222211921
9100029999929912231
1100149655322334949
1100199499100199959
9211244595332235593
1394399393999129939
0299943312394239421
1233229100129239211
2922121100022392229
9392910000019211192

17 16 47 board_17x16_47_63515_none
91199211001911939
22123392102222392
91012939101922932
23129232201129391
93921119100011222
93110122100000019
11122291000012221
00199222211019910
00122119293333210
00000011339991111
00012210193332291
11129921111029322
19129491000029329
11111211001122932
00012210001911392
00019910001110292

16 14 33 board_16x14_33_63565_none
0012939100001921
0129392100001129
0192211001110011
1232101222921100
1939101993239200
2392212239129211
2922291011111119
9222921000000011
1119221100011100
0011119101129210
1211011101922910
9392000012212220
1393111129101910
0112911921101110

11 6 15 board_11x6_15_63603_none
91000019100
12222232100
12994992221
92239933992
12122212959
01910001292

9 4 9 board_9x4_9_63622_none
232222299
999399322
232399200
000122100

8 4 8 board_8x4_8_63634_none
01999100
23333210
99201921
39201291

4 10 5 board_4x10_5_63644_none
1291
9211
1100
0000
0011
0029
0029
0011
1110
1910

4 16 13 board_4x16_13_63650_none
1921
1292
2339
9921
3442
1999
1232
0011
1239
1993
1239
0011
0000
0000
1110
1910

6 19 28 board_6x19_28_63666_none
920129
930192
931232
921929
111243
111199
191249
111192
122211
299100
494111
993229
949292
132311
029200
029321
123939
912931
111110

11 12 20 board_11x12_20_63698_none
00019229492
01121294993
01910139592
01110029311
00000011100
11000000000
92000011211
93011129391
92029339311
11039492100
00029311000
00011100000

15 6 22 board_15x6_22_63722_none
123922110000191
199392910111111
233322110193210
933931000139932
994992111139599
393222911922932

19 5 16 board_19x5_16_63751_none
1921199102920001129
2391122102932111932
1932100012392911292
1129100019212110139
0011100011100000029

19 14 56 board_19x14_56_63770_none
0129100191000001393
1394200111011102999
2999112321029202942
9332229991029201110
1222293432011100000
1299421292111000000
2949911393291000011
9344312949211000019
2399202932211110011
9359302222921910111
1299323912932232291
0122299322393299211
0111244392393932222
0191199212922110199

14 19 45 board_14x19_45_63835_none
00000000000000
11100122100011
19100199100019
22100122223332
92001121299991
93101939434432
29113349492291
11119922939211
00012222332211
11112229291292
29119931211292
93224931000111
92192292111110
33211112922910
99100001292121
22101110111129
00123910001394
00199210001999
00122100001232

6 6 10 board_6x6_10_63885_none
110191
922343
394999
399332
394100
292000

5 5 6 board_5x5_6_63897_none
19239
12949
02249
01921
01110

4 4 3 board_4x4_3_63906_none
1921
2239
1921
1110

4 6 3 board_4x6_3_63910_none
0000
0000
1110
1921
2239
1921

6 14 20 board_6x14_20_63914_none
122239
929949
133339
019221
134921
199391
122211
112110
293910
293121
222029
193349
129992
012321

11 19 38 board_11x19_38_63937_none
00019100019
00133200011
11299100000
19233200000
11119210000
11124931000
29329993221
29943449929
24939129432
92121111291
11111000222
11191111292
91233291293
11199321129
11123910011
92112210000
29229101110
34932101910
99391001110

14 18 33 board_14x18_33_63981_none
00001110000292
12122910012492
93929211129921
39321101933210
29211101291000
11119111211000
00011119100011
00001121101129
00001921112921
00001292292110
00000113932110
01110002921921
01921012222492
12291019119392
91111012221322
22100001910191
19100012210111
11100019100000

19 6 31 board_19x6_31_64017_none
2939932100000012349
2943599100000029999
2349493100001249559
9399422011102993921
9323392239423932110
1101939299992110000

18 8 24 board_18x8_24_64061_none
000192111111110111
000113921911910292
000013922221121493
121229211910029592
929292102220029932
121322001921012239
110193211291000029
910129910111000011

15 14 55 board_15x14_55_64089_none
121291001110199
929211002920122
343221224921232
992939399211999
344239432223499
199112910299443
233101110299929
191001221234232
111001991193239
221124553239939
991199999249532
332123494959591
191001334399921
111001992933210

7 18 18 board_7x18_18_64153_none
0000191
1110111
1911110
2332910
1992110
1232100
1129100
1921100
1221000
0191111
0111191
1110111
1910000
1110000
1222222
9299399
2323949
9101121

6 16 17 board_6x16_17_64175_none
192992
112239
000011
001121
002939
002942
001129
232222
999291
494211
292000
111000
000011
111129
191192
111111

4 10 11 board_4x10_11_64195_none
2210
9921
3449
9399
2932
2221
9119
1222
0292
0292

4 6 5 board_4x6_5_64208_none
0000
1100
9311
9491
3921
9210

8 8 13 board_8x8_13_64214_none
00029211
11129219
19221111
23922210
19229910
11224431
22292991
99212221

11 14 42 board_11x14_42_64229_none
91122101110
12399201921
12999212392
29443129439
94392249921
99212994310
94212339100
29119332211
22113993291
93103999333
99103963399
33213939233
29229221119
93921100011

14 18 51 board_14x18_51_64280_none
00011211029229
00019392149329
01121394399211
23910129943100
99431124593100
23991293999111
01221293243219
00000111019232
01110112122939
13931292922139
19939212291011
34322210111111
99201921011291
39201392019211
22100292011211
91000233101392
12221199101993
01991122101392

18 19 49 board_18x19_49_64339_none
001110000191293229
112920000111299292
912920001221233211
222220012992291011
922921119339211129
292139211111100192
111029311110001221
000012933910001910
000123399211123320
111199223322929920
191244201992123920
111199112321001110
111122119211121111
292000012922939329
292000002392139392
111111001921011211
000191001110000000
000111000000000000
000000000000000000

18 18 56 board_18x18_56_64394_none
000192292223910000
110113949299321000
911112942322291111
111911129222211192
112122332299100129
191019991122112221
111124432122339932
000192922929993399
000112129223931233
110000011101121291
920001111110019211
942212922910011100
299393292111221000
122392122113992110
000111029339943910
111000139399492110
191000192223321000
111000111001910000

19 10 51 board_19x10_51_64457_none
2391000199592011211
9932110259992019392
3933932299521123492
1129993959311393932
0135533932911995391
1299911222111499211
9223332291001394221
1100199322112933929
1121234491194449221
1929119921129992100

15 5 13 board_15x5_13_64515_none
121100111019221
929100191012939
132200111012393
029200000019349
029200000012939

8 16 26 board_8x16_26_64530_none
29291299
93432293
12991111
12221000
91012221
11019939
00013931
11101221
19210293
23910299
29421122
29391111
12321191
12910222
19221291
11119211

4 19 13 board_4x19_13_64561_none
0011
1119
9111
1100
0011
1129
1921
1110
2210
9920
3931
2392
1949
2249
1921
1110
0000
1110
1910

4 19 13 board_4x19_13_64576_none
0011
0029
0029
0011
0000
0000
1111
9329
9492
2921
2220
1921
2391
1932
1291
0122
0029
0029
0011

4 16 15 board_4x16_15_64592_none
0292
0292
1211
9100
1100
0122
1299
1943
1392
0393
1393
9229
2232
3939
9931
2210

7 5 5 board_7x5_5_64610_none
9100000
1222100
0199100
1233210
1911910

11 5 11 board_11x5_11_64616_none
11119210129
19112910192
11212111343
11292001999
91292001232

18 18 47 board_18x18_47_64629_none
011100019921100000
019210012229100111
122910000022200191
911110111019212332
110011291012494991
112129211001999321
192921101111233210
112110001910001921
000001111110112129
111111910001292222
911911233222939291
111110199939222321
000111124493211910
000191001922911232
001221012222210199
001910019229100122
112110122292212110
191000191111192910

19 19 48 board_19x19_48_64681_none
9200191000191001232
9201221001221001999
3311910001910002453
9911110001111222991
2210000000002992221
0000001110002931000
0000001910001110000
0000112221000111000
0000191191000192110
1111221111000113920
2911910111000002920
9212221291111013431
2312911921191019991
9292122332222112332
1211019299119211019
0000122222111292222
0000191000000129391
1221111000011123921
1991000000019119210

19 16 79 board_19x16_79_64734_none
1101911291112929391
9312222921293122932
9391192122492001239
2332322129921000192
2939393294421011211
2931393949291029200
1110123392333239421
0122229223399293992
0199394329942323239
1223949923943392121
9112239422399923920
2229113922943223942
1933323923930019499
2392992113953344932
9323331003999999310
2911910002959449200

18 12 52 board_18x12_52_64821_none
123939321122119100
199393993399122311
122213359933339392
111112959412994593
923922959202999492
293944493222333921
112399932929224320
000295922231299920
110112111910124931
932211013320001129
299292129921100011
122212922229100000

10 4 8 board_10x4_8_64876_none
0012211929
1139911121
2949420000
2932910000

4 14 11 board_4x14_11_64885_none
0029
0029
1122
9129
2239
9139
1129
1111
9210
2910
1110
0000
0111
0191

4 19 13 board_4x19_13_64898_none
0000
0011
0139
1399
9393
1211
0000
0000
0000
0000
0111
0191
0233
1299
9433
9392
2339
1921
1110

5 18 24 board_5x18_24_64913_none
11393
19399
11239
11111
29310
39910
39410
39410
39921
94492
12949
01393
00292
11111
91011
33129
99239
22292

10 8 12 board_10x8_12_64942_none
1932291000
2499211000
9393100111
1211000191
0011100111
0029200000
1139311011
1921291019

18 6 29 board_18x6_29_64957_none
000199100299993992
122222111395559492
199200029423992222
249211139593331129
932119129932921292
291011113921129211

19 12 40 board_19x12_40_64989_none
0000000011119112929
0111000019111129321
1392001132200139211
2993111939201292119
3943921249201922232
2922931292101111991
1112249311001222332
0001939200112992291
0112132200193323942
0192119100129102992
1249211100022201392
1939200000019100111

19 19 61 board_19x19_61_65036_none
0000002920011112910
0000002920029219221
0000001110029321129
0112110111023910029
0293911292239210011
0394111922993321111
0292012211334991191
0111019100193931111
0000012221212232100
1121102939100299211
2929102942200394291
9331213239101392111
2910193942201922110
1110124939101112920
1221019331100003941
1992122910000114949
1222911121100195941
1222110129222229920
1991000192299112210

17 19 82 board_17x19_82_65099_none
12391001233999999
19921002999543332
24420002969921100
29931101293229210
94939321222024920
34333992291019920
99293359311123210
94312949410293221
29222239942394992
12939235999349439
01394399344949311
00299333119239200
11122291022322100
94221223229291111
99939229921322191
23392293221291122
00111111029422019
11112332129391022
19119999111211019

16 18 73 board_16x18_73_65194_none
9292999222100011
1323232399322129
0292000294993921
0292111112239320
0223291001244921
1394954211999391
2994999921232222
9322234931000019
2200001291012221
9100111112129932
2312392001945599
9493994211299959
2993249910134349
1232139411239239
0019239323993292
2222932399492111
9921129345432100
3920011299929100

15 16 58 board_15x16_58_65287_none
000112922911299
001293229322943
111949322493291
911139912992111
220124433931000
920193993332110
920113943994931
111111239349949
111910193239593
911110239129329
110112393222111
122494992192110
929999432212910
133449329112210
019223943229100
012912992921100

12 12 26 board_12x12_26_65351_none
029311000019
029392100011
011229221100
000012939322
000012249499
111029229322
192139222200
233921129200
939210139200
393210192100
943910111011
992110000019

11 10 16 board_11x10_16_65381_none
92910019921
12110124491
00000192932
00111112129
00191001232
00111001992
00001122492
00001929321
11001122910
91000001110

4 5 6 board_4x5_6_65398_none
9211
9329
9339
2921
1110

5 18 16 board_5x18_16_65406_none
00000
11100
19210
23921
19391
11211
11100
29311
29392
22329
19233
11299
11139
92011
94110
93910
12110
00000

11 16 38 board_11x16_38_65425_none
00001223920
11212994931
19293493129
22224942011
91129992222
11193339299
01332011333
12991000191
19431122322
13931199291
02991134421
01222129921
00001922339
11002221394
91001911999
11001111249

16 8 18 board_16x8_18_65466_none
0129292100111111
0192229111392191
0111022219392111
0001129111211000
1101921100011100
9101110001129111
1211111112932119
0191191192291011

19 5 23 board_19x5_23_65485_none
0019119292299291111
2221111229443211192
9910000023993211239
3331100129449922932
1929100193922392129

19 6 25 board_19x6_25_65512_none
0192122911121223229
2334939432939299921
9929943993293334320
2222393593112911910
1101222992001111110
9101911221000000000

17 16 47 board_17x16_47_65547_none
92000191292019291
92000111292011211
11011101221000000
12139201921100000
93939312249200011
29234932949300019
22119994249200011
91123493922210000
11191123211911121
12222129102221929
93922921101911121
93239322222110000
11293393991000111
00292394221000191
11111292000001332
91000111000001991

16 18 59 board_16x18_59_65597_none
0029219939991000
2239213933942100
9922212232229210
2212921929223910
0013922232392110
0129212921921011
1292114932220129
9211019932921293
1112222392291292
1119921322112221
9112229391001910
1112222932101221
0019922239211191
0012391193391111
1111222212921000
9119119211110000
2232323922322221
1929292129992991

9 16 25 board_9x16_25_65668_none
112221000
193992100
239339100
192111111
332000019
991000011
342111100
939119210
292112910
122101110
019112210
011119910
111012321
191001393
112222999
001992249

4 6 6 board_4x6_6_65698_none
2321
9992
2492
1221
2910
9210

4 4 3 board_4x4_3_65707_none
0000
2210
9920
3920

4 6 5 board_4x6_5_65711_none
0011
0019
1121
2921
9491
2921

5 8 6 board_5x8_6_65717_none
00019
11111
19100
12321
01991
02342
01929
01121

8 14 19 board_8x14_19_65724_none
02939292
13942329
92129222
11011291
00000111
01110000
01910122
12210199
29111333
92119291
12121211
01910111
13220191
92910111

10 18 43 board_10x18_43_65744_none
9129439391
1139994921
1129593110
9321211111
9910111191
3320191111
2910122211
9210019391
2211122921
1922912331
2239312992
9339203992
9393314952
1229295991
0022329931
0029212210
0039311211
0029219291

15 19 58 board_15x19_58_65791_none
019100000129111
123222221292229
192949929222394
223399321119499
921943100012954
932391000001299
239323111110122
932393911921100
349229321129210
993113920012910
492113931101121
954392129100019
999921012321011
954210002991000
493101112931011
999101911110129
232102220000293
000001910000293
000001110000129

18 12 33 board_18x12_33_65853_none
991191191000112910
941111122100293110
920000019100293221
331000011212233991
991000000193929321
221000000129221100
221111000011112210
991191011101239910
232211019211993210
019100123911221111
122210192110000292
911910111000000292

19 6 29 board_19x6_29_65889_none
9100191029921119921
1211111029339213449
0192222111129213993
0129299211022339994
0011333291019299999
0000191111011239942

18 4 16 board_18x4_16_65929_none
921001939212112931
292112392293912991
239119211139421221
921111100029910000

17 6 15 board_17x6_15_65947_none
00000000122119931
01110000199334939
01910000123992121
01110001112331111
12110001911921291
92910001111129211

12 14 37 board_12x14_37_65965_none
192121100011
112949211119
001299219111
011233223421
029329229991
149921294542
939321224992
132219119959
129111123492
933210019322
294920011291
129920001221
122321002931
910191002939

10 18 47 board_10x18_47_66011_none
9921199391
3491139311
1921011100
1111221111
0112991191
1393232322
9493239491
2939499931
1122999920
1223343210
1993910000
3449211110
9931101921
3931013491
1393139932
0293939449
1324232399
9292911932

9 19 44 board_9x19_44_66062_none
991019111
221011129
221111139
993391193
249922239
139312942
921113949
111129392
122932222
939392139
292323939
122292121
019212221
123222991
292939421
922249211
111393229
111993393
911222992

5 18 13 board_5x18_13_66117_none
01929
01132
00019
00011
01110
01910
13320
19910
12210
11000
91011
22139
91199
11122
00000
11000
92100
29100

4 12 8 board_4x12_8_66132_none
1921
2492
9392
1211
1100
9100
2211
9129
1129
0011
0000
0000

4 8 7 board_4x8_7_66142_none
2910
9442
2999
1243
0019
0022
0019
0011

8 5 5 board_8x5_5_66152_none
01910000
23221211
99119291
22111211
00000000

12 12 32 board_12x12_32_66158_none
001392012221
112993019939
294492023339
299312129332
139422922991
013993322221
002949291000
113231212110
293910012932
394121119399
292029211233
111029200019

15 16 62 board_15x16_62_66193_none
139499101911991
299943322223442
299921991192991
139311222233321
121212222929321
910293992122991
331294322111221
993339101911121
959922211122939
393211921119494
942001239233499
991000192399333
332000111294492
292221000129392
922992122233421
111222929929910

18 19 71 board_18x19_71_66265_none
129911911129229291
923322233943921211
112943939994332210
003999349559949910
002944943399499410
001112992932239200
000001233210011100
011100019210111000
029311123911292100
139391293111939100
293211393001132211
293111392011119119
239129421029322122
933239910029392249
293932221112433999
223931019101992249
911292121101221011
110112910111000011
000001110191000019

19 19 52 board_19x19_52_66347_none
0000001293949201910
0122101923949212210
1399211111121229111
9494922110012392229
2923493910019922292
1122993110023311932
0019433110029213339
0011292910029219921
0000113220011112321
0000001911110000191
0000001111910122211
1110000001110199211
2910000000111122392
9321000012391000292
1291001129921000111
0111012923331100000
0001129321929100000
0012922911121100000
0019211110000000000

18 6 29 board_18x6_29_66409_none
111221122100019210
911992199332113931
122492124999103949
249532113994223942
999992393222929229
234949392001121111

15 4 10 board_15x4_10_66441_none
019991001129910
012321012922321
111111019210191
191191011100111

10 8 14 board_10x8_14_66454_none
1929101110
1232112921
1292129592
9212922992
1101112331
1110001910
1922111110
1292910000

7 14 25 board_7x14_25_66469_none
9129931
1239992
0193593
0111293
1111239
2921932
4931129
9920011
2332100
0199222
0122299
1121222
2949211
2949219

5 18 22 board_5x18_22_66502_none
00199
22222
99100
93100
22111
91192
34339
99943
34499
19239
33222
99229
22292
00111
00000
11000
93210
29910

4 16 11 board_4x16_11_66527_none
1211
9392
1392
0111
0122
0199
0133
0129
0193
0239
0192
1221
1910
1110
1100
9100

5 12 15 board_5x12_15_66540_none
00122
11399
19393
22311
19100
23321
29929
93221
11000
12121
95939
99931

6 10 16 board_6x10_16_66560_none
019921
122391
911221
122921
019493
011499
000299
111259
911949
111292

12 4 7 board_12x4_7_66581_none
192910001110
223111111910
192101922210
129101129100

15 6 16 board_15x6_16_66590_none
111122100029200
191199100029311
221122211022391
921100192129322
249200112933391
939200001292921

19 16 73 board_19x16_73_66610_none
0111122392192211000
0292199394449391000
1392133339993921000
2921129129643121111
9431192113991029219
2991111003942149311
1332112112921939200
0293293911111243211
0293939322110299329
1324231293931299921
9292911334993233210
1213232994493910111
0001939595932121291
1111293939932139322
1933322122393949329
1299910000129239229

19 19 55 board_19x19_55_66689_none
1110192293931111291
1921112923949219211
1292101111139211100
1229211111011100111
9222291293100000191
1293333499211122322
0129939943291199392
1123493391112232493
9219432122212910293
9312992129292110129
9201392192211011111
1100111111000019211
0000000001110011291
0000000001910112221
0000000001221192910
0001110000191112110
0001911110222000000
0012322921291000000
0019292129211000000

15 10 39 board_15x10_39_66752_none
922292100019111
293949222123339
125941399439949
129920299993239
193210125942132
222112224931929
192292994922231
129212349321921
122100194921292
191000113920129

7 5 6 board_7x5_6_66799_none
1129200
9129200
1222100
0192111
0129119

6 6 8 board_6x6_8_66807_none
111019
292011
294210
349910
994320
222910

4 12 13 board_4x12_13_66816_none
0129
0293
0393
0293
1229
9111
1100
0000
1211
9492
9694
2999

6 19 19 board_6x19_19_66833_none
199210
234921
192129
221011
931211
949391
139422
011291
000111
000000
001121
001929
222121
991111
931191
111221
001910
002220
001910

8 16 31 board_8x16_31_66857_none
11019100
91022211
11139219
00199211
11122100
92012210
93129932
12933499
12139449
92129594
29113999
11102959
11102231
29212910
92395320
11299910

9 14 33 board_9x14_33_66892_none
933991011
399332119
933229221
111923920
123223920
299129420
294229942
249213999
949311232
394910000
949311110
139212910
123239310
192939200

10 12 32 board_10x12_32_66931_none
1393392139
2995992199
9599532139
9339492122
2323492292
9393921393
2594110292
9492000122
2921111019
1121291011
0019322111
0011291191

12 8 21 board_12x8_21_66969_none
019222100000
011299322121
000234993939
111192223931
392222001110
993291112221
943932292992
292129212239

15 5 11 board_15x5_11_66993_none
000111019211110
000191012933910
011211001299321
029312110122291
029392910000111

19 6 29 board_19x6_29_67006_none
2910129299211000019
9332292223392211022
1399322002949291019
1393392003953333221
2942292113993939921
2991111192223932391

19 12 57 board_19x12_57_67042_none
9212939920019112332
2392396931111119999
9323499449210012459
2393996993910001293
2949449943210002959
2931294329223323992
2211239111299993442
9101921100236953991
1212110000193994342
0191111001222393939
0111292001910123392
0000292001110019211

19 16 53 board_19x16_53_67111_none
2221100000001123920
9939100000001929941
9931100000001134991
4431100001121119321
9939223211929111100
2493299911132200000
1393244311129101221
9212939101921101991
1101393101121112321
0000292000019229100
0000223110012921100
0111192910112121100
0191113332291019100
1232101995931011211
1939113599921121291
1292119933211929211

18 18 47 board_18x18_47_67168_none
000001921000001139
001111291000001939
001910111001111121
111110111001921100
910000191001129100
110000111001121100
111122100001910000
191299210012211221
111396910019213991
222399211121293942
993932212921113391
493110192291002931
921000112221003941
121100112910113991
019100192110192343
012211221000222199
001922910011291122
001129210019211000

17 19 48 board_17x19_48_67220_none
19100029200029421
11100029200029991
00001121100012321
11101910000011111
19102220000129119
11102931111292122
00002939129422139
00002242229492299
00001939221392293
00001293910112221
00000223110001910
00000191000001110
00000111111011100
00000112291129210
00000192922293910
01221113232934320
12991001929339921
93332112232922229
12911911911110011

9 10 19 board_9x10_19_67274_none
000001121
112122929
192949332
112299219
000122222
011222292
019299229
233443111
993992110
393222910

7 6 6 board_7x6_6_67296_none
0000111
0111192
0292129
1393121
9212910
1101110

4 4 3 board_4x4_3_67303_none
9200
9211
1119
0011

4 8 8 board_4x8_8_67307_none
9311
9492
1493
0394
0299
0133
0019
0011

6 16 14 board_6x16_14_67316_none
991111
222291
123931
929920
122210
000000
121111
939119
292111
221000
910000
121100
019100
011100
001110
001910

11 19 51 board_11x19_51_67333_none
19929210122
12223920199
00002931122
11002391011
92102942029
49203992129
99202949111
94201121100
29112321000
11129991000
00029533221
00023493991
11129959432
39349599329
99499333393
23933229229
01233921122
01399210129
01993100192

16 12 40 board_16x12_40_67390_none
0012391294991000
1229932299421000
9293391139200000
1322122233211100
1291129299119100
9422393233211100
9922993119100000
9329449223221111
1111292292929229
1222221223121292
1992921392000122
1222129392000019

18 6 16 board_18x6_16_67435_none
122100001910000000
199200012210112121
149300019100192929
139200012210112121
292101222922110000
921001992292910000

19 4 14 board_19x4_14_67454_none
1392191019100112110
9492111134311292910
2932011299911922110
1291019223211110000

17 12 35 board_17x12_35_67470_none
01393211111111122
01999491192291199
12249921112921139
91123210001110011
22291111011111111
19222291019119119
23329222111112332
19932119211001991
12391011291001221
11122100111111000
92129210001291011
12922910001921019

11 19 46 board_11x19_46_67514_none
11000019921
91000134329
22001299111
91001932100
34211222121
99910293939
23321293249
11191111193
92221000249
12921211199
12139491122
92139921000
34933321100
99229119100
22222123310
00292029921
12595239491
19999921211
12499310000

10 19 47 board_10x19_47_67567_none
0112991011
0193332119
0129129321
0122129910
1291012332
2953100299
2999210293
1394922332
0112129929
1222112221
9399200000
9449200111
2932212391
2239119942
2931113991
2921112342
1223922949
2395943992
9939992221

4 8 4 board_4x8_4_67626_none
0000
0000
0000
1110
1921
1239
0293
0292

4 4 3 board_4x4_3_67631_none
0000
1211
9391
9311

5 5 6 board_5x5_6_67635_none
19119
22122
92119
29221
12910

9 12 16 board_9x12_16_67642_none
019100000
011100000
111000000
291000000
922110000
111910000
001232100
111299200
943949311
999442291
233992221
001222910

15 19 69 board_15x19_69_67659_none
001929101910000
122221101110000
939321222222111
139929299299329
123332222239493
292193211121392
394249921921211
395959932239211
394994933942391
923343495939211
221929399332100
911233332292110
220193921212921
911239349322492
112932939929392
002932223342311
002349101939321
002992102249949
002931001922399

17 19 82 board_17x19_82_67740_none
11129922993233921
91294229493999491
22294332212499311
91129991123493211
22113931199921191
19101110123210111
22201221000000000
19101992222101110
12211249399312910
02932249549494210
03949949943499210
02944593399335931
12129921234393949
93222211293932292
29911111924941111
23422911112992111
29393222111392292
93493194921232393
92292129921929229

19 12 34 board_19x12_34_67833_none
0000293111929101110
1101393911121101910
9101922110111002331
2211121100192113991
1910019100129119931
2321011111122213320
9291000019119101921
2311000023321102239
9100001129921001921
1100012922492001232
0000019210293121299
0000011100112929222

17 4 18 board_17x4_18_67873_none
12922993992111921
93293434932911129
92129294332321011
11011229929291000

12 10 18 board_12x10_18_67895_none
001129911910
112922222321
192110019291
111000122333
110001292299
910001923942
111111112920
001910001110
123210000111
199100000191

6 19 30 board_6x19_30_67917_none
111221
911991
223453
193999
129599
012493
112931
923920
292221
111191
001221
012910
249431
999929
233343
110299
921399
239222
192100

4 10 6 board_4x10_6_67952_none
1119
9111
1100
0111
0191
0111
1121
2929
9221
1100

4 8 6 board_4x8_6_67960_none
1100
9222
2399
1932
1221
0191
1221
1910

7 4 7 board_7x4_7_67969_none
0011291
1249422
1999391
1393211

12 8 14 board_12x8_14_67977_none
001111111121
001911911929
001112232221
011101939100
019212493100
012923993100
001293949100
000112121100

19 19 95 board_19x19_95_67993_none
0122211000111111129
0199391012393393392
1233921019959939931
2932211123959545920
3949211911259499421
3944932111299339492
9449991112954212939
3995431193499102242
9693910112993212949
9922232101343293399
2210199210299212969
0000123910294211399
0001111110112921393
1101910001122239422
9202231102939129391
9201939214941111333
2202359219920112399
9211993112222394999
2911392000019939942

19 18 60 board_19x18_60_68108_none
0001121293931191011
0001929213991111019
0013331213342101121
1119910192929101910
9112333322121102220
2210299910011102920
1910299311129212942
1110122101922911299
1221000013321110122
1992110019921223221
1222910012339499939
0001121112393994393
1111119119933232239
9119111113491019139
1111101111921011129
0111002932210000133
0191002949200000199
0111001139200000122

18 12 33 board_18x12_33_68173_none
011211000000001910
029493121100001110
029493929100000000
122323121222100000
192392123499200111
239393299999200191
292229223343201221
931011100019212910
931000000012392110
291111001111933210
111191001912239910
000111001111922210

15 5 19 board_15x5_19_68209_none
191012949339910
222029499949421
292029323392291
393012211232211
292001911929100

11 4 9 board_11x4_9_68232_none
00000001291
12210002931
29932113920
93399119210

9 6 8 board_9x6_8_68243_none
291012321
921029991
110029432
111011119
191000011
111000000

4 18 19 board_4x18_19_68253_none
0129
0192
0111
0000
0000
2221
9939
4459
9949
3492
1921
2221
9329
9392
1211
1221
2992
2992

4 18 12 board_4x18_12_68279_none
0000
0000
0000
0000
1111
9239
2939
1243
0199
1222
9111
1129
0029
0011
0122
0199
1232
1910

7 12 14 board_7x12_14_68293_none
0000000
1101110
9212910
2393231
9223929
1119332
1132391
1939311
1139200
0122100
0193210
0129910

10 6 16 board_10x6_16_68311_none
1911392129
1111994293
0001399449
0001233993
0002921494
0002920299

17 6 14 board_17x6_14_68329_none
01110011211001910
01911129292222121
12111921213991019
91012210002931011
22119100013320000
19111100019910000

19 18 90 board_19x18_90_68344_none
2499100193910029329
9995221229211139492
3595949112211934942
9339992101911294949
9449931112110125941
2994221291122239931
1493129222299299329
1392294339333233222
1932294994391019129
2391124994921011129
2942129439210000011
2939129332200012221
3331123929211139939
9910019221392199492
3310123221392122222
9211193939222101129
2392334931229102942
9212992110192102939

18 19 49 board_18x19_49_68458_none
110000000000001110
910001110001111910
110001932101911110
000001299213321110
000000139219911910
111221011113321110
911991000112911121
233322110194321939
199211910239922393
234922220194921939
912932921212111121
112493129100000000
112992011100000000
193342211000000011
112929292212110019
001121229293931011
111000011213993211
191000000001399291
111000000000122211

17 18 40 board_17x18_40_68510_none
00000191000001121
00112343111101939
00192999329101249
00124469592100192
00019939921000222
00012222211110192
11000000001910129
93221000112110011
93991000192121100
12343100123929100
00199100019221100
00122100122100111
00012211291000191
00019911921000111
00012211111122210
11000000112929910
91000000293122210
11000000292000000

14 12 35 board_14x12_35_68553_none
91191019101929
11222133212232
00191199119229
11322123222932
29392213932229
94949494939222
93139949222391
12123931101921
02932110001110
03992000000000
02992000112110
01221000192910

7 4 4 board_7x4_4_68597_none
1110019
1910122
1121291
0019211

6 4 3 board_6x4_3_68602_none
000000
011111
019129
011129

4 6 4 board_4x6_4_68606_none
0029
1139
1921
1110
1100
9100

4 8 6 board_4x8_6_68611_none
9219
9211
1100
0011
0029
0029
0022
0019

4 10 8 board_4x10_8_68618_none
1211
9391
2921
1110
0122
0199
1222
9210
3910
9210

4 14 14 board_4x14_14_68627_none
0191
0122
0029
1139
1932
2493
9499
9432
3921
9229
1111
0000
2210
9910

4 18 20 board_4x18_20_68647_none
0292
0292
0111
1110
2921
9491
4942
9949
9931
9310
2311
9391
9311
2332
1999
1259
0029
0011

6 19 20 board_6x19_20_68669_none
002920
112931
911291
220111
921000
291000
111000
221111
992291
943931
944920
399221
932119
110011
110000
911110
112920
002920
001110

9 18 23 board_9x18_23_68693_none
000000191
000011211
110019100
921123310
239119920
192113920
111001121
000000019
000000011
000000000
111011100
291019100
931022211
930019119
930133211
930199100
921343211
111991191

10 16 28 board_10x16_28_68720_none
1111222100
9119299100
1112332100
2211921100
9922229100
9329332100
1124991011
0019941019
0124920022
0193221129
1212912931
9102333920
1112993210
0129449100
0193921100
0112110000

14 10 36 board_14x10_36_68756_none
29991001299321
39931001933991
39321101111221
93329222100000
29394499200000
12949959310000
02259695931100
02949596939100
14953499221100
93992932100000

19 4 10 board_19x4_10_68796_none
0122101910111000019
1299201110292111011
9239200000292191111
1111100000111111191

18 14 68 board_18x14_68_68809_none
000122111101910000
000299119224442100
012495322399999332
129949932949433999
293394949332213493
921112292291293932
111122322221293129
123929923920112132
399434449920001929
999493994320001132
249439322921012239
013931113492229949
113920029939495493
192110029322993939

12 19 34 board_12x19_34_68888_none
292101291191
939212921111
232393211110
911939112910
112242329321
001929292291
001232211111
110191000000
920222000111
920191001291
110112111932
000001912391
110001111921
910000001110
110012321011
000029992119
000029449211
000011129211
000000011119

5 6 7 board_5x6_7_68926_none
19291
11322
11191
92332
23991
19321

4 6 5 board_4x6_5_68934_none
0191
0222
1291
2931
3930
2920

7 14 24 board_7x14_24_68941_none
2920191
2931322
1139491
2349921
9994321
3439239
9111299
3432222
9999100
9943210
3311910
9101110
2210000
1910000

15 18 55 board_15x18_55_68972_none
199119291012921
133222312129339
239239201922932
994949212211392
934941119100393
224930011112593
193920011119992
222221019224431
921191011292921
292322000112129
129291012211121
012321019911921
112910023312239
294210019101921
299223332101110
122299992110000
001233433921211
001910192129291

17 14 62 board_17x14_62_69037_none
00194931000111199
11229992000191122
29113693012432111
93101993019992393
93112493223433999
29229339291193332
22392293432129221
19211223991013949
12211394442013993
01922993991019559
01129432222122993
12123920013932393
94922920129992129
29921110193492011

18 10 44 board_18x10_44_69110_none
000111019100011399
000191022201239399
012332229212994449
129929392293499393
922233933322932493
221019339932211392
191011395939212921
112222393243494220
001993931299493910
001223920294922110

19 4 11 board_19x4_11_69163_none
0000000019101111910
0122100022201922210
1299222119102239100
1932299111101921100

19 4 13 board_19x4_13_69175_none
0191122292221001939
0111199212992101139
1100122102459100011
9100000001992100000

18 5 19 board_18x5_19_69189_none
123222999100000000
299949433210000000
934959201910111122
122393322111291199
019212991001921122

15 12 43 board_15x12_43_69211_none
191000019100000
122111223210111
029439293910191
259993229321111
999693121291111
355945931211191
199499949100111
133494493211111
019432395493291
012991299993932
001332124543292
000191001991129

12 16 35 board_12x16_35_69260_none
000199100111
000122101291
000000123921
000000199210
000000122100
001221000000
112992121100
192233929332
222139433999
911939392393
122333432111
019293991011
022439432019
129293391011
943422932000
939911291000

6 18 26 board_6x18_26_69302_none
292291
944932
299229
232122
910019
220011
931011
992129
222921
122210
929100
132211
129119
921222
222291
193931
235931
199229

5 16 22 board_5x16_22_69331_none
11299
19222
11111
11019
93343
29999
13942
23321
99493
39499
12332
13920
19920
12332
11199
91122

4 12 12 board_4x12_12_69358_none
0011
1119
9332
2991
1221
2321
9991
3431
2921
9339
2392
9211

4 6 3 board_4x6_3_69373_none
0000
1100
9100
2200
9211
1291

4 5 3 board_4x5_3_69377_none
0000
1110
2910
9310
9200

7 5 8 board_7x5_8_69381_none
1119291
9122422
2229392
9129329
1111111

8 6 13 board_8x6_13_69390_none
29200000
29322210
12939931
01139992
12233449
92991192

9 8 19 board_9x8_19_69405_none
932292100
992939210
223343921
111992291
932222221
993211921
349921129
194920011

11 12 29 board_11x12_29_69428_none
00199202931
01359202959
01992223399
01221199333
00000122291
01111110111
01911911221
01122323992
00019293959
01121212292
12921223332
92129299929

16 19 44 board_16x19_44_69461_none
0000000000123229
0000000000199932
1101110000123229
9213931001110011
2393991001910000
1933221001110000
3491000000000000
9931000000011100
3920000111019210
1121101394223920
0019102999912920
0122213954211121
1291192291000129
9211112332000192
1212111991000111
1292922432000011
9212129391000019
1100012943100022
0000001299100019

19 16 81 board_19x16_81_69510_none
9939222100129922920
3492299211296932931
1921124932939921239
1110002992123320193
0001222221001921129
2211991001222291122
9911232224993322393
2211129499959912999
1102943994394322942
9312993343433911221
9911334949992111291
2210193959631012921
2222445469931129210
9939999999992292100
3349433334932932211
1921100001111129291

18 6 16 board_18x6_16_69615_none
012229100001221000
029921212122992000
139321292929492111
192119212121211191
122122200000011211
019119100000019100

14 5 18 board_14x5_18_69633_none
12399921100191
29944339212221
39593393392910
39329939223210
92112221119100

12 6 20 board_12x6_20_69656_none
001910192110
222121323921
992129492129
249349944232
029939499939
012221239339

7 16 15 board_7x16_15_69683_none
0191000
0111000
0111111
1291191
1932322
1139391
0029422
0011392
1110292
1910111
2220000
2910000
9210011
2210019
1910122
1110191

4 19 19 board_4x19_19_69699_none
0000
1111
9229
2932
1392
1493
1992
1343
0199
2469
9999
2349
0011
1110
2910
9421
9391
1211
0000

4 16 15 board_4x16_15_69721_none
0122
1299
3953
9991
2321
0122
0199
0249
1292
9322
1291
0111
0011
1129
2931
2920

4 12 10 board_4x12_10_69739_none
1910
1110
0000
1121
3939
9952
3991
1332
0191
1211
9210
2910

6 8 6 board_6x8_6_69750_none
019299
011222
232100
999100
232100
000000
000000
000000

9 4 7 board_9x4_7_69757_none
019101292
011101949
000112293
000191129

14 6 21 board_14x6_21_69765_none
00000112110000
23321293921000
99991293393111
95931222299349
23111291134999
91001921019349

17 12 30 board_17x12_30_69789_none
00000000129100111
00001121292100191
00002939211111111
01113941100192110
01912920111123921
12111110192139491
93210000112949421
29933210001294910
24499910111129210
93933210191012210
29320000111001910
12910000000001110

19 19 94 board_19x19_94_69824_none
1992392111111000111
3449493292292221191
9922939333933991111
2212233939494321000
0012912932499211121
0019222211933911939
1233329102333333393
9299394211993993959
2332495921345944969
2911394921399339399
9322923333995932333
1393222994993291292
1392193493221222393
1933349321000191293
1293993910000222139
0239443321000191039
1396939291111111139
1999942322191111192
1233391191111191111

16 10 22 board_16x10_22_69939_none
0111129910000000
1291193210112110
2921222000193910
9211291000129210
2201921001121100
9211111222910111
2921001992221292
1291112221191292
0111191011211111
0000111019100000

8 5 9 board_8x5_9_69963_none
00001910
22112221
99329239
39921299
12210122

7 6 9 board_7x6_9_69973_none
1100011
9100019
2221222
2939391
9349422
2921291

4 19 18 board_4x19_18_69985_none
1110
1910
1232
1299
1959
1139
1122
9339
9399
1222
0122
1299
2943
9491
9311
1100
0000
0111
0191

7 16 19 board_7x16_19_70007_none
0111019
0292011
1393211
1939291
1133421
0019931
0013991
1233321
1999100
1343100
0191000
0111011
0000029
0011129
0029321
0029910

12 6 16 board_12x6_16_70030_none
910111000129
232393100293
299499211392
933933911921
122212222220
019101911910

18 6 20 board_18x6_20_70052_none
193949229920000000
223959229920000011
934492112321000019
399921000191000122
933210000111111192
110000000000191129

19 12 34 board_19x12_34_70078_none
0000000000000012210
0000001121100019910
0011112929100012221
0029219232311011119
2239222219493129111
9921119113993922210
2321011102932222910
0292000001110193231
0292000000000223929
0111000000012493121
0112110001139994210
0192910001939439910

19 18 81 board_19x18_81_70114_none
0139219101110199100
0199333311910133200
0135949933320129321
2229995949910295991
9932434943211395931
4942494493101949331
2939999499101294929
1124969433212349221
0002931292292995421
1122221229323499991
1929229233912943321
1233922939212931100
1393111393101239211
2992001493001292291
3941001992001922221
3930001221001111910
2921221000001122210
1111991000001929100

17 19 79 board_17x19_79_70204_none
00129100001993939
00192101112359593
00122223922939592
00019299493233921
11011239439119321
92110012494212391
23910001999101921
92121112443101110
33119119393210111
99212333939910292
39312993123320292
23494593111910111
29939922911221000
94332211111392000
35920001112993110
99920001934933920
39310013499445930
23210029945999941
92910029493995991

12 14 24 board_12x14_24_70293_none
111019229910
192121394210
223910292000
192221111111
111191012492
000222019992
000191123432
000122292291
012229212921
019921112210
012210019100
000111011111
000191000029
000111000029

9 8 15 board_9x8_15_70320_none
012210199
019921232
123921910
933322110
299391000
359322100
992119100
931011100

4 6 3 board_4x6_3_70337_none
9100
1100
0111
0191
1211
9100

7 19 34 board_7x19_34_70341_none
0191000
0111000
0111000
1393221
9493992
9533339
9949211
2499310
0294910
1333121
1992139
2493299
9433932
9929210
2221211
1211191
9393432
2949991
1293321

15 12 31 board_15x12_31_70380_none
000199339229100
011223992292100
129101221111000
932100111001221
291000293112991
222000299119432
191111122111291
222191000112221
191111000192932
111111112223399
011291193921943
019211113921129

19 4 14 board_19x4_14_70414_none
2939211000000199111
2942391000011223229
3339321000129101921
9922910000192101110

18 10 32 board_18x10_32_70431_none
001111291191191019
001922921112221011
001292110112921000
000111000293291000
111011100395321000
191019210399910111
222233910294210191
922992111221000122
944941001922110129
993920001292910192

18 12 45 board_18x12_45_70467_none
992129213921921299
233921293932239339
249310112129139311
999200001232139300
342211012992029200
920192239592011100
921239299412110000
233921239202920000
199210012212920000
122100013921233321
000000019931299991
000000012229224931

10 19 28 board_10x19_28_70517_none
0000111019
1100191011
9111211000
1229111211
0192239391
0112299311
0001932100
0001110000
1101110000
9201910000
9201110011
3310000019
9910000011
3332210000
1939910000
1139420000
0123922321
1292239992
9211193339

5 10 12 board_5x10_12_70550_none
91011
23249
93999
14952
02920
12210
29210
94920
13920
01110

4 6 7 board_4x6_7_70566_none
9229
1292
0111
2210
9921
9491

4 4 3 board_4x4_3_70574_none
0000
1211
9391
9311

5 6 4 board_5x6_4_70579_none
11000
92000
94210
29910
12210
00000

9 14 33 board_9x14_33_70584_none
910111191
121291122
129222119
931119111
920011222
221111199
192292239
239229221
293223910
292295320
332299931
992124939
994222232
993991191

15 19 42 board_15x19_42_70621_none
000001999212291
000012343392921
000019129312110
000011129311000
110000011291000
910111011211000
111291019111100
002932121119222
002921910122299
001122210192222
011229100129210
139393321023910
199423991029421
133392333139391
019211192921211
011100112111110
001111121101910
001911929112321
001111121119291

19 12 55 board_19x12_55_70664_none
0111112299210000011
0292193954910000019
0293335939442211011
0129299333999291111
0011239229543332392
1111121129911929393
1923920023422232229
2249921129392191011
2949323932492222000
9493239921921192121
2594299322333322929
9393932119299911121

19 5 20 board_19x5_20_70726_none
9211000000012392110
1291000011229933910
0111123229495439321
1100199933999393291
9100123392232392111

18 4 10 board_18x4_10_70750_none
000000000001929100
000001221001232100
000002992111392011
000002932911992019

14 10 33 board_14x10_33_70761_none
11100011101110
29200019101910
29211222213331
22219392393991
29224943993221
93395939333221
92299221119959
22133311013999
92239291112249
12992211191011

7 19 19 board_7x19_19_70801_none
1910000
2220000
2920011
2931129
1129129
0011111
0000000
0000000
0000122
1101299
9101932
1212110
1291000
2932110
2921921
1112239
0001921
1233210
1999100

4 16 14 board_4x16_14_70821_none
2931
2939
1121
0111
0292
1392
1921
2210
9100
2210
2910
9210
1111
1229
9492
9921

5 5 4 board_5x5_4_70841_none
00111
00192
01239
01932
01129

8 4 4 board_8x4_4_70846_none
00019910
00023321
00019119
00011111

16 16 53 board_16x16_53_70851_none
1999329211222921
1359922911993392
0294222322393393
0394139392239339
0293939439129229
1222132393222332
1910019323911991
1110011294321221
0001110129910000
0112910023321211
0192122339129492
0111019993129939
0111124593112221
1291192939100000
9432112121100000
2991000000000000

19 19 63 board_19x19_63_70911_none
0012994920000299292
0019594921221294329
0123922111991129122
0192110001332011229
0122100001292111292
0019222101949329211
0011299101139392100
0122222100012321111
0199100000012910191
0133311000019210111
1239292110123321000
2992323910193991000
2942192221113942100
1393221191001129111
0293911232100011129
0223122929321000029
1392019222992111121
1992012211222922921
1221001910001129391

18 8 30 board_18x8_30_70979_none
122112910191001991
299119221323122321
293112349393939111
222001999434942119
191012494939492121
111019213393922910
000122212933211110
000191192129100000

10 6 15 board_10x6_15_71013_none
0000029310
1101139932
9112945599
1119399943
0122345329
0191199111

8 10 21 board_8x10_21_71033_none
12110011
93931129
13939239
01122392
00112921
00194431
01249991
13959643
29959499
93239322

4 19 13 board_4x19_13_71059_none
9100
1211
0191
0111
1100
9100
2221
1929
1121
0000
0000
1121
2929
9321
9211
3339
9939
2221
0000

8 8 11 board_8x8_11_71073_none
29100000
93210000
23910000
93210000
39100011
92101249
11002999
00002942

11 4 7 board_11x4_7_71088_none
92191000000
92122100122
11129100199
00192100122

12 4 8 board_12x4_8_71097_none
111112291000
191192921000
222224220111
191192910191

14 4 12 board_14x4_12_71106_none
19292111991000
11323923542000
12392129992000
19921012492000

18 10 43 board_18x10_43_71121_none
019212999492393221
134912959939393991
199223343321213331
122119929100012921
110123221211029439
931291011292129932
939212129229333493
122222921112992299
001929431001493122
001122991000292000

19 18 47 board_19x18_47_71170_none
0191000000000002920
0123210000000003930
0019910000111002931
0012210001291001129
1100000112921000011
9100012392111110111
2210019921002920191
2931223210125930111
2939392000199931000
1121392111124492100
0011211191112939100
0019100111192121100
0011101110222000000
0001222910293110000
1101993210293911110
9322239100124332921
2992111211019929391
1239100191012221211

16 14 55 board_16x14_55_71221_none
9949101992019931
3992101493124939
2321011494293332
9211129394949291
1292293323953311
1239422911299100
9239912220122211
2933311921000191
1129101394333332
0122100299999949
0191001233456992
1221001922399421
2910001139959200
9210000029492100

14 10 24 board_14x10_24_71285_none
00019101911139
00011101222939
00000112292232
01110192932292
01932212291393
01399100111293
00395210000129
01393921000011
13932291111000
93920111191000

7 4 7 board_7x4_7_71311_none
9999211
2332291
0111222
0191191

5 6 8 board_5x6_8_71320_none
19991
14941
14930
19920
23310
19100

4 18 11 board_4x18_11_71329_none
1110
1910
1110
1221
1992
1249
0029
2221
9910
2210
0000
0000
0000
1110
2910
9431
2991
1221

5 19 21 board_5x19_21_71342_none
12110
92921
23492
19492
24931
93931
13391
13931
93920
12110
01121
01929
02242
12929
19331
12910
13320
29910
93210

9 16 35 board_9x16_35_71367_none
122119100
199111100
343111100
991029200
332029310
292112921
949311249
249910199
193321122
122394210
019399931
122235991
192119443
129223399
122395942
191299920

10 14 30 board_10x14_30_71407_none
1110111011
2920191019
2932433232
2249994991
1949594942
1292212129
0112111121
0001923942
2211129999
9931012332
3992101110
1239212910
1112392110
9101921000

14 8 15 board_14x8_15_71444_none
00000002920000
11000113920000
92211192121100
39291222019210
92211191012910
22101332001110
19212991111000
11292221191000

18 4 20 board_18x4_20_71460_none
293101111110029991
399212921921139521
933924932249339311
111293921939921291

19 12 34 board_19x12_34_71484_none
0000019910191011111
0000124320111019119
0111293921211122111
1292393139391292111
1939333139411292292
1121299239200111393
0000122292111101392
0000111111019101921
0000292001121101221
0111294211911110191
0192239911111910111
0112922210001110000

16 19 74 board_16x19_74_71521_none
0111001221111000
0191001991191000
0111002453212221
0011101999222991
1139433455939421
1949999299349310
1293333443294942
0112111993434999
0012911349992494
0019221394322392
0023329392123921
0129944421199221
0194499911232119
0139434211921122
2239493101292292
9921399332229449
2210234999112993
0012392395433339
0019921129999111

9 12 16 board_9x12_16_71607_none
191111191
111191111
111111000
393100111
999100191
232212221
000293910
000293110
000111111
011211191
019292332
011212991

8 10 11 board_8x10_11_71625_none
00122100
11199100
91122100
22000000
93212110
99292910
22323110
11291111
19211191
11100111

4 4 4 board_4x4_4_71637_none
0191
2321
9921
2391

4 10 6 board_4x10_6_71642_none
9222
1299
0133
0019
0011
0000
1100
9100
1111
0019

6 14 12 board_6x14_12_71649_none
129119
931111
931011
291019
111011
000000
110000
920000
920000
110000
011211
129291
192322
111191

14 18 51 board_14x18_51_71664_none
92011119212910
92019221292110
33112932211000
99101299101110
22100122212910
00111001293210
01291112949100
23921193393200
99421222939111
49922922232229
94394592191193
92129992122229
22013931129111
92111110192211
12911121322191
01111929291111
01112242322111
01911929119119

16 14 33 board_16x14_33_71718_none
1110019119100000
1910022211100000
1110019210011222
0000013920019299
1110002920011222
1910012210000011
3320019111100019
9910012339211011
9321101994392110
1119101399223910
1122201233229210
9119211922921100
1112922292222110
0001291111192910

19 4 21 board_19x4_21_71753_none
0000294910192291191
1111499331213953222
2911994939202999229
9211222139201249229

19 5 19 board_19x5_19_71776_none
1139329929100191000
1949394322210111000
1292229102932110000
0111022214993910011
0000019119949210019

14 16 46 board_14x16_46_71797_none
01921199101292
01291122112939
12321000029431
29910000139921
93210000295492
22001110293949
91001910123392
22013320129332
92119910294929
29222210294231
12921100123910
13249200139421
93969300199391
13999311122211
01232292111100
00000129119100

7 18 21 board_7x18_21_71850_none
9991000
3431111
1910191
2210111
9111111
1119119
1223221
9292910
1212110
2321000
9991000
2322121
1101929
9101232
1100191
0011211
1229100
9292100

4 5 5 board_4x5_5_71877_none
1929
1121
1121
2939
2931

6 5 5 board_6x5_5_71886_none
012221
019929
012221
110011
910019

11 14 34 board_11x14_34_71894_none
12911139991
19321939531
23912233920
19321912920
12923321110
01129920111
11224921393
29292111999
92333101232
12299200011
02959200019
02943321122
12292991191
91112221111

18 19 58 board_18x19_58_71934_none
111199911221129210
291123212992193910
931000113993233210
920000193443939200
221000123993139200
293100019493121100
299101132312910000
133201929101121100
239101232212129332
993210192292922999
344910129223211243
199221112229100019
122119102931100011
111011102920000011
191012211110111019
221019910000191022
920012210112232119
931100000192929111
129100000112121100

19 16 41 board_19x16_41_71997_none
1110122100019100000
1910199100011100000
1110122111211001110
0000000129291001910
1211000192222101110
9391000112129212110
9311011101921293920
1211019101232213920
1293232211299211110
9229929119223910111
2233321222212110191
1929100192392000222
1121100223993111291
0001110192239119211
1112920111022211100
1912920000019100000

18 4 17 board_18x4_17_72040_none
110192910029311991
920112110029923431
941211000123339921
939291000191193229

15 5 11 board_15x5_11_72059_none
920111019101910
921291011102220
221932111101910
911129119101221
110011111100191

12 8 14 board_12x8_14_72073_none
192999101921
112232212139
011100192129
029200129111
029311011100
022391000000
129211000000
192100000000

6 19 27 board_6x19_27_72088_none
012910
129210
192100
111000
111111
191191
222122
193229
129921
123221
191139
332299
991394
931394
221399
191293
233322
299392
293392

4 16 9 board_4x16_9_72117_none
9210
2910
1110
1100
9100
1100
0000
0111
1292
1939
1121
0000
0000
0122
0199
0139

4 12 10 board_4x12_10_72127_none
2920
3931
9392
2349
1939
1121
0000
0000
0000
1121
2929
9221

7 5 8 board_7x5_8_72138_none
0012921
0019449
0012993
1101349
9100192

14 8 19 board_14x8_19_72148_none
22119100000292
99111111100292
33200029200111
19211139201110
11291192112910
22211111019320
99321000023921
23991000019391

19 19 74 board_19x19_74_72173_none
0001129111292922910
0123921119322292110
1299311133921111000
2959322929391111000
2932929342311192100
2223455939100129210
9229999952100012910
2933449992211113220
1129112339292293920
0011101132423924930
1222101939292123920
9299222392211029321
1223939211000029339
1111292222111111299
1921122299119111222
2391019222122219100
2921022311019112210
9331119393121102920
2929111393910002920

19 16 53 board_19x16_53_72256_none
9921293291019211191
9592299211122291111
1393232100192211011
0223910000129100029
1293210000122112349
1939321000191019992
2222992101221012321
9101349211921100000
2210193912239100111
2910112111922221291
9320001111111929211
2910001911111121111
1232101222910011119
0199222392232119111
1223929921199111211
9101122210122100191

18 12 52 board_18x12_52_72317_none
000192291001910019
000239211001110011
110293100111012210
920292011291129910
932432019211195531
239994221111229991
922599911129112432
221394211921101291
922922223220001932
392222994932223392
921294597993993939
110299399993393121

17 10 44 board_17x10_44_72379_none
92932129432101910
13499239999101221
01994393455310292
12239432199910292
92122991135531111
23922232119991111
93493229113432291
34999292223912931
99343322299212931
22119119222101129

12 4 9 board_12x4_9_72431_none
192911111110
112233911921
122299211291
199222100111

5 12 16 board_5x12_16_72442_none
39321
99939
46693
99992
23443
11199
91122
11011
00019
00022
11119
19111

4 18 14 board_4x18_14_72460_none
0192
0129
2221
9920
4920
9210
1211
1291
1921
1110
0111
2391
9931
3920
1110
1221
1991
1221

4 19 13 board_4x19_13_72475_none
0011
0019
0011
0000
0111
0191
1332
1991
1221
0011
0019
0011
1111
9239
2499
9494
1392
0122
0019

9 10 23 board_9x10_23_72490_none
992291000
234931000
019931100
013349200
013949200
029932321
039533992
249399492
993333432
222911991

10 8 19 board_10x8_19_72514_none
1291199119
2943344211
9399299222
1223333399
0002921959
0002921139
0112110022
0191000019

17 5 14 board_17x5_14_72540_none
91000002932910019
11011102993111121
00019113592001910
00011119953101110
00000013999100000

19 14 67 board_19x14_67_72557_none
1119299200199291111
9112459200122322292
1112992111100292292
0019442119101393322
0012939321102959291
0113249911234992322
1293943211999442291
9323992112344949211
2911233922912993100
2331019393221393121
1991011212933322929
1222111122399932243
2322911949335993399
9992111299219339932

19 19 52 board_19x19_52_72636_none
1921019993920000000
1292114943920011211
0139202921121119291
1139202220029322222
1932201910029391019
1139201110011211011
0029200111111122100
0011100191293299100
0000000111299223210
0011100012332101921
0019101129910001129
0011101923320000011
1100001111910011111
9100000001121229119
1100112222239292222
1100192992992211191
9211112223332110111
1292121112911910000
0112929119211110000

17 19 55 board_17x19_55_72694_none
00000011100000111
00000019101111392
01110011212911992
02920011292122321
03930019322029200
03941011292129311
02991001239234593
13331112921299999
92910193210123494
12221129100011229
00192121211129233
11112911291193399
91002221921139339
12122922210029211
01929239311011100
01121129392110000
12110011223932100
93921100019399100
29229100011222100

10 8 17 board_10x8_17_72760_none
1291191000
9311111000
9411000000
9493100000
2599222210
2994929921
3942122392
2920000129

5 4 3 board_5x4_3_72781_none
11100
19210
23910
92110

4 14 12 board_4x14_12_72785_none
1291
9222
1129
1139
2931
2920
2231
1929
2231
1921
1292
1229
9111
1100

6 19 15 board_6x19_15_72798_none
000000
000000
000000
000000
000111
000191
110122
910019
121222
129291
192222
122229
019293
012339
112931
912920
221110
921000
291000

10 18 43 board_10x18_43_72814_none
9939329921
3349395692
1921239992
2220029421
1910011100
1122321111
0019992191
1223594221
9293494910
2329939210
9222221111
3931223229
2949299931
1393336941
0292294991
0111293221
0000112121
0000001929

16 8 22 board_16x8_22_72862_none
0011291191192910
1239211111223110
1993200000292000
2339101111392111
9211101911921191
9201111112342322
1101910112999392
0001110192232392

18 5 12 board_18x5_12_72888_none
292001910012929929
293101110129222332
129100000192100191
011100111111000111
000000191000000000

19 4 16 board_19x4_16_72902_none
0011100000123349391
1129101121299999422
1921101929224699219
1110001121101993111

19 6 32 board_19x6_32_72919_none
1999321001111111939
2595992112911922292
9495492193221392222
2494921223932494291
9439221292299399222
9921119211122222119

19 10 46 board_19x10_46_72956_none
0191002992100299391
1221002949332399311
1921002344999443100
1292112994953991000
1223922934931221000
1923921223931011211
3339210293293239391
9942100292139949311
4991011223239932210
2931019119922211910

14 19 46 board_14x19_46_73011_none
00013920000292
01139920000394
01939321100299
01121119111222
00000011229100
01110000293222
01910111394299
23210191299239
99200222122111
49300192221011
39300123991019
29310129321011
23910192111100
29310122129311
49300129139491
99311192239311
22291111192100
00111122211000
00000199100000

9 16 38 board_9x16_38_73063_none
999999100
259532100
139311121
922922929
112392121
111921000
912221232
111923999
001129953
112133491
294949211
295994321
114969949
003959949
002943321
001129100

5 8 6 board_5x8_6_73107_none
12110
92910
12110
00000
00111
00292
11493
19392

4 6 7 board_4x6_7_73114_none
2921
9491
2921
2332
9299
1222

8 14 16 board_8x14_16_73123_none
00001910
11102331
19222991
23929321
29333210
92292921
11112291
11100111
29200000
29311000
11291000
00112110
00001921
00001291

14 19 64 board_14x19_64_73142_none
11000199210199
91012333910249
11129911110193
22294321222229
99239439399122
95349995932119
99399699431011
22393394992000
11222212493000
19229111392000
24942239311111
29991299200191
39433493112321
92119921129910
12122210193221
01910000233119
12110000199211
91011211249311
11019291192291

17 16 65 board_17x16_65_73220_none
11112210000111000
19229921001394221
34934591013999939
99229921019944931
22112211122322110
11111101921291000
39439101249311000
99993200199300111
34439112359311292
19222229939219229
23911933333433221
29333349329993921
93939939922595391
23149422210395921
92129421000399210
29112991000293100

18 14 52 board_18x14_52_73294_none
001139493121119229
222939494929221292
992232229333910111
332191011292122210
191123210111019910
111019931000013320
221014991001111910
992235941112922110
932999930193392110
222234932233922910
191001293939333210
111000113931299210
001232212221234910
001999291191192110

19 4 17 board_19x4_17_73352_none
0000019129939211292
0111012239449219239
0292012933921111139
0292019229210000029

18 4 20 board_18x4_20_73372_none
122921101293920011
929229102933932239
343221213921239959
992910192110194992

17 6 25 board_17x6_25_73400_none
12912959201992100
92224999412359200
22193959391199311
92222121212232292
12921001233910129
01291001999210011

11 16 27 board_11x16_27_73431_none
00000001292
00000123939
11101399221
19102993100
22213942000
91192291000
11222111000
00292001110
00292001910
00111001110
22100111111
99211291191
23912932221
12223921910
19119322220
11112911910

9 19 35 board_9x19_35_73462_none
001910191
012210111
019100000
232101110
992102931
349213949
293292139
393223121
293292921
223922129
192110022
122100019
129210122
932922291
932292921
393222110
294921211
129239492
011129492

7 19 35 board_7x19_35_73500_none
9112921
2339329
9299333
1333299
0192232
1334920
2994920
3959210
3953210
3992921
9433392
3592393
9992292
9532221
2922910
1293220
1212910
9101121
1100019

4 16 15 board_4x16_15_73537_none
0191
1222
9329
9392
1211
0011
1129
9239
2943
1299
1233
9119
1122
0129
0192
0111

5 4 5 board_5x4_5_73554_none
12949
92299
11122
00000

11 10 16 board_11x10_16_73560_none
00000001291
00000001921
11012211110
91019910000
22012210000
91011111100
11019339111
01122992229
23911232292
99210019211

18 19 89 board_18x19_89_73578_none
999200194992193920
249201239992113920
121101923931012321
920012322110029492
931129392101149592
943932939101939421
939933243434332921
122392929999911291
001233333495421122
112929391239392139
193232932192495399
223933491123499942
912939922139969920
111244311939969310
000199212233992100
111124932912331000
192123949212931100
224939392102939111
193931211001121119

18 19 93 board_18x19_93_73679_none
292199112399992011
493233119979693239
993294334999549399
393399993344992393
349349422913941222
993393211123932391
954934931019339931
299329992011295931
139223593110129349
012339324920011299
002994494931001232
002949949493111921
012223492395921291
019101921249932332
011101110199593991
111001110122393221
293122910111112221
293929210192111991
112121100112911221

19 10 28 board_19x10_28_73791_none
0001121100002920000
0012939322102920111
0019349399101110191
1121294433210000222
1910129911910111191
2220024421110193432
1921019922110129991
2391123392910012321
2921191112110000000
9210111000000000000

18 6 23 board_18x6_23_73821_none
019100001910000011
122101111121211029
192101910129292139
139213320192229139
259439921211012239
999399329100001921

14 4 13 board_14x4_13_73848_none
00000000193991
22211112239321
99292293932210
93212923921910

11 6 12 board_11x6_12_73862_none
19119929221
23222223939
92910002931
23210001232
19100000199
11100000122

5 18 22 board_5x18_22_73875_none
00019
00011
01121
02949
13949
92121
23221
19939
24931
29210
93210
23921
29339
92292
11233
12299
92949
12121

4 19 23 board_4x19_23_73901_none
0111
0293
2499
9932
2321
0191
1343
3999
9953
2229
0122
1393
9599
9593
9411
9300
9200
3310
9910

4 16 10 board_4x16_10_73932_none
0011
0019
0122
0191
0111
0122
1299
9333
1291
1232
2939
2931
2210
9100
1100
0000

4 14 9 board_4x14_9_73944_none
1910
3320
9910
2210
1100
9100
1100
2221
9939
9931
2210
0000
0000
0000

5 12 9 board_5x12_9_73954_none
02920
02920
12221
19129
11139
00039
00139
00192
00111
00000
00011
00019

11 4 10 board_11x4_10_73964_none
11192111211
91129229392
11022493493
00019392292

18 14 55 board_18x14_55_73975_none
292393100299291019
944999111394332111
299454219223929100
244399322119343200
199249491012399100
122129311001944421
011111100001129991
239210012210013431
993921119921001910
233229223492001121
129112391293111129
192101921129229129
112112343222921122
001911999911110019

18 18 47 board_18x18_47_74037_none
029491112910001110
029921192122211910
012210222019911110
012210191012210000
019910122100011211
122210019101129392
911110022201943492
111910019101299211
122210022200122111
939200019211000019
139200012392110011
121211001922911110
922391001111122910
129921000000019320
124431011211012910
193991019391112110
114941012921192110
002920001110112910

12 6 20 board_12x6_20_74093_none
001999394939
001355939963
110199223999
911232212232
232921291000
929229211000

5 8 6 board_5x8_6_74120_none
00292
00393
00293
11239
19129
11111
00000
00000

4 18 18 board_4x18_18_74128_none
0019
0011
1110
2920
3931
9391
1211
0000
1110
1921
2229
9332
3992
9439
9211
3432
9999
3942

4 19 19 board_4x19_19_74149_none
1910
2221
9119
1111
1110
3920
9931
9591
2921
2210
9211
1291
1211
9111
2229
9129
1233
1399
1993

8 16 18 board_8x16_18_74175_none
00011100
00019100
00011100
00001221
11012991
92119332
29111119
11211011
12391000
29921000
95320000
93910000
23110000
92221000
23992100
19339100

16 4 13 board_16x4_13_74194_none
9921112110292111
3492293910292191
1922939221222211
1111121119119100

17 4 11 board_17x4_11_74211_none
19100000000019929
22200011111123321
39311019119119100
99391011111111100

19 8 27 board_19x8_27_74224_none
0293910000000129100
0293221011112494211
0111191019239999239
0011211124949593299
0019210193942222222
1122910223392019100
1911110191293111100
1110000111129100000

19 14 71 board_19x14_71_74255_none
0029219920019292211
0139213921132329292
0192213221949212349
0222193933499201949
0192224959953312149
1334923959949292149
9399493249593324949
2494933921392193942
3932293220122212129
9931213920019111111
9339423942123449200
1239992399229999200
0194431293293494210
0112910111111112910

19 16 79 board_19x16_79_74335_none
1129910019291000293
9249410012432000299
1299311102991000133
0149329314952011229
1129229393991019292
9222111224542122211
1292101139991292000
1249311939942292122
3959911133592122399
9993211239492129399
3932111993932293469
1122922222139423999
0029491000139913979
0149422100193223959
0199329111212129349
0122292119101921292

18 18 78 board_18x18_78_74431_none
921111129310000000
239119139921123221
194322239491299939
139911921211296941
029421110000113920
123910000000001221
193231100122100292
223939311199100292
192139492122101221
111012593000012910
233211993100019210
999922449211022311
989439495491019391
999439499932113931
359921334349324942
944311291199399499
499101933332239449
993101129910011292

14 18 35 board_14x18_35_74526_none
92110011101110
23910019102931
92121111102939
11019100001132
11011100000019
91000000000011
11011100111000
00019100191011
00011100223129
01121101292921
12929212932110
19333922921110
12912921111910
01122210001110
00019211110000
00012934931100
00001399949222
00000294392299

8 8 16 board_8x8_16_74564_none
19119111
11122339
00019399
00012959
00001292
22211111
99493111
23999119

4 4 3 board_4x4_3_74584_none
0029
0029
0122
0191

5 14 19 board_5x14_19_74588_none
19100
11100
12121
94949
39992
93432
11191
11222
92292
92393
22392
19322
23392
92939

10 19 27 board_10x19_27_74613_none
9229100111
2932201291
1129102931
0011103941
0000002939
0000012332
0000019391
0000012921
1110012210
2910019111
9221112229
1119101921
0122102220
0191002920
0122102931
1119101392
9112210292
1112910111
0019210000

14 16 46 board_14x16_46_74642_none
29311111019100
39592191022200
39593111019222
92493000122299
22292000293239
91233100299221
22199111223910
91122119101121
11000012210019
00011101911132
00019323221939
01123993911293
01912993111349
12111222222993
93221001992493
93991001221292

19 5 16 board_19x5_16_74694_none
9211000001129101110
2391000001932101921
1921000013491001139
1221111129931001139
0191191194920001921

19 4 11 board_19x4_11_74712_none
0000191000191001129
0000112110222002942
0000013920191003991
0000019920111002931

19 6 25 board_19x6_25_74724_none
0122119991111292111
0199213542191292191
0149301992111111111
0039302493110111000
0139312933922291122
0192292292292921199

16 14 55 board_16x14_55_74754_none
2942119229119111
2999124932221239
1243219932921299
1229112392239239
9293222321193221
2333929922344910
1929222393999310
1121100129599411
1122210011399391
2939921100122222
9239439101121229
1123921101929493
1119320001122994
9112910000001399

10 19 29 board_10x19_29_74818_none
0000000000
0000112221
0000192991
0011212221
0029200000
0029311000
1111392011
9211292019
2391111011
9211000011
1100011229
0011119393
0019111392
0012210111
0001911110
1111222921
2920194339
4942349921
9939939310

7 16 27 board_7x16_27_74849_none
1929921
2333229
9493232
2993991
1333221
0191011
0111019
1100022
9421029
9991029
3553222
1999292
1232229
0011233
0019399
0012932

4 5 3 board_4x5_3_74880_none
9210
2921
1291
0111
0000

5 5 5 board_5x5_5_74885_none
01910
12110
91111
22292
19229

7 8 14 board_7x8_14_74892_none
9910000
3332210
1939910
1139310
1222111
9291029
2444239
1999921

14 19 35 board_14x19_35_74911_none
12110002949100
92910002992211
23110012321292
91000019100394
11111011211299
00191111191122
00111191123210
01110111019910
12910012333210
19210019991000
11100013431000
00000002920000
00000002920000
00001122322110
00001939593910
11101139993110
29100023421000
92100019100111
11000011100191

18 16 77 board_18x16_77_74948_none
029329921019102920
249933392232102942
993493212993122399
221299211495939239
000123910296952111
110001110129992000
932211111012492111
299292291111111293
133313953392000399
129212999493000395
933922233493111399
239492124932911943
192392199922343349
122212233222999299
029312931019595432
029912991012939910

19 12 56 board_19x12_56_75038_none
2933910002939910011
9499221102943310019
1393129201139421011
0112139310139991111
0002933920194932292
1113944931324222959
9329399229294922992
9493233223439922442
1392019119944311991
0111011123499102342
1110111019223323949
1910191011101993992

19 10 41 board_19x10_41_75109_none
2391013921222922910
9943119921993392110
2399113321239222100
0122101932123329111
0000001299129922229
1100000233129432921
9100111293112929320
2333493399201122910
1999999239200012321
1394332111100019291

18 4 11 board_18x4_11_75157_none
000001121393291011
112111929399211019
293922221222100011
293129100000000000

12 10 30 board_12x10_30_75169_none
949912931000
994212991000
992001232111
344210129119
399910193211
994210129100
221000134310
001111299942
002921934999
002921111399

9 16 21 board_9x16_21_75202_none
191000000
332001110
991001921
221001129
011101121
129101910
192101110
112233210
002999910
003964210
003992000
113992000
192221000
223110000
192921000
112291000

4 19 21 board_4x19_21_75225_none
1221
1992
2349
2942
2949
1393
0292
1332
2991
2931
3320
9921
2339
1292
2942
2991
2443
9299
1222

5 6 4 board_5x6_4_75252_none
00000
00122
00199
00133
11119
19111

8 4 6 board_8x4_6_75257_none
02999100
02942211
01111291
00001921

11 6 18 board_11x6_18_75264_none
93212921100
99292139322
44311139399
99200194432
49421129910
93991012210

12 8 24 board_12x8_24_75287_none
910019119399
221232112932
921991123210
932331299100
932922594100
293339993100
239393339100
922921011100

19 19 76 board_19x19_76_75313_none
1293910000000000111
2949210111111011292
9393321192291019229
3434991129211011111
9939932132312110000
2239533939393921000
0012993953494492000
0001222299449493111
0000011223993494292
1221019223593299229
1992121299392123232
2322910133311001929
9101121129200002231
3310019139410124931
9922232229910199939
2349929224331334221
1399321292939391000
1994111212139311000
1392019100011100000

19 19 95 board_19x19_95_75403_none
1910111129992992129
2232492193322233921
2929993343100019210
9224942999100011111
1224932393101110019
0299592111012910011
0399794112339332111
1399999229992399119
9334433933321294211
9219112493111229222
1222229499219111299
0293394969422212232
1494995399491192910
9394499444932323110
2433945993129291000
1993139993122322211
1392029439129329291
1322022222229932311
9291019119112229100

17 8 18 board_17x8_18_75509_none
01910000000029200
01110111000039300
00000191001139211
01110111112921119
12910000192111121
19210001221013931
11100012921019992
00000019391012339

14 4 12 board_14x4_12_75529_none
23349921000191
99999592110111
39433922910000
11101111110000

10 5 13 board_10x5_13_75544_none
9211912999
3921112964
3930002399
2931101932
1129101110

4 18 13 board_4x18_13_75558_none
0000
0011
0019
1233
9499
9493
2311
9100
1100
0000
2221
9929
2221
0011
1229
9292
1211
0000

4 19 18 board_4x19_18_75573_none
1110
2921
9229
1222
2391
9942
3991
2342
1929
1243
1399
9393
1322
0191
0122
0019
1222
9291
1211

4 18 20 board_4x18_20_75593_none
2939
9239
1111
0111
0293
1499
1999
2493
9332
3929
9232
1129
0029
0122
0191
1232
1929
1121

11 5 11 board_11x5_11_75616_none
19391000139
12932001299
01291012932
00111129320
00000193910

12 4 12 board_12x4_12_75632_none
001111991192
012923431129
019349921022
012939491019

19 12 31 board_19x12_31_75647_none
1291000000001910000
1921111000001110000
1110191001110000000
0111111012911110000
1291001129321910000
9211001923932221100
1101111123949119111
1102920019593111129
9102920012993100029
1102232211239101232
0001929922121101991
0001122392910001221

19 16 54 board_19x16_54_75682_none
0000011119101221192
1221019111213991129
1993221112393931011
1349910019922110000
0193211133311121211
0223111929212929291
0192911122393221222
0112110113949100019
0001110193942222111
0001921112292299100
0001292221129222211
0000223992121222392
0000192222910299492
1110222001121399421
2920293122229333910
2920293929922911110

19 18 72 board_19x18_72_75741_none
1110299239392910000
2932493299422110011
3939921123911221019
9222332101122993221
1111399210019449910
0029494911121394221
0029423112920292129
0011291003930223292
0000123324930192921
0000029994920112232
1100029449422232299
9101121129492999349
2201910123923453292
9211111292123991111
2910001933339931000
2211223239994320000
9202992922322910000
9202932110001110000

19 19 95 board_19x19_95_75816_none
9959399321019944920
3999335992134999920
2342119944949559431
2920023494969595949
2920129324949495949
1110192393121339221
0000111394121293200
0000000294929339100
0111111129454932200
0191192223999239321
2322239392243229939
9923943932139324942
9329992291199493291
2222332222223493232
2910019229112933929
9210123922229392132
1222293221921211019
0299323922221110011
0294912921911910000

17 18 62 board_17x18_62_75937_none
11101121111119100
29211929229111100
94932233492101110
13949119921001910
01294322210012210
11129911221019211
91012211992122291
22111013592191122
91191019921222019
22222123322393332
39219119229949993
99322112922239999
22392001110124459
00292111001292932
00111192101933292
00000129101394339
00111022200299942
00191019100124991

16 16 44 board_16x16_44_76004_none
0111000191012910
1291000111019320
9222211111012910
1119291191001221
0123432112110292
0192991002920393
0224331002920292
1292911111110111
2943212942100111
2959202999101292
1299212493101949
0133219211001292
0019222100000111
0122392000001221
1392292000001993
9392111000001399

11 8 16 board_11x8_16_76053_none
19291192110
22211223910
91012393220
22019923920
91012212920
12110001221
01921100293
01129100299

10 6 13 board_10x6_13_76072_none
0293910292
1494110293
3992000139
9931012239
2210019921
0000012210

5 5 5 board_5x5_5_76088_none
00029
01149
01949
01292
00111

4 14 9 board_4x14_9_76096_none
0111
1291
1921
2231
1929
1121
1100
9100
1100
1100
9310
9921
2229
0011

6 19 30 board_6x19_30_76108_none
294910
399432
959399
931222
110011
012239
019959
124992
913941
112920
111110
910111
111291
001932
111129
911132
333939
994952
223991

8 19 31 board_8x19_31_76143_none
92129291
12933421
01139921
11129491
19111211
12210111
12921191
39492211
99329210
33112910
91012210
11019222
11012399
93111932
94921121
13920019
12221111
19239200
11299200

15 8 25 board_15x8_25_76180_none
192111929291011
123911121211129
019321111110293
012911923931393
001122339949229
000019295932343
000011239311999
000000029201249

19 6 18 board_19x6_18_76211_none
0111012910111000000
1291019320191111111
9223223921221191191
1119912922920111222
0024432323920000191
0019929292110000111

18 16 69 board_18x16_69_76232_none
011111222292122399
019119299312929943
122221249301122391
911921039410000111
111393149921100000
110293939329210111
920123221223921292
932239222493291394
293993929995432399
114964222499992293
002999100134694221
013593212139494931
029931193939313939
029920129221213231
023421011111292921
019291000019212291

11 18 29 board_11x18_29_76309_none
00191112110
00111192921
00000112291
00122100122
22299210019
99334911132
39219211929
11111101121
00000000011
01110001139
01911111939
01111911121
00001110000
00000001110
23210001932
99920001299
39931100139
12229100011

9 14 19 board_9x14_19_76340_none
000019111
122111119
199210011
344911110
992122921
221129339
000193921
000223110
111192221
191112992
111001392
000000111
011111100
019119100

4 5 6 board_4x5_6_76361_none
9491
9931
4930
2920
1110

4 4 3 board_4x4_3_76370_none
0000
0111
1392
1992

4 4 3 board_4x4_3_76375_none
9910
2210
1100
9100

4 6 3 board_4x6_3_76379_none
0191
0111
0111
0191
0222
0191

4 8 5 board_4x8_5_76383_none
0000
0000
0000
0000
2221
9939
2393
0129

9 18 41 board_9x18_41_76389_none
393910029
994121129
392019111
233112210
299211921
395921292
923931129
221291133
910111199
233210249
199921292
246439211
199922221
139311929
022202342
129102991
293223931
922929210

16 16 37 board_16x16_37_76442_none
1110001911921100
2910001111139311
9210000000139391
2200111000293211
9100192110293100
1100112910129100
1111101110011211
9129200001121291
1239201111939211
1292101911292100
9322001110111111
1392000001110292
0293221012921292
1222991019493211
1911332011399210
1110191000123910

19 6 32 board_19x6_32_76485_none
1999911992939493910
3459422443139493221
9922923991011322191
3321294942110192221
2932213933931212910
9399101129939101110

19 4 17 board_19x4_17_76524_none
0000029219222393210
1100039312939939920
9321029201294334920
2991011100129119210

18 5 12 board_18x5_12_76543_none
000000191000000111
000000111111112291
000011100191192921
232129200112222221
999129200001910191

18 6 16 board_18x6_16_76556_none
111012210011223391
191019921229299921
111012229292223210
110001121212221000
910012910001992000
110019210001392000

12 16 53 board_12x16_53_76574_none
199999993910
124596694210
002959939210
013993223931
019321002993
122211222399
923921991233
129932232291
123392139422
292323949391
939293392211
121239421111
000029920192
001123920129
123921222243
929920192999

7 19 17 board_7x19_17_76634_none
0012210
1119910
9233421
2939291
1292211
0111000
0000111
0000191
0000111
0000011
2210019
9911121
2211910
0112121
0191019
0111022
1110029
1910029
1110011

4 14 14 board_4x14_14_76654_none
1139
1949
1139
0022
0129
2493
9992
2321
0011
0019
1121
1921
2492
1992

4 4 3 board_4x4_3_76669_none
1129
1932
1291
0111

7 5 5 board_7x5_5_76673_none
0199119
0122111
0011100
1129100
1921100

8 6 8 board_8x6_8_76679_none
00011129
11129349
91193992
11112221
01110000
01910000

10 10 24 board_10x10_24_76688_none
2932210199
2939933332
1133499910
1119344421
9123939391
1119349311
1112393200
9311939100
9911122210
9310001910

12 14 46 board_12x14_46_76718_none
110292000011
921494110019
921994931011
111224992000
122214993111
199595959119
249994942222
193322392191
111000293343
000112344999
121294999499
949329963233
959323991019
293911221011

18 19 47 board_18x19_47_76771_none
001110000000001991
001910000111012432
001221000191129292
011392000112292229
019493001122921011
012493223939211110
012922993931101921
019211222110001292
121222111100000129
920199229210000011
920123922910001110
220001111121102920
921000001239223920
392000001993929210
292011101233222210
111129100019101910
000193200011112210
000129100000029200
000011100000029200

18 19 50 board_18x19_50_76823_none
001911110111012221
223332910191029929
992993220111029321
222222910000011100
000001110011101121
000000000019101929
112121100011102231
193929100000112910
129221100000294221
134310000000299229
299910000011334921
934320111029392221
111910191029312291
001111221011101921
112111921000001221
293911293211110191
939210239922910222
121100193229321191
000000111011291111

19 18 58 board_19x18_58_76877_none
0001921211000000011
0001129291000012339
2210011211011119993
9921211000019113993
2229392212233211392
2223949392992921211
9922932933222129211
9921122392110011292
2221119212910111129
0019232201110292011
0023929101221292000
1249321102991111000
2999301113952000111
2959201912991000192
1232101122321000129
0191000019100001121
0111001121100012921
0000001910000019391

19 14 67 board_19x14_67_76939_none
0001911299299929349
1112222943334443999
1934923931911993493
1299922921111333932
0134312220001393291
1129101922211995321
1921101239912499910
2210000194321934320
9100000112911223920
2200011102221395931
9200019101911999392
9311022212333595339
2492019119399599239
1992011112933993292

18 6 24 board_18x6_24_77014_none
011101111111921292
129101922911239449
921112392110193993
110019321000124449
012233922222229921
019929229929922210

17 4 10 board_17x4_10_77039_none
91191012210011211
11112239921019291
00001993392111211
00001221129100000

11 8 22 board_11x8_22_77052_none
22101293932
99222939399
34939344432
39492299910
99421124320
23910001921
01110123229
00000199111

8 14 27 board_8x14_27_77080_none
00012210
00129920
00196930
11129931
92233392
12992129
01392122
12332292
19939339
13595931
13996920
93999221
12232119
00000011

5 19 14 board_5x19_14_77109_none
00000
00000
01110
12910
19320
13920
02942
24499
99949
39321
22200
19100
22100
91111
11191
00111
00000
00000
00000

4 12 15 board_4x12_15_77128_none
9949
3499
9222
2210
2920
3930
3920
9421
9391
2422
9391
2921

9 4 5 board_9x4_5_77150_none
011101999
019101243
011100019
000000011

17 12 49 board_17x12_49_77157_none
29291129391011111
92222294942019119
22119324993132322
29222292394949593
92292223323949999
23339119911233493
19921112210191233
13320000001222299
01921211112912942
01139391192123920
11239311233129420
19292100199129910

19 19 55 board_19x19_55_77212_none
0000000012921100191
1221111019239311221
2992291011129911910
9339321000023311110
1223911110139200111
0192111922399311292
0111112129942292392
0000191124920129211
0000111293232111100
0000111292199210000
1111291111123910000
1912942100001121100
1234939100011119100
1299221100019111100
1932211111011111100
2321292191011239311
9291292111129299391
2333321000192222211
1929910000111000000

19 19 75 board_19x19_75_77275_none
0019101129119339111
1222223932212993229
9291199339101222943
3421123495432212399
9920001999999392399
3920001233344933943
2210000000129392129
9200001110192322022
9421013921222291019
3992119921911921011
9339223211112343221
2211291000002999939
9101233211112944349
1102939922923221921
1113954439392912220
1923939921212112931
1129222221100002991
0011100019100001221
0000000011100000000

16 10 33 board_16x10_33_77356_none
1921111101910019
1239119101122221
2392112210019910
9932012911233221
2392139311992119
1212949312339122
9202249219111239
9201922332211199
1101122992292222
0000019339229100

9 4 7 board_9x4_7_77397_none
000199210
110134921
920019229
920011111

4 16 9 board_4x16_9_77406_none
0292
1392
9211
1111
0019
0011
0011
0019
2221
9910
2210
0111
0191
0111
1100
9100

6 18 28 board_6x18_28_77416_none
191000
222000
191011
232129
939339
139942
013993
233499
999222
232222
110199
910122
220011
910139
220199
921349
349292
992211

9 12 23 board_9x12_23_77449_none
192212929
129292121
011222111
121129219
929129211
132211100
029321100
039939111
139931119
194320011
113932221
002939929

15 4 10 board_15x4_10_77475_none
292001929292110
392002342212910
921001991112110
110001221191000

19 10 40 board_19x10_40_77487_none
1100192119210293392
9100239112921393994
1100192101239323399
1111221111192291249
1911911292232211192
1122222933929321222
1129339493122991192
1923992392001332129
1112931222000192222
0001110191000129291

19 16 42 board_19x16_42_77542_none
0000001110012923920
0000001910019493920
0000001111122933110
0111011102921392000
1291019223932392000
9211012929392932100
2200002231224339100
9100001921119921100
1111101129333210000
0019100023991000111
0011100029421000192
0000011139300000239
0000019239311110192
0000011293922911221
1110000112394221910
1910000000293911110

17 19 79 board_17x19_79_77587_none
00111192111101910
11292229229212110
19229234942391000
22213949949223210
19102995942129910
23322493393129531
39929321299223992
99432921123923992
96912391001129332
99211922121112229
22212223949201921
01292394959313220
12949393292292921
19493212332112291
11493013993111211
00293119999119210
11239214974223910
19129203999219210
11111102959211100

9 8 10 board_9x8_10_77669_none
000012921
011119491
019112921
012211110
001921111
002492191
001992111
001221000

6 4 5 board_6x4_5_77680_none
001929
112232
191192
111129

4 8 6 board_4x8_6_77687_none
9100
1111
0139
0199
0122
2210
9910
2210

8 19 37 board_8x19_37_77695_none
23392921
99923391
24432921
02993220
13943921
93239229
12921111
02331000
12992100
92239111
11023339
00029949
00029459
11113949
19102942
11112492
01139592
01949932
01293229

14 14 34 board_14x14_34_77736_none
01934921922921
01299921139592
00123210039592
00000000029311
01111121112210
01911929101910
13333453202220
19939999101921
12393332212291
00112110192221
01111910113920
12911110014930
19210000019931
11100000012229

19 4 19 board_19x4_19_77775_none
0011101921123339392
0019212291199994492
1243391111123499443
1999211000000123999

19 6 25 board_19x6_25_77797_none
1111999292929111291
1923353312121129311
2393939211000039311
9434931291111039319
2993211221191029321
1239101910111012910

18 10 27 board_18x10_27_77824_none
000000139219100000
000011299211111100
001129333210019100
001922911910011211
001111111232112492
000011100199119992
000019222222224431
000011299101394921
000000122101999449
000000000001249399

15 18 55 board_15x18_55_77858_none
221192102939129
993239224931239
495942299321192
395991123392221
923932122934920
222222939449920
192394393993210
129393933221111
011223391000191
000129432000111
000294991000000
122393221000011
199211000000129
133211100000192
129119100001232
192112210001929
111002921112242
000002921911929

12 19 63 board_12x19_63_77922_none
113932139421
194992939991
113932123431
001111111921
000002932239
123223992292
199939334931
259592239920
199434399531
122299943991
012345922331
129959533931
923999995959
111233339949
011100024442
019111119939
121119333239
911122993232
111911393991

9 18 33 board_9x18_33_78002_none
111110292
911910393
222110393
191111292
233291122
199222229
122119293
000011339
232111293
999119339
394213942
129102939
011101132
112111129
292911932
923221129
112920011
002920000

7 14 14 board_7x14_14_78044_none
9100000
1100011
0011129
0019129
0011111
1121111
1929229
1121293
0001239
0001921
0002331
0112991
1292221
1921000

5 10 7 board_5x10_7_78059_none
00111
00191
01332
12992
19339
11111
01110
01921
01129
00011

4 6 5 board_4x6_5_78068_none
1111
9119
3432
9991
2321
0000

4 4 4 board_4x4_4_78076_none
1910
2221
9219
9211

4 4 4 board_4x4_4_78082_none
1110
2910
9321
9219

5 6 5 board_5x6_5_78087_none
19119
22211
19210
23910
92110
11000

9 14 22 board_9x14_22_78094_none
112992111
192239119
122112221
129101910
932101221
291000292
111000292
232100111
999311000
249392100
121339100
910192100
110112232
000001999

15 19 69 board_15x19_69_78119_none
011101111921292
249201911129239
999201110012249
993211001111939
931292001922121
222392001293321
293931001249992
955920012939549
999222229334931
244329922393931
019932222922392
124930019221392
923931122229422
292129229139591
122111293339921
029321239496420
029929129499920
012222222334920
000001911911110

19 8 32 board_19x8_32_78203_none
2910019221100122111
9431013939101299119
2991002943222943333
1221012392929349399
0111129223232399339
0293292119229223221
1393921011293201910
1922110000129101110

19 4 20 board_19x4_20_78240_none
9119119339101994221
1112333994311399939
0123993349910123239
0199322922210000011

15 8 16 board_15x8_16_78267_none
012921119101110
129229111101910
921122200012210
110129100019111
001393211012229
112992191001921
192221111002220
111000000001910

9 18 41 board_9x18_41_78285_none
910000191
222221233
293992299
394349332
393294932
293394399
129239432
133229910
199123421
233339392
922993492
292349321
222194931
191224991
111192221
121211000
939111111
931119119

5 19 17 board_5x19_17_78330_none
19291
11211
12210
29910
93321
11192
00239
01292
01921
12221
92291
23932
93229
29221
12910
01110
00000
11000
91000

4 14 8 board_4x14_8_78351_none
1211
9393
1399
0233
0191
0111
0000
0000
1211
9392
1392
0111
0000
0000

4 6 7 board_4x6_7_78361_none
1910
3431
9991
4952
2939
1121

11 8 13 board_11x8_13_78371_none
01110011111
12910019119
39321111111
99219111100
34221129200
92910029200
12121111111
00019100019

18 19 74 board_18x19_74_78385_none
001999949229119100
112346994932211111
293294993129210019
393934931012922221
933229211111129921
129111101933233329
011100001399939211
110122222394239200
911399299321011100
111993223910000111
233321002343211292
999212112999911939
343292912994211121
291112111221000000
931122101110000000
932399222921000000
249944939391001221
199429392322001991
139211211191001221

19 19 53 board_19x19_53_78467_none
1910192100001110000
1221129210112922210
0293123910294239910
0299119321299239310
0122111291122293210
0000000111000112910
0000111000001222110
0000191001111992000
0111123211911392000
0191019911110222011
0111012221211292019
2210122129392393111
9910199129312939210
2321122111101122910
0191111001110001110
0222193211910111111
1291129911111393291
9322012321001999211
1291000191001232100

19 16 46 board_19x16_46_78522_none
9100000019129212910
1222100011129219221
0299101110022211129
1394312910019111129
1939393110012229111
1233492111002931100
0193921191002920000
0239210112111110000
0192100001921100000
0111000001129211000
0000011101132391000
0000129101939212110
0001292112494201910
0013931019499212110
0019931123593291011
0012229119921111019

18 10 44 board_18x10_44_78575_none
921929100199119221
932232211233323929
239229239219494231
932392299213994931
129211234212933992
011100192911112593
011101345320002992
029201999911234942
149301233211999229
939200000001393111

17 6 28 board_17x6_28_78624_none
29101993910001110
93213449431002931
49329933992224991
99922339559299432
23221294992233391
00019229321019211

14 4 9 board_14x4_9_78661_none
19291192110191
11211123910111
00000139310011
00000199200019

8 10 16 board_8x10_16_78671_none
11101921
29101129
94310011
39932111
39599219
93949211
12121211
00111292
00191292
00111111

5 16 22 board_5x16_22_78690_none
29100
93200
29100
22211
92191
94222
99229
35942
94939
29221
22200
29210
94921
93249
11199
00139

4 18 11 board_4x18_11_78717_none
0000
0000
0011
0019
0011
2321
9991
3942
1291
0111
1110
1921
1129
1232
1991
1221
1100
9100

6 12 17 board_6x12_17_78730_none
929910
122210
111000
191011
111129
110192
910111
121111
129339
294992
959532
949391

8 8 16 board_8x8_16_78748_none
01110000
02921221
14932992
93923992
12223942
00194339
11229942
19113991

14 4 7 board_14x4_7_78767_none
00292029211100
01392029229200
01921011129200
01110000011100

17 8 28 board_17x8_28_78775_none
11292991012929210
19223322129233910
22219101921119332
19111212121111299
22200192239311139
19101239299492122
11113931222393291
00019920000129211

19 16 75 board_19x16_75_78810_none
0019100191001911110
0011111212222122910
0000019102991129442
2210134323931195999
9910299959431229952
4532496999949324931
9993994233499493339
2323993101395949493
0001239101923932994
0000011101122322499
0011100011119291395
0019100029443311299
1121211139999333332
1910192293333999910
1110239332213494210
0000193929292921000

19 19 63 board_19x19_63_78896_none
2321000000000000019
9992111110000111133
9422911921000191299
1223222492111122394
1299119493291019339
1932223922921011292
1111292111110000111
1101922110000011100
9311122910000029200
9911139321111129200
2212949329129211100
0124932932249411110
0199211291299912931
1343111211295433939
1991019112322992121
1221012339922321000
0111001994339100000
0192101222921211000
0129100001110191000

19 19 50 board_19x19_50_78961_none
1100000001110192291
9100000001910112921
3310000001221112221
9921110000192291191
3921910000112921111
1111110111001110011
0000000191011211019
1110000112129394332
2921110001921399991
2922931001221123443
1112991000191000199
0001343222323232222
0000199299293999100
0000122222213953200
2210001110001239100
9910001922110192100
3310001292910111000
9200000112110111011
9200000000000191019

12 8 24 board_12x8_24_79014_none
000011239229
000029399339
221029334932
991011229229
942211293122
239391293229
294921139392
293110029311

6 5 5 board_6x5_5_79044_none
000192
000139
000039
011129
019111

4 14 13 board_4x14_13_79050_none
0199
0122
1110
1921
1249
0199
0259
1299
2942
2920
1121
1119
9111
1100

4 16 13 board_4x16_13_79068_none
2910
9210
1211
0292
1392
9211
1100
1100
9311
9391
2432
2991
3931
9210
1211
0191

9 16 35 board_9x16_35_79082_none
124920000
199931000
246592110
399944921
994399549
932259993
111939439
001121233
111012399
192129943
223932492
912920292
221121222
910019119
121111111
019100000

16 5 11 board_16x5_11_79123_none
0191191111000191
0112221191000111
1111922321000111
2921239910000191
2920193210000111

18 4 10 board_18x4_10_79136_none
292100001129291000
939100001922321011
121100001112921129
000000000002921921

18 4 13 board_18x4_13_79147_none
110123910019100011
931299210012210019
939222111212911132
121100019292111929

19 10 51 board_19x10_51_79162_none
9393110001129292110
2493911111932423921
2943111911129393392
3991001122334949339
2953223229994952293
1299299944423991129
1233333399101221022
3922921232100000139
9934932921232212299
2229922921999292932

17 19 43 board_17x19_43_79224_none
00191000019111100
00122100011119100
00019101111132200
00011101911929100
00001222112231111
00001991002920019
01122321002920011
01929321001110000
01233992121100000
00193332929211011
00112933232492019
11101299229492022
19100123922932119
11100001111239232
00000000000193929
00000000000112121
11012210000000122
92129910111122299
12922210191199222

15 19 50 board_15x19_50_79273_none
199100000112910
123210011393110
001921019494110
112393111494910
292499212494110
922993292992000
111221112332000
000111000192110
221192100112921
993239210001392
493934920000292
922139920111111
111149521191000
001949391122100
112293332119111
191123929111119
111019221111111
001121101129211
001910001921291

11 16 48 board_11x16_48_79324_none
19111101121
11129201939
11029213593
91011239992
22111399421
29339594200
29499949200
22495349421
19223934991
23239329942
94949324339
94931294931
23110239931
92111194491
92292239322
11292192291

6 6 5 board_6x6_5_79377_none
139391
949411
139200
011100
000000
000000

4 8 9 board_4x8_9_79383_none
0129
1293
1939
2232
9219
9211
3310
9910

10 19 34 board_10x19_34_79396_none
1211011100
9391019100
2922122221
2222921929
3922932221
9931239211
9930293392
4930292292
3930111111
2921110111
2221910191
3921110222
9921110191
3321910122
1911121119
2220019111
1910011100
1110000122
0000000199

18 10 31 board_18x10_31_79436_none
019100019101129492
012210011101922993
001910000112111392
111110112393100111
922110194999101110
292910129954211921
112110012494911392
000011100299310292
111029200139310111
191029200012910000

18 8 21 board_18x8_21_79469_none
011119211000000111
029211291000000191
139201332001221222
921101992111991292
222111223921221292
192910002920000111
112221012211232100
000191019101999100

19 6 16 board_19x6_16_79492_none
1110129100000112910
1910193200000193220
1110129100123322910
0000022311199911110
1100029391135420000
9100029311019910000

19 4 19 board_19x4_19_79512_none
0000011299200011299
0000019239322119333
0000023444599211393
0000019999999200299

15 14 31 board_15x14_31_79534_none
000019101291000
110011101932100
921000001239100
291001110294322
111001921399299
000001239222222
000000193211100
000001249219111
001111939322129
012922121393149
019492000293939
132492000112121
929211000000011
121100000000019

12 18 32 board_12x18_32_79569_none
191000192991
112121212221
012929100000
019232311000
122119391000
191124931000
112293921110
001922111921
001221001292
000191000129
000111000011
000011100000
110129101110
911293201910
233949201110
299359300000
933949311000
111292291000

9 19 42 board_9x19_42_79604_none
931029932
992129499
959112343
392101929
921001121
220112121
922393949
292993299
333221122
991000000
221011100
000019222
111121299
922911232
129333910
022399531
019359991
011399531
000294910

8 19 39 board_8x19_39_79651_none
19211111
23491191
19932111
24593210
29939910
94333310
29239310
13949920
14944952
29922999
94211232
94321000
29992100
25959100
19942111
12492019
11292122
91123391
11019921

5 14 15 board_5x14_15_79700_none
01291
01921
01221
01291
12943
29499
93393
93211
29100
11211
00191
01332
01992
01239

4 12 10 board_4x12_10_79717_none
1291
9321
3920
3920
9321
9219
2322
9392
1392
0111
0000
0000

4 4 4 board_4x4_4_79728_none
0191
1222
9229
2921

10 12 18 board_10x12_18_79733_none
0000191000
1121323110
1939492910
1139933110
1112391000
9200112110
9300001910
9312112220
1292911910
0112111110
1100112110
9100192910

18 19 86 board_18x19_86_79753_none
001910000012910191
012210000019210111
019100000011211000
011112321000191111
110029991011212393
921139653129212999
292293999339329443
333933249596932391
992292123999932932
332129229494392392
191023922432111393
111129212992221393
122293202932992493
199559201222222992
249999411192212343
193349393349492299
111022329959794393
112139212499994921
192939200294339210

19 10 26 board_19x10_26_79854_none
0001910111000191000
0012210192110111000
0019111212910000000
0011119211111110111
0000134910001921291
0001299210112129322
0001943112391011393
0001291019921111299
1100111134310192333
9100000199100129291

15 5 18 board_15x5_18_79883_none
992101110001992
349213920112249
294393921292129
293922112949122
112110002931119

12 8 17 board_12x8_17_79908_none
029313921110
039595931910
029495921110
022329332210
019112929910
121101122210
921100000111
129100000191

5 19 26 board_5x19_26_79928_none
19291
11211
11122
91299
22394
93492
39931
39931
49429
99211
22111
00029
12139
93932
29391
11211
23210
99920
24920

4 19 23 board_4x19_23_79958_none
0029
1129
9332
9949
4993
9439
9321
2921
1291
1211
9211
2492
9493
9439
2932
1129
0022
0129
0192

4 19 19 board_4x19_19_79986_none
9211
1291
0111
1100
9322
9499
9543
2991
2342
1949
1299
0233
0191
0122
0029
1139
1932
2239
1921

4 12 7 board_4x12_7_80010_none
9910
3310
9310
9910
2210
0000
1111
9119
1111
0000
0000
0000

4 10 6 board_4x10_6_80019_none
0000
1100
9100
2200
9222
1399
0293
0222
0191
0111

8 4 8 board_8x4_8_80027_none
01239211
01993291
13593111
92992000

12 6 13 board_12x6_13_80036_none
000192111110
110112922910
910001129321
221001121292
294211921129
299911291011

15 10 20 board_15x10_20_80053_none
110192121100000
910112929211011
110001121292129
000000000129239
111110000023492
912920000029921
112931000029321
111292100011129
910129100000029
110011100000011

18 18 78 board_18x18_78_80074_none
123910192921000191
399321212392001221
999439310393112910
249939921494292110
123224931999211000
293102933564311000
299213239999491000
122293933459932011
000129229249591129
110012222939311193
920112922332100239
952292239392111193
999322192493191139
393291122392111029
221111029311001243
921110029212322999
932910011129992249
292110000029931011

19 19 97 board_19x19_97_80157_none
1939100001292212291
1292100002959494931
0111111002969694920
0011291002499943221
1129312222997949129
9129312992394954339
2211294431123399921
9211239910029339431
9329139410029212939
3932229212221112239
9349443329922129111
2499999494493921100
2995696994394342100
3943999499422999200
9393494349932349211
2434939129939111119
9299221112221111122
2333200011100019229
9119100019100011292

17 10 29 board_17x10_29_80262_none
12910011292100000
19431019339101110
35992112921101910
99959201222111110
23239310193931211
00012921113949391
00001291001139322
11000111000012229
91122100000112932
11199100000192291

15 6 22 board_15x6_22_80294_none
920129322129100
920193993933221
110223393292939
011292222333293
129212911993229
921101111399111

9 5 7 board_9x5_7_80320_none
121101910
929212110
233391000
192921111
112110191

5 12 11 board_5x12_11_80329_none
01921
23492
99392
23321
01910
12110
91000
11000
00000
00011
22129
99129

4 19 18 board_4x19_18_80341_none
0111
1291
1932
1129
2221
9920
3920
1110
0011
0029
1129
9222
2391
9211
1222
1299
1943
3349
9939

5 18 13 board_5x18_13_80361_none
00192
12239
92921
13220
12910
93321
29291
12332
01929
01121
01110
13920
19920
12210
00000
00000
00000
00000

8 12 16 board_8x12_16_80376_none
11012910
91019321
23232392
19939229
12493111
00293100
00129100
00011100
11000122
91000199
12121222
01929100

14 4 13 board_14x4_13_80394_none
00122119292221
01299332212992
02954991001349
02992221000192

18 6 15 board_18x6_15_80408_none
000112911910011119
111192223220019111
192211192921122100
129100112291191000
132200001332111000
929100001991000000

19 12 49 board_19x12_49_80424_none
0019100000192911221
0133312121334212992
2399393929299202992
9942393232349201232
4952211191192211019
2999111323221192233
2332119292910139399
9100011212110029322
3310000000000012321
9921000000001233992
9491011101233999593
1211019101999332392

19 19 86 board_19x19_86_80477_none
0012211929211910111
0019912232911232291
0013321911121299333
1111923220129223399
1922293921292212959
2492139559312292259
9393249999201921199
1239499543101110122
2239594393210000000
9922949329932322110
3321139213949992921
2931111101139533292
3939101110022391139
9333312931019211029
9339912992012210011
2939311494101922121
1132200299201293929
0029422249310139321
0029992922910029200

17 19 46 board_17x19_46_80575_none
00000000000199211
00001110000123392
00001910011112939
00001111129239321
00000112921299200
00111192121222211
00192222129100191
11112912931211233
91002222920192299
22012911110239332
91019210011293921
11122100019212291
00191001121100111
00122101932101221
00019101299101992
11111222233201393
19100199229100129
12210122292111111
01910000111019100

10 8 21 board_10x8_21_80627_none
1922911129
1292234931
0111299920
0011495210
1129492000
9339311000
9595421111
9499991191

8 5 9 board_8x5_9_80649_none
92100111
29221291
12929322
12132392
91019229

5 4 3 board_5x4_3_80660_none
99100
22211
00191
00111

4 12 11 board_4x12_11_80664_none
9291
1322
0293
0299
1233
9119
1122
0019
0122
0192
1229
9111

9 19 23 board_9x19_23_80680_none
019211910
012911110
112220000
911910000
111221011
000191019
001232111
112939100
193392100
239321000
922910000
122210111
129100191
921211111
110191000
111223110
292293910
292293110
111111000

14 12 40 board_14x12_40_80706_none
01993991000000
01393221000000
01332000000000
13993332211000
93959999391122
13259659422199
12949593392239
29339939229222
49312332112492
99312392002992
22393992002931
00293221001110

15 10 39 board_15x10_39_80752_none
999939101239210
249593101994920
232393112333931
992112922911139
393122229321029
123929332292122
019333991129239
122393332013949
292292192113941
292111112912920

19 4 11 board_19x4_11_80795_none
9211110191191000000
2911910111111111011
1111111111221191029
0000001911991111029

19 8 32 board_19x8_32_80807_none
1911121101911239111
2221929211233993329
1922234920199559393
1129339931344992392
0012994933992221111
0001333294931000000
1100292129210001110
9100292011100001910

19 10 46 board_19x10_46_80844_none
0129129929942100122
1293339323999210199
9229493102354910133
1112992001939310139
1111233322139200199
1910019991133211249
1221014942399229129
0192234932994392111
0112999392223931000
0001393211002920000

18 12 58 board_18x12_58_80896_none
199129323229999929
233239399923943221
932922359521110011
994221949921111129
394921139932933921
113920024693299320
001221019992134910
111191012321029310
192221111112139322
113920192293932399
002921334959549239
001111993949992111

14 19 39 board_14x19_39_80963_none
00011211019111
00019291011119
00011211000011
11000000000000
91011211000011
22129391000019
19239423110011
11292393910000
00222293221000
00191122293210
00112129229921
11113931123329
19119921239221
11112212993921
00000113932129
00000294220011
00011393910000
11129322121111
91193910019119

9 16 30 board_9x16_30_81006_none
191000000
223111110
293922921
393294592
942129994
991012599
221000293
122101232
299113949
394119992
292012321
111000000
011101110
019101910
023311221
019910191

4 5 3 board_4x5_3_81040_none
0000
2321
9991
2321
0000

4 5 3 board_4x5_3_81044_none
0191
0122
0019
0022
0019

9 16 30 board_9x16_30_81048_none
922129229
292933593
224239992
192933321
112292100
011229100
239112210
994312921
999292292
233321129
001910011
001110000
000112110
001293920
001923942
001111299

16 18 59 board_16x18_59_81082_none
1991111192100000
1221191249211100
1110111299329210
1910000396932921
1232222394932239
0199299212129239
0122333222234492
0111192299299921
0191112943323321
1212111129112391
9322921011119921
9949492101133421
3994939222929291
1394343929221211
0112994331100000
0001239920000111
1110013920001292
1910001110001939

18 14 66 board_18x14_66_81153_none
129911129293921121
193322922324931929
112393222912932221
112994292233229111
922999212299222239
921232112932291299
110000129320222293
000000193911291122
011101334343932019
129101993999493111
292102595354599321
922111995939943992
111922596934932593
001129399212921992

19 6 21 board_19x6_21_81229_none
9100001910139211100
1100001221199229200
1100001392122129211
9111112992111122129
1239219431192291029
0199212910112921011

18 4 13 board_18x4_13_81255_none
192110192921001992
112921323291112392
001139391112291111
000029311001921000

15 10 39 board_15x10_39_81271_none
223921929210191
993921134932321
443121119939921
991019123433392
222232119391129
012992012933132
019492124492929
011211299933132
222111395592019
992911939392011

12 14 37 board_12x14_37_81318_none
123210191000
199921111000
124592001121
001993101939
001239211393
111012921392
192223239222
222993922229
911394221921
221124921110
393119930000
999113920011
453223221129
991199119129

5 18 22 board_5x18_22_81359_none
01110
12910
29210
92100
11000
01110
02931
03949
03952
13991
92221
23210
29920
95930
24920
39542
99999
94332

4 8 5 board_4x8_5_81387_none
0111
0292
1392
1921
1110
0000
0122
0199

6 4 4 board_6x4_4_81393_none
001910
013331
019929
012221

12 12 32 board_12x12_32_81398_none
911992100122
112349100299
122921101393
929222211932
121129911291
000039520111
121129921100
929222229100
133911232100
019211991122
233211344399
992910199932

18 19 59 board_18x19_59_81433_none
000012221229111100
001129939292119211
123933492211022492
199229211011119392
233111111119221211
191111019112921111
111191022201291191
111222019210222111
191192113920191000
222239113931211111
293393239449200191
939922949499410122
122323249449921029
000192921394391039
111112221292111029
191000292111001121
343100292000001910
999111211000001110
232119100000000000

19 19 86 board_19x19_86_81500_none
2910001992001910011
9442101392001111129
3999100111000002931
3954422110000002920
9229994931111101110
1223459949119332222
1291299942123999399
1921395391019333932
1110293332122223221
0111123992291299349
0191019322932394999
0111022212349312232
0011119129399310000
1249222229323910000
1999219122312121111
3595321119292119339
9949911121339223993
3349311932293494359
1921101299212993939

19 12 49 board_19x12_49_81597_none
1211019100122223229
9293221101399399931
2349910001999324931
1949310013443211129
1292111119922910011
0111129234329210111
0000293299111100293
0001393343211001399
0001933991192212943
0112292343239492139
0191112299239921139
0111001932293210192

17 5 12 board_17x5_12_81652_none
01111929100019910
01912242200012210
13321929210000000
19911123920111000
12210002920191000

9 10 19 board_9x10_19_81669_none
192111299
129229233
122293329
191129293
222011229
192111122
139219229
029211292
122101221
191001910

4 19 17 board_4x19_17_81692_none
2931
2991
2321
9200
9310
2910
1110
0000
1100
9210
2921
2391
2942
4992
9992
9421
1100
0011
0019

4 16 16 board_4x16_16_81711_none
1110
1910
1121
2229
9943
3499
1949
2232
9119
1122
0019
1121
1921
2239
2942
2991

8 6 7 board_8x6_7_81730_none
00000000
00111000
22291000
99423110
39492910
12922110

15 6 22 board_15x6_22_81739_none
012999111100011
129333339101249
922322994312999
111992399292343
002343443211191
001929991000111

18 12 31 board_18x12_31_81766_none
000112221000011211
000192993210129291
000123339910293211
000019112210293100
000023310001249311
000129911112969491
000193222923999311
000122119393342211
000029211213920191
000029200003930111
000011101113930000
000000001912920000

18 14 36 board_18x14_36_81799_none
002931000019210019
113991000012910011
192221000001110000
111000000011101110
121100000019211921
929222100024932229
132399100029939111
129222100139321100
921101110192100000
232101910111000000
199312110111000111
139392110191000191
133423911232111211
199292111929119100

19 19 92 board_19x19_92_81837_none
1293239931001111110
9229949993111912920
1224349593923222931
1293921213494922291
2939320124999392232
9222910199942212929
2211122469521001232
1910019999492221191
2210013569422992211
9100001993911239210
1101111333110012910
0001910292011101232
2222221393119210199
9939329339234910133
9569492292299310029
3999422211149311139
3969329100029439129
9595931100134993222
2994920000199339119

15 10 20 board_15x10_20_81951_none
011211029201110
129292139312910
292223921292121
921019210111019
110011212111121
000000192922910
000000112129210
011212111132200
019292911929100
011212111121100

7 5 8 board_7x5_8_81975_none
0019920
0025930
1139920
1939421
1121291

4 14 8 board_4x14_8_81984_none
0000
1111
9119
1122
0019
0011
0000
1110
1910
2210
9200
9200
2221
1929

4 16 10 board_4x16_10_81994_none
0122
0199
1239
9111
1100
0011
0139
1299
9222
2210
1921
1129
0011
0000
0000
0000

7 18 25 board_7x18_25_82006_none
9119910
1112210
0000000
0111000
0193321
1229992
9334449
2993921
2494331
1922991
1122321
1129111
3931119
9920022
3311129
9101921
2201110
9100000

10 12 17 board_10x12_17_82035_none
0002949910
0002993210
0001221000
0111011100
0192229221
0129393929
0012922132
0001221019
0001392022
0001992019
0001221011
0000000000

11 10 16 board_11x10_16_82054_none
00139939310
00199339920
00122113920
00001222110
11223991000
19299432100
12349219100
01921111100
01110000000
00000000000

15 5 18 board_15x5_18_82072_none
000012210293392
110019932393993
943222499212392
999910294210111
943210112910000

18 5 19 board_18x5_19_82092_none
011100001122332111
019211001949999229
022391112299995942
029311191123323949
029200111000001292

19 16 64 board_19x16_64_82112_none
1110112121212291111
2920193939493921191
3921223932994211232
9211922111239101929
1112391011222223221
0019321019392299211
1122910123939222292
2911221193231100129
9210192222922210122
1211123912239921191
0292139311922391111
1392199312331111000
9312344912991011100
9312992124941029322
2493221019920039699
9392000012210029993

15 19 58 board_15x19_58_82183_none
012912932921100
129223992129321
192119321012992
232112322112492
939202994921932
139214969931291
122129949932221
193239322392921
139921111323139
029420019292129
023921011239211
019592011129200
023994239111100
129494992100000
194439321111000
129931100192100
013931100129100
001129100011100
000011100000000

7 6 10 board_7x6_10_82249_none
1911921
1112392
1101939
9223221
1399200
0299200

4 4 3 board_4x4_3_82260_none
1211
9392
1392
0111

6 16 23 board_6x16_23_82264_none
000199
122239
299111
932100
110000
001110
222910
992121
331129
910192
342211
999100
395310
249921
299492
293229

14 16 30 board_14x16_30_82294_none
00001911129100
00112111921100
01292111221000
01945921292100
01299921939100
00249311122210
00192211001910
00234391001110
00299921000011
00294210000019
11222000011111
91192100019100
22129100011100
91023310000000
22119910111000
19112210191000

19 4 19 board_19x4_19_82328_none
9311129211293921191
9391192292393291222
3421112234942111191
9910001929991000111

18 10 31 board_18x10_31_82350_none
000012912920011299
000129212920029432
000192102220029921
000111012910012229
110000129321222121
920111194911992921
931291129323343391
129211011293929211
022311000139321100
019291000029200000

17 12 43 board_17x12_43_82383_none
99119921911992019
93124932122492133
12129391019211199
12921222222100122
93221119291111000
29229111211191011
12921101121211019
12110002949310122
91011102949920191
11029201123921221
11249410123211921
19299910199101129

14 18 63 board_14x18_63_82432_none
93910012221211
39310019959491
29201123999921
22312922333321
19493249200191
12992199200122
12432133200019
29492129211232
29494393912991
12339943112942
13933992102249
94932349323949
14942933993931
13992239323220
93232292102931
92019211114949
12121100295941
01910000294920

12 19 57 board_12x19_57_82499_none
001110002999
111921102999
923359322493
392999929211
943394222221
992332112929
333991192232
293222222392
292001912993
122101113992
129211113952
296921913959
299921113992
123210113942
000000193391
110000139421
911121139910
221939229310
911139211100

9 19 25 board_9x19_25_82565_none
000000000
000011111
111019119
192132211
113939111
002931129
001111149
000002949
000002931
000001121
000011129
110129129
910193322
110129291
110011333
910000199
121212232
019392910
012922110

6 14 15 board_6x14_15_82592_none
001110
001921
001291
000111
111000
191111
123391
019921
013320
222910
992221
442192
993239
393921

4 6 6 board_4x6_6_82610_none
9311
9391
1211
1100
9311
9391

5 5 3 board_5x5_3_82619_none
01291
01921
12110
91000
11000

7 8 9 board_7x8_9_82623_none
1110111
2921292
9229229
1111111
0111000
0192100
0139211
0029219

9 12 26 board_9x12_26_82634_none
001912992
002222959
111911393
911110292
111110111
111910000
933320111
949931191
139993211
125999210
294943921
293111291

15 19 50 board_15x19_50_82663_none
191192221000111
111223991001291
001292221001921
111922110001221
921111921111292
931212292292392
129291112922932
022322113322391
139229229911921
949329229311110
139211112332100
122100124999200
192100199959211
129211123221119
122391000001121
911921011112910
111221019119221
001292111111119
001939100000011

18 16 51 board_18x16_51_82720_none
110199921111000192
922344492291000129
139929339211011111
029323942311019100
011103949392122100
000003941393291000
000014941229323110
110029939111293920
910029431100113920
110123910001112220
000192110112912931
110223110192234939
921192910222299221
291112110191294210
111112221112222910
000192991001911110

19 14 56 board_19x14_56_82777_none
0293992110001139391
0293222921001939311
0112222291001121100
1113991112111111221
9229941013932911991
2923920129949322331
1122210194932923920
0019222323232393920
0012939911929212232
0001395312231100199
1110299112921211122
1910234239439393100
1110192949693399111
0000112139992122119

19 5 19 board_19x5_19_82839_none
2921911129911991192
4931222922322332239
9920192110191191192
2321222000222111111
0191191000191000000

18 4 13 board_18x4_13_82860_none
001921112921111000
123339119391192100
939932222311129100
932229119100011100

17 4 9 board_17x4_9_82874_none
11291000000013920
29211000001129920
92101111111922210
11001911911110000

15 6 16 board_15x6_16_82884_none
000123939211100
000199349219100
011223932111100
029433391000111
029999211011292
012332100019229

8 18 29 board_8x18_29_82905_none
11222211
29499291
94994311
94449100
29293200
11229100
11122200
19119100
22322100
19291000
22311000
19100011
22322119
29299221
92224931
12123949
01939339
01139211

4 18 13 board_4x18_13_82937_none
1110
1910
2210
9321
9929
2221
1100
9100
1100
0000
1100
9421
9991
2321
0000
1222
9299
1222

4 8 9 board_4x8_9_82951_none
1299
1959
2249
2942
2939
1132
0019
0011

7 4 4 board_7x4_4_82961_none
1929100
1121111
0011119
0019111

10 5 8 board_10x5_8_82966_none
0000001921
0011102239
0019211932
2222911291
9911110111

17 16 57 board_17x16_57_82976_none
29129219322992111
92129322992393291
12122911221139311
02921121211029200
13921139391012321
19211939312111991
11101132202933431
11001129103949910
91001943313943221
11002399493292119
00002943993229232
11013921249212929
91019320039411121
11012921029910000
11013491123210122
91019921191000199

19 19 50 board_19x19_50_83042_none
0111001910000000011
0191001110111122229
1211111001291299393
9100292012921293392
2211393129210222111
1922922921211293110
1292122321191293910
0111029391111112110
1100139312110001110
9100192101910001910
1100111001110112110
0001221000000191000
0001993110111112121
1101393910191002949
9112322110111002949
1119910000000001132
0012222210112110129
0000129910192921192
0000193210112291111

19 18 72 board_19x18_72_83095_none
0019113993111119910
0011229999329222210
1111394349933921211
1911994122229339291
1122594932123932422
0019393299229339292
0011222223933392229
1211019102393931011
9392011212923942100
1493000192111399100
0292000111012493100
0111000001139942100
0000000001959949200
1101110001299449200
9212910011233392100
9329322249219211111
1394393999311100191
0299213959200000111

19 14 70 board_19x14_70_83175_none
0001110001121129211
1101910001949339229
9322222111299393249
2991295920134534949
2331299931229993942
2931345329293323391
2939299332322001921
2231224991191113220
2931213931111193942
3939394442211225999
9234959999393393969
1119993344939922139
0023532129332222221
0019291193910019910

16 6 17 board_16x6_17_83262_none
0129211001910111
1292291012210292
1921111019100393
1122210022201493
0019910029322992
0012210029929321

12 4 7 board_12x4_7_83280_none
921111100111
129129200191
011129201332
000011101991

7 10 18 board_7x10_18_83289_none
9229119
3932111
9491122
9411199
9201343
1101992
1101249
9211039
2391029
9211011

5 14 15 board_5x14_15_83309_none
01291
12943
93399
13959
13931
19221
22119
91011
11011
11019
92121
12910
12110
91000

4 19 11 board_4x19_11_83326_none
1910
2220
2910
9310
9300
9200
1100
0000
0000
2210
9910
2321
2391
9921
2221
0019
0011
0000
0000

6 14 22 board_6x14_22_83338_none
192121
123929
019221
122222
192299
124942
019930
124920
194320
349921
994229
493111
949111
292119

8 10 16 board_8x10_16_83362_none
11292110
19213931
22102992
91001239
11001121
01222910
12993110
93493211
39229291
92111211

9 8 12 board_9x8_12_83382_none
000002920
111002920
292111110
933921100
129349200
123399200
292932100
922110000

10 6 9 board_10x6_9_83395_none
0000123991
0001299432
1212932291
9292110111
1211011100
0000019100

11 5 7 board_11x5_7_83405_none
11211000122
19291001299
11211001932
00000001232
00000000199

17 6 28 board_17x6_28_83413_none
91001110122112339
11012910199229992
12129320134944432
92933921019399339
24594391123344992
19993921192929321

18 10 44 board_18x10_44_83447_none
910000111299119210
110000191394112910
011212222494111110
019292923994932100
011212129994399211
110001233434943492
931002992293921993
993113944932111393
399229394930122339
123921213920199292

18 19 74 board_18x19_74_83497_none
191019291191000000
122111322222000000
129100191191112110
921101332122393921
220001991019393392
910013431011211393
231119921100000292
929223229100111222
232391011111393291
921921000019399211
921110123221223210
220111199931212932
921392136949293399
239493129931339239
192493194421293233
233493129292393299
199493121339459322
249423921193999311
921292291112232291

15 14 51 board_15x14_51_83579_none
112999920011100
933959931019222
993233491134599
333932932299993
912992393396941
112342394923920
112939229212220
912942112222910
332291001939310
991122113349432
222129119933999
002931112239432
002920000029200
001110000011100

7 4 5 board_7x4_5_83636_none
1910000
3321221
9911991
2211221

4 14 8 board_4x14_8_83643_none
0000
0111
0191
0122
0129
1292
9421
9910
2210
0000
1110
1921
1129
0011

8 19 39 board_8x19_39_83652_none
91111000
11192222
11129299
92112443
39223991
93399431
49323910
99311221
45921292
99229229
33111222
92100192
29211239
22392393
19349592
22299921
93239420
99112910
22101110

16 6 14 board_16x6_14_83695_none
9100000000000000
2200011211000122
9100019292110199
2321011212922332
1992110112139910
1222910191029310

19 6 29 board_19x6_29_83711_none
0192910019112910019
1222232233229421122
1933399399129391192
1299969433211223339
2445949219210019932
9992121112910012391

19 10 33 board_19x10_33_83745_none
1110000129939211111
2931100296942392191
2949111399392392222
1393119222212921191
1393232100001110111
9212992110000000000
2202332910000001110
9211911110000112921
3922220011211192129
2921910019291111011

14 19 69 board_14x19_69_83783_none
11000019210299
92100012910299
39100001110122
94222222210011
94929929910129
93133433210193
11019392122349
00024932939959
01129922249969
23933311934994
99229101293599
34232200223994
93939211193492
14941291112932
02931111001239
01291011111393
22211129129592
99221293339931
94929229294920

9 14 22 board_9x14_22_83862_none
911121100
222939100
294393200
299239200
122129321
000012929
000123221
122299200
299239200
932122200
110019211
000022391
000129222
000192119

4 4 4 board_4x4_4_83889_none
0299
0293
1221
1910

4 6 5 board_4x6_5_83894_none
0011
0029
1139
2931
2931
1129

10 19 46 board_10x19_46_83900_none
9912931129
2212959339
0112299492
0293224931
1399102942
9233202499
1119211993
1112911221
9101110111
2311001393
9292101999
1229101232
2332211000
9992192221
9693113991
1394212931
0239911221
0194321291
0112911921

14 19 62 board_14x19_62_83951_none
19212931111292
12912939119229
12212231111111
29312910001110
29493121212910
22493119392121
29439113943239
29921103959939
12210002949321
00011101122210
00019221101921
12222939201139
19933349201249
24949921102993
29339311234992
49322201999332
99219112343229
22223239229339
00192939229392

16 16 44 board_16x16_44_84022_none
1991000113939391
1221000194932921
0111000139422110
1291000029391000
1921012332211000
1110019991000000
1101122332100111
9101910019100292
2222210022311292
2929211019492111
9232492123992000
1129492294332100
0029421299339210
0123921123993910
0192292101222121
0111129100000019

18 12 29 board_18x12_29_84073_none
110000191191000000
921100233211001110
129100299100001910
012211393100112121
112923931000191019
192129920000122111
221012211110019100
910000001910011211
221121101110000191
922939101110000111
922943322910000111
111129929210000191

19 6 25 board_19x6_25_84105_none
1939932911921211000
1139992223239291000
0023532193922321000
0029392239322911221
0039413932392111992
0029202921921001392

19 4 21 board_19x4_21_84132_none
9291192999101139219
1212222354213949321
1111921299219943910
1911291299212392110

15 12 26 board_15x12_26_84155_none
191000000111199
112110001291122
001910001921000
111121101110000
921019100011100
292121212129211
112911293942392
113332923991293
192992111221129
123321111011111
019100191129100
011100111192100

9 19 45 board_9x19_45_84185_none
911299211
112954592
014949992
129955942
194599229
222995321
911249910
110029310
012221100
029910000
139322221
192119929
122112221
029201221
029201992
134311239
299921121
396933942
293129999

5 16 12 board_5x16_12_84240_none
91000
11000
00011
00129
11393
19392
11211
11011
91019
22122
29119
92111
22011
91019
11011
00000

4 10 7 board_4x10_7_84254_none
1991
1221
0011
1129
1932
1129
1122
9119
1111
0000

5 4 5 board_5x4_5_84263_none
29100
94310
29921
12229

10 10 15 board_10x10_15_84272_none
1991019921
2442012229
1991001121
2321002920
9212113941
1292912939
0112111121
0000000000
0000000011
0000000019

11 12 24 board_11x12_24_84290_none
92001910000
92112111110
22291001910
19323111221
11292910191
00112221222
00001291191
00112922221
12293333910
93939299310
29342449200
12929292100

18 19 60 board_18x19_60_84318_none
019229111222129920
012921119299239920
111121111345922210
921119211299211110
249212391294212910
199202931129119221
133203941123221119
019212992292911121
012911222923221921
112111112221911129
292001922911221011
292001292111291000
333110123211922121
992921119922211929
222129112229102231
000012321011101910
000001991122223210
011101221199299100
019100000122222100

19 8 37 board_19x8_37_84388_none
9949333210001992110
3994999911111222910
1494344212920001110
1392293213931101121
9211299392139313939
1212249311039595952
1292921111129939939
1922110019112222221

16 4 12 board_16x4_12_84429_none
1129101110001110
1932212921101921
2339119229212391
9292111112911921

10 10 17 board_10x10_17_84443_none
0012211921
0129922229
0193229122
1221011119
2920000122
3930000292
2920000292
1111121211
0113939210
0193932910

7 16 29 board_7x16_29_84462_none
1922991
2339542
9294991
1229332
2332119
9991011
9532111
2493292
1999329
1399332
0123929
1101121
9101110
2211910
2922110
9391000

5 19 24 board_5x19_24_84495_none
12910
92110
22111
29439
39993
39439
93221
12921
02391
01921
01121
01129
12932
92129
11011
11211
29493
39499
92239

4 19 14 board_4x19_14_84524_none
0011
0029
0029
0011
0000
2221
9939
4593
9939
2332
0191
2432
9991
3931
1110
0000
0000
0000
0000

5 10 12 board_5x10_12_84539_none
91000
12121
12949
29499
94942
13920
12210
39200
99200
22100

10 4 6 board_10x4_6_84552_none
0011292910
0019212121
0011222119
0000199111

17 12 49 board_17x12_49_84559_none
00019129339201910
11111249599311232
39322299495931299
99399233313949433
23332119102359391
01921123211992222
01292292922332019
00112923391191022
00123211922332029
01399101122992129
01995212229449111
01399119921292100

19 19 65 board_19x19_65_84614_none
0000112992211139211
1111292239291199339
9119211011322124959
1111100000192114992
0000000001239129942
0001221112922239491
0001991294222932422
0012433399229439291
0019292949229392322
0011212121222322191
0000000011392292122
1100011119393392019
9100019222229222222
1111111291011239391
0019101221000199311
2221113920000122211
9922139920011100191
2393939310019100222
0129221100011100191

18 14 52 board_18x14_52_84684_none
192291199211110000
234921124944920000
199210113999930000
122100192345920111
000000112293221392
000000002959339392
000000002993993311
111011112333339100
292029229229222200
393029229349429111
392122112939943229
931191012223992932
920111019212344491
110000012911929921

11 4 8 board_11x4_8_84741_none
19210001121
13920001929
14941101121
93939100000

6 8 10 board_6x8_10_84751_none
121111
929119
232111
191111
222191
192322
349291
992211

4 14 15 board_4x14_15_84763_none
0199
1359
9299
1222
0011
1119
9211
9211
1119
0122
0293
1499
9393
1211

4 19 13 board_4x19_13_84782_none
0129
0192
1332
1992
1239
0011
1100
9310
9910
2210
0000
0000
1100
9111
1229
1393
9392
1211
0000

4 19 12 board_4x19_12_84797_none
0011
0129
1292
2931
2931
2229
9221
3910
9210
2200
9211
1291
0222
0191
1211
9100
1100
0000
0000

6 18 18 board_6x18_18_84810_none
019111
133219
199111
244311
199291
123321
002920
002920
111110
910011
110019
110122
911292
111949
001139
121111
929100
121100

14 5 12 board_14x5_12_84829_none
11100000000129
19100000011393
22322101239493
19299101993492
11222101222921

15 4 9 board_15x4_9_84842_none
000011212110122
000019392910199
000134922221122
000199210191000

19 10 50 board_19x10_50_84854_none
9119212911221001239
1222293221991013992
1292333912443129931
9323994321992933310
9329339912332129222
3943322211922222499
3969931101239923993
2999949421193239931
2343239991222029310
1910013931191011100

19 12 62 board_19x12_62_84916_none
9200029391000019100
9300029312221012210
9311133201992101921
3491199213449101291
9942139449943201221
3992013999599112910
1392013944942119332
0112249423931122399
0002999694392292495
0003989999229339499
0113999643223922943
0192249391192111291

17 19 48 board_17x19_48_84990_none
11101910011119210
19101111129222910
22101111933912220
92002921129211921
93002920011101139
92012221100000029
22029219111100133
91029322229111299
11011292293229349
11000112922921292
91000002332110111
12221001992000000
01992101392000000
01239100222000000
11122201392000000
29119211992011100
92112911332019100
23211110191011100
19910000111000000

14 16 53 board_14x16_53_85041_none
11193910199910
93239210249421
93932323494391
23229399994931
19112949945930
33201122229930
99211000013920
23492112123320
23992192929931
99321112123939
22100001111132
11000001910019
92101222221011
29101992293232
11101493294999
00000292129332

12 14 46 board_12x14_46_85104_none
112949311011
912959491129
122349432292
019294949322
011224992291
111029432211
293139229200
294943349310
236993994921
199959494392
139931212939
012221212132
232119292239
999111212992

6 4 3 board_6x4_3_85154_none
910000
111110
002920
002920

4 12 12 board_4x12_12_85158_none
1291
1932
1291
1322
9391
9421
2921
1291
1322
9291
2422
9291

6 18 15 board_6x18_15_85171_none
129111
193229
112921
001110
000000
110000
910000
231100
929100
121100
000111
011393
019399
012332
002920
112920
921110
920000

12 16 53 board_12x16_53_85187_none
019299392122
122222392199
392000122344
993000139399
993100299322
249322393100
149499422011
939339391029
242323321029
949494920011
299494932221
123444393992
012999239549
029432139921
259300029421
999200011291

19 4 11 board_19x4_11_85248_none
0019910000192100111
0012210011229210191
0011100139213920111
0019100199202920000

19 8 39 board_19x8_39_85262_none
1111221019922392110
1922991013449923920
2392222234993212920
9421002999942112220
9922212945943932910
3329921224949949310
9124921394933349200
1119211993111921100

18 10 44 board_18x10_44_85309_none
112299393921000000
292932394392101110
923331113949101921
332991002942201291
993222233229210111
393101999213942211
139212349312999391
139329123911499433
193392119320293299
129211012910111139

14 19 38 board_14x19_38_85366_none
00000019299100
00000011222100
00000000000000
00001110001110
00001910001910
00001110001232
11101110001299
29102920123932
94213920299210
99219222493111
39333219932019
12399222392111
01933910129332
01111121124999
11100019119942
19100011112210
11100000000111
11111100000191
19119100000111

12 19 42 board_12x19_42_85407_none
929391199210
123932355910
002921999320
112111233910
192111102231
129239201929
124949201232
194941100292
114930000293
002920011229
001233229111
000199932200
111123229100
291011122200
931019129200
920122129200
221191011111
292111001129
292000001921

6 12 15 board_6x12_15_85453_none
122910
939320
395920
395920
293121
111019
001121
012910
029310
029322
122299
191122

4 4 4 board_4x4_4_85469_none
1910
2221
9129
1129

4 5 6 board_4x5_6_85474_none
1910
2221
9219
9432
2991

11 18 29 board_11x18_29_85481_none
29211000000
93291111000
92233291111
11199211191
00122100122
00001110019
00112910122
11192221191
91112392111
12112993000
02933992000
02939322110
01132312921
00019292291
00011212221
00000123921
00000199229
00000122111

16 19 78 board_16x19_78_85516_none
0192910123910019
2333210199321122
9929101243492192
4431101929394349
9911233222339939
4421999101922221
9922494102331111
3491393012992191
1932394119594221
3594599111494910
9999993100394110
2335953321293110
0003949992212932
0002943439101299
1101239221100233
9101294921001393
1101959593101999
0012399499113553
0019222222119991

18 16 69 board_18x16_69_85606_none
129101910192100199
932212321129212249
239119392011393921
193222493211293110
112911949392211000
111111249329112210
920011293221119921
930019213931223239
941123324949391029
939129939944932232
121249693394932991
011299932129393331
129346591011212921
193499931000012229
223999920111029211
192233210191029200

19 6 18 board_19x6_18_85684_none
9101139200000000000
2201939201110000122
9211232102920000199
2910191124921110122
2210223299211921000
9100192932101291000

18 4 19 board_18x4_19_85706_none
001129210000122211
012933921122399391
129239593299494932
192129499239312129

11 14 22 board_11x14_22_85729_none
01910001910
01110001121
11100000139
19111111299
11229119233
01293221129
01922921129
01111129111
00000011100
00000000000
12210001221
19921012991
23391019431
91111012910

10 16 24 board_10x16_24_85753_none
9239321100
1399949111
0295992119
0112232111
0111019100
0292011100
2492000000
9921000000
3311111110
9101911921
1101122229
0000129111
0000192100
1100111000
9222100000
1299100000

6 19 30 board_6x19_30_85779_none
932111
299219
139211
011100
121111
929229
233932
293239
922932
111139
110039
920029
920122
221393
911999
111393
122211
299321
949929

4 16 14 board_4x16_14_85816_none
0000
1110
1910
2220
1910
1110
1221
3992
9992
3931
1221
0292
1392
9421
9921
2229

4 12 7 board_4x12_7_85832_none
1921
2239
1921
1110
0000
1100
9111
2229
1921
1121
0019
0011

4 6 5 board_4x6_5_85840_none
1129
1921
2210
9211
1392
0292

5 5 5 board_5x5_5_85846_none
91019
11122
22291
99211
22100

9 5 11 board_9x5_11_85852_none
192922910
123393331
129223991
932119431
291012910

11 8 16 board_11x8_16_85867_none
00011100019
11239200011
19399200000
13953312221
02949292992
01292223339
01332019111
01991011100

18 19 80 board_18x19_80_85885_none
019994221112991011
023599929119431129
019223233323931193
121100139912992129
911221199311392011
332991134321333100
993331019939499111
333910012239944229
193231100012494921
112929111100399210
112132219332393100
292019112999211000
393132212344322210
923949229229939921
112959449339339591
001293993292113931
001222393232103941
111921212939202991
911129101139201221

19 16 54 board_19x16_54_85978_none
1239129200192121119
1992239211212939222
1221193229101249229
1110112921212292129
1921012210192932222
1291129100223129291
0122292222392133322
0029311199393399119
0029200122229393111
1111211000023422110
9100293100019922910
1100299321112392110
0111139929100111000
1292112221101121211
2939101110001929291
9221101910001121211

