9 18 22 board_9x18_22_170287_none
001110011
001921019
001291011
110111000
910111000
121291000
019211000
011101110
011112910
019229210
012493100
001993110
112223920
191002942
111002399
000012932
000139421
000199391

14 19 62 board_14x19_62_170311_none
00001110001921
11101910001129
19223222211121
22299339922910
92134994492110
94129444942011
94933929993239
29493122349939
11494110039421
00394922149300
00394292939311
00292113231392
11222001922492
92191002239953
92111012923999
11000019322343
23211232292392
99911992239392
39311222921211

18 10 32 board_18x10_32_170382_none
012321112921000129
019992292393100293
013959322299210393
111292291123910292
910111222001122321
110000192110019910
112121223910023310
293939129310019100
394292129310011100
292111012910000000

18 5 24 board_18x5_24_170420_none
193910029201992019
239320029312392122
933911233493211191
394332993999100111
939929493232100000

16 10 33 board_16x10_33_170450_none
9211211292000000
9329291292011111
2921212232119129
2210002949223349
9100002949219949
3432212121114941
9999392110002920
2334943910001110
1114992110111000
9119931000191000

11 18 29 board_11x18_29_170485_none
00111000000
11291111111
19222291292
11129422292
11239392222
29393339129
29423921129
11292110011
00122100000
00029200000
11139300111
19129311291
11223911921
00293111110
11293110000
91113920000
12112920000
01911110000

4 14 14 board_4x14_14_170519_none
9299
1222
1211
9291
2311
9210
2910
2331
2991
2942
1291
1232
1939
1139

4 12 9 board_4x12_9_170537_none
1100
9200
9310
3910
9210
1100
1110
2921
9339
1292
0222
0191

4 4 4 board_4x4_4_170549_none
0011
1129
9239
1292

8 6 12 board_8x6_12_170554_none
00192999
00112232
00111000
11192121
91235949
11199992

9 8 15 board_9x8_15_170569_none
939119100
942111100
391011100
932019100
293222210
239921910
924942110
112991000

11 12 20 board_11x12_20_170586_none
19101129111
11101921119
11112321011
29219291011
29211211019
11211012343
00191019999
00111123454
11100191199
19100111233
11100111191
00000191111

16 19 62 board_16x19_62_170609_none
2932911291011100
3992123931029421
9542129920029991
2991194310012332
2322239211121119
9223922911929122
1299222212231119
0122119101910122
0000122101121291
0000292111019321
0000395392112910
1100399949212321
9101394239219493
1102931011113999
0013920000003952
0019321110113931
2344922911292291
9999392111921111
3942211001110000

19 18 81 board_19x18_81_170681_none
9200191019229910139
9311111012933310299
1292110124349200299
0223911299939322239
1293233954321299332
1923949939100124991
1123994332321002931
0019333911992122210
0011119321222929100
0000013931112221100
1122323949119211122
2929993393221292399
9335943932911349393
1396932932211992211
1399932129112322121
9434391012229112929
9492222012922229221
1392191019211921100

19 12 34 board_19x12_34_170780_none
9991011100000000111
3421019100000000191
9211122111100000111
1291192239210000000
1232213993910000000
1939102932221000000
1292101111291001121
0112221001932101939
0001991001129223239
2212331001122499111
9911921001911993100
9311291001111221000

19 8 22 board_19x8_22_170818_none
2920000111000123210
2920000193210199910
2331011229921123210
1991129223391000000
1221192291222001121
0000111111192112929
0000111001349119221
0000191001992111100

18 5 18 board_18x5_18_170841_none
910019229992011119
232112393492019111
199201921111012210
139423220000001921
012992910000001129

16 4 16 board_16x4_16_170861_none
1129200001911999
9139300012211249
2239211239201232
1921119299201991

10 10 15 board_10x10_15_170880_none
1991000000
1221000011
1121111119
1929119122
1121222119
1112391011
9129921000
1129311110
0022201921
0019101291

9 12 15 board_9x12_15_170897_none
111122119
191199111
111233100
000191000
001221111
122910191
929331222
122929119
001132322
000019291
000022311
000019100

4 19 23 board_4x19_23_170914_none
9393
1499
1393
2932
9339
2392
9321
3931
3992
3992
2953
2399
2932
9310
9211
2219
9111
1100
0000

4 18 14 board_4x18_14_170948_none
0129
0293
0292
0111
0111
0192
0129
2221
9910
3310
9100
2200
9100
2321
1992
1349
1292
9211

6 8 8 board_6x8_8_170964_none
991011
332019
291011
921000
221111
292191
292111
111000

10 4 10 board_10x4_10_170974_none
1292212929
9339493121
3932992000
2921221000

18 14 44 board_18x14_44_170986_none
001921222392112129
001129299392192921
110022333311112232
921019119100000199
292232111101110139
112991000012910011
223331000019210011
993932222112210019
949399299102920011
132323332102920000
019212921101110000
012392129100000122
012932012321001299
019391001991001932

19 19 94 board_19x19_94_171036_none
2321029911392192299
9992129312993113959
2339112212992002942
1133322912331113239
1929949211921193931
1134992101392235931
0019321000292199239
0011211012321122139
0111293129911121129
0191299349412939111
0112249399214952200
0012921222129949211
0129210122129569429
1393100299233999392
1993111394949693222
2349239323399922129
1943399439555311932
1299349399999212129
0123921223332291011

18 16 43 board_18x16_43_171153_none
001910000011211111
111221000019292291
922291000022329211
292921000019111211
112110000011100292
011211111000000292
019291191001110111
012433221001910000
123992910001110000
299433210000000011
959219100011100029
932233322229210029
111929929922910011
111123443222210000
911111992129100122
111911392192100199

17 12 30 board_17x12_30_171200_none
00000199100001121
11111122101222929
92291000001992121
12932000002331011
12292110013931129
91223910019991192
23392110012332211
19921011100129111
12210019211192119
00000022391111011
00011119211001121
00019111100001929

12 5 16 board_12x5_16_171232_none
292111191000
292191112221
111222113991
012392395963
019939394999

7 6 6 board_7x6_6_171252_none
2921011
9391019
1211011
0000000
0012210
0019910

4 16 15 board_4x16_15_171259_none
0000
1222
9299
1349
1292
9322
1291
0122
0019
1222
9492
2992
1332
0191
1222
9119

4 19 19 board_4x19_19_171275_none
9119
3443
9999
2343
0139
0199
0133
2239
9939
3321
9211
2391
9211
1100
1100
9200
9311
1291
0111

5 19 17 board_5x19_17_171300_none
91111
11191
00111
11111
91191
11111
11111
92392
29393
22229
92222
39392
93392
92222
11191
00111
00000
11000
91000

12 6 20 board_12x6_20_171318_none
019292993991
133423359543
929911949499
122211249444
011100193399
019100129222

17 4 12 board_17x4_12_171342_none
00029201292911939
00029201933212249
11011101239101921
91000000192101110

19 8 22 board_19x8_22_171355_none
0011229910293121100
1119393210294939200
9112921111129239200
1212221192222111100
0191292129291011100
0111293111211019100
0011229100111011100
0019111100191000000

19 14 67 board_19x14_67_171378_none
0199911910011211029
1244311110019392139
1949212210023934942
1299219921239393939
1232114931992213353
1922213931232112999
2249922931019239443
1939921292111299229
1123320139200122129
0001921129201122343
0002249212322939999
1212939313994249593
9392121293994943532
9311000112223939991

15 18 36 board_15x18_36_171457_none
019921000111000
012392111291000
000129129311122
111121129200199
911910011100122
111232211011100
111299293229100
191293239921100
111111029310000
000000011100111
000001110000191
000002931100222
000002939210192
001111133921129
001910129491011
001110193922110
111000113332910
191000001992110

10 10 24 board_10x10_24_171496_none
9299920000
2325941000
9202991011
9322322129
2939201943
1139312399
0011292399
1121223932
1929119221
1121111119

6 4 5 board_6x4_5_171525_none
019910
013320
001932
001299

4 5 3 board_4x5_3_171531_none
0000
0000
0122
0199
0139

4 10 8 board_4x10_8_171535_none
0129
1292
9321
2921
2339
9393
1392
0111
0000
0000

9 19 25 board_9x19_25_171545_none
111011100
191029200
122129200
129111100
921100000
111121100
012929211
019332291
011392111
111493011
911992019
112342111
001929100
002231211
001910191
001110122
121100019
949101121
992101910

17 8 35 board_17x8_35_171571_none
91000124920292000
23232299920292000
93999224431111111
25963112991001292
19992129322111959
23433932101922399
29229391112291399
93921211191111293

19 4 13 board_19x4_13_171612_none
1110129111291139200
1910193219211199200
1121229222100244200
0019111291000199100

19 6 21 board_19x6_21_171628_none
9931101991000191000
3949212321000111000
1249329211011101110
1292293492129101910
9222229392192112221
1119111211111019119

18 12 56 board_18x12_56_171653_none
910012399999211910
110019954333911110
122125992112231100
299119932922939211
494234312239239219
993299212921122322
332969429210129292
911299921101294439
222355310112939942
192999223392123939
233332299942001121
929100124991000000

10 19 28 board_10x19_28_171719_none
0000000199
1121100122
1939200000
1139200111
0011100191
0111001221
0292012910
0393019210
0292011100
0111000111
0111000192
1291111239
9211293393
1211293993
1291223392
1932291111
2239211000
1921211011
1110191019

5 10 14 board_5x10_14_171751_none
02992
13959
29492
39411
39310
93921
12291
00222
11192
91129

4 5 3 board_4x5_3_171767_none
0029
0139
0192
0111
0000

4 4 3 board_4x4_3_171771_none
0011
1119
9211
9200

8 12 25 board_8x12_25_171775_none
92000019
92000133
11122399
11199599
92224994
29103959
11102931
01233210
12999100
93494210
39213920
92102920

10 16 34 board_10x16_34_171805_none
0001221191
0002992221
1123932910
2949311110
3959321211
3954929291
9499221211
4953211111
9939119129
2221111239
1101121292
9112929211
1229221100
1394210111
9493910191
2922110111

18 16 69 board_18x16_69_171842_none
000029939291191011
112149932322221129
293959532922921293
293299949329391292
223245599321211222
193939955922210192
139593399449922339
139921149939339932
922211149433339439
110001939329931292
000001122934921221
000001111129222910
001222910011129310
001992110011129211
111232212129221119
910019292922910011

19 6 21 board_19x6_21_171925_none
0019112992019292910
1133329492011323221
1929931211111191191
2224930000293233321
9102920000293929910
1101110000112122210

18 4 10 board_18x4_10_171953_none
000111001111911921
000191112911222392
000222192110292292
000191111000292111

11 14 34 board_11x14_34_171965_none
19322910199
12992110122
01332111000
00192293210
22324959910
99293993210
22334321000
11199211000
91122291111
12111221192
13932910129
29993220011
94434932210
29119939910

7 19 19 board_7x19_19_172003_none
0111011
0191019
0112121
0112910
1293220
1922910
1111221
0000192
0001239
0001921
0001110
0011100
0029200
0149311
0299329
0294921
0113331
0002991
0002931

4 10 8 board_4x10_8_172023_none
9910
9420
2910
2210
9211
1291
1211
9100
2210
1910

9 5 11 board_9x5_11_172033_none
112939129
293293239
392129129
921122111
110191000

10 6 16 board_10x6_16_172045_none
1100019229
9210011292
2921001332
2492012992
9593129449
2992192292

14 12 35 board_14x12_35_172062_none
00011291019921
01129322135692
01944491299993
01299932395492
01344391393111
01992211292000
01239212221000
00022392921122
00019322291199
00012921111149
11112291111029
91191111191011

18 19 62 board_18x19_62_172099_none
929391129210019210
133921195920123910
129210239920192110
921100294210112110
220000293121112921
921111334929119229
129119399221122211
011112932111129211
011101110019129219
129210000011122211
933921100000029200
129239312110139200
012239393920192100
112932313920111000
193349212110001221
222992291111001991
932321122293211221
949100139329910011
292100199212210019

19 18 90 board_19x18_90_172164_none
0011100000019999129
1119321111013942139
9212991192101110029
9423342229100000133
2992939111112221299
2443292211019939349
1993322292124942921
1239911934922932210
0012211395931129211
1110122395930011291
2920299224921110111
2920395329322921111
3431299392393291191
9992239322493123321
4559322229493019910
9939492395593235531
9444959499949399992
2929949323393933339

16 5 11 board_16x5_11_172277_none
0000000000111000
1100011100293100
9210129100299221
2910192111223939
1110111019101139

15 4 10 board_15x4_10_172289_none
011101921192121
129101291113939
192111211113931
111019100192110

14 4 11 board_14x4_11_172301_none
00001111111291
11013943922932
91019999229229
11012332111111

11 5 14 board_11x5_14_172315_none
13921291192
95921932229
99311129222
99200122291
22100191111

7 12 14 board_7x12_14_172334_none
1129221
1934939
2239941
1934920
2392121
1922129
1111921
0001110
0000000
1221000
1991000
1221000

4 18 12 board_4x18_12_172350_none
0000
0000
0000
0122
0199
1222
9100
2210
1910
3320
9910
3431
1991
2331
1910
2321
9391
9311

4 16 18 board_4x16_18_172364_none
2931
2991
2342
2939
2942
2239
1921
1110
1222
9299
3432
9931
3949
1249
0193
0129

11 4 9 board_11x4_9_172386_none
02991001221
13943211991
19229911232
11112210019

17 8 28 board_17x8_28_172396_none
01292100012210111
01949100019922391
12493100123229932
29393111292133339
93323932922929129
12924992111122232
01294942000001929
00129391000001121

19 19 90 board_19x19_90_172429_none
2939393393911121392
3941393993222929492
2931234332293232921
1291199239313922342
1222335949202921999
9119495963201222232
2223995999223392110
2923993243399945920
9229332229334599920
1111119293911995221
1232111212112492129
1999100011102931192
1233321129103942221
0013992193212993910
0019993222911393110
1233322911221222111
2991001110294391292
2942100111299932293
1129100191123391129

18 18 75 board_18x18_75_172532_none
191011239310001129
222239399911122932
922992395311929391
129432239112221211
011291193219222100
000112239111299321
112111921101233991
293922222112932332
393291294934992291
921111395949933931
110011494293212920
110019392222012321
911132322392019392
222939339393121392
923932992334921122
129211332199492019
134310192243594121
199910112929393910

14 10 19 board_14x10_19_172618_none
00011100001291
00129211001921
01292292102220
02942229212910
02939222292110
01121291111000
00000112111110
00011101911921
22119112211291
99111119100111

10 5 10 board_10x5_10_172639_none
0001221019
0001993111
1122599211
1929493291
1122921111

9 4 9 board_9x4_9_172654_none
111129111
291194339
921129949
110012392

4 8 6 board_4x8_6_172665_none
1929
2231
2920
2920
1110
1100
9210
2910

4 19 21 board_4x19_21_172672_none
9939
9594
1499
0294
0129
0011
1110
2931
2991
1332
1291
9222
2219
9211
9200
1211
1291
2932
9229

8 18 29 board_8x18_29_172700_none
12910122
19321199
33391233
99211191
93100111
12110000
23910000
99322110
93393921
22293291
92222222
39229219
29229432
11112991
00001221
01110000
02931011
02991019

15 6 19 board_15x6_19_172732_none
299392910111000
399312111392011
942211001993119
920192113449111
110139219931100
000029213920000

18 4 18 board_18x4_18_172757_none
019111393129229291
132219494921293322
929122493111349229
121119211001992292

19 14 47 board_19x14_47_172777_none
0000113939210001110
0001394932921112910
0001994222291192110
0001392292111111000
0000111292011100011
2222210122119101129
9929920019111212932
9323931012322293391
1102391001993939443
0124942012339222999
1299991019111101232
1945953111100000000
1239399100000011100
0192222100000019100

12 18 38 board_12x18_38_172831_none
991011392000
221019392011
000011322019
000000191122
000111222191
001291293322
001921399393
001110295599
000000129932
011101233210
019211992110
123911222910
192232212110
122299292111
019233339219
122229129322
912942211291
112939100111

5 5 6 board_5x5_6_172874_none
19111
11119
11011
93111
99119

4 4 3 board_4x4_3_172882_none
1100
9100
2321
1991

5 12 11 board_5x12_11_172886_none
91011
22019
93111
99100
94200
29100
22100
91111
12291
01921
01221
00191

8 18 36 board_8x18_36_172901_none
93999119
29343211
22119222
92133399
92199443
11139949
01123992
23911221
99322121
22292929
00223132
00191019
00223232
12394991
94999321
29943210
12211910
00001110

10 19 47 board_10x19_47_172944_none
2210011100
9910129100
3322392100
9439942000
9996994210
2339999910
1122349420
1911122910
1111923231
0001394939
1100299449
9101259921
2222939310
1939221100
2494210000
9495920000
3949942111
2943399129
1291122129

12 19 41 board_12x19_41_172999_none
910011101129
221019211921
192123921110
223912942100
192123499100
232119943200
939212339100
249201292100
921101921000
110013320000
000019910122
000123210199
000192100149
000129100029
112121100011
192910012210
123211139921
129322949439
193992292292

18 8 36 board_18x8_36_173047_none
911912991292001991
333222931292001221
995932121211000000
999991029212210000
396531029329910122
129921111294332399
122229101233939942
910011101929239920

19 4 19 board_19x4_19_173089_none
1122333921212911921
1939999329292122391
1139599333422029311
0011222299291029200

18 8 21 board_18x8_21_173109_none
923931100191111000
129939111211191000
012233439100111000
000129993321000000
110193323991000111
910111002932110191
110001222122910111
000001991019210000

15 14 51 board_15x14_51_173133_none
999212110129210
942292910193910
111333232212110
122991199100000
939532243322100
249921929399311
295921121399491
394111221139433
292001991011299
122102332121222
019213921929221
122495931244929
932995941199221
939323991122100

7 18 16 board_7x18_16_173199_none
1910000
1221000
0193210
0129920
0013920
1122321
1929291
2231322
1910191
1110111
0000000
0000000
0000011
1100129
9222292
1299211
0233100
0191000

4 10 10 board_4x10_10_173217_none
0122
0199
0233
2391
9932
9439
2921
2220
2920
2920

4 4 3 board_4x4_3_173229_none
0011
1129
2921
9210

5 4 3 board_5x4_3_173233_none
12910
92110
12110
01910

9 10 19 board_9x10_19_173237_none
000000000
000001110
112111910
193911110
249531000
299991000
945931111
495331392
999939392
234931211

11 14 42 board_11x14_42_173262_none
13921299339
19921949499
23433222949
29399112221
93932129200
12121129310
00139434920
12399994920
92994339210
24442011222
93992111299
94239229239
92023921111
11019210000

14 18 58 board_14x18_58_173312_none
19101129333210
23312932999932
39913931233499
99312931100299
22212139211222
11392029219221
29392123222929
94422293932232
29911934939119
12211129221222
12110011111291
92921000019211
12292100022311
11129100019393
93221100012499
29922111222932
24593912993220
19939212932910

19 16 53 board_19x16_53_173377_none
1939202931229119492
1139312949292112992
0012911292211001332
0001111332000000192
0000001992110000129
1100001222922221111
9111100001129929211
2219101110012221291
9432212910012321222
9991193331019992191
2321223992112493222
1100193349101239129
9210112921101921129
2910112121213221121
1110191019292911921
0000111011212111129

19 8 40 board_19x8_40_173438_none
0293910012910000191
1395320029321101232
9339931029219102939
3923992111234424941
9322239211399994931
1291012911994495491
0111002344442349932
0000001999929299491

18 4 12 board_18x4_12_173483_none
922910000000112129
292221001110193931
111292012911223920
000292019211911110

11 10 27 board_11x10_27_173497_none
01911921291
12211129222
29100011239
92111100199
12129111222
12932219321
93239233992
12933939549
23392139493
99211012939

8 16 31 board_8x16_31_173532_none
12111910
93912331
39311992
29201359
33311299
99291293
22222211
11019100
91011100
11000000
11222100
29399211
95953392
95992392
93249433
11029399

4 19 12 board_4x19_12_173570_none
0000
0000
1110
1910
1110
0111
0191
0122
1129
9229
9322
1291
1221
1910
2321
9291
2332
1929
1121

4 16 13 board_4x16_13_173584_none
0111
0191
1322
9291
2432
1992
3593
9939
2232
1239
2992
9321
1100
0000
0000
0000

5 8 10 board_5x8_10_173599_none
92992
23492
19321
23910
92110
23321
19991
12321

7 5 6 board_7x5_6_173614_none
2211921
9911129
2321011
1291000
1921000

14 8 26 board_14x8_26_173621_none
99492000000000
34992122100000
92221299200000
11001499200011
22113995321029
99229993991029
34933322333121
92291000192910

19 19 51 board_19x19_51_173655_none
0000019101921111011
0111011112391191029
1292100019322111029
9229111122492011111
2211119119392019100
9100011122322111211
1100000019119100191
0000000022211212221
0111000019101393910
0192100011101993232
0129100011101221299
1111100029201110294
9200000029212910129
9200112121229321011
1100193920192291000
1100113920222122111
9101222110191019229
1101992000122112932
0001392000019101129

19 19 63 board_19x19_63_173710_none
1139200111111001921
1939200191292001291
2342100122392000111
2991011239311011100
2942129399200019222
1129129322223221299
0012233322399920122
0002939939944932110
0002932496931292910
1212121394920223110
9291019212110192211
2321022201110129291
1910029201910023532
1121129201110019991
0019344310000013942
0012999910011101129
0001234320129221111
0001111910193939200
0001911110112139200

19 18 71 board_19x18_71_173780_none
2993949100001222221
9434992100012992991
2913953221139643221
1223992991299992000
1292222233595492011
2931000019992111019
2921110012321000122
3321910000011100191
9911110000019321122
2210000000012991019
0011100000013432121
1119101111129932910
9211223911923949421
9311299322222139492
2493393292293221392
9499223339339910111
1393229922922322110
0111193211110192910

18 12 56 board_18x12_56_173867_none
193932392299200000
113993993399301110
001495332959201921
000293933392101129
000112299211000022
112221122100122119
294992000001299332
294992000002969949
223232211002994959
191019493122322393
343113995949100394
999102949992100299

11 4 6 board_11x4_6_173935_none
00191001129
11222001921
91191001121
11111000019

7 8 14 board_7x8_14_173942_none
1992939
2332292
3920111
9931110
4921910
9423220
9392910
1212110

4 18 10 board_4x18_10_173958_none
9119
1122
0019
0011
0011
0019
0011
0000
0111
1291
9321
2910
1110
2210
9910
2210
1100
9100

7 14 25 board_7x14_25_173969_none
9392011
1494129
0295931
0129931
0012229
2321011
9991000
9522121
9311939
2911139
2331011
2993210
9449921
1293391

10 8 14 board_10x8_14_173998_none
9229101110
1292212910
0122292110
1139311000
1939311000
2232391011
3921921019
9921110011

12 5 8 board_12x5_8_174013_none
011100122111
019211399119
013921993111
002921221000
001110000000

17 5 20 board_17x5_20_174022_none
12110012210191011
94921129922321019
99593293229931111
94993933123939100
12222292911121100

19 18 46 board_19x18_46_174047_none
0000019100000012321
0000011100000019991
0000111000000012332
1100191111000000129
9101221191000000192
1101910112110000222
0001110001910000191
1221122223221100111
1991199399119222111
2321123932122499119
9100012211129394211
1100019222921229100
0000013939210011100
0000114941222211000
0000193920199393100
1121223321122399100
2949229291000122100
2993921211000000000

15 16 62 board_15x16_62_174097_none
110192112910111
910249219210191
220199432101221
911233992001910
221911392012210
921110122119211
943221119221291
399939224920111
394239329931111
944333923593291
299994211993932
149699212343391
029323922929322
023322495453391
019949599999211
012399495993100

12 12 32 board_12x12_32_174166_none
019100129100
133201393100
199322992011
123992221019
013542000022
019991001239
134421012993
199211029449
233392029349
192392011299
223932100249
192129100192

5 4 5 board_5x4_5_174204_none
11122
93299
93932
12110

4 5 6 board_4x5_6_174210_none
0029
1129
9222
2392
1939

4 10 8 board_4x10_8_174217_none
1119
9321
9910
3310
9100
1111
0019
1222
9291
1211

4 12 8 board_4x12_8_174226_none
0199
0122
1110
1910
2321
9292
1339
0293
0292
0111
0000
0000

9 19 44 board_9x19_44_174236_none
293111111
299129329
343129392
991011211
952100111
939100191
122211232
001911929
001112231
111222921
911993391
111239211
000012210
123211921
199922359
246942999
939994454
259799399
199932393

16 8 17 board_16x8_17_174290_none
0000001110001291
0011113920002931
0019119932212920
1122333229911221
1911991012321191
2211332111191111
9100191191111000
1100111111000000

18 4 16 board_18x4_16_174310_none
111129221291299932
911922929212395599
111111121101939494
000000000001121392

18 12 33 board_18x12_33_174330_none
000000011100191011
001110019111211019
001921122229421011
001129229139992000
221011292139792000
991000111029942000
221011100013991011
111129332101221019
191193999100111011
123444332100191000
029999100000111000
029593100000000000

12 19 63 board_12x19_63_174365_none
999492100191
359939101221
923342201910
232929212110
939221291011
294321212129
139949322921
249949929321
993234442391
221019929211
121113443210
949201993921
959312249592
493291029949
992111125941
943110294920
292911495221
123211999339
019101249399

8 14 19 board_8x14_19_174438_none
01911910
01111110
00001221
00001991
12112331
92922910
12129431
00013992
11002959
91001292
22001221
92123910
92199210
11122100

4 5 4 board_4x5_4_174458_none
0019
1111
9100
2221
1929

6 10 9 board_6x10_9_174464_none
000000
123221
299929
299321
122100
000111
110191
910111
220000
910000

8 14 16 board_8x14_16_174474_none
19210019
12910011
01221000
00292000
11292111
91122291
11019211
00023310
11119910
19113431
11101992
00001239
11011111
91019100

11 19 51 board_11x19_51_174491_none
94920019910
94931112210
23139311000
91029491000
12122922221
01911111992
01111111249
00012922239
00019449921
11223993332
29392221199
94931012332
14930129932
24931193399
99491222233
24942292292
03949223939
13943339321
19229939200

16 18 59 board_16x18_59_174548_none
9310000000000292
9910000123210292
2210001399911221
0011112999411910
0019119499302231
0011112349201939
0011101921101292
1229322110111122
9293994222391129
2423499929921192
9391396333321221
9422393911922910
9219212222292221
1111111392111191
1211019393100122
9291022339212229
1211019129229932
0000011111129329

19 5 23 board_19x5_23_174616_none
2210012910000012210
9921129432110019931
9932933992911134991
4922922943111939431
9211111291001293910

19 4 19 board_19x4_19_174645_none
1293999119211191111
1939344433391111292
1243219992921000394
0199112322110000299

14 12 24 board_14x12_24_174665_none
11100019101910
19212121101232
11292910111199
11112110192333
91000000129291
11000111011211
11011291112110
91019323292921
11011292923359
11100112111999
19101110001232
11101910000000

6 19 23 board_6x19_23_174691_none
000019
001243
124999
199942
124331
112929
293121
292011
112129
002942
112949
922239
129122
011119
001121
112910
193331
112991
001221

4 16 11 board_4x16_11_174719_none
2920
2920
1110
1121
1929
2231
2921
9229
1111
0122
1299
9222
1100
0111
0191
0111

4 14 8 board_4x14_8_174731_none
0000
0111
1291
1921
2210
9100
1211
1291
9322
1291
0111
1100
9210
2910

4 8 6 board_4x8_6_174740_none
9329
9921
3320
1910
1121
0019
0011
0000

4 5 6 board_4x5_6_174748_none
1292
1939
2342
2991
9321

6 4 5 board_6x4_5_174755_none
002999
002942
111110
910000

7 4 6 board_7x4_6_174761_none
9949100
9992100
2321000
0000000

8 5 6 board_8x5_6_174768_none
00001110
12111921
92911292
12111239
00001921

16 18 73 board_16x18_73_174775_none
1293332100192110
1939999210112910
1122494921013320
1111324392139920
9349492922949931
2999922111295591
1394322110129943
0112394920023599
1222994942129593
2992333399129921
3931192393123310
9321222921129211
2912932221393291
2223949229392111
9229495931211000
1292495920123332
0222293110199999
0191111000124942

19 14 40 board_19x14_40_174860_none
0191000001911929291
0111000001111122432
0000000000000112991
0001110000000193342
0002920000000223929
0002920001111292232
1111232102921921191
2910299102921110111
9210293223211110000
1111211299112911110
1119100294329211910
9112321239292102220
1212991192333101921
0192221111199101291

16 4 16 board_16x4_16_174903_none
0012992929119239
1129322121112949
2932311000112249
9229291000191192

12 5 9 board_12x5_9_174921_none
000029931100
000029949100
123222392100
199910111000
123210000000

9 10 15 board_9x10_15_174933_none
019223210
011299910
000123221
112110139
192910199
112221122
001291011
001932119
001129232
000012929

5 18 24 board_5x18_24_174953_none
12921
92239
23392
19932
12392
11239
91293
22394
91399
11294
00129
01121
12921
93391
23921
29531
29991
12321

4 18 9 board_4x18_9_174979_none
0000
1100
9100
2200
9100
1100
0000
0011
0019
0011
0000
0111
0192
0139
1249
1992
1232
0019

4 14 11 board_4x14_11_174991_none
0011
1239
9299
1222
1110
1910
2321
9291
2321
1921
1291
1232
1929
1121

11 4 7 board_11x4_7_175006_none
19100112291
11100193921
00000129332
00000011299

12 4 7 board_12x4_7_175015_none
001910011291
012210019211
129111122200
921119119100

19 16 79 board_19x16_79_175025_none
2931212911929921100
2949292122222339222
1293422029421193399
1239292149992233943
1921213959522939439
1111113959201139492
2212934941100012921
9934949920011101232
3499393321029200199
9222212292139412243
2210001949129393939
2911222293222323931
9211992212912932232
1213349223334991199
0193922939929952244
0129211293223991199

19 19 65 board_19x19_65_175116_none
9321100001922110019
9929100002392910011
2232200112933221111
0019100192129229129
1122200111012922239
9129200111001122932
2229200191000029329
9112210111111139322
2211911110293293391
1911111910294959311
1110123210113949200
0000199100002231100
0000122100113942100
2221223210194999211
9929299921339333391
2232323229292113931
0019221222322019920
0023929391293122210
0019222921293910000

15 10 39 board_15x10_39_175186_none
000129101911929
121292212112242
949311292001939
399200393013459
932100292129992
222110233294532
294921199229292
399592243212339
299922929222932
123211122929391

10 4 7 board_10x4_7_175236_none
0000001121
2210012929
9920019221
9920011100

4 10 11 board_4x10_11_175244_none
3939
9931
9420
2921
2391
1921
1110
1221
2991
2931

4 19 13 board_4x19_13_175260_none
1991
1221
2321
9991
2432
0191
1211
9100
2210
2920
2920
1110
0000
0011
0019
0133
1299
9222
1100

6 19 16 board_6x19_16_175275_none
000000
000000
000122
000199
000133
000019
000011
000111
122291
199211
233100
292000
292000
111000
121211
929393
121399
222232
992910

9 14 31 board_9x14_31_175292_none
013921221
019921992
013321239
001911132
012211939
019223359
023929939
129233432
192239592
111199993
112233493
294911239
299211932
122101291

10 12 32 board_10x12_32_175329_none
1100294949
9311399399
9391394249
2422393029
9391292122
2921112392
1110012993
1101139439
9211959311
3933399200
9399222100
1222100000

17 4 9 board_17x4_9_175365_none
01910000000000000
12210112121100000
29112392939100000
92119922292100000

19 12 62 board_19x12_62_175376_none
0000011119949111399
0011229113993229494
0019392102332932594
2344932101911129399
9999349312110011344
3443399392111100199
2922943339329210133
9592129139922922129
9932011129533393942
2392111123992934959
1229119129532249499
9111111129910199322

18 18 56 board_18x18_56_175449_none
129211110192911910
193912942212111110
112224999100011100
000193942100019100
000112221000011100
001111393111110122
002933993911910299
002993932122221393
001233210019119222
000029200122111229
000139211291000192
111193239311000111
293213949200000000
299102931222100000
122102220199101121
001222911233211939
233993232911911249
999322929211110192

11 14 42 board_11x14_42_175511_none
93999212129
25952292932
29941113391
94991123932
12221299392
11212394439
19292939393
11224332939
00019932221
00024939111
00129232219
11194329221
92239933921
12922229229

8 8 13 board_8x8_13_175558_none
91192991
11224442
00293991
00293221
11111111
92100191
29101332
11101991

4 4 3 board_4x4_3_175573_none
0000
1100
9211
9219

4 6 5 board_4x6_5_175577_none
1229
9292
2311
9210
2910
1110

8 19 20 board_8x19_20_175586_none
92212110
29393910
22393110
91112110
11012910
11019221
91012239
11012939
00129221
00192100
00123210
00019920
11113920
19101110
11100000
11100000
19111100
11119100
00011100

15 14 55 board_15x14_55_175609_none
019939229939100
012393945943210
122213399392910
399211944333321
994911294949291
943110139992322
392000139931191
392111194310111
931192339211111
930129394392291
920011399212932
220000122112339
920112121239392
920192929299311

19 4 13 board_19x4_13_175666_none
0191191001291012929
1211111112921019331
9200000192221012921
9200000111191001129

18 8 38 board_18x8_38_175682_none
939111119912920000
292119233312931122
122123939112391199
029329492119211259
029922943111212299
013321299111394969
012911232119396969
019211910011229992

14 18 33 board_14x18_33_175727_none
91000000000011
11000011212139
11000019393939
91001132595221
11001929399211
00001121222291
00000000001221
01110011101921
01910019101129
01222121100011
22292910000000
99223210111122
22119322291199
00012992921122
00002333220000
00001922910000
00001139420000
00000029910000

11 19 38 board_11x19_38_175763_none
91000001249
11000001999
00000112343
01110191191
01910233211
01110299100
00001393111
01111922129
01911111921
12110013320
91011119920
22019113931
91011224592
23221299992
39929224931
99321102231
23210001939
02931101292
02939100111

7 16 29 board_7x16_29_175807_none
9119129
1123459
1119999
9213564
9201999
3311399
9910122
3310111
9210191
2921122
1291019
1323121
9293920
1224920
1229210
9292100

4 4 3 board_4x4_3_175842_none
0019
1111
9210
2910

4 4 4 board_4x4_4_175846_none
1910
1232
1299
1932

9 12 19 board_9x12_19_175851_none
011100000
129210111
293910191
932121211
920019100
331011100
991111011
941191139
930111299
920001394
110001939
000001121

16 19 74 board_16x19_74_175873_none
1122229399111392
2939921494239492
9393210292199411
2432000223249311
1992121393922392
2332929393122949
1911232222129492
1122492029229322
1249994129321229
1999699223910193
2597959219221229
9399942222229111
1225932921932211
1223922921292291
1993221110224931
1333911110193920
0193211911222121
1349101111910019
1992100001110011

19 12 40 board_19x12_40_175958_none
0000019100191011100
1122221100111019100
1929910000000011211
1122222210000000191
0000019911111111232
0122234311922922939
1299399112229339239
1949323229111394211
3332212931100299100
9921923920000234210
3932394220122292910
1291293910199212110

18 4 16 board_18x4_16_176001_none
110012391000000299
921129922121100395
291294211939211299
111292001292291122

16 5 20 board_16x5_20_176022_none
1111910191129921
2933220111294492
2992910000394494
1233210001494999
0019100001993393

15 6 22 board_15x6_22_176047_none
921100000192110
139310111123921
149920192129492
199921223932492
234223933922931
191019939212920

8 18 24 board_8x18_24_176078_none
92029991
93129532
29111291
11100111
01110000
12921000
92393100
11299100
00233100
00191000
01222221
01911991
01122332
11229229
29392292
93921111
12110000
00000000

5 19 26 board_5x19_26_176108_none
92100
29221
23929
39431
99921
23239
11249
19399
11399
00139
01243
12999
19459
13931
02931
01129
00011
11111
91191

4 12 7 board_4x12_7_176137_none
0000
0000
0000
0000
0000
1121
1929
1232
1292
9339
2932
1291

6 5 6 board_6x5_6_176145_none
011111
129119
933221
392910
922110

9 4 9 board_9x4_9_176152_none
019119210
243224920
999129920
232129310

10 5 12 board_10x5_12_176162_none
1292399910
1949595210
2349493100
9292229100
1211011100

11 6 15 board_11x6_15_176177_none
00193391000
00249943211
00199599392
00139334939
22111119221
99100011100

15 12 24 board_15x12_24_176193_none
000000000001921
001110011101129
001910019111111
001110012229211
110000113931291
921011293920111
391019212121100
921011100129100
122221100193200
019939100129211
023593101121291
019392001910111

19 19 97 board_19x19_97_176219_none
9212992922299494399
3912933393943999932
9222211923932249420
1229113332493122921
1292119949494921291
9222112399424932332
1119223333493239939
1112399911992194339
9212944332432139211
3922932929291029200
2921139333422122210
2211149319912921910
9202949212334932210
9302942312299229111
9212239392932111119
1229129423122210122
1395321292129910292
9499911349139521292
9339311992129391111

18 10 26 board_18x10_26_176328_none
019101910000191000
011101110000222000
000011111100191011
110029219211332019
910029223911992022
110011119211392029
221000011211112139
992111100293101921
349119211299101110
192111291122100000

11 4 11 board_11x4_11_176355_none
12939219211
94249211291
94942200122
13939100019

4 16 15 board_4x16_15_176368_none
9210
2910
2221
9329
9931
4920
9310
9311
9229
1129
0022
0019
0011
0111
0192
0129

4 18 14 board_4x18_14_176386_none
0000
0111
0192
1339
9292
1211
0000
1222
9299
2332
1910
1110
1100
9200
9310
4920
9931
2391

8 10 14 board_8x10_14_176403_none
19211000
11392011
00393019
00292022
00222019
11191022
91234339
11199992
00123432
00000191

15 4 13 board_15x4_13_176418_none
192291002991191
239211002942122
193201222291019
129101991111011

19 14 57 board_19x14_57_176433_none
9101991000019292110
1101221011111212910
0000000019101111110
0000111011101910111
1100191012223432291
9100233229939992932
1111399295695932129
0029594449994232232
2239939299422929939
9922221222212233393
2210011111291192239
1212129239322229129
9294932939219221222
1229921121112910191

19 16 76 board_19x16_76_176499_none
1221011213932249211
2993229393993999219
3999494922223994322
9359949210001239393
2229593200000011399
9213959201122210122
9302959312939921111
9202359219494239219
1101994332492029432
0123339939311013991
1299123339311003941
1932129211292102920
2231129421239222210
1939212991193929222
1149301221113242399
0029200000001929222

19 19 94 board_19x19_94_176587_none
0001912949101922992
0001223994322393349
1211192349939229139
9392232294493221129
9423929229322910122
1393121112911221292
2593112122222492292
9995393929239993211
3999959333939549100
1369959319344493210
0199339321299922910
0122224920149412331
0111195930029311992
0192239941013933449
0139229992002949921
1139322492001259410
1922921122100299200
2222492019100394100
9119392011100292000

18 19 58 board_18x19_58_176702_none
129100129210111000
192100295931191000
122101394991111011
129101922221000029
193334432121100029
123999992929111111
019344422232119100
011119111291011111
110011119211000019
910000011211000011
220001111393211000
942112922999292211
999229392233339392
942292211001932492
110122100001249422
110019100000299391
910022201110294321
121119102920112910
019111102920001110

17 18 44 board_17x18_44_176765_none
11001110019291019
91001921011211011
11123391000000111
00199311000000191
00149411111011211
11139392392029310
92292229392029921
12921011322012229
12110000191000011
92110000111001110
12911110000001910
13332910001111121
92993110002920019
12393100003930011
00129210002920000
00012932112332100
00001299219299200
00000139211239200

16 16 35 board_16x16_35_176811_none
0000001932222291
1110112399399321
1921291294494910
1129222223922110
0011119119210000
0000022211100111
0111019100011291
0191011101129211
0111000001921211
0011100001110191
0129101111110111
1292112911910000
9211019321110111
2201123931001291
9101912991001932
1101111221001291

15 14 31 board_15x14_31_176851_none
129211000191000
192291000111000
111111111012210
011211191129910
019291111295320
011211001394921
011100001939229
019221212121111
023929292101110
129221229101910
192211122101121
111191293101129
011211299201921
019100139201110

9 5 11 board_9x5_11_176890_none
129910191
295310111
299211110
234922921
192292129

8 4 8 board_8x4_8_176902_none
00123499
00299993
00295421
00129100

4 12 9 board_4x12_9_176913_none
1129
1932
1291
1221
1921
1129
0011
0111
0292
1392
9311
9200

5 19 24 board_5x19_24_176923_none
92000
92111
23291
94953
29999
12599
12393
93932
39229
92222
11191
12321
19910
12210
00011
00029
12239
19921
12210

12 12 32 board_12x12_32_176953_none
110001110111
921112932291
291192399211
221111293100
922210123210
239921129910
193391193210
123332222111
029949219129
039699333239
139932299229
922210139211

19 4 11 board_19x4_11_176989_none
0029499211100011100
0029949229200019100
0012221139410011100
0000000029910000000

19 6 18 board_19x6_18_177002_none
1100192911910000000
9100112122210000000
1100122129310111000
0001299239921291000
1223942294449211000
1993920112992100000

19 8 27 board_19x8_27_177021_none
2210000293119299200
9910000299112459311
2211121223322992291
0123939101993331111
0199392101222921100
0122222100001129210
1212129101110012910
9292921101910001110

15 19 50 board_15x19_50_177050_none
000000000129210
111000000193921
293100111223129
299100191292022
122101233595229
000112929999932
000193233943391
110112911110222
910001110000192
110000000123339
221012210199931
991129910246920
221193221299431
001221019444991
001921012992221
002393211332000
112939921191000
192123491222000
111001921191000

10 16 28 board_10x16_28_177106_none
2920000000
3941000000
2991000000
1221000000
0112110011
0293921119
0294239111
0112921100
1111122321
2921139991
2921949532
1111393291
0000293333
0111239399
0192293943
0112922291

6 8 12 board_6x8_12_177135_none
193929
139321
029311
011392
110293
921129
292132
112929

4 4 3 board_4x4_3_177151_none
1291
9321
2910
1110

5 10 12 board_5x10_12_177155_none
00000
00011
01139
23939
99331
45910
99420
49910
29321
11119

6 12 19 board_6x12_19_177169_none
110011
922239
393993
293393
233339
399392
999322
232119
000011
110000
931111
939119

12 19 33 board_12x19_33_177196_none
012910000000
019210011100
122100129111
191000192119
111111112121
122391001910
939921001232
139310011299
132200019332
929100012910
121100001110
001110001110
001911111921
111222911291
921192111332
291112222991
111002993232
000113992019
000192221011

14 19 38 board_14x19_38_177234_none
93211921291000
29911129321000
12221112921000
00019101291111
00011100111192
00000123211249
00000199922939
00111124339331
00192101923920
00129212112931
01121292111129
01921223910011
12493293210000
19399229100011
11222111211129
00000001291192
11100001921111
19100002220000
11100001910000

17 14 58 board_17x14_58_177275_none
11291194991292011
29311129943393129
39310012493922932
94920011393222292
14930029421293239
13921139921494921
19322922349493110
11292110199312110
11222000122112910
92292012321029420
93493019991029910
23992123322122221
93222293212921239
92001939912921992

19 5 17 board_19x5_17_177342_none
0011100111001911921
1129211191001111249
1922392323110001299
1111949393921001932
0001292393291001110

19 4 10 board_19x4_10_177361_none
2910001110001910019
9210002920112110122
2200002920191000192
9100001110111000129

18 6 23 board_18x6_23_177373_none
192221000112129920
112992111393923920
001239229394212220
111121293349201921
912920223939422291
112920192122991111

17 8 33 board_17x8_33_177399_none
91192921222100011
22212129399210129
19100123944922292
11100193394493921
00111139549939321
00192139993344492
00223922443299939
00192110199239321

9 19 24 board_9x19_24_177437_none
019212121
012493929
001994121
002492000
012921122
019210299
011100293
000001232
000001939
111001292
192110111
112921000
012391000
019321000
123910111
192110191
111000222
000011291
000019211

4 10 9 board_4x10_9_177464_none
1921
2492
1992
1232
0019
0122
1291
9311
9211
1119

6 4 4 board_6x4_4_177478_none
299100
932100
220000
910000

11 12 33 board_11x12_33_177483_none
92000111000
92000292111
11012493392
11119932993
19345932239
23999391122
92343211191
22393110111
29494932100
94949399210
25941334921
93920192291

12 14 37 board_12x14_37_177520_none
199211910000
123923220000
001293921000
221139492110
992029312921
393121101249
124931111299
129993391395
922339931399
221013921393
393101111921
999111102220
233229101910
001921101110

18 19 72 board_18x19_72_177560_none
192393929911111110
129394233432911910
122322911992222121
921912332221193229
921233991000129921
110199442100012210
011223929100000000
019222232201221011
244929229333991019
999321294999333221
249201223994219910
011101922339112321
000002239221100191
000112922932100222
000193222499100293
111239229494100299
191193933593111239
111223129949329221
000191012239393910

19 10 40 board_19x10_40_177640_none
1292223221211000129
9329499939392111293
9213994393493292392
3312931239212922921
9912220193211111121
4421921213931111129
9921129102939119129
3920011101121111222
3320001110011100191
9910001910019100111

19 8 26 board_19x8_26_177684_none
0019211011100019210
0022391019101233910
1119322011101992121
9111291011224431029
1111212129299911149
1129101932324332939
2921101129101929331
9210000011101122910

16 4 10 board_16x4_10_177717_none
0191001222110191
0233101993921122
0199101393291019
0122100111111011

15 4 13 board_15x4_13_177729_none
932212221111191
399292992291111
293323249311011
111191029200019

7 16 16 board_7x16_16_177745_none
0001921
0001291
0111222
0292292
1393392
9339211
2392100
2942000
2991000
1221000
0011100
0129100
1292100
1921000
2220000
1910000

4 18 18 board_4x18_18_177762_none
1921
1239
1293
1939
2221
9111
3329
9932
2392
0139
1129
9111
1211
1392
9493
2492
1921
1110

4 14 14 board_4x14_14_177787_none
9492
9592
2921
1110
0000
1110
2921
9229
1111
2321
9991
2432
1392
1992

7 6 6 board_7x6_6_177806_none
0112910
0192121
0111019
0111011
0192221
0112991

12 5 16 board_12x5_16_177813_none
113931100011
395939222229
999331299292
395921122322
129391000191

18 14 37 board_18x14_37_177835_none
000011101129111211
110019211921119291
911122911110122211
111923220000293100
001292910011399210
110112111239224920
920000113993203930
931100193949102920
129111212121101121
011229100011111119
000293211019119122
000292191011111129
001222221000011129
001911910000019111

19 19 79 board_19x19_79_177879_none
1101111993929211199
9213932239221291122
1394991123211221000
0293332192922922110
0111192323129493920
1222249392113934930
1993949329102922931
1495394321212111239
1399229910191001393
9222112210111001992
1100011100011101221
1211019100129221100
9391012210194949200
9412111921139599410
9323911393139499910
1399321293933444210
0295492222292991000
1229932910112222121
9113921110000001929

18 16 71 board_18x16_71_177972_none
002921112949492019
112932912959593132
911292123349313939
111221019931113931
001910013932249310
233321002495999300
999292223999969311
354329399443239219
399113965910011233
993103999310000199
221003979300000249
110002949200000192
921002342100122211
393112991000299310
299119322221399910
122111101991294210

11 4 9 board_11x4_9_178053_none
19910193939
12210224931
11101292110
19101921000

10 4 9 board_10x4_9_178063_none
9392191192
1393221239
0223910192
0192110111

6 8 10 board_6x8_10_178075_none
129299
921222
220011
921019
392121
922910
112220
001910

4 14 8 board_4x14_8_178087_none
0000
0111
0191
0111
0000
0000
0011
1119
9122
2229
2932
9391
1322
0191

4 19 23 board_4x19_23_178096_none
9929
9432
2391
9211
2210
3920
9920
2332
1399
9494
3592
9921
3321
9119
1111
0122
1299
9344
1299

5 19 26 board_5x19_26_178126_none
29291
93211
92000
23110
92921
13349
01993
13469
93999
94342
12921
01239
01292
12932
92129
11133
00299
00299
00139

11 8 13 board_11x8_13_178156_none
00011101991
00029202342
12239201929
19921101121
12221100111
00019100191
11122100222
91191000191

18 5 21 board_18x5_21_178171_none
000001129112921392
000112932129439492
110192292129933943
910111129223593399
110000012911992293

19 10 28 board_19x10_28_178197_none
0111000000011393291
0191000000129494932
0112221001294949449
0001991001945943992
1111332112299229321
1910192291122111100
1110234921000000000
0000199210000001110
0000123210111001910
0000001910191001110

19 14 40 board_19x14_40_178228_none
0000000191000000122
0122100111001110299
1399200000013931394
1999322100019992392
2342299100012339211
1910122100012232311
1110012210029929291
0111129910029321322
1292293210011111291
1939322000000019211
1121291000000011111
0012321000001110019
2339910000001911121
9993210000001111910

18 19 89 board_18x19_89_178274_none
291029212999111111
931149319553119129
932499334991011129
239995929954321022
193594233399991139
111393191236941199
110293221193920233
922222922323331191
293911239932994321
129321195992399920
132392325942234920
939329395931922110
139211394921291000
122321112221112110
923992211192101910
239959391129223210
296594942222299100
299923939291133311
123211121211019291

16 19 72 board_16x19_72_178370_none
1992102920199210
1249213931123910
1129229592001221
9322239492111292
9391192211292393
1223321001392293
0019911111943229
0013321922399332
1101911129344991
9201121123929332
9300139219221229
9422299443201293
9399234999212949
1222129593292139
0001149521122222
0001949911129391
1111259423932921
2910199219932210
9210122112229100

10 10 15 board_10x10_15_178447_none
9210191000
2921222100
1239229100
0296931100
0299920000
0123210000
0000001110
0111001932
0292001299
0292000122

4 5 4 board_4x5_4_178464_none
9211
1291
1221
2920
2920

4 12 7 board_4x12_7_178469_none
1110
2921
9392
1229
0011
0111
0292
1392
1921
1110
0000
0000

8 19 40 board_8x19_40_178477_none
19292992
11334349
11399339
19399392
12333443
02921999
13943493
93399211
12943211
02239129
02932239
02921932
13221239
92921192
12292322
11229392
19111392
22100233
91000199

11 18 35 board_11x18_35_178524_none
91001910000
22101122210
19210019920
12910013920
01221001110
12391000000
29921011100
94210139200
92000199421
22101233992
39312911239
99493331133
49323991199
92119321122
12122210000
01922910011
01239210019
00192100011

17 8 28 board_17x8_28_178563_none
91000191112910019
22101232293220011
39213939212910111
99219942112210293
22112392229100299
00011229293211232
11019123422923920
91011119911129920

18 6 27 board_18x6_27_178596_none
949200293910019299
949311294220011344
231291112910000199
910111013431112343
232321019992292992
929991012322922239

19 8 21 board_19x8_21_178628_none
0001911910000000000
0001111221000000111
0011100293110000191
0019100293921100111
2332100113349211000
9992100012992291111
2349200029532112291
0029200029391001921

18 12 37 board_18x12_37_178651_none
000019101922221000
000011212292992011
011100292234493119
019211292199229111
012392211122112321
001939111100001991
012343329100001232
019299393200000019
122223939112210011
191001122229921100
111001122933339321
000001929229129929

10 19 33 board_10x19_33_178692_none
1110122100
3931299100
9992494100
2322993100
1111349211
1910192291
1110222111
1110191122
1910112399
1111111993
0012911221
0019322110
0022392910
0019323110
0022392221
0019324991
0011294931
0111129221
0191011119

4 6 7 board_4x6_7_178728_none
9129
2339
9392
9411
9200
1100

4 4 3 board_4x4_3_178736_none
1910
2220
2910
9210

5 6 4 board_5x6_4_178740_none
91000
11000
11100
19221
12929
01121

10 16 43 board_10x16_43_178745_none
9439210011
9993932119
2322299111
2210133311
9910019291
3311121222
9222910129
3929210293
9432100293
9391000129
1323222121
1394993921
2999349592
3993129949
3931134339
9210199111

16 19 44 board_16x19_44_178796_none
1100000122100000
9100011299100000
3311129222211000
9911921100191000
2211110111111011
0000000191000019
1111100223221122
9219221292991191
9433929212332111
2993232100191111
1494293221211191
1399229939111211
1943213931229321
1129101110193991
0122111100112221
1291029211100000
9211139219210000
1100192112910000
0000111001110000

18 14 45 board_18x14_45_178844_none
291129100000029219
931193200000029321
920139211100012910
121139319211001121
129129322293321029
921222392129992139
220191293112593192
910122229100393111
232229111111392000
939921100019222100
933320000011119100
122910000111022200
239211110191019111
992101910111011119

19 12 48 board_19x12_48_178895_none
1110001129291000000
1921101933443100011
2249312292999321029
1949391123344994249
1292222129329599939
0112129139594499321
1222922239493932100
1993211943312110000
2459211299101121100
1993921244201929100
1223391299101121100
0001921293100000000

19 8 41 board_19x8_41_178949_none
9911393111999229210
4543994911394922932
9999594220123334499
2349422921119399932
0013921129123933321
1102921121229210292
9212111910192222494
1291001110111199399

16 6 14 board_16x6_14_179005_none
0000001221000000
0000001992110011
0000012322922129
1111229102393931
9119292102934930
1111211002922920

12 12 37 board_12x12_37_179020_none
193999291111
239444432191
194593992111
239993394210
295431129920
293921125941
223239119939
911921124542
111110019991
111122112332
192399100029
112993100029

9 18 38 board_9x18_38_179072_none
299111100
293119210
111013920
111002931
192111239
112921192
112291111
291222011
932393119
943999122
399594239
949312939
122212342
001911992
001111392
110111222
920193492
920129992

4 18 12 board_4x18_12_179119_none
0000
1100
9211
1291
0111
0000
0000
0000
1222
9299
1233
1119
9111
2210
2931
2991
1343
0199

4 12 11 board_4x12_11_179134_none
9200
9200
2200
9100
1222
1299
2943
9239
1129
0022
1129
1921

7 4 3 board_7x4_3_179147_none
1100000
9100000
1211011
0191019

10 6 11 board_10x6_11_179151_none
2399229991
9933934931
2211292110
0000111111
0000000191
0000000111

18 19 58 board_18x19_58_179165_none
191000193920191000
221000113920122111
921100001121119119
129101110019111111
122112921011111211
193339493111129291
129993494911921211
013959339311121100
113249229211129200
193921222129229211
139310191139211119
139200111192212121
921100112221192910
221000294921323110
392001399339392110
992001949229312910
222111121111101110
002921110001110000
002921910001910000

19 12 60 board_19x12_60_179230_none
9910192994921111121
9532222349933921929
3992922293239921121
2932393921039520011
2321293221039921119
9391122392039539111
2921029592039931100
2220029932029920111
1910123493112210292
1233493399111100394
1299995943119100299
9224999391011100122

12 4 7 board_12x4_7_179300_none
110191191111
910111112292
110111001939
000191001121

5 16 17 board_5x16_17_179308_none
19391
23921
19210
11222
01299
02942
03941
13992
92392
22111
92111
93291
12921
01110
11100
19100

4 19 13 board_4x19_13_179327_none
0000
1100
9211
2391
9222
3329
9931
3931
1291
1232
2949
2992
1221
0000
0000
0111
0191
0111
0000

9 6 10 board_9x6_10_179343_none
121119100
929111100
122210011
001922339
001129993
000013992

15 5 15 board_15x5_15_179355_none
000001393101121
011102999101949
129102993101299
193202331000233
129101910000191

18 12 54 board_18x12_54_179371_none
192110293129921999
334931299339921243
993991249393210019
333222293323210133
293102959119931399
399113992113939393
932119321001121211
222122221101110000
292911929101921011
922122222211291019
222249311921111133
192999911291000199

19 19 63 board_19x19_63_179431_none
1110000191011101129
1910000111129212921
1110012321193392221
0001129991112921191
0001933321001121211
1101292100011119100
9101239100019233211
1101921111222299339
0001121129391139949
0000129129421124931
0111192112922493110
0191222001239992000
2321191001293321000
9922332101933210011
2229939201129921119
1123339201234339111
9329111101992932200
9943311012322139200
2399291019100029200

14 10 29 board_14x10_29_179502_none
91019101121291
22011102949211
92101224992100
29101993953211
33202332299391
99112911244921
22119211929210
11011113454321
91000019999929
11000012333221

11 6 10 board_11x6_10_179534_none
00111000299
11192100293
91129111211
23221119211
19910011291
12210000111

10 5 7 board_10x5_7_179545_none
0012921000
0029591000
0029922110
1122211910
1910001110

7 4 6 board_7x4_6_179554_none
1299211
2943291
9391111
1211000

4 10 10 board_4x10_10_179561_none
9200
9200
1211
0191
0233
1299
1943
2229
9322
9391

4 12 10 board_4x12_10_179573_none
0191
0222
0292
1392
9211
2311
9291
1222
0129
1293
9229
1111

4 14 9 board_4x14_9_179588_none
1921
1292
1229
9111
1100
0000
0000
0000
1121
1929
2232
9129
1129
0011

7 19 31 board_7x19_31_179598_none
0112939
0193392
0124931
0029920
1139531
9339939
9922349
3320192
2910122
9211239
2223993
1929993
1122593
1100292
9111211
1119111
1121119
1910011
1110000

8 18 36 board_8x18_36_179634_none
19212291
11393921
00293110
23333210
99939920
39594920
12933332
12349499
19399593
22495921
91394110
11292000
00112110
11001921
92113449
29229992
11294532
00129291

9 16 38 board_9x16_38_179677_none
292199211
494249229
994943239
234993932
129349449
922239939
233922221
199210111
243212391
939329921
139393210
011211011
000000029
110001139
933212931
299912920

15 6 12 board_15x6_12_179721_none
000011112910000
111019129310011
191011239211119
111123392119111
000199932111100
000123229100000

18 4 14 board_18x4_14_179734_none
000029201239210111
000029201995920191
012222211239931222
019911910012391191

19 14 39 board_19x14_39_179751_none
9119239311000000191
2222949491001110111
2911139311112910000
9210011101292110000
1100000013943110000
0012210029993932211
0019910029593299292
0013320022311123339
0001910019100012921
0112232111100029421
1291199101110029492
9211122101910011392
1100001111110000222
0000001910000000191

17 19 55 board_17x19_55_179793_none
19119119100000111
11111222100122392
11001291111299693
91001921191299992
11001110122239421
11111100129112210
29119100192101921
92111100111113249
22001110001293959
91012910001923993
23129210012322359
92921100029391199
12110011129422122
11000019233391011
93100011299432019
99100000123991011
33200000013431000
29200011119910000
29200019112210000

15 19 69 board_15x19_69_179854_none
001129102921110
113942214931921
193992394921291
113359493110111
013949421000000
029932910012210
149411110019921
199201110012392
244201911122349
199312111929959
249391001122499
921211112221294
110112393992239
112294995322932
292949999223239
923259533399239
111949212944921
001294339493220
000129939312910

14 19 67 board_14x19_67_179931_none
91011299492199
11129239492122
11294332322000
92393991292000
23934343492000
29394949942100
93339949949211
92193222392291
11111122211122
11100199200129
19111359312392
22229499319932
19129949323229
12233432392011
01929291393000
01133422493000
11119912993222
19224323959299
11292912931239

9 12 19 board_9x12_19_180005_none
129910000
194320111
224921291
194932921
129229321
011111291
232223321
999299910
233333210
112910000
192110000
111000000

4 4 4 board_4x4_4_180029_none
1111
9219
9222
1119

4 4 4 board_4x4_4_180035_none
1100
9111
2229
9129

4 10 8 board_4x10_8_180040_none
0111
1291
1921
1121
0019
1121
2910
9332
1299
0139

5 12 9 board_5x12_9_180049_none
92392
23993
19339
11111
00000
00000
00000
11111
91191
11111
01110
01910

11 19 57 board_11x19_57_180059_none
01921193931
23492113939
99592113242
39921193939
13320239349
01921293932
12239324491
19139429942
11139494992
00029422349
11223910193
19292122339
11333119932
12399113491
19942101943
36931122399
99921929239
49521121222
29910000191

18 10 24 board_18x10_24_180127_none
122992910000000019
929543110011100011
122991000019100000
001221000011100000
000111000111001121
011292100292001939
019229101493001139
011111112993000011
110000019593100000
910000012939100000

19 4 19 board_19x4_19_180154_none
2223921222112921921
9949932992913931291
4993392233212920222
9321111019101110191

18 6 24 board_18x6_24_180174_none
199211249211100000
134922999219100000
139329443221211000
939213943911394321
121213999211999991
000192232101233321

14 16 38 board_14x16_38_180202_none
00000111001921
00001291001249
12111932100199
93921139323332
35920029399910
99210011223210
22222100000011
00199100000019
00122211122111
00112393299100
00192999222100
00112232100000
00111000111000
11191122292110
91112299434931
11001949929991

11 19 51 board_11x19_51_180245_none
19292111232
11212922999
00012392232
12129211011
92922211129
12222912931
11293234930
19223939931
11129594439
01139939292
01922221333
13331000199
93992122459
94343929992
12929222321
23221100111
99432111291
99999119211
39942111100

5 14 11 board_5x14_11_180310_none
00019
00022
11019
91011
11000
00011
11129
19139
11239
00192
00122
00019
11022
91019

4 5 4 board_4x5_4_180324_none
0111
1291
9222
1229
0192

8 8 9 board_8x8_9_180330_none
12129399
92921394
12221129
00191011
00111000
00000000
00001110
00001910

10 12 18 board_10x12_18_180340_none
0199100019
0122100011
0001110000
0001910111
1212110192
9391111129
2933391011
1129922110
0123211910
1392012210
9392029200
1211029200

15 19 73 board_15x19_73_180361_none
299119299392299
394221349329222
922911292111211
112222931112393
001912921293999
002222232939343
222911929342329
992111122929292
332111001232211
292292000191011
394392001221139
293933211921199
233229934492222
949223499949332
959319223394999
139211100224959
122100111293243
292000191294399
292000111129949

19 12 34 board_19x12_34_180447_none
1110191000011100111
1922433121119100293
2239993939111100299
1933434942100001232
1292293391000001910
0129213931001222121
1111102920112991019
9100001110192222121
1100001110111112921
0000001911110193239
0000012211921112932
0000019101291001129

19 8 32 board_19x8_32_180484_none
0199949200112110000
1234499300192910011
1911949311223110129
2211121291292111192
9321000122392191111
3991001239222323121
3931012993229393929
9210019322921393121

17 4 15 board_17x4_15_180524_none
12911221001111221
19211991113922991
12212331193933953
01911910112292299

10 12 21 board_10x12_21_180542_none
1392000111
1993122392
2332929939
1911233221
2210191111
9322221292
2992910393
1234431292
0019991111
0012321000
0011100000
0019100000

7 18 32 board_7x18_32_180565_none
0029939
0039592
0139311
0193200
0249310
1299910
9349321
1393119
1392011
1943100
2399211
2943493
2932999
2249443
1939219
2231222
1921191
1291111

4 14 8 board_4x14_8_180602_none
9210
2910
1121
0019
0011
1110
1921
1292
0129
0122
0191
1221
1910
1110

4 10 9 board_4x10_9_180611_none
0199
1232
2920
2931
1129
1132
2929
9221
1211
0191

7 5 9 board_7x5_9_180622_none
2929921
9222392
1211139
1291029
9211011

10 4 7 board_10x4_7_180634_none
0011100011
0129211129
1294921921
1923921110

15 10 26 board_15x10_26_180644_none
911129911911921
221923321111129
911111921000122
220001392111191
921100395391111
129100299931000
011100139920111
000001122210191
000113920011322
000193920019291

17 14 58 board_17x14_58_180674_none
01922929111111100
12393231119119211
29433921122211292
49939229119101249
99943322221212949
39339922910192139
23349693110222011
19949493110191000
13493322910223221
13932911121293991
29922332239349642
29422992993949991
11292222223394542
00111000001922991

19 18 46 board_19x18_46_180742_none
1100019100111111000
9310011100192291000
9920011101222932111
3931129101911291191
2391192112321112221
1921111019291112910
1110000011211192110
0000011100011333100
0000019100019299111
1111222211022322119
9119291191019101232
2322211112121101991
9291111001921001221
2321191001291012210
1921211011222119910
1129100029219112210
0122100029322100111
0191000011291000191

15 6 24 board_15x6_24_180792_none
110001122349200
910012949999300
121119399999310
019232334544932
123939129392299
192292129311122

10 4 6 board_10x4_6_180822_none
0111029229
0191029229
0111022211
0000019100

4 16 17 board_4x16_17_180829_none
0122
0299
0399
0294
0129
1111
9210
3910
9210
1100
1110
3931
9993
2499
0149
0029

5 18 13 board_5x18_13_180848_none
11399
19393
11322
00191
00222
01291
01921
01110
11000
92211
29291
11222
00019
00122
00191
00111
11000
91000

7 14 20 board_7x14_20_180862_none
0001910
0112221
1292291
9339211
3922210
9212920
2313931
9392291
2922332
1222992
0192349
0112292
0002931
0002920

10 8 21 board_10x8_21_180883_none
9293322110
1239993921
1129993239
9324941293
9924930292
3494930111
1923920000
1111110000

17 5 12 board_17x5_12_180907_none
12911910019291019
93211121111222111
29100019100029200
33200011100029200
99100000000011100

18 8 31 board_18x8_31_180920_none
123492012210000019
199993129910111011
124432933321292111
001922292392292191
233391239393221111
999433292212922210
943992932112129910
111222291191012210

19 18 71 board_19x18_71_180954_none
9100001292129939129
2200112922922393239
9100192111110112932
1100111001110012229
0001121101911129222
0002949212212931392
0013959219213921392
2339492123493211932
9993932229939212239
9533139393233911921
1291029311019211110
0112121100011211011
1112920000000293119
1923920000123499111
2229211222299932100
9221112993933321011
4931019449221291029
9991011292119211029

17 19 46 board_17x19_46_181028_none
01929911921000011
01122222391000019
11100019211111011
29200011111291000
29200000019212110
11100011111101921
00000019100001291
11101243200011322
19101999200029391
11112349201139311
00019111101922210
00011100001111921
00011222101111129
00019399312910011
00012949493231111
00001122922939229
12321001111139339
29991011211011292
93321019291000111

15 16 50 board_15x16_50_181079_none
221000011100293
992100129210399
949100195931394
121101249991292
000001949422232
111111293201929
911921229222221
222239222929321
911922923232991
111111393912331
000011394222920
110129212913941
910192212112939
121211191002231
019210233112921
012910199119391

7 4 4 board_7x4_4_181138_none
0002999
0002942
0001110
0000000

4 5 4 board_4x5_4_181143_none
1129
1921
2220
1921
1129

4 14 14 board_4x14_14_181148_none
1221
1991
1232
2339
9993
2493
0129
0133
0299
0293
1332
1991
2321
9100

6 19 16 board_6x19_16_181165_none
910019
220011
921000
291000
122100
019100
011100
110000
910000
110000
110000
910011
232129
199239
123921
001110
001221
001993
001399

11 16 44 board_11x16_44_181184_none
00019999910
11012333210
91001110111
22002932292
92103994949
29223995953
12939339399
01393111233
11392011239
29322129299
93391295443
39311399929
29200399321
12210394100
01910393000
01110292000

15 10 36 board_15x10_36_181231_none
292019910122292
292023321299329
222129339239211
292193992111100
292112332000011
112110191001249
111911232212999
922332949393342
932993499323910
129339393119210

17 6 18 board_17x6_18_181274_none
00019101222921019
23221112993391011
99910129322932100
23210192102349222
01110111001992299
01910000001221122

18 4 10 board_18x4_10_181294_none
001991011111101110
112222139219101910
192212939211101110
129292121100000000

19 10 49 board_19x10_49_181305_none
2921999391139393929
2921394921299329442
1221123210394112992
2391129222393111494
9921192299422911399
2221211249911111932
1139200295320001110
2949300295920111011
9249301239932391019
1129201922229921011

16 18 41 board_16x18_41_181366_none
0000112911110011
0001292112920019
1112931003941222
1912921123939291
1112333939221222
0001993931100029
0012334320000029
0019119921100011
0122112229321000
1291000012991000
9311001111221000
9200112910000000
1101292110011100
0001932211029200
1122229291029200
2939111212122210
2931100001923920
1110000001129920

15 19 38 board_15x19_38_181412_none
910000001110019
231222212910011
929299492110111
231239921011291
910134310019211
121299100011100
029333200011100
029219211129100
012222911921100
111911112220000
911110012910000
220000019210111
920000011112391
931100000019921
129100000012321
011100011100191
000000019112321
111001122229910
191001911922210

11 19 44 board_11x19_44_181454_none
91011119321
11019112992
00012323493
22102994949
99102995931
22101495210
11000399100
92221293100
23992211000
29449321000
94922991000
95321221011
29910111019
23210191011
92110112121
12921223939
01129299349
00011345921
00000199210

8 14 29 board_8x14_29_181502_none
99101939
44312292
99393221
33394931
91224939
11293132
01493019
23992011
99431000
95910000
39322210
29329921
11294339
00112921

6 10 12 board_6x10_12_181541_none
019119
122221
911910
111110
112232
193999
113942
123210
199111
122119

4 4 3 board_4x4_3_181555_none
2391
9921
2210
0000

4 4 3 board_4x4_3_181560_none
1910
3320
9910
2210

5 8 11 board_5x8_11_181564_none
93221
94992
94339
39211
29200
11111
00139
00199

10 18 24 board_10x18_24_181579_none
0191000191
0123322232
0019993929
0012339221
0000023421
1110019991
1910012321
1110000000
0000000011
1100000019
9210000022
2910000029
2210000029
9100000011
2311000111
9391000192
9411000129
9200000011

12 19 42 board_12x19_42_181605_none
000129111100
000294219100
001499122200
001994119111
111392011119
910233111111
110199219100
011239212210
019111112910
011100019210
000000134421
110000199992
921211135693
129291019949
011212122493
232101910292
999223322332
343299393991
191122393221

19 10 33 board_19x10_33_181653_none
0011211000111019929
1139391001291012221
1939422001921011100
1232392001121119111
0192393111129332119
1239213921934992111
2921113921293949100
9211139420112121100
1212939921111100000
0192122229119100000

19 8 22 board_19x8_22_181691_none
9211910000000000000
4921232100001110000
9920199200001910011
3421249211101110029
9391193219111100039
9411129221119211029
9200012910011291011
1100001110000111000

17 6 28 board_17x6_28_181716_none
91000192233210111
12233333999920191
12999949444920111
19496994933431000
23549324959991000
19992102993321000

16 8 31 board_16x8_31_181748_none
1299999111211293
9324593119291299
9422921012321122
2992121212932111
1221029393399219
1110029329249421
2920011111139921
2920000000029491

12 14 26 board_12x14_26_181785_none
000001910122
121112321199
929229393222
231395699100
932399994100
299223492000
122111211111
000019211191
011111291111
019100111000
011211000000
011292110000
019213920000
011102920000

10 18 26 board_10x18_26_181813_none
1291029211
1943129329
1299122392
0122119211
0000022211
0000019229
0122112932
0199101292
1232100129
1921101121
1129101910
0022201110
0019100000
0011101110
0000001910
1100012210
9222229100
1299292100

7 19 32 board_7x19_32_181841_none
9310000
9922232
2494999
0299343
2332119
9910011
9322210
2219921
9212339
9310192
2910111
1121100
0129210
0294921
1393291
2932211
9339211
9339219
2921111

4 16 18 board_4x16_18_181880_none
2942
4999
9953
2392
0239
0192
0111
0011
1139
1939
1121
1100
9211
9329
3932
9229

4 5 4 board_4x5_4_181902_none
0122
0199
1249
1921
1110

10 8 17 board_10x8_17_181907_none
2993119391
3999112921
2942102220
1222111921
0192911129
0112232111
0000299211
0000293291

14 14 26 board_14x14_26_181928_none
19210000013920
12921000019931
01291000012229
00111000111022
00000000191029
00011211111029
00129291000011
00192212110011
01221001911129
01910001111921
01121100001110
11229210111111
19393910293291
12922110299211

16 18 49 board_16x18_49_181959_none
1129100002921221
2921100002921992
9210111112111239
2200192291111122
9100112921192291
1101122333322932
0002939299911129
0002942449310011
0002239292100000
0112921211001110
0192121100001921
1221129210012229
1921195931029211
1291129993239200
0111012499292211
1121101232211191
1939201921011211
1139201291019100

19 18 82 board_19x18_82_182012_none
0191193333999221100
0222129999333939100
0191134593101292100
1222399323111221111
9339393293922922393
2993422129339393999
1249392122921224999
1139312922210019494
3942202239100011229
9939102931111100122
2232202920019211292
1119101110012923959
9112211221123239992
1101911991199129531
0001123432233222910
0001139911922933221
1101939532239499229
9101122991192393292

18 8 21 board_18x8_21_182099_none
112911922221019111
192111292992011119
221001233492000011
910001939311000000
122211139322101110
019910011299311910
012210000139922210
000000000012229100

16 4 16 board_16x4_16_182123_none
3921921129921291
9932392293239311
4439212922139200
9921101111921100

10 8 14 board_10x8_14_182141_none
1111992110
1923332921
1292911239
0112110192
1212110111
9293921211
1229229291
0011111211

4 19 21 board_4x19_21_182157_none
9129
3339
9921
9420
3910
9420
9921
9329
1111
1110
1910
2220
1910
2220
2921
9491
9521
9921
2229

4 18 14 board_4x18_14_182181_none
2929
9331
2910
2220
1910
1221
1292
9339
1292
0111
0000
0000
0000
1221
1992
1493
1392
9211

8 6 10 board_8x6_10_182196_none
19229100
12393311
01949291
01292211
12221111
92910191

9 5 11 board_9x5_11_182208_none
292000199
393001343
293111991
112923442
001292991

16 8 18 board_16x8_18_182222_none
1911921011101910
2221291019102220
1910112121101910
2210001911122332
9100001222939399
1100000193249322
1211000112921100
9291000001110000

19 19 95 board_19x19_95_182242_none
9993949211111113920
2493299219229129920
1332123223942239521
1991001924959249692
1332013339993949992
1291019923432139421
2931023422910012210
2920129394220002920
1233392394921102931
0299922239339112229
0294222934942329122
0111029449939293329
1221029399321229293
2992133433321022329
9333929921993129222
2339333933493932492
1993922392922129493
1222139533222121494
0000029991192910299

17 14 33 board_17x14_33_182346_none
00112221000292000
00293991000292000
00394221000122111
11493000000019119
19392000000011111
12432111000000011
01991191001232129
01221111001999129
00000001122332111
00000002939111111
11212112931119119
19393922121222111
11393291019392111
00111111011392191

15 10 26 board_15x10_26_182382_none
113920012239211
193920029939229
112110029322239
000000011101932
001110112111239
112910293911292
193210293122921
129100122129420
122100019239910
191000011293210

14 8 23 board_14x8_23_182411_none
13921991029211
93932221029219
23292101132211
92239201929210
29129212333910
22212229293221
19101921239219
11101110029211

10 4 11 board_10x4_11_182438_none
2922932910
3922959310
9211299421
1100123991

6 6 5 board_6x6_5_182453_none
110191
921222
239119
192111
111000
000000

4 16 15 board_4x16_15_182459_none
9291
1222
0139
1299
2953
2939
1232
0292
0292
0111
1100
9211
2492
1993
1392
0111

7 18 18 board_7x18_18_182477_none
0000000
0000011
0000019
0112121
0293921
0293292
0111239
2321192
9991111
3421111
9200192
9200129
1100022
0000029
0000029
1100011
9211000
1291000

9 14 19 board_9x14_19_182497_none
001110011
001932119
113399122
192932129
112221029
000191122
121211191
929100122
232100019
292001121
292001921
122101129
019100122
011100191

17 4 13 board_17x4_13_182517_none
93921000011299100
93394210019222100
11399910022200000
00299310019100000

19 6 16 board_19x6_16_182533_none
0111029200191000129
0191029322211000192
1222111299100001221
9119101232101111921
1111101921001922129
0000001291001291011

19 12 49 board_19x12_49_182551_none
1129200019921291122
9129211113459312299
1111119223999201932
0111012399542212121
0191001949920192119
1221001123931139222
1911110001293249319
2221910000129949211
2922210000024942200
9549111111119449100
9993129219123993200
2492029211119339100

19 14 66 board_19x14_66_182604_none
1911992211129229111
2222359391194931129
1912949422114931149
1112932391113932949
0002221933293393349
0001911292959549292
2334331212299993322
9999929321124994291
3433223992012493932
9100002993139312291
1111112322939323432
0019119102231299993
1111112211911233499
9100001911111910122

18 18 85 board_18x18_85_182682_none
291111011101399219
921293229223999322
331399393299593291
992293392149522221
492111122129911921
943100029334543493
299211149939999399
234911939459693222
192233344939532000
122299299322992122
019222349212492199
123210192229211233
294920222192211191
395931394321192322
949329399910239391
139212333321193921
011112910191124331
000019210111019929

17 19 68 board_17x19_68_182780_none
00001992001932119
00002492012399122
22102932139433119
99212921949391011
23912222392212121
02221911932001929
02921111291112121
02920000112292100
02221110001949200
02921932101139200
13933399100011211
92393933210001291
11394111921102942
12392012229102992
92933339221212349
23339993922392393
19295932129933993
12449210012339492
01992100000192211

11 14 28 board_11x14_28_182860_none
01910000111
12110111191
93221392111
39939392000
93392211111
11111000191
12321000111
29991111111
93433291191
22294943321
19229939921
11224332391
00192910222
00112110191

9 10 22 board_9x10_22_182895_none
029201910
029311121
134921019
399593111
999599200
244959300
019239310
122113920
191114930
111193920

8 8 16 board_8x8_16_182921_none
19100111
12210293
01910399
12122493
92139932
23939491
29342311
93929100

4 4 3 board_4x4_3_182939_none
1221
2991
9321
1100

4 10 9 board_4x10_9_182943_none
0011
2229
9932
3329
9221
2910
2220
1921
1292
0129

9 19 30 board_9x19_30_182953_none
019100000
012210000
002920011
002920019
001221011
000192211
000129292
000023439
000019943
011123499
019119359
121222399
911291299
221932222
911129111
232111119
299212121
293292910
111112110

10 19 29 board_10x19_29_182984_none
0000000000
0001110000
1101910000
9211110111
2910000293
1110011399
0000129333
1122393391
1929933921
2233439321
9129493291
1129493221
1243312910
1999113320
1232119921
0111012339
0191000192
0111000111
0000000000

17 10 44 board_17x10_44_183015_none
01921392193932111
01129393239599229
00011349229943392
00123399313922931
00199959201112920
11239493201122321
19222339212929291
22391294393343321
29533399212993910
29992932101239210

18 8 37 board_18x8_37_183070_none
000191001110019991
123321012921012332
199922229392212239
123349931229392993
001399932222933392
122995239911393221
949592139310294910
299311192100129210

18 6 28 board_18x6_28_183112_none
191001922499922399
222111139995493999
921910039522939493
921110039313442211
110000029329992100
000000012922339100

19 5 19 board_19x5_19_183144_none
0129119391191113920
1292223921112293920
1921192111222923220
1111332002992112920
0001991002931002920

18 10 43 board_18x10_43_183166_none
001233211123991191
122999922929931111
929443392122210000
232921112221000111
922391123992121291
921922299422939322
112221949422149319
001912343991029321
112111993453224931
191001222999293939

14 18 51 board_14x18_51_183217_none
19910019119111
23211121111119
92111910111011
13922220192110
13922920234921
19212931299391
23211239233311
93910193229200
29321129239311
11293332293391
22229992339443
99112339394999
22111111393243
00019210112139
01122921002949
12911292102931
19210129112210
11100011119100

7 16 23 board_7x16_23_183276_none
9200000
9201110
2323921
9399391
2493211
1921122
3321299
9911932
3321110
1910000
2220000
1911110
1111921
1212129
9392132
2922929

4 8 8 board_4x8_8_183303_none
0000
1211
9391
3942
2949
1292
1322
9291

5 5 4 board_5x5_4_183312_none
00000
11100
19321
12992
01239

10 14 35 board_10x14_35_183317_none
1929222100
2222399100
9223944310
2499229921
1996322349
1499910199
0294210233
0111011292
1221019339
1992123492
2449129942
9292129939
1212233221
0001991000

14 19 38 board_14x19_38_183354_none
13991000000000
93931011101110
34210019102920
99210011224920
24931100199210
13939100133200
19221101129100
12210012932200
01910019229100
13321121111111
29922910011119
29329210029211
11111100029310
00000011112910
00000019101110
00000122211000
00000192392000
11122223992000
91199119321000

18 16 71 board_18x16_71_183396_none
001110192299993221
112921229224949939
193239223211123593
123922392910001992
019211922111112331
011102231101911921
011101929112222391
019102231119119211
122101921011111111
394222392121101129
999949313949101921
964399214992224320
991123339943399910
332013994439965310
292029959396999111
292029492394942119

19 6 21 board_19x6_21_183474_none
0294322110000139200
0299994931001399200
0124949991002993100
0001234942002932110
0000192291002221910
0000111111001911110

15 6 22 board_15x6_22_183498_none
001910011119910
113221139212210
293911949522221
949211139993992
943310023439449
129910019111292

10 14 30 board_10x14_30_183523_none
1292119100
1939221100
1244921100
0199229210
1333123910
9392129221
2922921119
2221110011
3920000111
9920000191
9421001221
1293322921
0239993392
0194932939

4 18 18 board_4x18_18_183558_none
0000
0011
0019
0133
0199
0122
1121
1939
2392
9333
1299
0244
0199
0233
1393
2999
3963
2991

6 5 4 board_6x5_4_183581_none
111191
291111
921000
121100
019100

11 6 18 board_11x6_18_183587_none
19391019299
23921123349
92221192932
11192212291
11139212432
91029219991

18 18 43 board_18x18_43_183609_none
111122101121100011
191199223929322129
111122399234993932
000000293119993129
000001333133433221
110001992929119910
921101222121223210
139200000000191000
029211100000122100
011119100000019111
000011100000011119
110011100000011111
911129100000019100
112931100111011100
113931101291000000
192239101922110000
222293101111910111
191292000001110191

19 18 90 board_19x18_90_183655_none
3943921019292922392
9999391133313493992
3442211199102994453
1921111222102943999
2349129200113249449
1992129310193939211
1222122921229222321
0113922349111212991
0294922993100194431
0395222992011229931
0293911232239213939
1213332239299302342
9311993993239311992
9921239492124921393
3931222211193921349
2239492012322122992
9129593019942119432
1111392013999111291

18 12 47 board_18x12_47_183762_none
921101910001911291
239102220012211921
293213920019101221
949339930011100192
293994920011100239
124543222129100294
129993392921211299
922339922110292233
121112210011393292
129101221129212939
192113991193201243
111019931129100199

14 4 10 board_14x4_10_183818_none
29200000199211
39300122239329
29200199112921
11100122101110

10 5 13 board_10x5_13_183829_none
0123229239
0299921399
0294210394
0112221293
0001991129

6 12 12 board_6x12_12_183847_none
910191
220111
921011
292129
139229
029211
011100
111111
292191
393111
292000
111000

4 19 15 board_4x19_15_183860_none
0011
0029
1129
9233
1299
0244
0199
0139
0011
0000
1211
9291
2311
9100
1100
0111
0292
1493
9392

4 19 20 board_4x19_20_183876_none
1921
2339
9293
1349
0199
0139
1222
9291
1322
0191
0111
0011
1129
1932
1292
1239
9239
9339
1292

10 6 9 board_10x6_9_183900_none
0000000000
1110011100
1921119111
1239112239
0192113949
0111019931

14 4 12 board_14x4_12_183910_none
19910191191011
12322221111029
00193922110039
00129392910029

16 5 20 board_16x5_20_183925_none
9912949201911992
2324959201111239
1295941100111011
1939952100292000
1123999100292000

19 16 46 board_19x16_46_183951_none
1292101922291000019
1949312292921111011
1149491112110191000
0039411000111111000
0029310111191000122
2222921291222000199
9911129211192211122
2210012211349291000
0000001912992212110
0000001112931001910
1100001111221001110
9111101921191111000
1119112392222393111
0012339323911999119
0002992292112342111
0002931111001910000

19 19 75 board_19x19_75_184003_none
9100000000000029493
1100000001221029499
0123221213991022449
0199929393942129392
0134322922129239532
0019211110013943992
0012932101112939492
1111299112922121211
3931222119391111111
9949200012322292292
3349300001912933959
9129311002222922992
2211291013932211221
9210111019939101110
2921211012221112921
2229393112221229391
9111399119939393321
2210233234339312921
1910191199111101129

18 19 93 board_18x19_93_184094_none
019112212932391019
232119923949932011
992013349449692000
392012939932993221
232229334932334991
929493292129129952
343993211012239991
995449101122922321
499932201929210000
944239422232111211
393249992292019392
293993593292134694
112332293332299999
000193434992394443
000129994932933291
011114993111292921
139202943210123210
199322339920139200
123929294920199200

17 18 72 board_17x18_72_184200_none
92992291011119910
34323931139223310
99102920199429111
23222321139392229
01939391012322292
23239311002922942
99112210003932991
33323921213921221
29399349492110000
29555939931000000
24999223920000000
19993101222122321
13932110294939992
13322931394943449
19922939223392292
25942221229229211
29939100192111111
29321100111000019

12 10 17 board_12x10_17_184286_none
191191011100
111112139200
000001939200
000012232200
000019119222
112132211299
192929100133
113231100019
013921110011
019921910000

5 5 6 board_5x5_6_184307_none
19991
23421
19100
12321
01991

4 18 17 board_4x18_17_184315_none
0199
0149
0039
0029
0011
0000
1110
3920
9931
4439
9921
3320
3931
9992
2492
0111
1100
9100

10 16 28 board_10x16_28_184337_none
9100000191
2201111221
9101923920
1112393931
1119444229
9223999232
1393244929
0293119232
1349111119
1992100011
1221000000
0000000111
1100001291
9200112921
9200192121
1100111019

11 14 23 board_11x14_23_184370_none
00001112920
01123922931
01939921129
01139310011
00011211011
01110191019
02920111011
02920000000
01110000000
11211011100
29392119210
94949112921
13932211392
01111910292

18 4 18 board_18x4_18_184395_none
911910011299992191
223220019334992111
293920013932321011
923920002939100019

19 8 23 board_19x8_23_184417_none
0129100000000191191
1293210000000111111
9223921111000000000
1229592191000000111
1293992111111000191
2922332000191000111
9431192100122211011
2991129100019291019

19 12 33 board_19x12_33_184443_none
0000191001222921100
0000111001992129211
0000000001232111291
1110000112129111222
1911110293932229119
2221910295491192111
2911110129932112121
9431100012391001929
9939211011211001121
3931291129101121100
1110111192101939100
0000000111001292100

12 19 49 board_12x19_49_184479_none
991019111100
222121119111
001921011129
001292100029
111129211132
192234922939
349299492293
992223933349
232223229939
019299334331
132323993921
949202595239
299201993921
122101222110
000000000000
110000000011
911232100129
111999332292
001233999211

10 16 24 board_10x16_24_184537_none
1129100000
1922210011
1111921019
0113392111
0193949211
0129492291
0012932111
0001392000
0000292000
0011223210
0019229910
0011293321
0000111292
0111000393
0191011393
0111019229

9 14 17 board_9x14_17_184564_none
129100191
193200222
129210192
012910139
001110029
000000122
000001291
000002931
110002920
920001221
920000191
221011211
191019210
111012910

4 4 4 board_4x4_4_184582_none
2910
9210
3310
9910

6 12 12 board_6x12_12_184587_none
000000
000000
221000
991000
232100
019221
123929
293121
293111
139219
139321
193910

9 18 41 board_9x18_41_184600_none
000019291
121112432
929101992
133422349
019992293
123593292
291293211
922249200
122939321
019443939
012993493
001359593
121299593
939332493
942910292
931121211
921129211
111921291

15 18 38 board_15x18_38_184651_none
192211000112910
129392111192110
012492193321000
012921129910111
019210023310191
011100019100111
232211011101110
999291000001910
994311000012210
239100000139310
011100111199910
000011392123210
000019493011100
111022492029311
191019211029391
111011100012321
110001110001921
910001910001291

19 6 32 board_19x6_32_184692_none
9211910019229949111
2911221123935994219
2210191293139999122
9210112495239593119
3922111999932211011
9392911249491000000

18 5 13 board_18x5_13_184730_none
110112129299100000
921293932332100011
129323921921100019
123911111129100011
192110000011100000

17 8 20 board_17x8_20_184745_none
91019111101991011
33111119101221019
99111222100000011
22119292100011100
11011229210019100
91111124920012321
12291193920001991
01921112110001221

14 14 47 board_14x14_47_184767_none
13932939211011
95949492291029
39944931122129
29339941119111
11139959212210
00029599201921
11111395311239
19111229920192
11119224920233
00022493221199
00019392293232
11222211294931
19392101223991
12939101911221

10 19 46 board_10x19_46_184816_none
1292113920
9229119920
1112333321
1111991292
1911221293
2332221249
1992992299
1333239239
0191011111
1211011100
9111129322
1119349499
0012994969
1122324992
1939214952
1249219992
0193212459
0239100199
0192100122

8 19 26 board_8x19_26_184864_none
00111000
00191111
11211191
19100111
22201121
19102949
12213992
13933931
19949310
12239200
00122111
00191129
22322192
99292221
33323910
92192110
92111111
22100191
19100111

4 12 10 board_4x12_10_184893_none
1111
9229
2921
1110
1221
1991
2331
2910
9431
3991
2931
1110

4 10 9 board_4x10_9_184904_none
1921
1129
1111
9100
1100
1121
3939
9942
2492
0292

6 4 3 board_6x4_3_184915_none
991000
331000
910000
110000

14 16 58 board_14x16_58_184919_none
19292293922910
11229229339321
22122223593291
99119129992111
22233339432100
11399492119100
19399932022200
12344594339211
12949499993291
94399334592111
93932239422111
12111299492291
11213969429211
29393949212221
29423122211939
11291001911292

15 18 63 board_15x18_63_184986_none
011291000000111
019222111100292
012339119210292
002993212910111
014969212121100
129992292119111
296942129122219
399494221119221
943499910012910
349345543211121
994939999922129
444932459493942
992110193314949
331000239102931
910011393213220
110129394392932
001292229933399
001921012229222

19 14 58 board_19x14_58_185056_none
1911921111001999111
3432292291001394339
9992129211000112993
2492011211000123349
0111011291011399129
1110019211029493122
1922232200029312239
1139939311122211992
1129449921911912331
9111395921111223931
2212494321000194939
9229949492101239221
9229339939101921211
1111112221101110191

18 6 28 board_18x6_28_185125_none
991111193910191000
442192239332222100
992223932399129211
459229491293129219
994933943321011122
223922939910000019

15 4 8 board_15x4_8_185159_none
121100111000122
929100192101299
121100129211932
000000012911110

8 14 29 board_8x14_29_185169_none
00193910
01349321
13993391
93959211
13493100
12993000
29493110
93322921
13932229
13949211
29559321
29994929
13949221
01121100

6 18 22 board_6x18_22_185205_none
019100
122210
911921
111129
232111
999200
369300
199410
139910
012210
000000
012210
019910
133321
929229
343921
993221
239119

4 19 11 board_4x19_11_185232_none
2921
9229
1111
1111
9119
2332
1993
1399
0122
1100
9100
1100
0000
0000
0000
0000
0000
1110
1910

4 14 14 board_4x14_14_185245_none
1111
9119
2232
1929
1132
0029
2239
9932
3592
9392
2311
9310
9910
2210

7 6 9 board_7x6_9_185262_none
9991000
2332211
1119291
9211211
9201121
1101929

9 4 5 board_9x4_5_185274_none
000199229
111122292
191000111
111000000

17 12 53 board_17x12_53_185280_none
99329910029219119
39395431139311233
11349939229200199
22399449321211122
99394922922292221
33313332292922992
19101991123222339
22212321029219111
19239311139444310
34939911922999910
99223332222499310
22101929119222100

19 18 58 board_19x18_58_185341_none
0000111000191111000
2210191011211191011
9931211019100112129
3939111122200012921
1121119229100019210
1221022393321011100
1993229334991000000
1239922939932110000
0012211139322910000
1111211011119210000
9229291000011111222
3931211000112129299
3921110122292932333
9333910199223492191
2399421234229392111
2959491193921322000
2943921239210191000
1129210192100111000

19 19 53 board_19x19_53_185414_none
0000019101110111000
1110011113931291000
2910011119949311000
9210019112239310000
1111122211112910011
0019129229201110129
0012249329200111192
1101939211100191222
9202231100000111191
9201910111000011322
2212210191000029391
9129321211001139421
1129929100001922921
0012221100123222392
0000001110199119339
0000002931123221393
1100002992101921493
9100001239112229492
1100000011119112921

19 18 70 board_19x18_70_185473_none
9229111211000011291
1293229394211129222
1334931399911921119
1993931223211221011
1222129100000191000
0011111223210233111
1239210199910299339
3993910123333596992
9943111111299994931
2392122911944422221
0112929211239211291
0001133311395943921
1111129921995999321
9119349921223959329
1112993210112122921
0001332011291012210
0011291019211019100
0019211011100011100

17 12 53 board_17x12_53_185559_none
11111019929299200
92393234331239211
29494992921122219
12949423239229232
01259423921294929
00199399320129332
22233323921111292
99119222349321339
93112929299929292
22102242335431211
19112939229922110
11119392293392910

16 10 38 board_16x10_38_185622_none
0002932210111000
0002939921291000
1233224932942111
2999102923991192
2942112335942239
1111129399931921
1101921396943320
9101110113959921
2323210112399491
9299910191293211

14 6 15 board_14x6_15_185665_none
91192111929221
11112911133929
00112121239431
00191029399910
00112139323210
00001921100000

11 4 6 board_11x4_6_185684_none
00191111000
00112291000
00001943111
00001299119

6 8 12 board_6x8_12_185691_none
000000
001221
222991
992343
222299
012943
249491
999311

4 14 12 board_4x14_12_185705_none
9100
1111
1119
9221
2910
1110
1100
9211
1392
1393
2949
3952
2991
1221

4 18 10 board_4x18_10_185720_none
0011
0019
2221
9910
9310
1100
0000
0000
0000
1221
1991
1232
0019
1122
9119
1111
0111
0191

7 16 29 board_7x16_29_185731_none
0299291
0394211
0293111
0129239
1132399
2949222
2992111
1222139
2322939
9992121
4532121
9922949
3933949
2239221
2931100
2920000

10 10 21 board_10x10_21_185762_none
2394931000
9949991011
2395531019
1229911121
9212212920
9200002920
1211012221
0292019119
1393111111
9229100000

16 4 10 board_16x4_10_185786_none
0001910000191191
0001110011222222
1221011119119229
1991019111112921

19 12 49 board_19x12_49_185797_none
2949291000001921000
3993321000112392111
2932911110191293291
2333211911233433932
9399211122929992392
2933921119223931393
1112249222202220292
0012949319211921211
0019239223922229211
1123332219229222291
9229939222111291122
1294931291000111019

18 19 50 board_18x19_50_185852_none
011100001929100000
019100001121100000
132200000000011100
939311000000019100
139492000011112321
133593000019101992
199493100011101392
123939100000000111
001232211111111000
011291191292191000
029422222292111111
029391293221111292
022311394921191292
019100293291111111
121222322112111110
910199392001911921
111233492001111291
001922933210011322
001292129910019291

11 12 29 board_11x12_29_185909_none
22212929210
99293232910
33312912220
29112211910
93119211221
93012910191
93002221221
94234932921
94999992129
29443321011
13920000011
02920000019

10 10 17 board_10x10_17_185940_none
0191019921
0111012229
0011212121
1129292921
2944422129
9399910011
1223210111
0000111292
0000192392
0000112921

8 6 6 board_8x6_6_185961_none
99211111
22291292
00111292
00111111
00191000
00111000

4 5 5 board_4x5_5_185969_none
0111
1392
2993
9492
1211

6 18 15 board_6x18_15_185976_none
011119
019222
011292
000129
000011
001110
001921
001291
110111
910011
332139
992939
223242
001929
001121
000000
110000
910000

10 19 50 board_10x19_50_185993_none
9911911991
3321233321
1921399211
1129393392
0022323492
2229239942
9933939939
3593122221
9492112110
9322292910
2329212110
9392101221
2933333992
3339999459
9923943959
3432112399
1992111932
1333911110
0192110000

14 14 41 board_14x14_41_186053_none
11129100199291
91193210123321
22112921102920
93222249202931
93993399301291
12359969300111
11199699201110
93349932212910
49922332293220
99310199212910
23210233101110
01910292000000
12121392000000
91019211000000

19 4 16 board_19x4_16_186101_none
1212111221191199920
9292911991223259920
1223211221192949310
0019100000112292100

19 5 25 board_19x5_25_186123_none
0000199299910001910
0011344323221112210
1249399100129229321
2999533100294934992
9349391000293293949

18 12 31 board_18x12_31_186152_none
000000192910191122
001110123211221199
222910019101910133
992110122102220019
931000192111911121
110111112911222921
000191001111294339
110223121212939921
910192939292122210
110112292211011111
111000111000019119
191000000000011111

14 19 54 board_14x19_54_186185_none
29911232101299
93211999112943
11123332229391
11299211192211
29433392111000
39391292001121
92323221001929
11192911112231
11323111911910
19393111223331
11494910193991
12493110225941
19921000193931
24420000224239
19910011294931
12210129339920
00000295922210
11222399210000
19299222100000

10 19 50 board_10x19_50_186245_none
1910011100
1222129210
1292934931
9423239992
9492293339
3933931022
2922920019
3433231222
9993929291
3593232222
1922393119
2222999221
1912955920
1122239931
0029349592
0029949329
0123394432
0192339991
0129293321

8 16 26 board_8x16_26_186307_none
11000000
92111000
92191011
11111019
00000011
00000011
11000029
92100029
39421022
29992129
12493292
11239443
92193999
93123349
94229111
29921100

4 6 4 board_4x6_4_186337_none
1222
9299
1233
0019
0011
0000

4 5 5 board_4x5_5_186342_none
0192
0139
0029
1222
9291

9 14 19 board_9x14_19_186349_none
000122100
011299100
029323210
139201910
294311110
959910000
299310000
133200000
019101110
011102931
110113939
910192121
110111122
000000199

16 19 72 board_16x19_72_186369_none
1291000029921110
1932000029932910
2493110012239420
2993922121129921
4942292939234329
9920112292299111
9411110122233211
9201922229119129
1101239932222129
1100295493492122
9100399449993191
1100299399693232
1100123349313939
9100001933313952
1100002239924991
0011101922339942
0019223211394229
2221299102993011
9910122102992000

19 6 25 board_19x6_25_186448_none
9211100191199101910
9219100122233201110
2211212129119101221
9200193942122213991
9300224991019229953
9200192221012922399

18 4 18 board_18x4_18_186474_none
001910192932100029
013321233399200029
129932939449211111
194992139921119100

15 8 17 board_15x8_17_186495_none
000192110192221
111123910112991
192129310013431
129239200019931
012921111113949
001110019101292
000000011100122
000000000000019

14 10 19 board_14x10_19_186515_none
11111000019100
91292000022200
11393011119210
00292019112910
00111012222210
00011112929210
01239119222910
13992112211110
19931002920000
12210002920000

9 18 38 board_9x18_38_186536_none
000012239
001129939
222922332
993221291
349129421
921249920
122399920
029945531
029339991
011129421
111011100
191000000
111012210
122229932
199394499
234949233
393292119
992111011

4 14 7 board_4x14_7_186578_none
0000
0011
0019
1121
1910
1121
0019
0011
0111
0192
0129
2221
9910
2210

4 6 7 board_4x6_7_186586_none
0191
1211
9322
9399
1249
0029

8 4 6 board_8x4_6_186594_none
93929100
94221100
29100011
11100019

9 5 7 board_9x5_7_186601_none
111929100
911121111
220000129
910011292
110019211

10 6 9 board_10x6_9_186610_none
2920001110
2931001910
1291112110
0112292110
0001923931
0001112939

18 19 86 board_18x19_86_186622_none
000000000193939910
000122100113932332
000199112211110299
111133339920001499
191139399930012994
222299424921129492
292299312111921222
293333291002221129
129393321013921921
123949921129922220
922932229129423920
932121112221395930
391019102931394931
931023323939323291
932239939233492221
139949943329922921
259933339933311292
999311923339211139
993101111921291029

19 12 40 board_19x12_40_186724_none
0112139910019392111
0193939311121392192
0129232201910122229
0011119101111139222
1111132311001939229
1911929291001121129
2322121211001110011
9292100000001921211
1229223210001129392
1133499921111121392
1939934921911910222
1139311111111110191

18 10 38 board_18x10_38_186767_none
110192910129292119
910223111294439111
111292111939933210
001923921122393920
001235930000113931
111299931100001291
923954329111101221
494949211119212910
994239200011294320
949111100000129910

15 4 15 board_15x4_15_186814_none
221019993911910
991013593222110
232223932291111
019299229211191

14 4 11 board_14x4_11_186833_none
92000012210000
94110019922210
94921023329910
93291019112210

9 8 10 board_9x8_10_186845_none
921299100
239233200
193219100
129111211
121100191
910011211
110019100
000011100

6 14 20 board_6x14_20_186857_none
910011
121229
129292
192211
234210
299921
933239
232249
929959
123992
112221
192100
239100
921100

4 19 16 board_4x19_16_186879_none
9119
1122
1239
1993
1239
0011
1111
9119
1222
0191
0111
1121
3949
9949
2221
0000
1110
2910
9210

4 19 13 board_4x19_13_186898_none
1999
1232
0000
1100
9100
1100
0000
0011
0129
0293
1392
1932
1291
1211
9200
9200
2210
2920
2920

6 12 15 board_6x12_15_186912_none
222239
993993
249439
139322
192392
111292
000111
000000
001121
002949
002992
001221

12 4 8 board_12x4_8_186929_none
129393991000
192394321000
111129101110
000011101910

17 8 23 board_17x8_23_186939_none
00199100000193210
01343100001239910
01991000001922321
01221000112232291
00111112291299322
00191192921299229
00112222232333129
00001910199291011

19 19 76 board_19x19_76_186964_none
1992012211222393110
2492019912992994942
9211023324954433999
1211019229939922342
0192122394334932921
0113932949229229229
0002992292293221122
0002342211112921029
0001929222101292149
1101121299100112939
9211001232100112121
1291112910011291000
1221192110019222100
1922343101132219221
2392999212939112929
9223344934932212242
2229119399333911929
1921123432299211121
1110019910122100000

18 18 46 board_18x18_46_187049_none
000111011102920000
110191019113931000
911232111129491000
111929100029532000
111121101122991000
921122101911221000
291199101110001110
111122111100112910
000000019111292110
121100011119212110
939101110023311910
292101910019911221
222013321123320191
292019911923920111
292123211394920000
222191000293110000
291223221122100011
921192991019100019

12 8 26 board_12x8_26_187100_none
239101249949
994201999599
399202342393
149423921211
139499229111
921494222119
111392191011
001921111000

6 5 4 board_6x5_4_187130_none
920000
931000
291000
112110
001910

4 10 10 board_4x10_10_187135_none
0111
0292
1393
9229
1111
1100
9322
9399
2333
9119

4 14 14 board_4x14_14_187148_none
9391
2921
2210
9200
9521
9991
2432
0192
0129
1111
9211
9229
1129
0011

6 19 16 board_6x19_16_187166_none
000000
000000
222110
992910
222110
110000
910000
111110
001910
012210
019111
011239
000199
122443
929992
133439
019111
122100
191000

10 14 35 board_10x14_35_187185_none
9211122992
4933949459
9939994949
3332323931
1910001221
2210012392
9111239959
2219299993
9111223492
1111100111
0139200000
0199201110
1243201921
1929101291

14 8 26 board_14x8_26_187229_none
12939119211000
19393332292100
11224993239100
12239994931111
29939423920129
94332211110293
12922910122392
01292110199211

18 4 11 board_18x4_11_187257_none
012210001939311000
019921001139391000
233391011111322000
991111019100191000

19 12 61 board_19x12_61_187269_none
9119293993921992110
2222349423933444931
1912949311249929939
1235942910199322221
0199932210122211000
1223229321000193321
9211023992101249991
2391019339101939532
1921011233324442392
1110111199299992392
1111394344545459421
9119399929992939910

18 18 54 board_18x18_54_187343_none
000000000012210000
000001110129911110
000001911294432921
001111111922993492
002920012212332993
002942119101911392
122499223222210111
929494493929211000
122922993121292100
122211232100239100
939111119210192211
394329222910122291
949933922210019211
139329229100011111
011111111101110019
000000001222922121
000000002993393910
000000002949229210

15 19 42 board_15x19_42_187401_none
110111111122119
921191192299111
292221129333111
113921121291019
013922931111011
019212992000011
022212492000129
019119432000192
122112991000111
191012332211000
111019119292121
000011111213939
000001110003941
000001910113920
000012210192232
000019100111299
000022211211293
000019119292222
000011111229119

14 19 45 board_14x19_45_187448_none
00001129211910
01112943922210
01923992129222
01394332121299
11293911910133
93212111121119
99210123339221
23911299993910
02222943322110
01912920000000
01223220011100
01292910029200
12922110139200
19210000193211
22200000139329
19100000029392
11211000011211
22291000011111
99211000019119

11 16 44 board_11x16_44_187503_none
93932392910
25949943110
29933991000
94333431000
12929920011
12123920019
92001221133
93110293299
34921399349
99239349329
23239229222
01932111119
12292110011
92123932100
92019399222
11011222299

6 6 6 board_6x6_6_187560_none
239100
992100
331000
920000
931100
129100

4 4 3 board_4x4_3_187567_none
0129
1292
9211
1100

4 5 4 board_4x5_4_187571_none
0000
0000
0122
1399
9393

7 16 19 board_7x16_19_187577_none
9322110
3992910
9543110
3991000
4952100
9949322
2349399
0192222
0111111
0000191
0000111
0000000
0000000
0112110
1292910
9212110

14 18 58 board_14x18_58_187598_none
00000192991192
11011212343229
91029323399122
11029399964329
11111335999293
19211192233449
11291222112992
12321191192221
19921122211011
23492239200029
19349399311029
11299322291011
11244201221000
93299101910000
99223212220111
23211912942392
12923333999493
92292992232392

18 8 25 board_18x8_25_187662_none
012921211011100000
019339291019100011
121293422011100019
911239393101221022
112942599211991019
002939395912331011
001121229212921121
000000011102921929

19 5 13 board_19x5_13_187696_none
0019100000000000000
0022322112210000011
0129299119922210019
0293222112339920011
0292000000194920000

19 4 16 board_19x4_16_187711_none
0000019991000019119
0000023421012222221
1223349310019911910
9299999910012211110

19 5 22 board_19x5_22_187730_none
1139310191000011100
1939921112111129211
1134692012922943392
1129993139329399239
1922322939211222129

14 16 32 board_14x16_32_187756_none
19910019229100
13320011292100
01910000111000
01110111000111
00122291000191
00199321000111
00245910000000
00199210001110
11222101222910
29101111992221
93323912331293
29399211910299
11393102220133
00111001910029
00112111110029
00192910000011

9 19 36 board_9x19_36_187789_none
920000000
920001110
110001921
001122392
113939229
293942111
922393110
111394921
001949491
113259422
293939219
949432111
249391111
192211191
332000122
991000029
221112259
000293999
000293232

4 12 12 board_4x12_12_187833_none
0292
1392
9311
9200
1211
1291
1932
1292
2339
9921
9321
1119

4 10 7 board_4x10_7_187846_none
0000
0000
0000
0000
0000
1211
9492
3994
2999
1232

4 8 4 board_4x8_4_187854_none
0000
0000
0011
0129
1292
1932
1291
0111

4 4 3 board_4x4_3_187859_none
0122
0199
0139
0011

9 10 19 board_9x10_19_187863_none
110111019
920292022
921392019
111921011
012321000
019393211
122499292
291293229
933321022
129910019

10 12 21 board_10x12_21_187885_none
1211122211
9391299292
2921293229
3320222022
9910191019
3311221011
9202920000
9202942100
2211399100
1910293211
1110111191
0000000111

11 14 23 board_11x14_23_187909_none
00199100111
11223210293
19101911399
22101111932
92100001110
49200111011
99200191019
22222211011
00199101110
00122112910
00000019331
00011112929
12129101121
92921100000

16 19 64 board_16x19_64_187935_none
0001291111299100
0001922291394100
0002221932292011
0113921291222029
1295931333291029
2949921994943232
2943211395949929
1291112223932221
0111194921121111
0000239931019119
2211395491011122
9933999211000129
9499332211011292
1333100191019211
1291000112122210
1932000001922910
2391000112129321
1932101292233392
1129101922992939

18 19 86 board_18x19_86_188010_none
129212232101999111
193393999201343119
239434969211392011
193992292229493000
112222232292392000
000001929321111000
000002232911122210
110001922211939910
932111129211293321
993931012922221191
224992222393911343
002954991294221999
012499421224932232
029499201394991011
039543201994343119
249949211494299111
995994920299234321
249434931223239949
029219229101939499

19 14 57 board_19x14_57_188109_none
1292129931119922221
2943935959333392992
2992294994991112393
2342325959322121229
2939293932222929122
9392223212939221229
1211019224941100192
0000012929930000111
0001111123920011111
1112921101110129119
9119339223210194321
1222292299910129910
0191112233221112210
0111001910019100000

19 12 41 board_19x12_41_188175_none
9229299201110000011
2392249301911232129
1921029312122999239
3320011292119332394
9910000139211100299
3431000029321100122
2991000012939211211
9332100013349219492
2229100019921112992
1921111113320001221
1110019102920001110
0000011102920001910

19 10 28 board_19x10_28_188225_none
0000111191001110000
0000191111002920011
1100111000002932239
9111101110001139939
2219112910122239432
9112229331299292291
1101922939222211222
1111111393100000191
1921000393011100111
1291000292019100000

19 6 17 board_19x6_17_188256_none
0000129910000000000
0000194431001110111
0000113992212911291
0000113949292112931
0000192121223324930
0000111000019993920

18 5 16 board_18x5_16_188277_none
110019101129321199
910011101922992139
221011101122492011
192139310019211000
112939910011100000

18 4 15 board_18x4_15_188295_none
019992221129100000
023422992292111100
019212443921029310
012911992110029910

11 10 20 board_11x10_20_188312_none
00112991000
00193332211
00239119291
01394221322
01993911291
01333122921
00192129210
11212933210
29112392910
92119212110

5 19 24 board_5x19_24_188335_none
19392
22392
91222
11191
11322
29392
93493
49329
99311
49211
93119
92022
12129
12943
19499
11393
00111
11000
91000

4 18 17 board_4x18_17_188362_none
0122
0199
0122
1100
9100
2322
9399
9349
1129
0122
0292
0293
0249
0199
0122
0011
1239
1992

5 8 6 board_5x8_6_188386_none
01910
12210
19111
11119
00011
00111
22291
99211

10 4 11 board_10x4_11_188393_none
1911929939
2221234349
2920192932
2920112291

14 8 19 board_14x8_19_188406_none
19399210019910
11394921113320
00112129101910
00000011101110
00000123210000
00001299932100
11001944399211
91001291139219

19 19 86 board_19x19_86_188431_none
2993911110029311000
2949211922239492011
2242201139931392019
1929100029920222011
1233211134421291111
0192912939922922291
1333113953494432932
1992102939239992393
1239212342129421299
0123911992112210133
1393111239211910029
1993122222911110029
2322929921111110011
9212134931002921110
1291019493102922942
1221023599101112999
1910129943111101354
2331195593229222499
1991129939922929999

19 16 53 board_19x16_53_188529_none
0001939311993921221
0001139922323921991
0000012239201111221
1110000149411110011
1922321199911922229
2229992244311129921
9212322939112333321
9311113392119991191
1292292921023421111
0112933110019211110
0012391000012911910
1119212110001112220
9111101921100012910
3321112229100019221
9929229222100011119
2221292291000000011

12 4 13 board_12x4_13_188591_none
123929922321
299222229992
932100013694
110000001999

8 6 8 board_8x6_8_188606_none
00019119
01121111
12911110
19223931
11119939
00012221

5 12 9 board_5x12_9_188615_none
11111
91191
11111
00000
11000
92011
94129
93921
12110
00111
11291
19211

4 19 20 board_4x19_20_188625_none
1119
9233
1299
0249
2392
9942
3991
1221
0000
0000
0000
1222
9299
2433
9492
9949
2393
0129
0011

9 10 15 board_9x10_15_188650_none
191019119
112132211
123929100
299342200
295929210
129222910
011112210
000019210
110012910
910001110

11 6 17 board_11x6_17_188668_none
91199119392
33223333949
99201992293
39202331139
22201910029
19101110011

17 5 14 board_17x5_14_188686_none
22119100000000129
99211100011212292
49300000019292932
29310001121223229
12910001910019111

19 18 89 board_19x18_89_188704_none
2229949920000002931
9934995920001224969
2392249310001994999
1222149410001249543
1911939910111139391
2222243311291293322
2921929101922493192
3932221101122992129
9229211111139432111
1112922911949429321
1122229321139394993
2939333922332229599
4942995449993221393
9921499993349921111
2210295421029492211
0111129101122339391
1292111113922932932
9229100019922921291

18 19 86 board_18x19_86_188804_none
929992392113931029
232349494393992239
920029329933349393
921121112229239439
111910000011293921
112121223211233221
192239299922939119
113993344339592111
002932939249921011
222111293939311139
993211222121101949
239911910112111393
122211110193920293
911121101223920239
232939213921111292
939449449920001921
249394999321113431
192213965329119992
111001299921112492

15 16 32 board_15x16_32_188911_none
910000000000000
110000012210111
111011119910192
191019112211349
222011100001993
291001110123492
921001911299211
110001112943210
001110002921910
001911111111221
111112920111191
922212920191122
129911110222139
122210000191199
910011100111122
110019100000000

10 8 19 board_10x8_19_188946_none
0019911239
0123212992
0191113942
2432192139
9992322039
9549291029
1293321011
0112910000

5 4 3 board_5x4_3_188967_none
91292
11292
00111
00000

4 16 19 board_4x16_19_188971_none
2210
9931
3991
1343
1299
2942
2920
1110
1100
9321
9929
9321
2332
3999
9953
2391

5 18 24 board_5x18_24_188997_none
00299
00293
00111
12110
93931
24939
94242
95939
94931
12221
01392
01993
02459
01992
01332
12392
29939
29321

7 19 28 board_7x19_28_189025_none
1239321
9299939
1235942
0019492
0011493
0111292
0191122
1222129
3921932
9921291
2332222
0199119
0134321
0129910
0193221
1221019
1910011
2321000
9291000

15 10 36 board_15x10_36_189059_none
122291000000000
199223211232100
244329922999100
939943492233210
944959533111910
292299993932110
122335944993100
019392394599100
023921399393100
019210293211000

19 5 13 board_19x5_13_189101_none
0001910111000001929
1111110192101222121
1910011229101991011
1110019122313331019
0000011119292910011

19 6 18 board_19x6_18_189115_none
1921019399101121100
1292122493101929100
0112922922122221211
1212129211929100191
9391011101121101221
2921000000000001910

19 8 27 board_19x8_27_189136_none
0001110011100000011
0001921119210000019
0001129222910001121
2211233912231112910
9911993112939119210
9411392113932233421
9211212292122939991
1119101921019393321

16 18 68 board_16x18_68_189167_none
1222233211221000
2992999923992011
2932234349992019
1110012949521022
0011119469300129
2339112999311192
9992101343291233
3931001292333299
1110001922992943
1221001222222239
2993110294210192
4993910299910111
9932222249421011
2321194942391029
0293239939321029
1393933222921111
9212291012339222
1100111019292299

12 19 35 board_12x19_35_189247_none
932910191191
994331111111
393991011100
112221019100
000011111100
000129100000
011292100111
029311111191
149300191111
199411111000
259491000122
199532000199
234991001232
192332001910
111191112121
111111292019
292000292011
293110111000
112910000000

6 10 16 board_6x10_16_189284_none
939910
394321
939129
121239
001292
112932
292129
942011
992000
392000

4 4 3 board_4x4_3_189305_none
1110
1921
2391
1921

4 5 3 board_4x5_3_189310_none
0000
1110
2931
2939
1121

7 12 22 board_7x12_22_189314_none
9111111
1119239
0011399
0111394
1292392
9223921
2339431
2994991
2993332
2342291
1929432
1122991

10 18 37 board_10x18_37_189341_none
1129910000
2922210000
9210112110
1100192910
0000235431
0000199991
1211123321
9291001110
2311112921
9310193493
9910129499
2210012943
0000001129
0122111111
0199329210
1249922921
2954433339
2999299292

15 19 41 board_15x19_41_189384_none
011100000192110
129221100223910
193929100192221
223232111211191
292192119101221
392239122201910
921192119101110
111221012210011
001921112910129
001291192121293
011211122119239
019221229232229
012929293929221
002231213232910
001910001911110
112110001121100
191001110019211
111001911121291
000001111910111

18 14 61 board_18x14_61_189428_none
922339211013920019
239993391019920011
932339322122211221
943222933910123991
399932399210199531
497992393100149910
999323942001139421
232102992101933491
012333339212349921
019999222922993210
122333911129321000
921002220133200000
292212921199100122
129292291122100199

19 6 25 board_19x6_25_189500_none
1123920111011212929
1939920192129292121
1294321223932321000
1324932923921932100
9293959329211299210
1212299211100123910

19 5 17 board_19x5_17_189531_none
1921112110019100000
1291193931111112210
0112334939100019921
1222992122210123392
1992221001910191129

15 10 39 board_15x10_39_189550_none
993100001999200
399200123349200
249201299222211
921212932291192
111293332221129
222922992911232
992122434232992
342119292929339
949332423132222
299929291019119

10 18 31 board_10x18_31_189594_none
9119292110
1111212910
0000112110
0000192100
1121339210
1929293910
1121323121
0000193229
1110129931
1921013920
1292111121
0123910019
0029420011
1139910000
9229432100
9222399111
1229222229
0192100192

8 19 21 board_8x19_21_189630_none
00111000
00192110
11112910
91001110
22000011
92100019
29100011
12211110
23912920
99312931
39201291
12321111
01991000
01221000
00012210
00019921
01122239
12910029
19210011

5 18 19 board_5x18_19_189652_none
00000
01121
01929
12221
19100
22100
93100
99100
22100
11100
29222
93499
12999
12493
29211
93100
93211
29291

4 8 6 board_4x8_6_189675_none
2920
2931
1291
0122
1129
1932
1129
0011

5 4 3 board_5x4_3_189683_none
11000
92100
29111
11119

10 8 21 board_10x8_21_189687_none
2929929111
9443333229
2991192943
1221224499
0011292999
0019212232
2232201110
9929101910

11 10 30 board_11x10_30_189711_none
91129119100
11293233200
01393399311
01939399492
01133569439
01239999229
01994695221
12322993921
29311222139
29910000029

16 18 41 board_16x18_41_189745_none
1100000000000000
9100000011100000
1100111129100000
0000191194311121
0012433349911929
0019992993322121
0012322232291000
0000000019323110
0000001232292910
1100001991112110
9322112432111000
9399219392191000
1239211392123210
0011111222129920
2210019229129931
9910013932222229
2210113921910011
0000192111110000

18 19 50 board_18x19_50_189789_none
921000192110012999
393212222911129443
299393911111921292
122393110001121229
000222000000019222
000191000000011291
110233100000000222
910199101232100293
110122212999100299
000001293354310139
000001922929910011
000001111133310000
000111000019211000
221191000011393110
992111000001393910
392011100001922110
122119210001110000
019112910012321011
011101110019991019

18 19 62 board_18x19_62_189843_none
001110191001932100
112910233102399100
192110299112943111
111112394219491019
110193939123933121
910129232219392921
331122119111212129
992291011100000122
349322111011101291
192291191019222921
122211222012929210
129111291123221100
192229322399100000
111193922993111100
001222239332229211
001910192119292392
111110233111212392
931000199211111921
991000123911911110

19 14 72 board_19x14_72_189909_none
0193991111192100191
0129321192229221222
1122210129123929339
1923920011119334993
1129931100012495993
0013349200001999693
1111949300001249593
2922259300001133939
4931949211101929442
9921293339212222991
3432359499219211221
2994999943234921100
9349995393399349200
1129992129933939200

19 12 56 board_19x12_56_189995_none
9292910012339931000
2423110019995992000
9392000123324992000
1393110191114952000
0112910111193991111
0112110111112343292
1291000292000199229
3942100293101243211
9949333349324949200
4943999949599959300
9493234459956449200
1392001993399921100

14 4 12 board_14x4_12_190056_none
91112291001221
34392921001991
99922111233321
23210001999100

9 10 22 board_9x10_22_190069_none
019101121
121101939
922112392
394922921
399592221
299921192
123322249
000193959
000113959
000001292

8 12 20 board_8x12_20_190093_none
01922991
01292221
00112110
00001910
00123210
01299311
02959493
02942399
13392233
93949129
13931129
01110011

5 18 12 board_5x18_12_190121_none
00000
01221
12991
92221
11000
01110
12921
92291
22111
91000
11000
11000
91000
22100
19100
33200
99111
22119

4 19 14 board_4x19_14_190136_none
1291
9211
1211
0191
0111
0000
0011
0019
0022
1129
1932
1249
0199
1344
9299
1239
0011
0011
0019

4 19 16 board_4x19_16_190152_none
1221
1992
1239
0022
0129
0192
0222
0191
1221
2931
2991
1232
1129
1932
1139
1129
9211
9310
2910

4 19 17 board_4x19_17_190169_none
9921
3491
1921
3331
9929
2221
0011
0029
0139
0193
1239
1921
1221
1291
2931
2920
1110
1121
1929

4 14 16 board_4x14_16_190190_none
1399
2994
9492
1211
1110
2921
9339
1292
1211
9332
2999
1359
0192
0111

10 4 7 board_10x4_7_190211_none
1221111191
1991192221
2322222910
9101911110

14 5 18 board_14x5_18_190219_none
19210029993239
23910029599499
93210011359593
29210000199311
12910000122100

19 16 41 board_19x16_41_190242_none
1910000191002931100
1221000112112939100
0191000112912231100
0112111292111910111
0013921921001110191
0019921110111000222
0013320000191000191
0124931000233211222
0199991000199392291
0234321000139422921
0191000000012912220
0111000000001111921
1100000111000001392
9211011292110000292
1291019322910122322
0111012911110199291

19 19 92 board_19x19_92_190286_none
1100294210012211921
9221399911239943492
2949323322994999493
2499200294334442393
1993211299129910239
2331192222129321293
1910239101244449339
2322292113999999239
9493933129999432129
3993393934994201243
2931293129339211999
1110112132212911343
0011223939212220191
0019299595922911332
1111239499229222991
9210011223221119321
2910000001921012210
1111111112493222910
0001911911993992110

18 16 69 board_18x16_69_190394_none
239111100002921232
993219100013921999
239222332229212493
134921999392212921
929921244932192221
123321139491112291
111922939311002942
921239333210002939
942392292911111121
939921112111921100
244532110001139311
929993933321029391
123949399992121211
002242446932921000
112939399223492221
192139322119922991

15 10 22 board_15x10_22_190471_none
000001222910191
001111992232211
001922321299200
112129101399311
392011101932291
992000001110111
931000001222221
110000002992991
000001112932221
000001911110000

10 4 8 board_10x4_8_190495_none
9929212921
9332392291
1119211111
0011100000

9 4 8 board_9x4_8_190504_none
222111992
993922339
393129111
111011100

4 14 7 board_4x14_7_190513_none
0191
0222
0191
0111
0000
0000
1110
1910
1221
0191
0111
1221
2991
9321

6 19 29 board_6x19_29_190521_none
111929
911132
121129
239249
994939
993121
332011
191019
222011
192100
129100
133200
199200
249200
193211
129229
132393
939449
293992

11 10 15 board_11x10_15_190558_none
91112110011
11293910019
11393121111
19432019100
12992232100
01233991000
11019332100
91011119100
11000122100
00000191000

15 5 15 board_15x5_15_190579_none
112920011292221
912920019322991
122210012912442
019322222111991
012992991001221

19 10 28 board_19x10_28_190597_none
9291000292000000111
1211000292111000191
0011101221191012332
0029201910111019929
0029201110111012232
0022212221392000019
0019119939493100022
2221224349329100019
9910293921111100011
9310293110000000000

19 16 53 board_19x16_53_190629_none
9100129119910019910
2211292112210023432
9229211000122119299
3921100000199111222
9210000000122101110
1100000000000113931
0011100000000195992
0019100000111239992
1111100001392193321
9100111001992222000
1100191123321192100
0111112299100139322
1291012932100029499
2933239310111012959
9449939200191123239
2993221100111199111

16 19 80 board_16x19_80_190688_none
1291011100123929
1921019322299321
2221123993959311
9119119449239329
2223332392113931
9219929333102920
9212344599311110
2221299999910000
1939323597431100
1139322599949200
0023939999959411
0019393349559493
0023532134993599
0019991199443993
2334931135939431
9993332119943910
3439299112229210
9122322100022200
1119100000019100

15 19 67 board_15x19_67_190774_none
939200111001939
139200191001139
133322211122111
199399211199100
139333391233211
022329211191192
019292100234339
011211000299943
110000012599599
910000019994499
232223224959333
299299923932391
943456593222931
921999922912920
221233333222210
920001299119100
921111932111111
343922332100019
999229299100011

9 10 13 board_9x10_13_190853_none
019119210
011223921
000192129
112222121
193921921
125931129
019920011
012210000
110000000
910000000

6 5 7 board_6x5_7_190867_none
939210
394920
934920
129210
011100

4 8 4 board_4x8_4_190876_none
0191
0111
0000
0000
1211
9391
2921
1110

6 16 20 board_6x16_20_190881_none
012929
029321
029200
011111
000129
233392
999932
994229
343111
299211
943291
391111
921000
121100
019100
011100

7 18 29 board_7x18_29_190904_none
0111019
0191011
0111000
2210111
9920192
3932459
1129999
0012343
1110029
1932239
2399292
9344311
2399200
9349311
2392291
1933221
2392921
9212291

11 19 44 board_11x19_44_190937_none
00001291000
01122932111
12929229129
29343322129
93499393332
13999329991
13942124942
93220019491
13920012932
13920001291
93231100222
12939211291
01293923931
11113393931
92111922291
23922111221
19391001910
22311001110
19100000000

18 6 28 board_18x6_28_190983_none
029943911921019321
029999322492123991
024995911992293332
019559211332292191
012993100293211111
001392000299100000

18 8 20 board_18x8_20_191017_none
292100001110000029
939100112910011129
132200192110139222
129100111011299219
942100011129322111
991000019129200000
221000011111212110
000000000000192910

14 18 63 board_14x18_63_191039_none
19101939229432
22212349239999
19119393239559
12221392193393
12921111129229
29491000133211
95931011299200
96930029339200
95942249311100
13949939200011
13349433221119
39921292929122
99311222132229
23222922129129
23929392943211
99221212399200
33311000299211
19291000122119

12 19 61 board_12x19_61_191108_none
019929239200
133432299311
929292249339
132312943399
019112499333
132329393392
949292211293
994311000139
499210000029
394922111121
932292922910
931112292232
392000111199
394101110233
299334931392
124999939593
113955332993
292292912492
921112111921

9 19 29 board_9x19_29_191176_none
910199200
220139200
910122222
121392199
129393239
932329222
129221291
134921222
199391292
122211292
000011211
110019100
910022200
110019100
000011211
001110191
001921111
001293210
000129910

5 12 11 board_5x12_11_191208_none
91000
11122
12299
93942
14941
13991
29321
92100
11000
00000
11100
19100

4 6 6 board_4x6_6_191221_none
0292
1393
2939
9331
2910
1110

6 6 5 board_6x6_5_191229_none
001110
001921
122391
929211
231100
910000

7 8 8 board_7x8_8_191235_none
0001221
0001991
0001221
0123210
0199921
0134491
1129211
1921100

11 16 48 board_11x16_48_191244_none
02992101929
13949101232
94354310192
93999933449
23233399992
92000234321
94222391000
29939921000
23493321122
19332291199
12929211122
23343311111
99299392292
23349423949
13943923931
19939392110

18 18 43 board_18x18_43_191299_none
221001111110112110
991001911910192910
233211111110113220
029910111001111921
139310191001922391
192222222101129211
111199349200011111
000123999211212129
000001394229292921
000011212921213220
011119212111112920
019111291001912920
011101222111111110
122101911910011100
199101111110019100
232100122100011100
910011299100001110
110019222100001910

18 16 43 board_18x16_43_191348_none
221001129100000019
992122932222100011
333929492199211000
293121393223492000
292011229101992111
112139222201221191
001939219332100111
112121112999200000
191000112249200000
112110191123321011
001910111192992129
123210000223333921
199101110191192110
122101910111223121
000012210000192929
000019100000112121

19 14 47 board_19x14_47_191394_none
9910019100011399910
2211121100019394321
1213920000133311292
9293921111399200292
1212123932999200222
0000019939453211292
1100012222939329449
9111100001139922992
2229100111012322221
2921100192100191000
9310011229100111000
9200019122200011100
1111122229200029200
0019119129200029200

18 4 11 board_18x4_11_191449_none
001921112922921100
001291194339229100
000111239921111111
000000193210000019

14 8 19 board_14x8_19_191462_none
00019922392000
00023492992000
00129322222110
00193910001910
11112110001110
91111000011100
23391011229321
19921019293991

6 19 20 board_6x19_20_191486_none
019211
011392
111292
191111
221000
910011
111129
002942
113939
193342
223991
192221
332000
993100
399221
123929
112121
191000
111000

4 19 12 board_4x19_12_191511_none
1211
9291
2311
9111
1119
0011
0000
0111
0293
1399
9332
3910
9210
1100
0000
0000
1110
2920
2920

4 10 11 board_4x10_11_191526_none
1291
9321
3910
9210
1100
0011
1139
3949
9952
3991

6 5 6 board_6x5_6_191539_none
000011
000129
110293
922392
292921

8 4 4 board_8x4_4_191546_none
00292111
11292191
91111111
11000000

9 4 5 board_9x4_5_191551_none
192921100
112129100
111011111
191000019

10 5 7 board_10x5_7_191557_none
0000111191
0011292333
0019229299
0122111222
0191000000

17 16 65 board_17x16_65_191567_none
11122100001129100
91299212222932200
33393293993129100
99543225992134321
99999229931199929
23334932210134443
11113931111019299
19119393391011222
23433349933110011
29993949693922129
39539239493292921
29321122311113220
23911239100001921
19211992111213239
11223321019293942
00199100011213939

19 19 53 board_19x19_53_191646_none
1291112910019223939
1932393110011299339
1129392000111249211
0011211000191192100
1110000011211222111
2910001129100191292
9210001921100111292
1100001110000111111
0001221000000192100
0001992122210129100
0001333929910123210
0000192122210193910
0111222000122229210
1291191001399111100
2932211012993111100
9229111119431019100
2211119223911121111
9100122293221921019
1100191112911291011

16 6 21 board_16x6_21_191702_none
2910111111111111
9210193391191191
1111239942111222
1139339992110292
3949393322910293
9931211001110129

9 6 12 board_9x6_12_191728_none
129921111
943239219
991029211
331011100
932101110
299101910

8 8 15 board_8x8_15_191742_none
99101110
22101921
00001139
11100039
19101139
22313931
29395931
92399229

4 19 11 board_4x19_11_191758_none
0000
0011
0019
1121
1910
2231
2929
9331
2910
1110
1100
9100
1100
0000
1121
1929
2221
9211
1291

7 12 22 board_7x12_22_191770_none
2910199
9331344
3939299
3942433
9229391
2323921
9393110
2492011
9211029
2321029
1992011
1392000

10 6 11 board_10x6_11_191796_none
2939111100
3943329100
9229921211
1112332291
0001299211
0001932100

12 4 7 board_12x4_7_191809_none
000129100111
000193211291
011229229211
019111292100

17 6 25 board_17x6_25_191817_none
19112229100019239
11119933321122399
11113339939339222
29223923493992100
93299222922232211
92122119210019291

18 10 48 board_18x10_48_191847_none
000001993229100111
000012339932311191
123229112229392211
199932111124949221
233392129119943939
931224932222494349
939119922942399292
122234422999333333
001939922393393399
001139491111293999

19 16 54 board_19x16_54_191907_none
0000001911921100111
1211001112249200292
9392000001939310292
1393221001123920111
0223992111102920000
1293339129422121211
9229111129992129291
1111101122333921322
0001122910019321191
1212929221123491122
9292121119119921019
2311122222124420122
9111299393119921191
2339222399222391111
1994210123910122100
1393910001110019100

19 19 53 board_19x19_53_191967_none
1102921991019929100
9313921221012221111
9393220011211001249
1212921129291013999
1101291192211019993
9111211111000012321
1119210000001110000
0013920000113920000
0002920000193920000
1122210001223220000
1929100001911910011
2221211002332110019
9100192112992111122
1100112912949119119
0001111122232211222
0001910019129200191
0112110011129211211
0191001121111129200
0111001929100029200

14 12 40 board_14x12_40_192025_none
92000001299392
93111111949329
13943911232111
02999321292111
12332292392191
19111229322122
12349322291129
01999392211293
12343229321292
92293223991111
29229913963100
11112212999100

12 10 26 board_12x10_26_192074_none
191111019910
122291023310
129222119210
292119112921
942011112391
992110129211
222910193210
233322222910
999393923320
233939229910

10 6 9 board_10x6_9_192106_none
0000011211
0111019291
1392022311
9493029311
1392029391
0111011211

6 4 5 board_6x4_5_192116_none
019931
013939
001132
000019

4 16 10 board_4x16_10_192122_none
9100
1111
0019
0011
2210
9920
4920
9210
1100
0000
0111
0191
1232
1929
1232
0191

8 19 36 board_8x19_36_192133_none
29910000
39631000
29993210
13949932
12222399
19101232
11101910
11001110
91000000
33111100
99229321
45922992
99222594
23229599
12922993
29532221
29991000
23433210
19119910

16 6 13 board_16x6_13_192172_none
0000001910192110
1100001110112910
9100000000001121
2211101110001129
9119211910123932
1112911110199391

17 5 12 board_17x5_12_192186_none
92910000001110000
12110000001910011
11111000002232339
91191012211929992
11111019911122321

18 4 14 board_18x4_14_192199_none
002920019100000191
223931111100011211
993239310011229211
239129910019292291

19 5 25 board_19x5_25_192217_none
9999119291292199939
3593222212392124349
2931191002932111932
2920223113931911291
1110192912921110111

19 8 38 board_19x8_38_192246_none
1119101949200294992
9212211399422399349
9301910299599233229
9201121239595219111
1211029222499222332
0191029219223911999
0122111222212111259
0019100191191000029

15 19 60 board_15x19_60_192288_none
019100001949311
022200112299592
019101292249493
011101923931339
111001223931193
292000293291139
394100395432029
299200299991011
139211225942121
132219213921929
939123492111132
931119921011119
110123321129221
000191292194920
000111292113931
000000123212391
012221119932932
019929124939392
012221119221229

10 16 39 board_10x16_39_192353_none
2992100199
2959212249
1394393942
0293924959
2322234992
9921199321
9491122211
1211001291
0000001921
1100001110
9332101121
2999312929
2349393332
9122439391
1229293921
0192212110

4 5 4 board_4x5_4_192397_none
1291
9322
1291
1221
1910

4 4 3 board_4x4_3_192402_none
1910
1121
1129
1921

4 8 7 board_4x8_7_192406_none
1292
1949
2393
9229
1111
1110
1910
1110

11 19 53 board_11x19_53_192414_none
01922921291
23229349311
99124949200
33339931100
19299310000
22344200011
91199211029
12243492139
23939592192
99349931222
23923931291
02221239222
01910193329
02220129292
12921123432
92292292992
34339324359
99921292939
99310112121

12 19 63 board_12x19_63_192476_none
121291193910
939312249531
139212949992
121119395969
931012446969
992113999992
949119954432
232123339329
191019239931
233112934931
199101129339
122112334931
000019994931
001122449391
001910192211
002220122222
002920129499
114952294993
193999229321

16 16 53 board_16x16_53_192548_none
9101111110111292
2201911921192392
9201222392112921
9200191394113331
1211112399219929
0292001959323321
0292012239219100
0222019111222100
1291012332291122
9211112999211299
1100294342101394
0012594910112939
0019993111394342
0012321002994992
1100000124944949
9100000199229221

19 5 20 board_19x5_20_192607_none
0019101929212949991
0011101122912949942
1110000001112232229
1922121212122910011
1292929292929210000

16 10 23 board_16x10_23_192629_none
9211192111921000
1292222911291000
0223911110111000
0192110000011100
1232101221019321
1929101992122991
1132201222911232
0019100012210019
0122222119100122
0191199111100191

9 19 45 board_9x19_45_192660_none
012911910
019211110
022311011
019392029
011494139
000293932
011212139
249311039
999393239
993339932
931193339
232222292
199119322
122122391
111129211
192395321
222999939
923455693
129929992

4 12 7 board_4x12_7_192709_none
0111
2391
9931
3920
1110
0111
1291
9211
1100
1110
1910
1110

5 4 5 board_5x4_5_192717_none
12921
92291
12232
01929

8 6 8 board_8x6_8_192725_none
12910019
19210011
11100011
00001129
11113931
19119920

16 19 78 board_16x19_78_192735_none
2912922921110019
9213932922921243
1213932234932999
1294592199392243
9339992134532019
2933322239993111
2391001994599100
9321001223942100
3931112224941111
3992192995949119
3992123339931111
4952119233321100
9949112949219111
2393201299211129
0129210234321029
0013920192991011
1112932323332110
3921239922923920
9920193229229920

19 14 38 board_19x14_38_192825_none
0191000000191012991
1222100011211019332
9119101129100022219
1112211921100029211
0012922221111029322
0019391191192111299
0011212221129100122
1111212910022200000
9339292110019100000
2992333111111100000
2332299119221111100
1911933222929119100
1111111911121112321
0000001110000001991

19 12 34 board_19x12_34_192866_none
1212911921119101921
9393111129111101291
1392011111100001221
1221019100000001910
1911232211000002220
1222993392100001921
0192239949211102349
0122112239219101992
0019100011111101221
1232211000000001110
1991192110122101921
1221112910199101129

19 8 32 board_19x8_32_192903_none
2931000000000000292
3993221211001110293
9559929392101911349
2994333949101122992
2322923931101129432
9102392110112921292
1101943100193331129
0001299100112991011

18 5 23 board_18x5_23_192939_none
111111019211129921
292291123912943391
949322394233991111
932922994949421111
111292223949200191

16 4 14 board_16x4_14_192970_none
2921222119912920
9439299112212920
9393322112211110
1229100019910000

9 12 19 board_9x12_19_192986_none
110000019
911110011
112931211
223939291
993221211
349100000
192100000
222000000
192100000
349111100
993239321
222939929

8 14 23 board_8x14_23_193007_none
91191019
11111011
00000000
00111011
11393129
19399339
22249492
91029311
11012321
12211991
29933321
29499111
22222229
91000192

6 18 28 board_6x18_28_193032_none
920299
931293
291111
233211
399391
999311
243211
019229
122392
922932
239349
922939
111232
000292
000394
110299
911232
111910

4 19 13 board_4x19_13_193069_none
1910
1110
0000
0000
0011
0019
0022
1129
2932
9392
1239
0139
1292
9211
1100
1121
2929
9221
1100

5 10 11 board_5x10_11_193083_none
92291
29321
12921
01292
00129
00011
12221
93991
29332
11119

6 8 11 board_6x8_11_193096_none
139219
399432
995991
239321
022211
019119
011111
000000

8 5 10 board_8x5_10_193110_none
92191011
93212129
39201932
29202392
11101939

12 5 9 board_12x5_9_193121_none
111910191122
911110111199
110011101232
001129112910
001921119210

15 8 17 board_15x8_17_193131_none
000000000192129
000000000123921
110111000029310
910191112139200
221221192932100
922911233391000
294321929211000
129911121100000

18 16 77 board_18x16_77_193151_none
000129100192293931
000293100239213991
121392001292101221
929222224931122100
232129399920199100
291029434221223221
922244492119211929
343999949223922231
999555954924931910
969949399229932121
396993322113593119
294959312233999111
112139393999653100
000022439349994321
000129292113999992
000192211001234992

19 19 65 board_19x19_65_193251_none
0000000000000001239
0122211000011101992
0199391011119101221
0245943119233211100
0199499233499229100
1232394929933921222
1910123222211110199
1221019111223210122
0191011229299920000
0222000192224943321
0191000123211299991
0111000019931235431
1110000135992292921
1921000199433933391
2492000244392129211
9392112299321011100
1222292945920000000
1129423139920000000
9129391029310000000

17 12 43 board_17x12_43_193320_none
91191001910123321
11111002220199991
00111013920124931
01393119920113231
01999212221293939
12459200129213931
19292100192101110
12443100123210000
12999222119910000
92232299323331100
22212259921939111
19292939921292119

15 8 31 board_15x8_31_193371_none
910193492001921
221239992012239
291193322239129
922333111992111
111994921221011
113597930001129
192999941102942
112234939102991

9 4 5 board_9x4_5_193405_none
192910000
223110111
191001291
111001921

5 10 11 board_5x10_11_193411_none
00000
00111
00292
01494
02999
02953
02349
02993
02949
01121

4 14 15 board_4x14_15_193423_none
1993
3599
9949
3331
1921
1129
0022
1119
9122
2219
9232
2929
1121
0000

5 19 13 board_5x19_13_193440_none
00111
00191
11111
92011
92019
12121
01910
12110
91000
11000
00011
11129
19129
11122
00129
00193
00129
11111
19100

8 14 23 board_8x14_23_193454_none
19911999
12211393
11000122
91000019
22000011
91000000
22000111
91001291
11113942
12393992
19922493
23321393
19229229
11292111

10 10 26 board_10x10_26_193484_none
9499922939
2996933931
1395349431
0139939929
0029434331
0011293910
1111239420
9119129921
1111112391
0000000111

11 8 24 board_11x8_24_193512_none
29239311011
95959491019
39949312121
94331223921
13932299229
02992932111
01234432121
00019992929

18 5 13 board_18x5_13_193543_none
000011100000192910
000019221100112110
110123929332100000
910193222999211000
110129101393291000

19 14 72 board_19x14_72_193557_none
1291191011101999910
1921123229101344321
1111129942222292393
0012946992299329399
0129499959449211333
1293959339492211191
2922292113931293222
9211233213942499219
2212929924959969311
9119222229959959200
1111100124933931211
2210011293222220192
9921129434912931339
2229129399212939292

17 19 44 board_17x19_44_193638_none
00000129119291191
11100193221222211
29200112921119100
29421001129111100
23991000122100111
93221111191000191
92011291111000111
11019211011100000
00022200019211110
12129210123911910
92923920192111110
24322920111001110
19923320000002920
12239910012212920
11129310129911110
29222100193210000
93291000111111000
93112110000191000
92001910000111000

11 12 36 board_11x12_36_193686_none
01292999391
12933259533
94492029499
93992123599
23321192994
29100124593
93100019959
94210012499
39920000293
29920000122
12210001129
00000001921

5 4 3 board_5x4_3_193733_none
00000
00122
00199
00139

4 10 10 board_4x10_10_193737_none
0011
0129
1393
9492
2921
2220
1932
1399
0394
0292

8 19 21 board_8x19_21_193749_none
92221011
12991019
01221011
00000000
12221000
93992110
13932910
01122210
11029200
91029200
11123210
00193920
00225930
00193920
00112110
00000000
00000011
11211129
19291192

9 19 25 board_9x19_25_193772_none
012211910
129911110
193211110
123212920
019923920
023329210
019222221
012922939
001292292
001221111
001921100
001129100
000122100
011291000
129211000
922210000
112921110
113932910
192129210

12 16 49 board_12x16_49_193798_none
029999311191
259549492111
999321393111
395942229119
224999212221
192249312910
223121293220
193920234921
113931299229
112292394221
191139423910
222029394431
192121229992
112922122492
012393942211
019213999100

16 10 38 board_16x10_38_193853_none
0111299211292119
0191299439229111
1232223992111100
1949324431000000
1399699910000000
1399994210112110
2955942001292932
2993292101922299
2493239102220133
9212921101910019

19 4 10 board_19x4_10_193897_none
9112210191001911910
1119910112112221110
0012211111912920000
0000001911112920000

19 8 39 board_19x8_39_193909_none
3931111011291029339
9992394229211029959
2339499921100014969
0013954321100002949
2323949229100002342
9992294932211112992
3932223921911912993
1111911111111111239

14 19 35 board_14x19_35_193953_none
00019100001991
00011100001221
00000000111000
00011100192100
00029200139311
00029211129391
11123329111211
19229921100111
22394320011291
29323911139422
29219322949491
11111292139421
01110111012921
01910000001129
01110000000133
11001110111199
91001910191122
11001121222100
00000019119100

8 16 33 board_8x16_33_193991_none
99921119
24339111
02942200
02939111
13232229
92912942
12112991
01111232
13920019
95931121
29943921
12399349
00122299
00012359
11119959
19113992

4 6 3 board_4x6_3_194028_none
0111
0191
0111
1221
1991
1221

4 4 3 board_4x4_3_194032_none
1129
1932
1129
0011

5 6 8 board_5x6_8_194037_none
92921
12129
22222
99291
93222
11019

7 10 17 board_7x10_17_194047_none
2932291
9399333
1333299
0192222
0129211
0122392
0191292
0111122
0123339
0199992

14 19 46 board_14x19_46_194067_none
19392019929210
22493122222910
19223910001110
23329210111000
19922221392122
12322939492199
00192149411122
12222149410111
92911939910191
12111122210222
00001110123392
00001910199939
00012322234442
00019392911991
11013932111221
91002920001110
11112221002920
11191191002920
91111111001110

15 19 60 board_15x19_60_194119_none
110011100191292
932139200111292
992949312221333
222139339949399
000012939949433
000013332333391
000019922394931
011112229939920
019212123332221
232294943910019
991129999310011
942012499311111
292110122291191
113920000112221
013921110124920
129211910199920
192213220123210
111193910112221
000129210192991

19 10 33 board_19x10_33_194186_none
0000000111199910191
1101110191134310111
9113932221019100000
1129992921011111211
0029533292111129291
1111291112922921211
9310111001292110111
9910111001221111192
4420191123921191129
9910111199391111011

17 5 22 board_17x5_22_194221_none
29492129922992992
39933922339323349
93392110192101921
23321001221012221
19910001910019119

9 18 23 board_9x18_23_194245_none
001910000
001110111
001221191
001992222
112393291
191129211
111012210
000001910
111111110
912920111
113930191
002920122
112221019
191191011
232211111
939100191
942100122
291000019

6 19 28 board_6x19_28_194270_none
920191
930111
930000
941111
992291
249311
149411
949391
292322
223392
193993
139449
039329
039322
139219
192111
111011
011119
019111

4 16 16 board_4x16_16_194302_none
2210
9921
2492
1392
9211
1100
1110
2921
9391
1322
2391
9921
9431
2929
3331
9910

4 12 8 board_4x12_8_194321_none
9100
2311
9291
2321
1921
1139
0029
1132
1929
1121
0000
0000

4 8 4 board_4x8_4_194331_none
0111
0192
1239
1921
1110
1100
9100
1100

5 5 4 board_5x5_4_194336_none
91011
12129
01921
02220
01910

6 4 5 board_6x4_5_194341_none
192910
112232
110199
910122

7 4 6 board_7x4_6_194347_none
1111299
1911932
2222220
1911910

8 4 8 board_8x4_8_194355_none
01122229
01949932
12299491
91122211

11 8 19 board_11x8_19_194364_none
11000000000
92212110000
39394910000
92399311121
23349201929
29931101121
49941101110
99939101910

18 19 69 board_18x19_69_194385_none
929292111119291292
232339339111222392
191194994200019211
111114999211223210
000002959229393920
000001232239314930
000000191192213920
112110112232294320
193910012929239910
139310019221129420
029211122200024931
023329119100019949
019921111100013942
013432221011102239
002992992119101921
002944459122201121
012392992119332119
129212221012999343
921100000001233999

19 19 95 board_19x19_95_194459_none
9119113991019221211
2221119941123939391
1921014941192249433
1292112991112292299
0124921343101922354
0139943399201223999
0199799949311294942
0149999433922939331
1239953392293223939
9393239312239102942
9433129201922322291
2399221101111993221
2954922110001394920
3949593921000114930
9249959492211113931
1129994949392192129
0012339394592111011
0111022339921000011
0191019129310000019

19 16 65 board_19x16_65_194567_none
1110292029910012921
1911392029432239439
1111921013939939392
0112110002954432211
1291000002499391111
9322111122999311191
2912921929442100222
2323921123943210292
9392121103999922392
9422019324994393932
2391012994931129229
1921113493233332111
1221192921299992110
0191112110294444910
0111000000111199321
0000000000000122291

18 8 21 board_18x8_21_194639_none
110191000011100000
910111000019100000
110011211011100000
011119392111110000
019112933922921000
022201394249591000
019211294949931000
011291129394920000

16 5 16 board_16x5_16_194664_none
1129392100000192
9129329100000129
2222232211100011
3921929229101121
9921121292101929

9 8 12 board_9x8_12_194683_none
000191011
000112139
001122939
012929232
019442119
023992011
019492000
011211000

4 19 19 board_4x19_19_194696_none
1910
1121
0129
0193
1349
3993
9992
9421
2200
9100
2200
9200
9200
2210
2931
3939
9332
9219
1111

5 14 11 board_5x14_11_194719_none
00111
00191
01221
01921
02249
01939
01121
01110
12910
93221
29119
12221
12910
19210

9 6 12 board_9x6_12_194731_none
019212991
012912942
002222391
001923942
001129949
000013931

10 5 12 board_10x5_12_194745_none
2210112221
9921292993
3932933499
1239229222
0192111100

17 8 20 board_17x8_20_194758_none
00000019291192121
11000011212222929
91000111001911121
11111292001110000
12393393221000000
92993933991011100
23222139421019100
91000029200011100

19 18 83 board_19x18_83_194779_none
1101991192929119229
9101232334221113953
1100029399100002999
0011129322222112454
0029322223399129499
0029391199943229953
0011322124349225991
0000191001939219942
1110111112132212391
1910000192129111211
2321111112921119111
9291293223322233339
1212499499293994993
0113999594434999492
1293995934993343211
2932394229992192100
2931229222321139211
1129112910000029219

17 16 40 board_17x16_40_194878_none
00000001911110111
00111001112920293
00292001123931299
00394101929491122
00299101122932100
00122100001239100
00111011111394200
00292019119399222
11493011111222299
19492111000000139
23932192100000011
19391129212110000
11211011292921000
01110111123391000
01910192129211111
01110112921100191

15 12 26 board_15x12_26_194924_none
122101110001232
199102932211999
123212939911232
002921123320011
002920002920019
001110002920122
001121102220293
001929101910299
012221212221122
029200191191000
029200111222111
011100000191191

7 4 6 board_7x4_6_194952_none
0012210
0019920
1235920
9299210

4 16 15 board_4x16_15_194959_none
0292
0292
0111
0000
2210
9910
9321
1119
1132
2949
3993
2992
2331
1921
1392
0292

8 18 20 board_8x18_20_194977_none
91000000
11000011
01110019
01911132
12111929
91001121
11122100
00199221
00123929
00112121
00191000
01221000
02920000
02920011
23211239
99212992
33292221
91111000

14 8 26 board_14x8_26_195001_none
00000001394920
00001112994931
22212923943391
99494239229211
23993932222200
02332239229210
12921293394910
92291292293110

18 4 14 board_18x4_14_195034_none
992922911910019210
222129321221023921
012222910191019229
019911110111011111

19 6 16 board_19x6_16_195051_none
1910000001222110000
1110000113992910000
2210000194942110000
9921100224931011111
2339100193391019119
0192100129211011111

17 19 76 board_17x19_76_195069_none
92112392019210019
94493993012910022
29994492112110129
23439322392000293
19112911992000293
23322323331111239
29939392910192292
93349422121212921
11194932239101221
00114992993100191
11103942392012321
19213920122129910
11393110129129420
11292011294322921
93333129229921239
96993921113931193
99994210001291129
96449111111211011
93921119119100000

11 16 27 board_11x16_27_195160_none
00001110000
01111921000
01911392000
12110293221
91111223991
11191193321
00122229100
00019111211
11022200192
91139421129
11199993121
00124993921
00001233391
00000019321
01110012921
01910001129

8 10 19 board_8x10_19_195190_none
11299229
19223493
11102993
00114992
01295941
01939931
01233391
00191233
00222199
00191122

4 5 3 board_4x5_3_195214_none
1100
9211
1291
0122
0019

7 16 29 board_7x16_29_195218_none
9291000
2312221
9211993
2922399
2391122
2932121
3931929
2932121
1291111
0123392
0129949
1295931
9339320
1395931
0295991
0113931

15 16 41 board_15x16_41_195253_none
910000299920000
220000295920000
921100112110000
129100000000111
232100000000191
992000112110111
393110192910011
123911233221119
129211929229122
192112222394329
111029201939932
001139311122392
001922922221229
001111239939211
110000193359410
910000111199910

16 14 47 board_16x14_47_195299_none
0011119100001110
0019112321001921
1111101991013349
9201112332129949
9313933921922393
1294939931110139
0129345920012349
0122399310129992
0192399200195653
0112943111349999
0012391019299693
0019321011239422
0012911110011291
0001111910000111

19 5 20 board_19x5_20_195353_none
1111112222210011111
9119119929920019129
1222113344920012249
0191001939310123959
0111001139200199399

17 10 41 board_17x10_41_195376_none
00191029339312910
00111029399595320
00001121249699920
12111910029959920
94923220012393321
99493910011211191
33594110029200111
39492123239201121
99532199931112929
23991124920019221

12 18 46 board_12x18_46_195422_none
012991192910
029543323110
039499291000
029322333100
011101299211
000001949219
000001121111
011100001221
129211002991
193392113941
239212923931
193211129391
113942233311
002999599200
123349999200
299113942100
933212342211
111911999291

9 19 24 board_9x19_24_195477_none
001929100
112121100
392000000
992011100
221139310
110199920
910139941
220013939
921101132
129100019
011100011
000000000
111111000
192291000
129322000
011291111
000111191
012210111
019910000

6 16 20 board_6x16_20_195507_none
000111
122392
939949
933493
233939
199232
122119
001132
111929
923231
392910
922110
110000
001221
001991
001221

4 6 5 board_4x6_5_195529_none
1239
1992
1221
1110
1921
1291

8 8 15 board_8x8_15_195535_none
00139322
00199499
22239322
99221100
96921110
29931910
13922220
01111910

12 16 42 board_12x16_42_195551_none
000122101129
000299112932
000295439391
011229992222
129113932139
922211122939
221911129331
921111923920
931113322920
139219911221
029223422291
011119393921
110023593221
920029921293
921139321399
111921119222

18 19 58 board_18x19_58_195599_none
001393110000123910
002993922210199321
002932239931222392
001110295939210292
001221293122910111
001991111002220000
012321111001921222
019211191001129299
122291111000133433
191111111011299291
112110192129222211
001911222921211000
001112921232291000
000002920199211011
000112110122101129
222292100000001932
993959112210001291
224995329922221211
002999922229929100

19 16 73 board_19x16_73_195667_none
0293229911121100111
1399293212939100191
1943333103941100222
1291199213931001291
0111122293392102931
0000111124949213941
1122392119943923992
1929949224339229449
1244494492922332292
1399329922112991111
2999212321013931000
3993100292019332100
2931011494132499200
3321239495939499310
9911992394931395910
9311221112110129210

19 10 47 board_19x10_47_195748_none
9119929229399111291
2213332921393229211
9102933431111192100
2202959992112321011
9201299439119931019
9200122122324992232
1111100019293323991
0029200012339214952
1249212222922394991
1992119929211923931

15 5 15 board_15x5_15_195800_none
292111101121291
949119212939322
292122392293391
112129211129321
001921100012910

14 6 21 board_14x6_21_195817_none
12999910111191
94349311291111
99111101921000
93211123222210
11192399219921
00112999212391

8 16 22 board_8x16_22_195844_none
11291191
19321111
12911110
01222932
23392299
99921122
23221100
00019100
00011111
00000129
00001393
00001992
11123321
91299211
12393291
01921111

4 19 16 board_4x19_16_195870_none
1110
1910
1110
0000
0000
0011
0019
1132
1939
1293
0129
1232
2992
9349
1129
0122
1392
1994
1399

6 6 5 board_6x6_5_195889_none
993920
224930
002920
001110
000000
000000

14 8 29 board_14x8_29_195896_none
00129111229299
11292119293322
29321022329210
93922239213920
35459949302920
99999349412232
34432139491199
19100029311122

17 14 41 board_17x14_41_195934_none
22100191019119100
99210112122221100
23910002921911110
02220002921111910
12921001221012210
92291000292019211
11122222393121292
12129299324942229
92922343494999221
12111929394495910
00001121229339210
00000111023921100
01110191019221111
01910111011119119

19 18 89 board_19x18_89_195983_none
1399292921291294210
2993212139311399931
9542223239200296949
9949499921101223931
9969933210001911121
9969421100013320019
2399319100129920011
1239211100194931100
9222101110112139211
1392001910111029219
2594111110192232111
9993921001333991011
9423393222994543129
1101959939449993921
2212499449229595431
9922994392122339991
2494332921019139631
0293911110011129910

18 12 45 board_18x12_45_196083_none
111019291000111191
192222322000192211
129392191000139310
121495332100139921
931299929210294391
991123333910293221
221001292221112910
121101922291113220
939101111932193920
494321013491113920
994993119921012210
239499112210019100

15 6 12 board_15x6_12_196133_none
192100000192110
129210001222910
012910002932110
112110114992100
191000193949100
111000112121100

9 5 11 board_9x5_11_196146_none
922111110
392911910
932111110
941223210
939299910

4 14 9 board_4x14_9_196160_none
0000
0111
0191
1221
1910
1110
0000
1110
1932
1299
0122
2210
9921
9491

5 18 24 board_5x18_24_196170_none
93959
13999
12232
92110
23921
92392
22392
29211
93100
92000
11011
01239
01992
01221
22222
99399
24953
02939

9 10 13 board_9x10_13_196198_none
122992100
929339210
121112910
000001110
011212110
019292910
132312110
939100000
942200000
129100000

10 8 11 board_10x8_11_196213_none
2210000191
9910000111
2210000111
0000001291
0111001921
0192101110
1349221100
1993929100

12 5 11 board_12x5_11_196225_none
001910001292
001110012939
111001139442
191001939939
111001122239

18 6 27 board_18x6_27_196239_none
111929912932292910
922133324993923331
391029219959211992
922249212392212239
221993210112291011
911222910001921000

18 8 31 board_18x8_31_196275_none
112921101292223493
293129101939299999
392012222232334432
921001929229119211
220123332293211291
910199291129111211
111243323221119211
001929119910011291

19 16 46 board_19x16_46_196312_none
0001110191000012210
0112921211000019921
0192239100000123391
1212393112221291111
9101993119959312221
1112339113999201992
0019221101232101239
0012921211001221011
0001239391001992100
1100193932101239100
9111213239100012210
1119212921111101921
0012392110019101291
1101933210011100111
9101139910000111111
1100029310000191191

15 16 50 board_15x16_50_196365_none
012229210000019
129933921111111
193393239119211
234323942111291
199923992012321
123349592129910
110199422294321
910124933959119
121213939992111
129393344931111
922934992110191
111129941001221
001134920001910
001939320001121
001293921100019
000112129100011

10 8 12 board_10x8_12_196422_none
0000019291
0000122322
0001291293
0001933499
0001239943
0000193229
0000111122
0000000191

4 6 5 board_4x6_5_196436_none
9200
9200
1111
0129
0293
0292

5 18 19 board_5x18_19_196442_none
11111
19119
11111
11100
19100
11100
00000
11111
29119
93322
39391
39543
94999
14963
14992
93949
12121
00000

9 19 41 board_9x19_41_196464_none
991193910
952129320
991134921
342299229
929222111
132200000
249200000
999311111
343392392
922949392
923941222
223932129
193392921
239322110
922921100
221139211
921029229
291012239
111001921

14 12 23 board_14x12_23_196509_none
00000000019210
00000000012921
11211000012229
19291012229111
11211019921100
00000013321110
00000112922910
11100192129210
19221211011211
12949433210191
01299999910111
00124943210000

19 4 19 board_19x4_19_196534_none
1291001911911939200
9311013321233349311
9300129921299292393
9200193229222211299

19 8 22 board_19x8_22_196558_none
1922929119210199291
1139432123910122211
1149491019210111111
1949311022200191191
2392111119100222111
1921019111100191000
1110011100000122100
0000000000000019100

15 19 73 board_15x19_73_196584_none
011292921192939
029312291113393
139211223211939
192119229933221
112121294499321
111921239349929
921393393394221
932493992292011
129944332222239
014992911912992
224953111223931
994991000192110
934942233333210
112921999929910
122222333333210
939229200192110
249339200123921
922933210139492
111292910199329

10 18 31 board_10x18_31_196670_none
1221000019
1992000011
2492111000
9422291000
9922931000
4933941111
2922939229
1111121292
0000111222
0111191292
0191222393
0111191292
1110111111
1921000011
2392110019
9212921111
1113339210
0019922910

6 10 10 board_6x10_10_196705_none
000011
110019
921222
129392
011392
000222
000191
001232
002949
002992

4 5 5 board_4x5_5_196717_none
1929
2221
9311
9391
1211

4 4 4 board_4x4_4_196723_none
1129
1932
1239
0192

5 8 5 board_5x8_5_196728_none
92000
93000
92000
11000
00000
00000
11111
91191

6 10 9 board_6x10_9_196735_none
110000
910000
110000
000111
000191
111111
192232
112999
222243
991019

12 19 59 board_12x19_59_196746_none
239332100191
994999310222
239599920293
011499920399
112499431394
193996939229
113995941222
012324930292
019102920293
011102231229
000002939111
222112943310
992922339931
942129395991
920022494432
110019459391
000012999311
221001233210
991000001910

16 18 41 board_16x18_41_196810_none
0000000012911121
0000000019211939
0000000011101292
0111011101110111
0192119101921100
0129332212129100
0023991191011100
0019332222111111
0012239219229119
1101939212921111
9101232212221111
2200191191192292
9210111111223939
2911110111192121
1111921191122111
1111291111019229
2910111011122392
9210000019119211

19 10 39 board_19x10_39_196858_none
0001129210122100019
1101933910299111222
9202349321394239391
9313993391292199421
1394949211112244921
0293233332101929229
0222192999101121233
0192222232100000199
0113921110111111139
0002921910191191011

19 6 32 board_19x6_32_196904_none
0129910139939101910
0194310199931101221
1349421123210011392
9399992011100129493
9349693139322392393
1129312939929921129

19 5 25 board_19x5_25_196941_none
1101110011222299129
9202932129399443129
9203993921394991022
2323995231213331019
1992393929101910011

15 10 26 board_15x10_26_196970_none
000000111019991
000000292123321
111001393291000
192222922932100
112994432129100
111239992112321
922123449101992
292911921112493
222111110019229
910000000011111

7 19 23 board_7x19_23_196998_none
0111191
0192222
0129119
0011111
1112210
9119921
2222229
2910011
9222332
2229999
9239942
2922210
1110111
0011291
2229211
9922210
2211910
0001110
0000000

4 14 10 board_4x14_10_197024_none
1211
9491
9931
3920
1121
0019
0011
0000
0011
1119
9211
9300
9200
1100

6 4 4 board_6x4_4_197036_none
910000
121100
129210
922910

12 12 37 board_12x12_37_197041_none
222129101921
993921101291
349443221211
194999929321
113943222993
012211222399
129211991133
934943321029
494999212139
994342292932
332910112292
911110000129

15 16 62 board_15x16_62_197086_none
992019999939119
993114966953221
349102993992910
192101333334331
222110192292991
932911239333332
949433922939329
139399211149942
011333211029939
000292192123321
111293239129310
191112933239921
332001292933339
991000223129129
331011291123221
910019211192910

19 19 48 board_19x19_48_197160_none
0111000000000112991
0191123210000192221
0222199911110111000
1291123211910000000
1921000112110000000
1110000191000011100
1221012432001239210
1991019991012994910
1221012322129449221
0000112111934931129
0000192911139920029
0000112111139310011
1110000001921111111
1910111012210019119
1110191019111111111
1232212121119101110
2999101910011101921
9443212121100001129
1291191019100000011

19 18 50 board_19x18_50_197210_none
0122119101111110000
2399111101911910000
9932100001111111110
2211111110111001910
2223922920191112110
9939933920122291011
9449493220019322019
1292212921011291011
0122102392110111000
0029201922910001221
1249212211110001991
1992119222100001232
1221011399211000019
0000111293291011222
0000191122222119291
1222222129119111211
1992922921111100000
1222292110000000000

19 12 56 board_19x12_56_197263_none
3921922993933399111
9932139595499942119
3493349329934921121
1939993233311122921
1122322929211129392
1111101121392192229
9229100001392111022
2933322123942011119
1292992929992239111
0113332233322992211
0012921291002342392
0019229211001929392

16 4 11 board_16x4_11_197328_none
9392110000111000
2933910111191000
2493121392111000
1992019392000000

15 4 8 board_15x4_8_197340_none
000129100029310
000192211029910
221111191012210
991000111000000

10 8 17 board_10x8_17_197349_none
0193939100
1213931100
9213220000
2392910000
2933331111
2932992291
2392239332
9211012929

4 19 15 board_4x19_15_197370_none
1221
1992
1239
0022
1119
9221
3932
9499
2932
2210
9111
2219
9111
1211
0191
0111
1100
9100
1100

4 18 12 board_4x18_12_197389_none
0191
0111
0111
0292
0292
0122
0019
1243
1999
1232
0111
0191
1211
9211
3491
9921
2210
0000

9 5 7 board_9x5_7_197402_none
000000011
011100019
239100122
992100293
221000299

16 8 31 board_16x8_31_197411_none
9212911111911921
1393111911222129
1393222111293332
9212991113949992
2212331193943439
1911910123239322
3432110019249492
9991000011299329

18 12 56 board_18x12_56_197447_none
294910011222111100
299421019299239200
259693111333399211
949999200292293229
139569300393222192
123939310293291111
192123932459322100
232103949999219211
939212932332233392
394933220111299229
934992910292395221
292222110292293910

18 14 63 board_18x14_63_197510_none
991199929332112910
221139432999119210
121124922342112210
929229932921102920
121294492239323920
111139311194992110
293149312339444332
293949539931299999
333149995930134443
992239424930129119
359393212920192111
959312912231212110
992101222929101910
221000192121101110

19 19 51 board_19x19_51_197580_none
0000000111191000000
0111011291122100011
0193229211019100019
0239942200011100011
0194939100000000111
0112121111212111291
0000011229293932921
1100019292214959320
9311122211002993910
9391191111112233321
2311111191292019392
9211221111292011392
2911991000222011211
1111332000192129100
0000292000112921211
0000393000002220191
0000292000002920222
1110112111112931291
1910001911911129211

18 18 68 board_18x18_68_197640_none
922221002999943210
294991002955999920
129942001292235930
135591000122103930
199921000029312920
139310000029922321
121100000012229291
910000000001232211
110001110124992100
000112911299949100
000193222955321100
000129129599100111
012221129594101291
019920122493002931
013920192393113920
001222344949119221
232294999392111119
999229942211000011

12 6 13 board_12x6_13_197711_none
019920019291
014930012321
223920001910
993322111110
349292910000
921212110000

9 4 5 board_9x4_5_197725_none
000019100
001121100
111922110
911292910

4 10 12 board_4x10_12_197731_none
9392
9329
1111
1100
9211
2493
9499
9449
2921
1110

4 18 10 board_4x18_10_197747_none
0019
0011
0000
0000
1100
9310
9910
2210
0000
1100
9200
9200
1100
0000
0011
1229
9392
2921

9 14 33 board_9x14_33_197758_none
123211910
299911110
295331100
223959200
933999310
949596920
943939931
139322391
029201221
121101921
910001139
233210039
199932129
139499111

15 5 10 board_15x5_10_197799_none
000000139200029
111000199200039
192110122100029
113920011100011
002920019100000

19 6 31 board_19x6_31_197810_none
2910000011239219291
9431111019299311211
2992393121239211111
2333995931011129219
2922969993122239211
2921299993929921100

19 8 40 board_19x8_40_197847_none
1119993991111129210
9334993232291193910
9939433229211234210
3339329942201299100
9223944939101943200
2912949331224339210
1122393921299923931
0019212129223212939

19 14 47 board_19x14_47_197892_none
9100019210001991111
1111112911123431191
0019101111929931211
0011222101123939111
0001299200001121119
0001959521111001121
0001139991191002920
0000012432123212920
1221000191019922321
1991122211012229391
1232299211011113931
0019223493119213931
1111101999122393493
9100001232119212999

18 19 49 board_18x19_49_197947_none
011292910000299100
019322110122495211
123921111299499119
192129129323932111
111012239201110000
000001932211000000
000001292392000000
000000112993222100
001121212239399100
001939391012932100
111293922111110000
910113332910000000
110112992110000000
111293222110000000
292292112910000000
393111192110000000
293110111123210000
123921000199910111
019391000123210191

12 16 53 board_12x16_53_197998_none
110012222929
932129939331
399129942910
943113932110
392112291111
393393222292
939494911939
233949322232
192139219119
111022322111
012339291000
129994333221
293595939939
943395932249
992939210149
932121100199

7 6 6 board_7x6_6_198060_none
0000000
0000000
1112210
9329910
9933210
2391000

4 4 3 board_4x4_3_198067_none
0111
1291
1932
1291

4 10 9 board_4x10_9_198071_none
0191
2321
9910
3431
1991
2331
1921
2239
1932
1129

10 19 47 board_10x19_47_198082_none
1111101910
9119101121
1111111239
2210129299
9910193322
2322349100
1394992100
2999533121
2969493929
2392393121
9212333110
1212993921
0192239391
0122111333
1119212399
9222392999
9329223443
2932219392
1129112939

15 14 44 board_15x14_44_198138_none
110193920199200
921224921249310
291193211934920
122349422293920
019299991112121
121223332100019
922110019101132
292910012211949
112221001922299
000192122391122
012322929322011
029923231291019
029594921212121
011399229101910

18 6 17 board_18x6_17_198185_none
110002939112922910
910003941119229210
232113920011222100
199119322110191000
123221292910112110
001910112110001910

19 5 25 board_19x5_25_198203_none
9129910112929299291
2239322392121333322
1932239922121291192
2391299323939211129
1921293119931100011

18 10 31 board_18x10_31_198231_none
939992000000000000
249993110011100000
193322910019100000
221002342222222211
910012999392299391
222129333923969411
192921101223949200
222121100193231100
910019100112911110
110011100001111910

14 18 42 board_14x18_42_198266_none
29910002939210
29310002943921
23221101293391
93949200112921
39399300012221
93339200019119
29112210011111
11101910111000
01111222291000
01910192921000
12211222121111
29201910129119
29312232292111
11392299211000
00292295310000
00111129921011
00000012492019
00000000292011

8 18 34 board_8x18_34_198316_none
29992000
29694211
22399292
92232229
12910122
01110192
11101349
19212992
35922931
99932121
23392129
01222921
01912220
12233910
91199310
33349200
99393100
22392000

4 10 6 board_4x10_6_198362_none
9939
2392
0111
0011
0019
0011
0000
0000
0011
0019

5 5 6 board_5x5_6_198369_none
01929
12121
91111
22292
91292

8 10 11 board_8x10_11_198377_none
12110000
92910111
23210191
19100111
11211111
00192291
12234931
92929920
12122210
00000000

10 14 21 board_10x14_21_198389_none
3991011100
9942119100
3439112210
9393212910
1393292110
0239212221
0192101991
0112111221
1101910000
9101110000
1100011100
1100019100
9112221100
1119910000

11 16 32 board_11x16_32_198413_none
11112210000
29119921000
92123491000
22029322211
91029219291
22122211211
19119321000
11112991000
01111221000
13931111100
19949229211
13942493291
02239392111
01932223210
13392129921
92922922229

17 19 76 board_17x19_76_198451_none
00000000112221000
00112110194991000
00193931239931111
12223949339420191
93921259596920111
24931299599942100
92293499434399200
12349932392139200
12994321392011100
93223933931000000
92003949931000000
11113932393321000
11193220129991000
92223922134932221
29229492939321991
13954923393911221
24999432922111110
99334994321222910
22102949911992110

19 6 25 board_19x6_25_198543_none
1939200019229992910
1139321223922333321
1233929293331019392
2992232212991122393
9421191002331191129
9200111001910111011

18 4 17 board_18x4_17_198575_none
912992110000193910
234932910011339210
299321111129292222
294910001921211199

16 5 16 board_16x5_16_198595_none
9101110019321292
1112911233991293
0019321992221129
0123912331000133
0192111910000199

11 12 20 board_11x12_20_198614_none
00019211191
00012393321
12111939921
92911122391
12110000111
12111121100
92911929100
12111232211
01110292191
01910292111
01221112221
00191001991

6 19 30 board_6x19_30_198637_none
112920
934931
399339
942292
931211
129100
121100
911110
111921
012229
029432
139992
394492
992122
443139
993949
223931
223220
992910

4 10 7 board_4x10_7_198671_none
0111
0192
0129
1121
1910
2221
9229
1393
0292
0111

6 5 7 board_6x5_7_198679_none
001393
111999
911232
110122
000199

11 6 10 board_11x6_10_198689_none
92291029311
29212139391
22201921211
19102221110
11101911910
00001111110

12 8 13 board_12x8_13_198700_none
000019101110
011123311910
019229911110
123922210000
294210011100
299200019100
139201132200
011101929100

18 18 81 board_18x18_81_198714_none
123910019911929119
199211122211232111
122102942222392000
000002999399393211
000112243594229291
111293129392022322
191293943312129229
223222299113943392
193931345339992921
334939299949433221
993221239932229229
949100013321921292
232111212912221232
192119293222933929
129222229239499343
023492122939554499
019923922232999499
012212921911249322

19 16 42 board_19x16_42_198809_none
0000112291019212221
0000192932011293991
0111113492000129332
1291002992000011119
2921003941011101121
9210113920139201910
1100192110199201110
1100111000122211000
9211000001121291111
1292110002949211191
0112911113992100222
1222111912931111191
1991001111110191111
1222110000001221011
0001921100112910019
0001129100192110011

18 10 37 board_18x10_37_198856_none
011211000123991000
129392000199432100
293392000139219221
395332101121112929
399949212910001121
959599229310000000
942932139300001110
931110029200124920
941211122100199920
939291191000123210

12 4 10 board_12x4_10_198897_none
199299323910
122239499210
000011394210
000000112910

7 10 12 board_7x10_12_198909_none
0199222
0122299
0000139
1110011
1910000
3331100
9929111
2232229
0019129
0011111

5 14 18 board_5x14_18_198922_none
22291
99222
33119
92121
23910
93121
94229
99293
94329
29111
12210
02920
03930
02920

4 16 19 board_4x16_19_198944_none
1121
2939
9392
1322
1392
1993
1349
0293
2493
9949
2393
0139
1129
9211
9300
9200

4 19 18 board_4x19_18_198967_none
2492
9992
2321
0111
0191
0122
1129
2921
9221
2229
1932
2239
2921
9210
1211
0191
1222
9239
2939

