4 18 11 board_4x18_11_198988_none
0000
0122
1299
1932
1221
1291
1921
1110
0000
0000
1110
1921
1129
0022
0029
0029
1132
1929

6 14 15 board_6x14_15_199000_none
291000
921000
332221
992991
222221
001232
001999
001232
110111
921291
129211
011211
110192
910129

11 5 13 board_11x5_13_199018_none
00011100019
00139310122
12299921192
93933492239
29210292192

14 4 9 board_14x4_9_199032_none
91294210111111
11299910191191
01233210222111
01910000191000

17 6 15 board_17x6_15_199042_none
00019100191019111
22111101221011119
99222101910111122
94399101110191191
39222100111111111
92100000191000000

19 16 82 board_19x16_82_199058_none
0111123221101111932
2493399949212933399
9994999959219399233
2339444943432222129
1122911239993210039
1922211394339921239
1239212993112239392
1294492239321039411
9339932123991029200
3493492192232233311
9943392122129399291
3992932119349333311
1222239112994229211
0000192223493921291
1232322299313231322
1999291299201929291

18 19 52 board_18x19_52_199159_none
001921101122210000
123339112929910000
199494339332332111
134993993921299119
019322222129332111
022201110013920111
019101910002921291
011101121102332921
000000029201992221
000011129201221191
000019111112210222
232111100019910191
999200000013320111
259300001112921221
029211112912922992
011119129311112992
000011129200002442
000111011100001991
000191000000001221

18 19 45 board_18x19_45_199217_none
000001129291000000
011101922321000000
029201111932111100
029200001299119100
022311112232122200
029392393932229100
029439393299293200
123921211122229100
192121100000011100
223129211110111000
192922911910191000
222111122321112110
921100019291001910
129100012432001121
011100001991011129
000000112221019129
001110192110011222
001921212910000192
001129101110000129

15 14 44 board_15x14_44_199271_none
110129100122291
910194311299321
220139933944910
910139499439321
121293459492291
029323993921222
029439322110191
124992212110111
193931193910000
222232229210111
910199111100191
110134432100111
111129999211000
191193332291000

11 8 24 board_11x8_24_199320_none
22111101110
99219112910
49222229531
94439349991
29994994532
12339339391
22122212932
99119101291

4 6 5 board_4x6_5_199349_none
0000
1121
1929
1132
1139
1939

4 16 16 board_4x16_16_199357_none
2921
9391
1322
0293
0299
1243
1929
2242
2929
9321
9200
1100
2210
9921
9491
1211

4 18 17 board_4x18_17_199378_none
1111
9119
1222
1291
9322
9229
1249
0299
1399
1949
1121
0000
0011
1129
1921
2210
9111
1119

10 16 34 board_10x16_34_199398_none
9223992991
2949932221
1299321100
0123229210
0012923931
1119213959
9122202959
2219101139
9222221111
2911929100
1122222210
1129201910
9129323210
1112399111
0112932119
0192110011

12 12 40 board_12x12_40_199436_none
001991011100
112233349200
192139999200
113959594210
235993212921
999993113249
995993293949
333393393293
192222943229
223911299221
293110234910
292000192110

17 5 14 board_17x5_14_199486_none
01922210012493110
01129911129993910
11112212932323220
19101223920001910
11101992110001110

19 6 25 board_19x6_25_199504_none
0292019112210191000
1393111229942222100
3949100296999229211
9931101499434942391
2210001999313939211
0000001232292121100

18 14 63 board_18x14_63_199532_none
001911221029939119
111222992129593222
910192359211392293
331122299311111299
991129344492000149
931293299492000139
122492234932122293
019931193391299339
013932339222394932
001129932119213239
111012392232101932
191000223992002239
222110293393223942
911910292112993939

14 19 39 board_14x19_39_199608_none
00000000000191
11100011212332
19101129392991
22101922922221
91001222121100
11000191129100
00112221192100
00193910111000
00239320000000
11194910011100
91129210019111
23221100122119
29922211392011
29329911992000
11112211332000
00012221293210
00029939329910
01139339323210
01921111291000

11 18 42 board_11x18_42_199652_none
01932100000
12299222111
91122299229
33100122292
99211000111
23493111110
02994921910
02955922220
12499333920
29495929930
93493134920
23921129210
94321293200
29911939100
23434331100
19299910011
11223210029
00000000029

6 8 10 board_6x8_10_199700_none
193910
129221
121229
910192
110111
122100
199221
123929

4 4 3 board_4x4_3_199713_none
0000
0122
1299
1932

8 16 22 board_8x16_22_199717_none
11111111
91191292
11111292
11222211
29299100
92222111
11111019
12291011
94942100
94939100
24331211
19910191
13320222
01910192
02220129
01910011

11 19 32 board_11x19_32_199741_none
00191000139
00111000299
00011101399
00129101932
11193212220
92222922910
12911293331
01110112992
00000012492
01110029311
01910029200
12210011100
29100000111
92100000192
22111000129
92392000011
12993100111
02349111291
01921119211

14 19 54 board_14x19_54_199775_none
00192221111000
11212993492000
29323359993211
95992949539292
99322249333449
93100193939939
11011212293343
11019100122399
91123210019393
22193921122211
92229391191000
39112321111000
92101921100000
23222129100111
92993221100191
23239910000222
91013331100191
11001929111222
00001121119119

18 12 52 board_18x12_52_199837_none
192910019921111110
223231124921911910
922939329212221121
129239392102921129
022333422003931932
139399392103931239
939339329212920192
121111113933221221
110112224994921910
910192993994921121
232444323332122339
929999101910019992

19 4 16 board_19x4_16_199896_none
9922321111199119210
2339993292232112910
0194999212910112110
0112232101110191000

15 12 38 board_15x12_38_199914_none
910199119911110
121222234433921
019100199499229
011211124993111
221191002931000
993321012210111
349921119212291
943439111394942
949392100395991
293921000294342
112110000123929
000000000019221

11 18 27 board_11x18_27_199960_none
19922910000
12229210000
00012210111
11112910293
19119321299
11111292233
00111129119
11291011111
29311112110
29201292910
12211922110
02921110000
02920111000
12210191000
29111211000
93229200000
29129200000
11111100000

10 19 28 board_10x19_28_199993_none
0000011100
1110019210
1921012910
1392002331
0293224991
0129299931
1122323210
9119100000
2322223210
9292299921
1229239491
0011111211
1110001110
1910002931
1110002991
0000001332
0000000192
0111000129
0191000011

9 19 30 board_9x19_30_200023_none
000000029
000000029
011211011
019291011
121212139
932112939
299119221
233111100
293100122
299200299
359200294
994321129
394991011
114941000
002931100
001129100
000011211
001110292
001910292

4 14 16 board_4x14_16_200055_none
0000
0000
0000
1110
3931
9959
9992
9543
2399
1949
2231
2921
9392
1229

4 6 3 board_4x6_3_200073_none
0011
1129
1921
1110
1110
1910

9 8 17 board_9x8_17_200077_none
191193993
122213999
139212349
199229321
133229910
019112221
121100019
910000011

16 19 52 board_16x19_52_200096_none
1101110001110199
9324920001910139
9399930013321121
2446930019911921
1994920013432129
1393110012991011
0111000019322232
0000000022312999
0000011119293332
0001129111229100
1101921101121111
9101110112910019
2210000192221011
1921111211192100
2239119100139211
1921123422149319
1110029993949211
0000139533942100
0000193911291000

19 18 87 board_19x18_87_200154_none
1112210129211192921
9219910193493212129
9323222339499211011
1293229922933493222
0129943211111999299
0024992110002353444
0019444911111929299
0133499423921243459
0199399393932299299
0122234544392955449
0011119999212299921
2229112343311139310
9932200029391123210
2229210029311192910
0134922332101333221
1299339993101993291
2942293599312399222
2920111299391122119

19 14 58 board_19x14_58_200257_none
1121102991000000000
1929102931011211011
2342112221229291019
1992119119393332111
2469211112933939310
1999411002239349920
1249391112921294931
2222322394220123392
9922911994920129349
2229211223920192299
1111100113221221122
9211232294922931000
2911999229922993110
1111393112211393910

19 12 41 board_19x12_41_200322_none
0191019119391129210
1221011112921294921
3931111112121394391
9991294391019339211
2321299933233921100
0000123229929211110
1111121113332211910
1923939212911911110
1129931292111121100
0013320223121119100
0002920192929122200
0002920112121119100

15 4 16 board_15x4_16_200371_none
029422110000000
139994920001110
943495931002942
991129391002999

7 16 16 board_7x16_16_200392_none
0000000
1100000
9100000
3311221
9911991
2223431
1119931
9113939
2201232
9112391
1119921
0012210
0111000
0191000
0222000
0191000

4 19 21 board_4x19_21_200409_none
9291
1322
0191
1211
9210
2932
2499
1999
1232
1121
1929
1132
0019
0011
2210
9931
9959
3959
1139

4 16 13 board_4x16_13_200434_none
1249
2999
9553
3991
9421
9200
1222
0199
0122
0000
0011
0019
0011
0000
1100
9100

4 12 8 board_4x12_8_200449_none
1211
9291
3421
9910
2221
1129
1921
1121
0019
0011
0111
0191

10 4 10 board_10x4_10_200459_none
0192921000
0223393111
0292399229
0292294921

12 5 15 board_12x5_15_200471_none
293111112920
394934922920
293299931110
222124921232
191001111999

19 18 70 board_19x18_70_200489_none
0123210019100000129
0199910012210000192
0123211111921100111
1111224932339211000
9219399939393291011
9312933232492111129
9301121129311111192
9300019239310192221
9421012922921112910
4993111111393111110
9994921223594921100
4693139399993129100
9932139339421011111
3922931122201121119
2233920029201929111
1929211249201233221
1132201992211192939
0019101221191112139

18 16 51 board_18x16_51_200570_none
011299221211191292
129333929392211292
294921122939100111
935930001232100000
293931122291000000
123391199321111111
129212244911291191
194311929222933321
239911232229339910
922210191193934331
110000122212292929
000012229100112132
000029921111100019
000039522139200011
000029392939200000
000011212121100000

18 14 37 board_18x14_37_200628_none
001911910011101921
012322110129102349
019292111394211993
011324932993922349
000193993333391293
000112239119211292
001110011111101221
111910011100001921
911111129210001291
110001933910000111
000123229321000000
011299111292100000
019222211129100000
011100191011100000

10 4 10 board_10x4_10_200670_none
9292212121
2439292929
9293323231
1212911910

7 6 7 board_7x6_7_200682_none
1292910
1923220
1111910
0001110
0123210
0199910

4 12 8 board_4x12_8_200690_none
0111
0192
0139
0029
0011
0011
2229
9921
9421
1291
0111
0000

4 19 19 board_4x19_19_200700_none
9920
3920
2210
9200
9311
2391
9321
3931
3949
2942
1291
1211
9111
2229
2921
9310
9200
2321
1991

7 16 16 board_7x16_16_200723_none
9100191
1100111
0111000
0191111
0222191
0293211
0299100
0234210
0294931
0294939
0113231
0001910
1111110
1921100
1239100
0192100

15 4 16 board_15x4_16_200740_none
110019932293921
933333399229229
299993332111222
123339910000191

18 5 15 board_18x5_15_200760_none
110012921211000000
911129229291000011
221921223332100019
911122392929210122
110019922122910191

19 18 87 board_19x18_87_200776_none
2921393299200011291
2922994949322119333
1223993132399111399
0193331019454200294
0113920023999200239
1112920019459200293
2921221024931112594
3930193339941129999
2943449994991193349
2399994433322221011
2944339339334921110
9391012994999931910
1211113493345921110
0111192932293110000
1291112292392000111
1932000112932111393
1291011212239229499
0111019291193922949

14 16 30 board_14x16_30_200873_none
91000011100019
11011119211122
00019111291292
11112210111292
19223920000111
13939920000000
02932222210011
01110029921019
11111029592121
91191012922910
11222001123320
11291000019910
19211000123210
11101110191000
00001921211011
00001129100019

7 5 9 board_7x5_9_200905_none
1939910
1249310
0193200
1239310
9129910

4 8 4 board_4x8_4_200916_none
9210
2921
1239
0192
0111
0000
0000
0000

4 14 16 board_4x14_16_200922_none
9392
1392
1332
2991
9321
1100
1110
2932
9499
1393
0122
0139
1399
9393

11 18 27 board_11x18_27_200940_none
01111911221
01922211991
12229101221
19122200000
11119210000
11123910000
19119210111
11122201291
00019101932
12222222229
19911929111
12211121211
00000000191
22100000222
99200000191
39200000233
11112210199
00019910122

14 14 34 board_14x14_34_200972_none
12911110011291
92122910019211
11029310011100
11129201110122
19112211910299
11101922210394
00001239100292
11001292211222
92112921191292
29119321112392
22322291001932
29293321123339
92229910199292
11012210122211

16 10 38 board_16x10_38_201010_none
1111110029921291
1922921029339311
1293492011139300
1223992111029211
1923931192233219
3493221349399211
9939229299349411
9321394322139491
1111399310029311
0019239910011100

17 8 35 board_17x8_35_201053_none
00199911129920019
11123222923943221
92111029543399921
93191149999323229
92233299969301132
11199333359301929
00123910299301121
00001110299200000

19 5 13 board_19x5_13_201095_none
0000029921191000019
0000139491111011111
0000193332101129100
0011212929211921100
0019101122911110000

18 12 52 board_18x12_52_201109_none
922222211110000111
239929921910111192
933324932231291129
129113921929211011
233349322222210011
993999329212910019
349344933392110011
192119492932011211
222024932392019291
193229930293121222
129934942334932229
012392299299399292

11 19 32 board_11x19_32_201174_none
19211111110
23911911921
92111111291
11012211343
11119911999
19112211343
22100000192
91112110129
11192910011
00123210000
00019321000
01122991011
01911332019
12210191011
29200111000
29421011100
23992119100
92349112210
11192101910

6 12 17 board_6x12_17_201211_none
000129
011293
029449
029939
012332
121291
949311
949200
232100
193210
129931
013991

4 5 4 board_4x5_4_201231_none
0011
1129
2942
2939
1121

4 4 3 board_4x4_3_201236_none
0191
0122
1119
9111

8 12 25 board_8x12_25_201240_none
92000000
92012210
33119921
99445591
99999932
39654229
12991122
01232292
00019229
01121111
12921222
19229299

14 19 39 board_14x19_39_201274_none
00000000191292
00000000112392
01110111001921
01910191001110
01110111122100
00000111199111
12111291123229
92922921001921
12292110012321
00112110029391
00001910039411
00002220039410
00001910029921
11001111244329
92211001999111
39291001495210
93211000395931
93000000294991
92000000112221

17 18 52 board_17x18_52_201318_none
01110111292199291
12911291292122222
92122921112221129
11019210002991192
00023321102942111
11129929112391000
29339431119211011
29393911232100019
11323111991111011
12391001221191000
19921111000111000
12210191000011111
00000111011129219
00111000019129222
11191000122122229
91222000192129349
22292101223943992
19229101912939321

19 10 50 board_19x10_50_201376_none
0192394921910019221
1333994921122222939
3993333221129912249
9993191191193322921
3593211233322194320
2949201299391129932
9349201959432112399
3922222393929100122
9212949313231111222
1102949201910019299

18 4 9 board_18x4_9_201436_none
292910199119100011
922110122111101129
110000111000001921
000000191000001110

15 8 29 board_15x8_29_201448_none
910129211991000
231293911232111
939212122239449
931211139949999
221191199493343
192212233432019
129101923991011
011101129931000

14 10 36 board_14x10_36_201481_none
19101910019999
22312110013942
29491000001110
29931000011111
14952111129229
02999119349229
23595222993232
99394912333939
22229321924952
00012911129991

8 19 22 board_8x19_22_201525_none
11000191
91000122
11001129
11001921
91001110
11000000
11000111
91000191
11000111
11100000
19111100
22219111
19111229
12210192
01922232
01292929
11223332
19239392
12939329

4 16 16 board_4x16_16_201550_none
0019
1121
1910
2220
1910
1221
0191
1343
2999
3969
3952
2992
1493
0293
0139
0029

4 14 14 board_4x14_14_201567_none
1910
1221
0191
0122
1139
2949
2931
1121
0129
1394
9399
1349
0193
0129

4 6 5 board_4x6_5_201584_none
0122
0199
0244
0199
1222
9100

8 4 5 board_8x4_5_201592_none
11111211
19129391
12239311
01921100

12 10 33 board_12x10_33_201598_none
001993129321
001494933992
001393293459
122933449299
939239992344
931239931199
111293210139
124931000011
299932210000
294229910000

17 18 44 board_17x18_44_201635_none
19100000000001929
11101110000112232
00001910011292291
00001111129239422
11101111922239391
19211911111921211
23911110001221000
93111121211192100
93012949391129222
93119399311011299
29111222101110122
11111111101911121
00019129201111939
11122129201112392
91191011101911921
11112221001111110
00012991000111000
00019321000191000

19 19 63 board_19x19_63_201685_none
0000011291000112221
0000019322000293991
0000011291012494332
0000000111129959219
2321011100294499222
9991019211393294229
2321122291292123921
1110191112232119431
1932211112929112992
1299200192121101239
2359411111011100011
9959492011129211211
4992493019129219291
2942392011111222211
2229323110011291000
9111292910019211000
1100224220011211000
0000192911221191122
0000112111991111199

18 10 38 board_18x10_38_201759_none
394922910139219921
999229321299312391
342111292399200111
931111212932100000
949229112221100111
931292119119101393
110111011111101999
011211000000012332
129393110011239200
192393910019299200

11 5 13 board_11x5_13_201804_none
00111191011
22292322129
99239491294
22129931299
00013920122

8 10 19 board_8x10_19_201821_none
99399100
99322222
33211199
91191139
11122122
00129239
00193949
11112292
91000122
11000019

6 14 15 board_6x14_15_201844_none
000019
001232
012991
019432
011291
001221
012910
019321
011291
001332
013992
139949
199321
122100

4 18 11 board_4x18_11_201861_none
9210
2910
2221
9219
9322
1291
0111
0000
0011
1129
1932
1139
0029
0011
0000
0111
0191
0111

4 19 11 board_4x19_11_201873_none
0019
0011
0000
0000
0000
0000
1110
1921
2391
3931
9942
9599
1393
0111
0000
1110
1910
1110
0000

4 19 15 board_4x19_15_201885_none
0111
0191
1221
1910
2221
9239
1299
0233
0191
1332
1991
2432
9391
9422
2391
9211
2200
9100
1100

8 8 9 board_8x8_9_201902_none
11111000
91191000
11111000
12110000
92910000
34210000
99221111
23929119

10 5 7 board_10x5_7_201913_none
0192921111
0112291191
0000112221
0011101921
0019101291

16 6 26 board_16x6_26_201921_none
9129200192101110
3349422229212931
9939499333913992
3331395992112949
2910129442213231
9210012929292910

19 16 42 board_19x16_42_201951_none
0001221191019211111
0001992211011291191
1122339211000111111
1929221291111000000
1233910111191000000
1293210000123210000
9229101110019911110
2221112910012322921
1921119210011292129
1249211100129211011
1299200000293100000
9222100000292000111
1111100011222111291
0019101239229119211
0012222993932122200
0001929322291019100

19 18 50 board_19x18_50_201997_none
1100000019101993920
9100000122101224941
1100122291000002991
0111199211000001221
0292244200122101121
0292199200299101929
0122239200293112221
0019112211221129111
1112222911921193219
9112929321292229222
1229222921129221392
1292112392123911392
1921019229229211932
1110011111292101392
0000000111111000292
0000000191111000111
0000000111191000000
0000000000111000000

18 19 90 board_18x19_90_202055_none
931101910011292222
939212221019339299
132392291122292222
019333943293322110
122939499339911921
921139449449311291
930012394993201332
920002959559313992
220114959939493992
910295942222922221
220296941101111232
921139949111101999
391139493229212393
931293212921292221
921494112210123932
223999219222119599
293959211299113994
933121100234323949
291000000192992121

14 10 20 board_14x10_20_202159_none
92922210000000
12239910012210
00295310029921
00299100029329
11233100011111
91191001221111
11233101991191
00199101332111
00122111291000
00000019211000

10 5 8 board_10x5_8_202181_none
0000029310
1100029910
9100024420
2311019910
9291012210

7 4 7 board_7x4_7_202191_none
1121229
1939393
1293492
0129211

4 8 7 board_4x8_7_202199_none
0111
1292
9229
2332
1991
1221
2210
9910

4 14 7 board_4x14_7_202208_none
0011
0029
0029
0011
0000
0000
0011
0129
0192
1211
9100
2321
1991
1221

4 18 13 board_4x18_13_202216_none
9291
3421
9910
9421
2391
1921
2220
2920
2920
1110
0011
0019
1121
1910
2210
9100
2210
1910

8 18 34 board_8x18_34_202235_none
12910192
94220129
95931011
94993210
12349932
00193399
00112343
11113992
29339992
39399421
92233200
11029421
12139991
92933321
24391000
92921000
12110111
00000191

10 14 25 board_10x14_25_202271_none
0111112110
0191192910
0122334221
1119399129
9111394239
1100224931
1100193920
9212222221
2392932291
9223399222
1119222129
0122100029
0192100011
0129100000

11 12 20 board_11x12_20_202298_none
01910001110
02220001910
01910012321
01110019291
11100022311
19101129100
22213942200
91193949211
11112293492
00000112992
11001122432
91001929291

12 10 17 board_12x10_17_202320_none
123210000000
299911110000
934321910111
111923221291
122392912942
929212112949
121100001249
000000000192
000000111111
000000191000

17 4 17 board_17x4_17_202340_none
12239219212112999
19939211393913952
12332101393123931
00191001921019229

19 10 28 board_19x10_28_202360_none
0000019911910000000
0000012212220000000
0000111002920011100
0112291013920019111
1292921029310011119
9434331039300000011
2993991029200000000
1235942121100000000
1239932933210000000
1993392299910000000

17 19 76 board_17x19_76_202391_none
01992119100192221
01349222321112991
00294911993101221
11394332399222210
39312991235949931
99312221193994992
93392012433222493
23593129991001392
19993294931001943
12433922110001299
00192111111121222
11111123911949310
92111199311299910
94393239311123321
99399111291000191
93222211222000111
23111293392100000
93922949949100111
13922932392100191

11 16 32 board_11x16_32_202477_none
00029202920
11129203941
19221114991
12921119931
01129112210
11011100000
91000000011
11111001129
00191012932
00233129439
00199129392
11222122311
19112229210
22219932921
19113933492
11101129939

5 5 6 board_5x5_6_202517_none
91129
22293
19229
12221
01910

4 4 4 board_4x4_4_202525_none
1119
9332
2991
1221

4 8 5 board_4x8_5_202530_none
0292
0393
0292
0111
0000
0011
1129
1921

8 18 34 board_8x18_34_202536_none
01121292
23939339
99349329
39339211
23932100
29491000
29421000
12921000
12493110
29494931
29425949
22394941
19224920
12239310
12939310
19222921
11102392
00001939

11 19 53 board_11x19_53_202577_none
01111992191
23911393211
99320129111
23921011229
01292111292
12322911932
19934321129
12399910022
01245431229
01929939292
12245931222
92199221229
92244219292
34399321322
99959922291
96932392921
39310112221
29322211291
12929911921

15 16 35 board_15x16_35_202643_none
001291191000011
123921111000019
299210000000011
294210000000000
223921100000000
192129111100000
111122229100000
000191192223221
011322111299939
019291011394349
011211029421192
001110039921211
122910039539210
929210039493910
121100029323210
000000011119100

18 10 31 board_18x10_31_202686_none
000112922129101121
112292292921101929
293932112110002231
949494210000001910
292399910001111110
111134310002920011
112129222102920129
192921299101232292
233210122111299211
929100000019222100

19 5 25 board_19x5_25_202720_none
1922911910029910000
1394222222239432321
0299229239923939992
0122393299422943493
0000292123911291129

18 8 19 board_18x8_19_202749_none
001921119100000000
112129221100011100
191012910001129211
123211110001922391
019910012211111943
012210019921001299
000011234491000122
000019299211000000

11 19 55 board_11x19_55_202772_none
19921001929
23492101121
19339100011
12921211019
01222292222
00193959592
00124969992
11129499532
39229449339
99212932399
22113449343
00139993929
00299932132
11399310029
19223211149
12211911939
01933322121
01399393111
00293399119

6 16 13 board_6x16_13_202834_none
110000
910011
110019
110122
910191
110111
000000
001110
112921
193229
139211
029310
013931
002939
001232
000191

4 4 4 board_4x4_4_202849_none
1111
9229
2392
1921

6 5 4 board_6x5_4_202854_none
221000
991111
221191
001221
001910

9 10 15 board_9x10_15_202860_none
000000019
000001121
110001910
911234320
223999910
193954210
113391000
002942000
013991011
019321019

16 19 64 board_16x19_64_202876_none
0019100000000000
0011112211122210
0001129911929910
0001933311122321
1102249200001291
9202959312112931
9202993392913930
2211234954224941
1910019999119939
2220024943222221
2932239421910000
9399399922321000
1223955329392232
0001299433923999
0000139993223952
0001123554923920
0001911999393221
0001222244439119
0000191019921111

19 16 45 board_19x16_45_202951_none
0001129101110000000
1101921101911110000
9213220001122910111
1393911110019221392
0293233921222119392
0111199229291011222
0000122111211000019
0000000000001110133
0000000000001910199
0001221000001110139
1111992221122222111
2932322991199399100
3959101332259422100
2994310191199311111
1239910111139219229
0012210000011112921

18 5 22 board_18x5_22_203000_none
110292191192110011
911393221224932229
111923920294949921
222112921495239421
991001111999111291

17 4 11 board_17x4_11_203025_none
11192292121119119
91129323929111111
11011292232100111
00000111191000191

11 10 24 board_11x10_24_203038_none
01111910000
12922122321
29391019991
93321123432
12910191192
02231334339
12929299931
92121224942
22122101299
91199100122

7 18 29 board_7x18_29_203064_none
9229991
1293321
0112110
0001910
1222221
3992191
9993221
3932921
2322129
9291022
2321129
1921292
1139311
1149411
2949391
3931211
9321011
1291019

5 19 17 board_5x19_17_203094_none
99100
22100
22211
99391
23921
01110
01121
12939
92139
12232
01992
01392
00111
01121
12929
19221
11100
11100
19100

4 14 11 board_4x14_11_203115_none
9119
1122
0019
1243
2999
2953
1291
0111
0011
0019
1122
9119
1111
0000

8 4 5 board_8x4_5_203127_none
00000111
00111292
11392292
19392111

15 10 36 board_15x10_36_203133_none
221012921192121
992019391234929
593012321199332
992012932222392
221129499111393
000193594229339
000223992195931
001293321239920
123939100194310
199221100129100

17 14 62 board_17x14_62_203172_none
00019939299101999
00125941233201232
00193942229101232
00112299292102999
01121344423113979
02949399292923992
03992394313239321
02931129211932211
12233222911129119
91299923220011222
33497592910111191
99499923342291111
99323322999223321
22100192393119991

19 19 51 board_19x19_51_203246_none
0000111019332101129
0001291012999211943
0001921001233912399
1111111121101222943
1911112939100192129
1111923931100111122
0001239210000000192
1121293200000001239
1929229222101112931
1232222299101912931
0191191123211111291
0111233101921111111
1221199101292291000
1991234210113931011
2322292921002920019
9112922291001110011
1119210111000000000
0011211000000000000
0000191000000000000

16 8 31 board_16x8_31_203303_none
1291001994911910
1932001499211110
1292121495200000
2322929399200000
9922221239310011
9429211012911239
9311393101112994
9200299100002999

9 5 7 board_9x5_7_203343_none
192921100
233229210
929113920
121102920
000001110

4 16 14 board_4x16_14_203352_none
1129
1921
1121
0029
0029
1122
9119
2211
9210
3931
2992
2492
1921
1221
1291
1921

4 19 12 board_4x19_12_203369_none
0019
0011
0000
1110
1932
1399
0293
0111
0000
0011
1129
9129
1111
1100
9100
1100
0111
1292
9229

4 19 15 board_4x19_15_203383_none
0000
0000
0000
0111
0292
1494
9499
9432
2910
1110
1221
1991
1221
2210
9932
3499
9233
1119
0011

6 16 23 board_6x16_23_203401_none
292000
292000
222110
934920
299920
149520
029910
135420
199910
233221
920019
932221
129921
134439
199392
123921

14 4 7 board_14x4_7_203428_none
91000000111000
11000000292011
00001221393019
00001991292011

19 12 56 board_19x12_56_203436_none
0293110002921921100
0294920013922239222
0113921249311921299
0012322999312321122
0129292359329393210
0193422193933939921
0129292212239233329
1232229101293229122
3993232212933933329
9993992292293229921
9544339321239222221
1299112910193910019

19 16 54 board_19x16_54_203501_none
1100019291000000191
9100011211000011211
2311000000000019211
9292212110000011291
1229292910011100111
0011212221139201110
2210000192299212921
9921000112955329491
2492001111299944932
1393101910234399339
9229101110192244943
1222100000112939599
1393221000112149593
9494991001292149411
9313931001922939311
1101110001111121291

16 18 68 board_16x18_68_203568_none
9210011112921100
2921019229239200
1291124931129200
0111194941122222
1110114992291299
1911112943921294
2222922293220129
9229392223910122
3922449119210192
9321994321211129
2911239910192222
1222122210139492
0295920011129939
1399930019223332
9224920011392292
1212221000394493
1293492011394993
9229992019213992

15 16 62 board_15x16_62_203648_none
992392111192399
239392192333995
022311123993399
139311019492122
299492112321000
294949212921100
223359329229100
921994932333311
932449229299492
139392122323992
029311019211221
022200123922121
019322292393939
023992932394139
129333392392122
921119212921191

9 6 8 board_9x6_8_203724_none
121101291
929101921
133311110
129910000
194320000
112910000

6 4 4 board_6x4_4_203733_none
029200
039300
029311
011291

4 5 5 board_4x5_5_203738_none
3920
9920
2210
1211
9291

4 8 8 board_4x8_8_203745_none
1121
1939
2239
9111
2211
9229
3931
2920

4 10 9 board_4x10_9_203758_none
2391
9931
4930
2920
2220
1921
2249
1939
1121
0000

4 14 10 board_4x14_10_203769_none
0019
0022
1129
1932
2392
9229
2221
1910
2220
1910
1110
0000
1211
9291

9 19 41 board_9x19_41_203783_none
991000000
942101110
239101921
942101239
991111192
343292221
199223910
122229221
000294339
000395992
000294942
111233391
911949433
111299599
011249953
239249991
993939421
932121100
110000000

15 10 26 board_15x10_26_203828_none
293111119210019
299129322910011
233129912220000
292012223920000
292000129920011
111011293210019
111019222100011
293112229100122
299112921100199
122119210000139

19 4 15 board_19x4_15_203859_none
0002939111101249421
0002931119112999991
1112210011119444432
9119100000011291191

19 5 25 board_19x5_25_203877_none
9399910001292292100
3943210112949229211
2931122293393211393
2391199223939100399
1921122119221100299

17 16 37 board_17x16_37_203905_none
91000001929910011
11000012222221229
11101129210019293
19101922910133329
22101111110199111
92100000000133200
29100000000019210
22200000001122910
19100011102922220
11111129313921910
00019129393221110
00123221212910000
00192910112121211
00112110192119292
11000011229122329
91000019111119111

15 19 48 board_15x19_48_203948_none
012210000192221
129911232323992
294211999292493
292002353322392
111112929229211
110192244921100
921211199321121
129111223911939
233339101111139
993992100000011
239321000000000
011100000000000
001111110111000
112922932291000
294229499211000
299222494100000
232392292000111
910292222000191
110111191000111

9 16 35 board_9x16_35_204003_none
929100000
243200000
199221100
124939210
014942910
129921110
293210000
942011111
992129439
349129993
932112449
292222292
112992932
002332291
112932443
912939999

4 4 3 board_4x4_3_204048_none
1211
9392
1392
0111

4 5 5 board_4x5_5_204052_none
9321
2991
2432
9291
1211

8 14 15 board_8x14_15_204059_none
11100000
29200000
29200000
11212110
00192921
11112129
91000011
11000111
01110191
12910111
93331000
12992111
01249329
00029921

11 19 44 board_11x19_44_204075_none
01910012210
02342119920
12999113931
93343211291
12911922321
01111139910
11000029432
91001121299
11001910133
00001110019
12211110011
19923932332
12394949999
11224943459
92293291192
93292222222
93222192291
92191123932
11111019229

18 14 44 board_18x14_44_204123_none
192101999119101221
139202342233201991
029311910299112321
012911110294229421
123320000139229991
929910000029214952
122210000022313991
000001110019292221
000124931122311011
110199949119100019
921235932221100011
129229322910011111
011292292110019119
000111111000011111

19 6 21 board_19x6_21_204177_none
0001292291001110192
1111922933112931129
2921222393912991011
2920191293222221111
1110111222292011292
0000000191292019229

16 8 22 board_16x8_22_204201_none
0111011291000191
0192119211000111
0129112210011111
0122101921119119
0191012229221122
0222129112921019
0192394323391022
0112999299211019

12 14 26 board_12x14_26_204228_none
110019100000
931122100111
991191000191
331111000111
922111110011
292922910129
112292111292
000112112931
001122923920
112929239321
192121129329
111000022392
000001239211
000001992100

11 16 32 board_11x16_32_204255_none
91000000019
23210000011
19910000000
13331100000
01929112210
01132229910
11119129310
19221223210
23910192910
19321113342
12492001999
01993012493
01392019322
01332011392
02993211292
02999291111

10 18 37 board_10x18_37_204293_none
1110191019
1921122233
1291019299
0122122444
0019129399
0011129339
0011111122
1129100129
2933310192
9339911221
2923322931
1122923991
0019339443
2222932399
9922339222
2339292100
0192322000
0111191000

4 16 13 board_4x16_13_204335_none
0293
0299
1222
9111
1119
1222
9291
1211
0011
0019
1111
9100
2321
1991
2342
1929

4 12 6 board_4x12_6_204350_none
0019
1111
9100
1100
0111
0191
1221
1910
2210
9100
1211
0191

4 10 5 board_4x10_5_204357_none
0019
1222
9291
1211
0000
0000
0000
0011
0029
0029

6 4 6 board_6x4_6_204363_none
192119
349221
993910
222110

14 14 34 board_14x14_34_204372_none
91293211192921
11399292212291
00293339100222
00111293100293
00000293211399
00011229291293
01129222322221
12922923921910
19211129921110
11100123211110
01221191012910
01992111129210
01393110192100
00112910111000

17 19 82 board_17x19_82_204410_none
00011100192932291
01129211112299321
13943492100234921
19939949101394349
35432393313994993
99910129294993494
45311132313931299
99222939201122332
23939239201239910
12394332202994310
29449929114959100
29399421129931222
22239200139311399
92011211192101999
92000191223222232
11111222192992222
11191191234339399
91111222299112494
11000191293101939

18 19 86 board_18x19_86_204511_none
019392129112922910
023922933229349421
019211292921399493
023321212110294599
029949200001239493
139499411112922932
192239391192111291
222022322333100111
191029219299111111
222149311223339239
911949300002992299
332259300002932249
991299211101111932
221395219100001291
012499323210111111
129969493911392000
934959439223993000
239493393339992111
193922922994931191

19 16 46 board_19x16_46_204615_none
1211000000129100019
9291000000192100011
2322110000222011100
1922910000191019100
1294320000123222210
0129921111019911921
0012391292012211139
0000111292112110139
0000000111193910192
1211001110129210122
9291001921123321019
2322111292393991011
1911910129393332111
1111121111222392191
1110019211029593222
1910011291029492191

19 12 34 board_19x12_34_204667_none
1111910122119910000
2911222299112210011
9321192932111100029
1291112221019221139
0111000191012929129
1100011211012221222
9211019111119210192
1291011119112910129
0111111011101110011
1110192221001121211
1910123991001939291
1110019321001292211

15 4 14 board_15x4_14_204703_none
019101291122100
134311932299111
299922339223229
294229292101921

11 6 10 board_11x6_10_204719_none
00112110199
11292921222
19212129100
11101121100
11101921111
19101291191

5 18 24 board_5x18_24_204730_none
19222
11399
12493
29932
29439
23932
94492
99393
22229
01121
13931
19949
13359
12939
92132
11019
00011
00000

4 19 19 board_4x19_19_204758_none
0000
2210
9910
2221
1239
2994
9599
1393
0111
0000
1211
9392
1493
1493
9492
3931
2920
2321
9291

4 19 12 board_4x19_12_204779_none
2910
9310
9310
3932
9399
1222
0011
0019
0011
0000
1100
9100
1100
0000
0000
1100
9100
3310
9910

8 6 13 board_8x6_13_204793_none
11029399
91029543
11013991
00113942
00193493
00129399

10 4 10 board_10x4_10_204811_none
9210011222
3921129399
3931933932
2921129210

15 6 12 board_15x6_12_204822_none
000000112129100
001110192932200
112911233229100
293211929111100
939101121222100
121100000199100

18 12 45 board_18x12_45_204836_none
110112292111910011
921393934932321019
922994393939392011
112949433121393110
002244992111222921
111929955921922129
911233399921392011
220191124320393000
922321001910292000
239921002220112110
922392111911111921
110112911111911291

19 16 79 board_19x16_79_204886_none
0000029200019229299
0111139311013942339
1393293392123949221
9494949313939394921
2595249213931229229
1995931129531023432
1495920029992019992
0294220012492124693
0112921212221194993
1111139493920239949
2920029924941194342
3931023313993333929
9392129223993993221
1213943939423349100
1112992139201922321
1911221011101111991

19 19 52 board_19x19_52_204983_none
0193939291012210111
0113932321019910191
0001122910123210111
0000129221291000000
0011292119321111000
1129321012910191000
1933921013321221000
1292291019911910011
0111222012211110029
0111191000000000029
0191111001110012221
0111000002920019910
0122100002920012321
0299310001110000192
1399922110111000129
9235592911292121111
2229922111922929210
2943210001111233910
2991000000000192110

16 12 40 board_16x12_40_205039_none
2922321029211100
9339992139229200
2393322932229200
1943101129123421
3499312121229991
9949393931195531
2221324991239910
1221192221193210
2992211000111000
9449211111001110
1393291191001921
0292111111001291

8 4 4 board_8x4_4_205087_none
12111110
92911910
12222110
00191000

7 5 4 board_7x5_4_205092_none
1393100
9399100
1222100
0000000
0000000

4 18 17 board_4x18_17_205097_none
1100
9211
1291
1222
9229
3942
2992
2449
9392
2921
2210
9100
2322
9399
2949
1121
0000
0000

7 18 18 board_7x18_18_205115_none
0000000
0000000
1110000
2920000
3930000
3942100
9399100
2322100
9111100
1119210
1122932
2923399
9392932
2433110
1991000
2321000
9100000
1100000

12 8 26 board_12x8_26_205135_none
291011229291
932139392211
932959423210
349399219910
993332123421
943910019391
139531023921
029991019210

17 4 9 board_17x4_9_205170_none
00000000000029200
12232101111139200
92999101922921100
12232101129210000

19 10 47 board_19x10_47_205180_none
9119292129202920011
1111229129313930019
1221023323922920011
2991019923921233221
3953233392110199939
2993993212121335931
1223999322939392110
0124459939359411000
0199923593299201121
0123211992122101929

19 14 71 board_19x14_71_205236_none
1939392100000111139
1139449211100192299
1132499329100223943
1939594392100192392
1139922932000111293
0012211292121111239
1111212223959329129
9229393912999393211
4943939211232339221
9949442212122495939
9493992293949999339
1224432923959959211
2349911111139431100
9999310000012910000

18 18 68 board_18x18_68_205315_none
910000122239321111
121111299399939219
019229222394239211
011293211332011100
110112923991000011
910112293931000019
110191223110011233
121211191001129399
929111212122921495
232229112929210399
292292129321222393
943932139311299211
992129239219222111
232222292222101139
019292221191112939
121212911221194342
921101222932239929
129100192299129321

16 19 42 board_16x19_42_205394_none
1291001911991000
2932101223331000
9229100192910000
1111100112110111
0000000000011291
1100111001129332
9100191001922929
1100122212111121
1110129291000011
2910193312111239
9321129212911992
1392011292122432
0293110111019291
0113943210122211
0002999921291000
0001234349311000
0000001939311000
0000001122391000
0000000001921000

10 12 32 board_10x12_32_205440_none
1993939311
2493139391
1921022311
2221119211
9329222392
9933492392
2229949311
1123339311
9119333391
2334993921
9399349310
1393129200

8 8 15 board_8x8_15_205481_none
92100191
29111322
11129391
00029311
00122222
11392199
29594343
29493991

4 5 3 board_4x5_3_205502_none
1222
9299
1222
0000
0000

4 8 7 board_4x8_7_205506_none
9129
1129
0022
0129
0192
0122
0029
0029

4 10 11 board_4x10_11_205515_none
1229
9493
2992
2342
2939
2953
1299
0122
0111
0191

10 19 29 board_10x19_29_205530_none
1100000000
9221100111
2929100191
2232200222
9129310192
1129910239
0123210192
0192100111
0139200000
2349211100
9992119100
9952011211
3991111191
1332191111
0292122111
0292029219
0111029211
0000011100
0000000000

18 8 30 board_18x8_30_205561_none
123929229222210019
199222922929911243
122113332233422999
111019929339392343
291012222995931191
932111001239920111
291191000023321100
111111000019119100

19 4 14 board_19x4_14_205594_none
1129100129299211921
2933310192223911129
9229921211012210011
1112229100019100000

17 12 49 board_17x12_49_205615_none
12910000001999100
92121222223332222
33119299299200299
99122322349200394
95219100293100292
99232311292000111
35939493334210122
19932999399931199
23311499425991122
19100299424941000
12210123993921110
01910001222111910

11 19 32 board_11x19_32_205674_none
92991012910
23432019210
19291011100
11211000011
00000000019
00000000122
01110000192
01921000129
01291000011
11211123221
19100299939
22200294239
19100112232
11101111992
00112912492
00193211921
11129211110
92012921011
92001291019

7 16 29 board_7x16_29_205713_none
3931191
9992211
2349310
1249920
9499941
9945991
4932931
2921221
1222291
1292921
9212110
1100000
0012321
0019991
1123542
1911991

4 10 9 board_4x10_9_205744_none
0000
1110
1910
3320
9921
2391
0233
1399
9394
1229

4 4 3 board_4x4_3_205755_none
9991
2321
0000
0000

8 10 19 board_8x10_19_205759_none
11292129
92394392
12939921
01233210
00292000
01393211
01939291
02342211
23992121
99322929

15 19 50 board_15x19_50_205782_none
111011101929210
193239322333910
129939929393110
012223342493111
122101929239219
299101121129322
293211111011291
122291191000122
019211111000019
011100000000022
110111000000029
910191001110029
110122101910022
001129211111129
111923920112921
922333920293110
932993210394110
922949111494921
111121119393129

19 12 49 board_19x12_49_205837_none
9100019210112393121
2200012910192994939
9221101110112349393
3949111100122293339
2992129212399229129
1221039429953122211
1100039935993129100
9311029329994932100
9392121112349492100
1212911110039429100
0001111910029333211
0000001110011299119

19 8 23 board_19x8_23_205891_none
1100001299101110111
9100013954211921191
1211019992922493221
0191013432129393921
0111001910011212291
0000112111221000222
0122291001991000191
0199211001221000111

18 4 14 board_18x4_14_205918_none
011100199392910191
019100124932110111
012332113920011111
001999119210019119

12 10 26 board_12x10_26_205934_none
111111121100
934932939211
399993392291
295933943221
112223993910
110294349210
920293922321
931112111991
291001111221
111001910000

10 14 21 board_10x14_21_205964_none
0191191111
0111111191
0011100111
0019100000
0012210011
1112910019
9129310122
3339310191
9922910122
2211111129
0000002931
1110124920
1921299321
1129222291

8 18 20 board_8x18_20_205990_none
92001110
93102920
29102920
11101110
00001110
00001910
00012210
01129222
12921299
92110122
22100000
19100000
23210111
93910191
93110111
11000111
11011392
91019392

4 16 15 board_4x16_15_206014_none
0019
0011
0000
0000
0000
1111
9119
1222
1291
9422
9491
9632
9991
4531
9931
3939

4 14 11 board_4x14_11_206033_none
1100
9100
1100
0111
1292
1949
2493
9592
9921
2210
1100
9210
2910
1110

4 10 6 board_4x10_6_206045_none
0019
0011
0000
0122
0199
0122
0122
0199
1222
9100

6 5 5 board_6x5_5_206053_none
129100
932210
921921
111129
000011

12 8 21 board_12x8_21_206060_none
999221119100
244929123310
019233329910
232229922221
991193210029
442111000139
991000112292
221000192921

18 19 72 board_18x19_72_206085_none
000191199391192232
111221124931112999
911921102920002359
221249202331002931
932299322991013920
499223929321019210
994312121100122100
349392000111293100
932492000191299100
239333100122222100
293499100129210111
939394221294910191
132312929339322221
019101121293392910
022200000113933220
029312111223932921
029493923993392292
022493129949211139
019211012221100029

19 19 88 board_19x19_88_206169_none
9211011299100000292
2393229333112210292
9229932392029931111
2222493393139991122
1921393933924941199
2239433239312931233
9449939239301239229
9994239239410194921
3993132229911239210
1333939123311921211
0192293229102221291
0111123921112911932
0000029432119322249
0000139399223922939
1222293449229492132
9399339293239412129
3943921239229312921
2921221029222393220
1110191011119212910

18 10 24 board_18x10_24_206276_none
000111000000019100
000191000111012210
001233210191001910
222939911221012321
992139311910019291
221022201110023421
000019211001239910
000012392102994210
000001939102993000
000001121101392000

11 4 12 board_11x4_12_206303_none
93129119111
94933221119
94392932111
29212299100

10 5 12 board_10x5_12_206320_none
0112239111
1293993229
9213993193
2211392129
1910111011

4 16 13 board_4x16_13_206334_none
9129
1129
0122
1392
1993
2349
1932
1291
0111
0011
1119
9111
1100
0000
1211
9291

4 19 19 board_4x19_19_206348_none
2939
3941
2920
1110
0111
0292
1392
9211
1100
1111
9229
2493
2994
2999
1354
0199
0139
1121
1910

9 8 12 board_9x8_12_206372_none
910001932
221012399
191019222
332011211
991000192
222110129
001910122
001110191

15 4 15 board_15x4_15_206385_none
910193921101392
232459329101992
929999322101332
122332291000191

19 12 33 board_19x12_33_206402_none
0000192921291000292
1100223249311000292
9100192299200112232
1100129222101292939
0111011101222922292
0292000001993110111
1392000001493001110
9433100000292001910
9399111100122112210
1333119100019119211
0191011100122111291
0111000000191000111

19 19 95 board_19x19_95_206436_none
1101999910001999392
9213344331212494392
1292911939391292111
1223212249322211000
9239422922229100000
1299992222932111211
0124442394392139391
0112939499223939311
0193249433219332211
1239239219112392393
1933933221212934999
2229493921293229952
9123593129229224920
2349932011233392110
1999591001299333111
2455921001943399119
9499332323492293222
2994939993992112292
1222294933931001939

12 10 22 board_12x10_22_206544_none
001991000000
001232100011
000129100129
000193201292
000139201921
000029201221
232111111392
999112239593
233229949939
001922239321

9 5 11 board_9x5_11_206568_none
293101910
299101221
123210191
123933321
199399910

5 5 4 board_5x5_4_206585_none
01910
02220
12910
93110
92000

4 14 11 board_4x14_11_206590_none
0019
0011
0011
1229
9394
1399
1239
9111
1100
0000
1100
9200
9300
9200

6 19 28 board_6x19_28_206604_none
111000
291000
922121
233929
199221
244432
939999
943449
139222
029329
013942
223991
993321
239100
023421
019992
122593
910292
110111

11 14 23 board_11x14_23_206637_none
00191012210
01332019910
12992113320
93239211921
92012911129
11013320022
12129910029
92922210029
13220001121
01921101910
12229101110
19111100000
11111111100
00019119100

17 5 22 board_17x5_22_206666_none
01922939113931100
02239392119949211
01921333124559329
01221199229994932
00191123922493291

19 6 16 board_19x6_16_206695_none
9111101922911111291
2229201293221911921
9129200112911111110
1111100001221000000
1111111110192110000
1911911910112910000

19 12 48 board_19x12_48_206715_none
0191129993229100000
1332193339943212210
2993222122499119931
9493911910293124992
1223212220111029449
0029201910111029339
0029312121291122292
1121291019223391122
1921212132229954239
2229101929129999939
9222101121112333221
1291000000000000000

16 19 72 board_16x19_72_206776_none
1911999910012939
1111233222229392
2211110139932211
9912931299491111
3434993493211191
1994949931000222
3594223931111292
9949201291293392
9339312221299322
2343393931333291
1999325959292221
2469219992212910
2993224932111110
2949129311910000
1121129201110000
1221011100011111
1993110112129119
1393921293921122
0112291293110019

11 18 27 board_11x18_27_206860_none
91000001910
11000002220
11100112910
19100192110
11211111000
00191111011
00111191019
00111111011
00192232100
00112999210
00001234920
00000013920
01110019210
01921123210
02391294921
01921399229
12221394111
91191292000

10 16 24 board_10x16_24_206890_none
2991112221
2931192991
1110112221
0011100000
1229100000
9293210000
1212910011
0002221129
0002933931
0002993920
0001222110
1110001110
1921102931
3349202991
9939201221
2221100000

6 8 12 board_6x8_12_206919_none
000000
112221
292991
934431
239920
195931
239392
921229

4 4 3 board_4x4_3_206933_none
2321
9991
2321
0000

6 12 17 board_6x12_17_206937_none
399392
993493
221292
001221
001910
001110
110111
911291
112931
112920
923342
292999

12 19 35 board_12x19_35_206960_none
111192299111
292224942129
493194920029
992129332111
221123399100
000193943211
011229391293
019223321299
012392910122
001933211110
002239101910
112921101110
192110000111
111000000191
000000000111
000012210000
000029910111
000029310191
000011100111

17 14 50 board_17x14_50_206999_none
00019101921212910
11111101239292110
29200111193311000
39310192229101221
95910139211102992
99210149300124992
34310299310199443
29910396910122299
29432499321000139
22399393291000011
19222222211011100
11211019211019100
12392122391022322
19939119211019299

19 6 29 board_19x6_29_207059_none
1992123229112221211
2594299921229949492
9394943211294994992
3423931001923333931
9921291112122911110
3920111191019210000

18 5 13 board_18x5_13_207092_none
111000113939910000
191011293932210000
111029323210000000
123349219100000000
199992111100000000

14 14 51 board_14x14_51_207108_none
91001239212949
11012993393299
00019492293249
00023422233921
12239923959420
19939339999910
13331239654221
01910193992239
01110123322992
01110029201221
12910029421000
29531024992111
29992229969219
12339293399211

10 19 33 board_10x19_33_207168_none
9101392011
1213992019
1294941011
1923920000
2212342100
9102999310
2212959910
1912232210
1122910000
1119321000
9111291111
1101222393
0001911999
1111112342
1910001921
1110001129
0011212121
0019393910
0011393110

7 19 19 board_7x19_19_207203_none
0000000
0000000
0011100
1229211
9293391
1239311
0029211
0011129
0011129
0019111
0012321
0112992
1292493
9211293
1100239
0000192
0000111
0001121
0001929

5 16 17 board_5x16_17_207226_none
12993
92399
11122
00000
00011
01129
01932
13339
19931
24920
29320
94920
13931
01129
11011
91000

4 14 16 board_4x14_16_207244_none
0191
1232
1939
2392
9311
9200
2321
1992
1349
1292
2932
9491
3942
2991

4 6 5 board_4x6_5_207262_none
9219
9211
1100
1110
2910
9210

4 5 3 board_4x5_3_207270_none
0129
0192
0111
1110
1910

10 10 26 board_10x10_26_207274_none
1399292299
9493213969
9311002992
2200112232
9112391029
2219933139
9112392921
1100123221
1110019239
1910012939

11 12 36 board_11x12_36_207304_none
00123922910
11199339310
91139239411
22012239493
91002932599
11113921993
12293221221
93922910111
29333320192
23939920139
19597941129
12999939111

16 19 44 board_16x19_44_207346_none
9949200111192110
3499200191112910
1943100222012221
1291000292019119
0122111392011222
0019129311001291
1122239200012921
1911932100019210
1111291000011100
0001221000000122
0001910001121299
0002221122939433
0012912939239391
0019212931111211
0011212110000000
1111291000000000
9119211001222110
1222212111992910
0191192911222110

19 12 62 board_19x12_62_207399_none
9921019394910111199
3492122499310192344
1959439239311129299
1299993221291122222
0124432932333393121
0001912399299393929
1112221932234422121
1912921110019931000
1123931212123993111
2239439292911399229
9939493324332244493
9321392192992929939

16 4 9 board_16x4_9_207473_none
0192291000000111
0129211122111291
0011100299129311
0000000293129200

8 14 23 board_8x14_23_207484_none
01110000
01933210
12399910
19249410
23339200
29932100
49591011
99312239
22101992
00001221
00112110
00294921
00399239
00293129

4 18 16 board_4x18_16_207512_none
0191
1222
9119
2211
9222
1299
0122
1110
3920
9931
9492
3439
9921
2210
0000
0111
1291
1921

4 14 15 board_4x14_15_207531_none
1392
1993
2492
9222
1119
1222
9391
9421
2921
1392
1392
9422
9391
1211

7 6 6 board_7x6_6_207549_none
0001110
0001910
1223210
9299210
1234910
0019210

8 5 5 board_8x5_5_207557_none
00001910
00001221
01121291
12929211
19221100

14 6 22 board_14x6_22_207563_none
29993102920129
94699102921292
39595222211921
93993929101221
12223232211291
00001911911921

18 14 44 board_18x14_44_207588_none
922110112129119921
393921192921112239
394292222110001139
293222921000112921
113921291000193210
003931233210129100
002921939910012210
001111294421001921
111001239393212393
191001932399291299
111112291123321122
000191111002920000
110112121113920000
910001929119210000

19 19 79 board_19x19_79_207637_none
0011100000019910011
1129100000013331229
2932322100013939292
9329399222119931322
9213965499222211292
1102999955931012949
0002344994991019393
1111912459431011229
1911122994910012221
3332229449320029910
9939922922921139421
9942211222129139429
4921110191011129921
9421921222011113320
9911291191129101921
2210111111294202239
1110001121399201921
1921001929459201110
1291001122992100000

17 12 43 board_17x12_43_207727_none
01999992922910000
12334932395331100
39312110399929111
99592011394221119
39592019222100011
12921133219111100
01111299111119100
00123932100134421
00199320001399991
00123911122994321
00112111939442100
00191001293929100

11 4 8 board_11x4_8_207777_none
19921100191
23329100111
19123310111
11119910191

9 4 9 board_9x4_9_207786_none
294910292
299211493
233101992
191001221

4 14 8 board_4x14_8_207800_none
1929
2221
9310
9910
2221
0019
0122
0292
0292
0111
0000
0000
0000
0000

4 16 8 board_4x16_8_207809_none
9211
9219
1111
0111
0191
0111
0000
0122
0199
0133
0019
0011
0000
0000
1100
9100

7 16 27 board_7x16_27_207818_none
0019222
0012399
0012932
0139310
0199311
0139329
1112921
9422121
9992019
3592011
2921111
9321291
3922932
9339492
1393392
0292111

8 14 23 board_8x14_23_207853_none
11000019
92111222
39219291
29322222
22493229
29599292
29694211
23992000
19322110
33201910
99101221
22101291
01111921
01911110

14 5 12 board_14x5_12_207879_none
01993910292000
01239321292000
11223392221111
19292922910191
11212111110111

18 6 28 board_18x6_28_207892_none
111019101911291000
192132201112942000
223939311014992121
294359492119954929
299399449334499221
123932299399222100

19 8 32 board_19x8_32_207921_none
0112939339910000111
2393349949420011291
9959394932922129222
3959412111292921229
1149422111212110192
0029499119111100222
0012943111119100192
0001291000011100129

19 10 33 board_19x10_33_207955_none
9299100000011101991
1223210000129212221
0001921000192392111
1212392000112392191
9391393111112921122
2922392192292110019
1111922239322000011
1212123942292101110
9292119991129101910
1229112321011101110

19 14 38 board_19x14_38_207989_none
9102920012911110000
2323931019212920000
1994491011114930000
1239932100019931100
0013349200012229111
0012949200000022219
1129493100000029211
1932392000000149300
1291111000000199311
0111111000111134491
0000191000191019931
1110122100111124920
1910019100000293110
1110011100000292000

15 18 63 board_15x18_63_208030_none
139202931100000
939202939100011
231112221100029
921019212110139
291012392911292
123333922112931
239999421013931
996969492019491
349941393112932
395921249201129
993222939201132
221294353212929
000294999119232
011229443221229
129223911910192
192394322110111
222299292221111
191122212991191

8 6 8 board_8x6_8_208103_none
12910000
29320000
93910000
24220000
93910111
29210191

7 5 7 board_7x5_7_208112_none
9212991
1393232
0292019
0122111
0019100

4 5 5 board_4x5_5_208123_none
1921
1292
0129
2221
9910

4 14 9 board_4x14_9_208129_none
0000
0000
0000
0111
0192
0249
0299
0293
1211
9100
2200
9211
2391
9211

9 19 45 board_9x19_45_208140_none
292921111
943239129
991194339
332239921
932944421
993399391
239455932
013999391
002995332
223495939
993939931
959322210
139201121
011101929
111111132
911910019
221110011
911110011
111910019

17 8 23 board_17x8_23_208190_none
00292000011229929
01493000019393232
01992011112921029
01221029311121129
11000029910019111
92000012210011100
95211110000011100
99911910000019100

18 5 22 board_18x5_22_208214_none
249493992129100122
999493234942200199
993322129949200122
221191193239201221
000111111011101991

19 6 21 board_19x6_21_208239_none
0113920000012932211
0193920001129499291
0112221001922494321
0001292213221923931
1112939292911112991
9119221212110001221

19 8 22 board_19x8_22_208267_none
0011100292019101110
1129200292011101910
9129310122100001121
2222910019211112139
1911110134491193949
1110000199921129492
0000000123221112921
0000000000019101110

16 16 53 board_16x16_53_208291_none
1111394939211929
1923994932922232
1129943212239229
1112339102932921
9100192113932210
1100222129339100
0000191193932200
0000111112139200
0122100000029310
0299211000012921
0294392110013449
0123922911129993
0029311122923592
0029323339211932
0133399994311291
0199223339910111

8 16 18 board_8x16_18_208355_none
00191000
00111111
11012391
91019921
22112210
29200000
29200000
11211000
11291000
19432000
12991111
01232291
01129222
12932219
92129222
11011291

4 4 4 board_4x4_4_208374_none
1110
2910
9420
9910

4 4 3 board_4x4_3_208379_none
0192
0129
0022
0019

4 5 4 board_4x5_4_208383_none
0011
0019
1121
1932
1299

6 8 6 board_6x8_6_208388_none
112110
192910
112110
000000
112110
293910
394110
292000

14 19 64 board_14x19_64_208395_none
29399101939311
95942212139491
96930191124942
94920123495992
12110019999593
11100012494492
29222101222932
92299101911292
22223211110139
19101911110029
11213221922121
23392922494931
99922139494939
95210139313231
94111293201910
99219339211110
39222394910000
11229229321000
00192111291000

17 18 44 board_17x18_44_208475_none
19101910191000000
11101110112222110
00000111113993910
00000191294949320
22211111293122910
99292111211001232
22229239422110299
00012939992921394
00001122322239239
00000000012392129
01110001129921011
12911111922210111
19211911110000191
11101110011100122
00122100019100019
00199100011112221
00122100111019921
00000000191012391

19 12 40 board_19x12_40_208520_none
0029311191111012910
0029492111292019210
0011393110293121111
0000234910223910129
1110199310192110294
1910139201233210299
2220022202949911232
1910019113949311921
3320011119331101239
9921112233910012392
2391192992110019921
0111112221000012210

19 4 19 board_19x4_19_208563_none
1121212991011102931
1939392221029202949
2239422011239312493
9111291019293911992

18 4 14 board_18x4_14_208585_none
221000000191001399
991000000222001993
953111211191001332
299119291111000191

12 12 32 board_12x12_32_208602_none
911299100191
222943100111
194492100000
129939100000
122222210111
910112910191
233493111232
199992001939
149633122392
139392939322
192323394391
111191299211

10 16 43 board_10x16_43_208643_none
1129102949
2922213993
9312945979
9302999999
9311244554
2910019399
1121113942
0129102920
0192101121
1221122129
2921299129
9229333111
1233392221
0199212992
0234211359
0192910199

6 19 20 board_6x19_20_208693_none
000191
000111
000000
012210
019920
013931
001129
110011
910000
121222
019299
011222
011211
029391
139433
293399
292299
112343
001991

4 14 9 board_4x14_9_208714_none
0111
1292
1939
1121
0000
0000
0122
0299
1393
1921
2221
9119
1111
0000

4 8 9 board_4x8_9_208726_none
9999
9432
1100
0111
0192
2339
9921
2210

7 4 4 board_7x4_4_208737_none
9101129
1101921
0001221
0000191

11 8 16 board_11x8_16_208742_none
19119100191
22211101221
19332101932
12999101299
12332101249
19212111921
11292911121
00112110019

17 18 72 board_17x18_72_208760_none
02920019999399291
13920013459333322
93231212932229219
23929292239349322
19442322193992291
24992291224442111
29949211193992221
94432211114953991
39492191002992232
29492111001221029
11322122211012349
11291199292239992
19321122224995931
23910000019959210
19210000012393211
11112321011229119
11019991019332111
91012321012991000

19 19 53 board_19x19_53_208840_none
9100122292921211000
1100199213239291000
0000122101921211000
0000011101110122100
0000019101121299310
0000122102939239910
0112291003941112321
0192921002920000191
1212121112210000122
9200019119100000019
9200022212210000011
1100019212920000000
1211012934920000000
9291002399210011211
2322111933221229391
2932911222929294931
3992111292121324920
2931001921111193221
1110001110191129119

18 8 37 board_18x8_37_208900_none
000129222111100111
001292299339100292
112922344993312392
194333992249493932
129929942129594129
124454329333493122
192999223994949119
112232292394931111

17 6 25 board_17x6_25_208944_none
11101921029911129
29312292139312942
29391113942203949
11333213949102953
01299292292113499
01932211111019932

10 6 11 board_10x6_11_208973_none
1100000111
9223332291
1399999211
0295993211
0112221191
0000000111

4 19 13 board_4x19_13_208987_none
1119
9111
2210
1921
1129
0011
0000
0000
1211
9391
9322
1119
0022
0019
0011
1100
9200
9321
2929

4 19 11 board_4x19_11_209003_none
1393
1999
1232
0000
0011
0019
0011
0000
0000
0000
0000
0111
0191
0111
0111
1291
1932
2239
9129

9 6 12 board_9x6_12_209015_none
001929100
233221100
999100011
953100129
392121292
922929211

17 8 33 board_17x8_33_209032_none
00000191192929393
12121212222122499
92939101910002942
23392112211223931
29311019322992291
39312222993443222
39319922339399129
29212229112932129

18 12 58 board_18x12_58_209073_none
001129299212992921
001921333293454492
123210292113999492
199100393014953932
123322392129931129
001993932294931122
001335931922292291
222396931110239322
994999931111192291
239965491191112232
023499212232213959
019222101929293999

19 19 53 board_19x19_53_209141_none
0191000000000000191
2321000000000000111
9910000000011211000
9631122100029492221
9991199100029933991
2433232101122229321
0193920013931011100
0113920029992112110
0002331149692293910
1101991299323493110
9101221293119921000
2211100112122210000
9229200001910000011
9229200001110000029
2221111100000011129
1910019210000029211
2220013920000039300
1910002920000029310
1110001110000012910

19 19 51 board_19x19_51_209201_none
0000000293111999291
0000000293911233332
1110000112121101939
2910122101129102249
9210199101932201921
1100122102239101221
1101110001921111291
9101910001110019211
1101110012210022200
1110001139911129111
1910112939312931119
3320192121102920011
9910111000001110000
2210000000111000000
0000112110191001110
0000294910222012910
0011399431192129210
1119334991224931100
9111292221193920000

14 10 33 board_14x10_33_209260_none
19100192910011
34422223231229
99993932929292
39423939453422
12211123999392
12932102959339
93399101232239
23932100191192
92121100111222
11019100000191

12 8 21 board_12x8_21_209299_none
013920012910
239920019320
994210013931
392111013991
233292119431
199239223910
233129219320
191011112910

10 5 7 board_10x5_7_209321_none
0292192291
0292112921
0112111110
0001921000
0001291000

4 10 11 board_4x10_11_209329_none
2991
3931
9420
9910
2321
1291
9333
2399
1932
1110

4 14 11 board_4x14_11_209342_none
0191
0111
0000
1110
2921
9392
2329
9122
2229
2931
2931
1291
0122
0019

6 19 20 board_6x19_20_209358_none
129210
194910
139310
029200
022311
019291
122211
191000
111000
000000
000011
001239
001993
002349
013931
019920
133321
939329
139392

7 19 27 board_7x19_27_209382_none
9223931
3929939
9332221
2910000
1110000
0000111
1110191
1922221
2393931
9434992
3994349
9493921
1212110
0011211
0129291
1293311
1949200
1139200
0011100

10 14 38 board_10x14_38_209410_none
1129349200
1933999311
1139433391
0139201932
2392101249
9931011299
5930029322
9932249521
3349939991
1949533432
1139493291
1121395942
1910129992
1110012492

12 10 26 board_12x10_26_209453_none
111011101292
191019101939
112121102353
001932101999
122399212499
939443392393
259929229211
939322332100
121112991000
000019321000

17 4 10 board_17x4_10_209482_none
22100012929112210
99212129221119910
22292921100023310
00112110000019100

19 10 47 board_19x10_47_209493_none
0193920191000129119
0224931111000295332
0294492012221499939
0299492029939494393
0123932149942922249
1111291199932323949
1910111234229294952
1110011392011213939
1100129392122213231
9100192211199292910

16 19 53 board_16x19_53_209542_none
2921111119211000
9329239321392111
9311299910292191
9311139321211122
1292223349200019
1229392999200011
9212934442100011
9311129910000019
2910013331100011
2210012929100000
9100019221100000
1100022200000011
1111129101110019
1911933322921122
2211129929349219
9100012221299222
1111211000123239
0019391000001949
0012921000001139

9 12 23 board_9x12_23_209600_none
000199200
001249310
123933910
199229210
122222111
110191019
931111011
992111221
344922991
199229431
233223920
911912920

4 4 3 board_4x4_3_209625_none
1221
1991
1232
0019

4 4 4 board_4x4_4_209630_none
1292
9339
1292
0111

6 14 12 board_6x14_12_209635_none
910129
122392
019932
012229
000011
000111
110191
910122
110019
000122
011291
129211
921100
110000

12 19 61 board_12x19_61_209649_none
000000112939
000122394259
000299493939
000296932121
111129931111
191012392393
111000224999
001221194959
111994449332
911399993291
110234593222
111393392292
912995931292
234994920111
199433321111
249219291292
932111333493
493211299492
999291294921

16 14 47 board_16x14_47_209718_none
1211293910199200
9392393111249200
9324942101921111
1119939101122229
0012333221229931
1110192929294931
3920223122322129
9931291001921111
2229321001129111
0123921100011129
0192139200112139
0233129321292932
0299212929223492
0299201121119392

19 4 17 board_19x4_17_209771_none
0199910001111129229
1235531001911922392
9229992111112221932
2922322910001911129

18 8 30 board_18x8_30_209792_none
122222211923920000
929929911129920011
232222210123321019
920001121293392122
920001929229939229
121112221123332392
129119101139229421
192111101939229910

11 19 44 board_11x19_44_209825_none
99321019111
24993111119
03999100022
13953200019
19239310011
11129911110
00024532921
01129992392
01922322392
01110001921
01110112221
12921291192
92239333229
11192299232
00122223939
11019212249
93223922921
99393292110
22392111000

6 16 20 board_6x16_20_209873_none
920111
920292
111392
122932
949492
992392
943221
292910
112110
110011
910019
110022
000129
011292
029311
029200

4 6 4 board_4x6_4_209896_none
9910
9321
1119
0011
0000
0000

4 4 4 board_4x4_4_209901_none
2942
2999
1232
0000

11 14 23 board_11x14_23_209906_none
00192100000
00129210000
00012922121
00012392929
00019213231
00011213920
00001394931
00001993291
00001232211
00011129200
00019129200
11123222221
91294911929
11299211121

18 19 80 board_18x19_80_209931_none
920000111029211100
921110192139219100
232921212943212210
929229212399101921
232233922932112391
911939229431029311
222292223992029200
393222294694122221
993912949994922929
954234942349592232
993949941139943291
944995991194499321
922994321112933910
111239100001111221
000011211001110191
000122291001910111
110199322112222121
922332292291293929
129910112921293121

19 8 27 board_19x8_27_210029_none
1110192101911929291
1910139201111121211
1110029432222100011
0000012999299210029
0001111394333922139
0001910223912393931
0013321292111923920
0019911921001111110

18 4 19 board_18x4_19_210059_none
293921222222112920
934922993992923931
129212934942394391
011101112920299211

16 4 16 board_16x4_16_210081_none
0192991123222921
0112233399959329
0111019934999211
0191012211393100

11 10 15 board_11x10_15_210102_none
01910000111
01121100191
00019210111
00012910000
00001221000
00000191111
12211222291
19921911921
14942111232
02991000199

4 19 22 board_4x19_22_210120_none
0011
0129
2393
9959
9992
3942
1139
0039
0029
1232
2992
3992
9321
1100
0111
1392
2992
2942
1291

4 19 16 board_4x19_16_210145_none
0129
0192
0111
1100
9221
3939
2942
3339
9932
2239
1129
9111
1100
1110
1910
1221
0191
0233
0199

4 18 12 board_4x18_12_210165_none
2210
9921
2391
0111
1100
9200
9200
2311
9391
9422
1291
0111
1121
2939
2931
1110
0000
0000

6 6 9 board_6x6_9_210180_none
012921
029439
039593
029492
121222
910019

11 5 9 board_11x5_9_210190_none
00019223931
01122929939
01911133321
01221019100
00191011100

14 8 15 board_14x8_15_210200_none
00000000001932
00001111222299
00001922991139
01111129332111
01910011129310
02220000029910
01910001122321
01110001910191

18 16 69 board_18x16_69_210219_none
193929939222211999
129332393929933349
012910223122399111
001222292121223321
110193933939324991
910129459339499952
110123999422934949
011394349922211292
129399212229100122
194449311011100019
239931392011100011
923931293129211011
222291112921292229
193322111110139392
249911910111029311
199311110191011100

18 18 85 board_18x18_85_210300_none
393129999932101999
994922349499101393
949210122222223321
231111292121399921
921129323959499591
921922913999444932
112232223943929391
012939219322232211
139449322291191000
299921392112333121
299420293101992939
123910139201233239
001122239311019111
110019921291011111
911122321223122339
222910292193939992
194432493129239532
129992992011111291

19 19 63 board_19x19_63_210396_none
1929111119100000019
3342229322100000011
9929129391000000000
2221111211001110000
0001110012211911110
2211910129922111910
9922210193492001121
3329210112494121119
9112910001993929111
1102231112323242200
0001929119112929210
1102342111119334931
9311993210122294991
9923449910191113931
2339933210122101221
1294491111019100191
9339211192111211111
3931100239111392000
2920000192119392000

17 10 35 board_17x10_35_210472_none
00111000193911910
00191000129211221
00222000012210191
00192100123922321
01239100199229921
01922222332112349
02222939910000299
02923942210012599
03943932321019993
02992129991013931

12 4 12 board_12x4_12_210510_none
019223222921
232299929339
992234321292
239119100111

10 4 7 board_10x4_7_210524_none
0122100111
0299200191
0299311122
0122291019

8 6 6 board_8x6_6_210532_none
91000191
22100122
19211019
11291011
00122100
00019100

4 19 17 board_4x19_17_210539_none
0292
1393
1939
2221
9210
3921
9491
4931
9920
3310
9200
9421
2991
1221
0000
0000
0111
0292
0292

6 16 14 board_6x16_14_210557_none
222129
992921
333110
191000
221000
910000
110000
001110
001910
112220
922921
292291
111111
110111
921291
129211

11 6 18 board_11x6_18_210572_none
00029212921
23239219492
99921222392
46532292211
99994939100
23499221100

15 4 10 board_15x4_10_210592_none
921110000000000
922920011100111
112931029311292
001291029391292

19 14 72 board_19x14_72_210603_none
9421012992392000122
9991019339392001299
9532133212322111959
2392299101911922349
1944932102232239492
1299321002939359932
1222291124932999592
9222211199211494493
3499222222111392292
9942299100019432111
3943343200013992110
1299929210003943931
1359433922213932992
1992292129912921239

19 19 74 board_19x19_74_210686_none
1229910191000111000
9393210223110192100
9311000192910129321
1111100112110012991
1119210000111001221
9113920000191122100
1103930111222299310
0003942391292399920
0113939933492299920
0295443229921149521
0299991012210039491
2349543210112249311
9923939921292992111
2323934942922332129
0193334992110191192
0129399321011211222
1121393100019101291
2942323110011101921
2999292910000001110

16 18 41 board_16x18_41_210764_none
1119211012911991
9222292129211332
1291112921100191
1221001121100222
1910001129210191
2220112922910111
1910192111221011
1110111111191019
0000000192211011
0000000139200000
0000111039411000
0000191139391000
2210111193321111
9910011224920191
3321129119932432
1911921112229991
2332110001122321
1991000001910000

8 5 8 board_8x5_8_210807_none
19212110
11293920
01223920
01922232
01291199

4 5 3 board_4x5_3_210817_none
1100
9100
1211
1291
9211

4 8 6 board_4x8_6_210821_none
1100
9421
9991
3421
9100
2210
1910
1110

4 16 18 board_4x16_18_210828_none
9499
9943
9329
1233
0199
0122
0111
1393
2999
2953
1291
0222
1291
1921
1221
0191

8 19 21 board_8x19_21_210849_none
91111000
11191000
00111000
00000000
00001121
00001929
11212132
19291019
23532011
19992100
13959100
12392100
19222100
12339211
01994491
01239921
00012210
00000111
00000191

9 19 25 board_9x19_25_210875_none
000000019
000000011
000000000
000111000
221191000
991111111
942122291
291199222
112232129
013920029
019921132
233211929
991001132
222110019
001932111
012399211
019222291
011111211
000019100

15 10 39 board_15x10_39_210901_none
239299119229111
992233213942229
221019113992393
001243219322992
001999222113442
222244491129929
992119932294443
349112229339299
933211122922332
292911911111910

19 4 11 board_19x4_11_210947_none
0019100012210112921
1121100019921193391
2910111012391129211
9210191000111011100

19 6 25 board_19x6_25_210960_none
9321111029322392029
2991292139399492029
1221292192349311011
0000222233293210000
0000191299533910011
0000111299992110019

15 19 41 board_15x19_41_210987_none
111929100000019
922121100000011
291000111000000
221000191000000
910011212221000
121119113992100
129111119949111
932210123221239
921921191000199
222393322121222
912949911929100
223932211121100
192111221111000
111002991191000
000002942222100
000001129119210
000000122112921
000000191001249
000000111000199

9 16 35 board_9x16_35_211032_none
112111221
293933992
294399593
359349439
999229239
232112239
111002942
291113991
921192221
231211000
939311000
249491000
193932211
112129291
011233322
019299119

6 10 14 board_6x10_14_211072_none
001910
001221
000292
011392
129322
932292
293339
129932
244329
999111

4 6 5 board_4x6_5_211091_none
0122
0199
1232
1921
2391
1921

4 4 3 board_4x4_3_211098_none
2910
9321
1291
0111

4 6 7 board_4x6_7_211102_none
9299
2443
2991
2931
2220
1910

6 10 16 board_6x10_16_211111_none
292100
949310
139910
123210
192121
112939
123359
929949
243339
929111

9 16 25 board_9x16_25_211130_none
929210011
122910139
001222299
000193932
121229320
939223910
139219210
012221100
001922110
112293920
191224920
222292110
911921011
111110129
011100192
019100111

11 19 29 board_11x19_29_211158_none
00000000000
11111100000
39229200000
99229321111
33112939219
92112249211
12911932111
01111291019
01110123221
01921019910
01291024431
11122119929
91019112221
11011100111
00000000191
00111000122
00191000129
11222100192
19119100111

12 19 35 board_12x19_35_211191_none
001929211011
222121291019
991000112121
221000001910
000001112231
000013932929
001129992121
001923931000
112122221100
291019119100
921122112210
231291001921
939211001129
931100000011
110001110000
000002931111
000013949229
000129239349
000192111299

16 18 68 board_16x18_68_211233_none
9292249200019929
1323999323222221
0192393299921000
1221122224492110
2932229101923920
9399394201235930
1344599100199931
0299494100123391
0395492122100122
0293921199200129
1223210139200192
9119211122100233
2211292292101299
9311129229102953
9492023443203949
2594119999102931
9399333332101221
1223991000000191

17 16 71 board_17x16_71_211312_none
39493991012321292
99593221019991292
39422001123431222
11392113921910292
22392193933320293
99333212129921239
23399210012391294
23933921011322299
99432392239291133
39949223993311019
24993219339100011
92249444321111100
11039999910129210
12249549310194920
29949321101334931
94932910001992291

19 4 11 board_19x4_11_211400_none
0111191011291019111
0191111019321012229
0111001133910012921
0000001929210019210

19 4 12 board_19x4_12_211412_none
9200019991000000000
9211112433110000122
1119111292910000199
0011119212110000139

18 5 21 board_18x5_21_211426_none
199200000129931211
139311110194939291
133922921212121222
939494239100111129
931393921100191192

15 10 36 board_15x10_36_211450_none
291019391002931
921012921013991
111111122339431
001932119993932
113399223333399
193942392129344
114931393394399
002932933999332
001129393343910
000011212911110

10 18 24 board_10x18_24_211489_none
0029321291
0139929211
0193232311
0112129291
0012922332
0019211929
1112211121
9101911221
1101111991
1100012321
9200019100
9200122100
1101291000
0001921000
0012210000
0019100111
0011100292
0000000292

6 19 27 board_6x19_27_211515_none
949211
399219
932111
121100
129100
933310
239920
195930
234920
929442
133999
029542
139910
194310
239100
192100
122100
139200
939200

4 10 6 board_4x10_6_211544_none
9119
1111
0000
0000
2210
9921
2229
0022
0019
0011

4 5 3 board_4x5_3_211552_none
2210
9910
2321
0191
0111

11 10 24 board_11x10_24_211556_none
01111139910
01911939310
13321121211
29922210191
93229922221
22223393931
29391113939
29323212242
22219912939
19112212931

18 19 71 board_18x19_71_211582_none
121100113931122291
939111293992299211
942219323239222100
129111291011101110
011101221122102920
122101910299103941
199101121394313939
343100019239393221
992111222139429111
239119392139211119
011222392192100022
111192221122100019
191112932119111111
111112299111119111
121292344221222129
929334993939593149
244929949239994949
299333221112323942
293291000000001291

19 16 76 board_19x16_76_211661_none
0193992002993291129
1334992002999222292
1993343211232229211
2343939921000192100
1929239592000222000
2221111393222292211
9211011229399339291
1291019333932394332
0222023992111494939
0192129431001994239
2333933911112359321
9959493221912949921
3999424922222955439
1244493921922399921
0029922111129459310
0029310000012992100

18 8 20 board_18x8_20_211753_none
001110191001110111
012921111001921291
019391000001249422
022311000000199391
019100111000123321
121101291000001910
911122932111002220
111929391191001910

12 5 16 board_12x5_16_211776_none
291292112910
932494393121
349399492019
992239312232
221011101991

6 16 14 board_6x16_14_211796_none
001921
001291
000111
000000
000000
000111
001291
001932
112139
192139
123921
019321
011291
111111
192222
129299

4 19 19 board_4x19_19_211812_none
1929
1243
0199
1222
9100
2200
9200
9200
1211
0191
1211
9311
9593
9599
3959
2931
1110
1221
1991

4 19 19 board_4x19_19_211834_none
3999
9953
9339
2239
1932
1129
0011
1100
9100
1100
0011
1239
1993
3449
9921
3320
2920
2920
1110

8 6 8 board_8x6_8_211857_none
19100191
11222211
11299221
19223929
22101121
91000000

15 6 19 board_15x6_19_211866_none
922931192933910
943991112299310
993321111139200
239100192111100
022200129210011
019100012910019

19 16 53 board_19x16_53_211889_none
0000012910001999100
1100019210012332222
9100011100129100199
2211110111192100122
1911921191111000000
2211292222100000000
9100139219211000000
2210029322292111121
2911122392212911929
9443911949201112231
2999222239212211910
2342119122329911121
2921023329396420129
9391129922499910192
1211195421933210222
0000129911110000191

19 19 88 board_19x19_88_211949_none
9112939293210029211
1119392229911139329
2221211023312932932
9911110129102921291
2212931193211222343
0002993334920192999
1101249949931223459
9210029949439229292
3920023321293392211
3942229211129222100
9399292292121229211
2332211223910193391
2920011394221229211
3942339399339211100
2949993449399321100
1139549292223929100
0122292323123453211
0292123392939999129
0292019922293332129

16 12 26 board_16x12_26_212059_none
9100191000112991
1100111000193332
1110000000129119
1921011100011111
1392129111100000
0393193229211110
1392113932922910
1921002921239210
1110001110192100
0000001111221000
1211002921910000
9291002921110000

9 4 9 board_9x4_9_212086_none
111112921
191193349
111124993
000019992

4 10 6 board_4x10_6_212096_none
1100
9100
1100
0000
0011
1139
1939
1243
0199
0122

4 18 17 board_4x18_17_212103_none
9119
2221
2920
4930
9930
4930
2931
1291
0222
1291
2921
9332
1399
1393
9311
9200
1100
0000

9 14 17 board_9x14_17_212124_none
000000000
221111000
992292100
349349200
931299200
930122100
931011100
291019100
111011211
000000191
000012332
000019929
001122221
001910000

15 5 19 board_15x5_19_212143_none
002920001129229
003941101932392
112949222339222
922394939292129
921923931211029

19 10 28 board_19x10_28_212167_none
0000192232100012910
1121212999101129210
1929212232102942200
1121393100002939111
0000299101111121119
0000122223921111011
0000000199391191000
1110000234433222110
2910000192992922910
9210000112222292110

19 12 41 board_19x12_41_212198_none
0113999100019239219
0193942100024949211
1212110011119942200
9111100019223229111
1129310012492012229
0029910012992002931
0024431119431003930
0019929112921102920
1112332212129101221
9200191191011100292
9321211233100000292
2929100199100000111

15 19 48 board_15x19_48_212247_none
929210112991292
232910193442293
911110223991139
110000192332029
000000111191022
001121101343119
001929101999111
001243201232111
000299100001129
111294200001921
192349210013320
112994911129910
001393223933320
121322193921910
929292222111221
121213931011291
000002991019222
000012321011119
000019100000011

8 8 15 board_8x8_15_212298_none
29399119
29322111
22200122
19111399
22129493
91029421
11013931
00002991

6 5 7 board_6x5_7_212317_none
910000
220000
932321
949991
139421

4 4 3 board_4x4_3_212325_none
0191
1322
9291
1211

4 8 4 board_4x8_4_212329_none
1910
2220
1921
1129
1121
1910
1110
0000

6 16 25 board_6x16_25_212334_none
399291
993222
953229
949932
933491
111932
112239
191192
111111
001110
001910
123321
199391
234931
923931
129229

14 16 32 board_14x16_32_212362_none
00000111000111
01110191000292
01910111011392
01121100129211
00129211193200
00192291129211
11122211011291
91019211000222
22011291000191
91000111001221
11000000002931
12110000002939
93921221112121
13921991293232
01112442294999
00001991113942

17 10 41 board_17x10_41_212396_none
00111019210112110
11292123910192921
91395393321112239
22299949392000193
91234392393111239
11192323222922932
01239393922393291
01933949391292222
13449393322212291
19992229119101921

19 4 11 board_19x4_11_212444_none
2210000029200129211
9920000029200293392
3931100011100292292
1129100000000111111

19 6 17 board_19x6_17_212457_none
1100019921111293920
9100012229119213920
2211211122111101110
9119291192100000000
2221211129101110122
1910000011101910199

18 8 25 board_18x8_25_212477_none
000000012932101991
000000019499102331
111011111393112921
293139201221019391
293949312910011211
112293392110122111
001222921000199239
001911110000122299

16 14 59 board_16x14_59_212504_none
1911111239222392
2322911994939939
9393111335942232
1392000193931019
1343100223291133
1999221292221199
1395939434910149
0139339499531039
0029211399992029
1111100135993121
9321001129322921
2992001932324491
1393223349399921
0112992992394210

12 19 49 board_12x19_49_212572_none
993222129999
993993922332
333359421000
932939391111
959453311191
993999200111
233349311000
019111291011
012322221019
111992911232
911223221991
110012911332
000019210191
110133200111
910199100000
111232111100
001910029322
001221039599
000191029949

10 19 29 board_10x19_29_212630_none
0129291199
0193311244
0129100199
0022211222
0129129310
0192239921
0233293229
0199222111
0122119100
0011112210
0019101910
1121101110
1910111000
1121291011
0019212139
0012211939
0001911121
1111121100
1910019100

5 12 15 board_5x12_15_212662_none
12229
19932
13339
01943
13399
92932
12110
00011
01239
13992
29931
29310

4 10 12 board_4x10_12_212679_none
0029
1239
9293
3549
9992
9521
9200
1100
1121
1929

5 5 3 board_5x5_3_212693_none
11000
91000
11011
00029
00029

10 14 38 board_10x14_38_212697_none
1229111119
9293239222
1223939329
1139443921
2939949221
9224992229
1102931192
1222110222
2993100191
4999223321
9964399910
3499224320
2943211921
2921911129

12 18 46 board_12x18_46_212740_none
111001911232
192212111999
129392002499
011393112959
112333913941
192992112931
113332112391
111911922932
911222293391
110191239211
000222193200
000192229210
000129123910
001121119320
001910012910
233222211110
999339911221
959399311991

14 19 45 board_14x19_45_212796_none
00029200019119
11139411011111
19139591000011
22229922110019
29212333910011
49311299210000
99219233200111
33111119111291
91000022219322
11111019111392
00192132200292
11223929100111
92293342100000
12933993111111
01129499219119
01122349211111
01923931100000
01293920111111
00112110191191

16 19 42 board_16x19_42_212852_none
1221011119100111
1991029333201392
2331029399112992
1910011222119321
1110000011111111
0011100029200019
0019111139300011
0011229129201110
1211192111101910
9391111000001110
9532100000000000
9939200000000111
9339200000122291
1111101110199432
0011101921123991
0019101291001343
0011100111111299
0011100111191293
0019100191111111

19 12 61 board_19x12_61_212899_none
9922111110192939391
2392912942212139311
0124323999421011111
0019912959991001139
1113322232321113949
9323921933210294931
3995943499921394210
2969949934339229211
1299594333921112492
0233493199420112992
0191394239920293332
0111299113920292191

19 5 16 board_19x5_16_212967_none
1110019101299491019
1910011101959921011
1121101111139310000
0019211910012322110
0012911110001992910

15 6 19 board_15x6_19_212986_none
029202939321000
029434932991000
123999211221111
923942212110191
293210192910233
129100112110199

12 10 33 board_12x10_33_213007_none
123999391019
199495933221
122229239910
000022229431
111029433929
291029995331
931124699910
920192996320
122333493910
019929212110

8 18 24 board_8x18_24_213047_none
00000000
01222110
01992910
12333210
19129200
11129200
00011100
00111000
12291000
94942100
39939100
29322210
11102920
11002942
93222299
93992122
12394210
00129910

4 16 15 board_4x16_15_213073_none
1929
2242
1949
2399
1932
2220
1910
1110
0011
1129
2932
9492
1392
0111
1121
1929

5 6 5 board_5x6_5_213090_none
00000
00000
11111
29329
39392
92211

12 8 26 board_12x8_26_213097_none
933929399910
299221399310
233222222100
191199222321
111123949991
012222399543
019929332299
012222910139

14 10 36 board_14x10_36_213130_none
02931111139200
02992291199310
13344931134921
93939920019391
93139311233332
11011102994949
00000113997959
01121393399931
12929495333210
92121399910000

17 16 47 board_17x16_47_213172_none
00000111192119229
11111291129113931
19119211012212920
11122200001911121
00019101111111129
00022201921001921
00019101392012321
00011101392139391
12221101921299311
19929211111494100
23222921102992000
92112229213952211
29119112923939391
12221112393222921
01911129349311110
01111921299910000

19 16 81 board_19x16_81_213228_none
2322232299291191199
9992999332322112343
4933466920293111992
9223999920293922392
1119959531223291122
0024432991193321019
0019921343339921222
1135930199294449291
2949930134423993211
2995941119912993121
2333939222211334939
1911122910000193931
2220012321111224231
1910019393392292929
2231223949943933221
1929292294939229100

18 12 54 board_18x12_54_213322_none
192110112139920111
112910193949931292
012210129394492493
129210022424932993
923921249395931493
123921999439921393
129211234943422949
293100002939292292
292000123332212332
222121299393211991
922929223939922432
292121101122229291

15 5 10 board_15x5_10_213385_none
001911929229910
112111122933210
191111012391000
111191019211000
000111011100000

9 6 15 board_9x6_15_213396_none
001939339
001394993
000295449
011339932
029393492
029311292

4 18 10 board_4x18_10_213419_none
0011
0019
0011
0000
0000
0111
1291
1932
1291
0111
0111
0191
1232
1929
2342
1992
1239
0011

6 14 20 board_6x14_20_213431_none
139200
199311
233391
921921
921110
110000
110000
933332
399999
495332
992011
222139
001949
001139

8 10 14 board_8x10_14_213453_none
12910000
29421111
39491191
39422122
92291129
12221192
12911221
92122910
11019210
00011100

15 4 15 board_15x4_15_213468_none
921101929210191
239212134931222
933391019991191
292921013931111

16 5 20 board_16x5_20_213486_none
0191292000011111
0112493011119229
0012992019332293
0019442124992359
0012929119932999

17 6 28 board_17x6_28_213509_none
00000199391029391
11101359422139421
19212993392295931
22394339339449991
91299122495993321
11122119394931000

18 8 34 board_18x8_34_213540_none
999112321113992939
243229992293932293
019129439323110139
122221122391011129
912920019212129222
112931222101933492
001129293211292993
000011229910112239

19 19 76 board_19x19_76_213579_none
2911222110112992019
9311993921294493232
9202493392293922991
1212933392112111221
0293292922110001221
1393323111932223992
9229291001299399439
1123421000133599222
0019921000129394229
1112492000192229139
9200293221223122239
9211323993293933931
1119292399213949931
1121333222101139491
1921299100000011211
1129222100011100000
1122201110129100000
9119102920194311110
1111102920129911910

18 19 86 board_18x19_86_213663_none
110000000113931019
932110012393992232
993921129933222992
494139339591112393
392149494932293339
921199449591299493
111233939931123993
112923245930112392
293292939941392233
292112139949394499
234210013931229993
299910001221012321
943210000192223332
921110000129299999
222910000011223332
193210011101221011
129222129312992239
011299129923943993
000122112229229492

12 10 18 board_12x10_18_213762_none
111000019920
192212234920
129393993321
011494239291
011392011211
019211000000
011100001110
011101111910
019113921110
011119920000

5 5 6 board_5x5_6_213781_none
01110
23921
99492
33392
91111

4 14 7 board_4x14_7_213789_none
1100
9211
2391
1921
1221
0191
0111
0000
0000
0000
1111
9119
2221
1910

9 18 38 board_9x18_38_213797_none
932210191
949920111
249931100
293229111
932011229
492000192
993110111
333921122
192291199
112222359
111911993
912332392
222991233
912931199
234320122
199921000
139491011
011211019

11 14 28 board_11x14_28_213841_none
00000292293
12110393299
93921392149
13921932029
02221392122
01910293291
02220112943
23910012399
99210019222
33211111100
19119100011
11111100129
00000000193
00000000129

17 5 17 board_17x5_17_213872_none
01932129321111100
02399129939219211
01944322239222492
12229910011129492
19112210000029311

19 4 20 board_19x4_20_213893_none
0000194920001991019
1211249931122432122
9392299932939291191
9329224922931211111

18 14 38 board_18x14_38_213916_none
011229210000111111
129293911121291191
192334211929211111
123399101232111111
019932100192119129
012321000129112239
000191001121101921
000112111932113320
001222911399119920
001992110293113931
012322110111001129
239101921211000011
992101129292100000
221000011229100000

12 19 57 board_12x19_57_213957_none
232212232291
999392999311
995923359200
394211932200
239211239210
193921394910
112129393110
011122323210
019119239910
022224949531
029329944992
029923594959
023311993139
019102342222
012333929291
012999221211
249432101110
999201233921
232101999229

9 14 19 board_9x14_19_214026_none
000112110
012393910
029949531
029339991
012222432
113920191
294920111
293110000
222110000
921910000
933320000
129910000
012210000
000000000

4 4 4 board_4x4_4_214051_none
0019
2221
9910
9310

4 4 3 board_4x4_3_214056_none
0000
2210
9921
2391

4 5 4 board_4x5_4_214060_none
3920
9920
9310
1100
0000

4 8 5 board_4x8_5_214065_none
0011
0129
1292
9211
2200
9100
2200
9100

10 19 50 board_10x19_50_214071_none
1993911991
1239211332
1223210191
9393931222
9324993391
2229459932
2942399449
2939234939
1232239542
0191199992
1221246992
1910199421
2220139200
1910012321
1122322991
1129994331
1944594920
1299213931
0122101291

16 16 37 board_16x16_37_214133_none
0111019921111119
0192122229119111
0112910011112321
0001110000001991
0011100000012321
1119211000019100
9111292110122100
1100112910191111
0001111121211191
1112911239100111
9229222993200000
1292119339211000
1211011222392111
9100112292394391
1101292922939932
0001922111122391

18 12 31 board_18x12_31_214175_none
111299111111100000
932943219239200000
993129111399200000
992011100394211000
221000011393392111
011100019239492192
129210011239311129
194920000193210011
113920000113920000
001110000002920000
000001110112110000
000001910191000000

19 4 18 board_19x4_18_214212_none
0299299292910019100
1393333212110011100
2933493222100111000
9229999299100191000

15 12 31 board_15x12_31_214234_none
019299129200111
022444229200191
019399111100111
012933221100000
112222939211000
921912943491000
921111129921111
221122123310191
191199219210111
221249213931000
921292102991000
129211001221000

12 16 49 board_12x16_49_214266_none
029922221100
029329949200
121235949311
910199342392
110124939229
000013943321
001239229910
013994335531
019999299991
023593234432
019222129219
133449229333
929999212399
123993213942
001232394920
000019393110

11 18 52 board_11x18_52_214322_none
99101993119
44201399221
99310134921
39921129549
12229129992
00011224431
11100192910
39311112110
99391011211
23321129291
13931293211
95993392000
99493932000
94434391111
29399222291
12594119321
13993134910
19992199210

10 19 50 board_10x19_50_214381_none
9100111000
2200192211
9211129391
1291024942
1211029992
9111129992
2229112321
2942100111
3991000293
9443112499
1399129953
1395349992
9339949592
1295941211
2445932110
9999494910
3453499210
1929334210
1121292910

6 18 15 board_6x18_15_214439_none
129291
932311
129100
132200
939100
292100
111111
000192
000129
112121
193920
113920
001110
111000
291000
921000
111110
001910

4 14 9 board_4x14_9_214456_none
9100
1211
0292
2492
9921
2210
0000
1221
1991
1221
1100
9100
2210
1910

4 6 6 board_4x6_6_214466_none
0199
1243
2939
9392
1211
0000

4 4 4 board_4x4_4_214473_none
1910
2220
2931
2939

6 4 4 board_6x4_4_214478_none
000000
000122
000299
000299

7 5 5 board_7x5_5_214483_none
0199210
0123910
0002220
1101910
9101110

11 12 29 board_11x12_29_214489_none
22100019211
99200011291
99311111111
22291192221
11111124992
91011129949
11019239432
00122393291
00191293332
00111223992
12121393349
92929392192

17 19 68 board_17x19_68_214520_none
99323931100192221
35993939100123991
93944331111119321
12139910019222332
11029310012911999
91011111101111232
22112349310000000
29119999910111111
93233449420192291
24949112910112921
93993101111111121
12393222102931019
00129299202991011
00011349322432000
00000193939291111
01121212393211292
12939111394321292
19493119339991122
11392011293321019

18 19 50 board_18x19_50_214601_none
000000011100192100
000011119100129100
000019221111111111
110012921119111129
910001129112229239
110000011102932921
001110000002921221
012911111111110293
129321911910122399
933923222220199543
129392911910139991
121212111110012321
921100000000000000
129100001111110000
121100002921910000
911111123932321000
111911939349392110
001111293399533910
000000112933992110

19 12 49 board_19x12_49_214656_none
2920000011392019210
2931000019393112910
3491001244439112210
9922222999931129311
2333994334931129391
0299599312129111211
1399459492111111100
2932399329100019100
9320294332211012210
3921113991193212920
9391002942229912920
1211001129112211110

16 4 10 board_16x4_10_214711_none
0019393229100000
0012949921100000
0001394332100000
0000292199100000

15 4 9 board_15x4_9_214722_none
191191011100000
123321019100000
129932222100000
922399291000000

14 5 9 board_14x5_9_214733_none
11292221011100
19223991019100
22119321011111
92121100000019
12910000000011

7 16 29 board_7x16_29_214743_none
2921992
2921249
1111139
2322921
9993221
3959219
2249222
1921119
1122221
0019932
1133499
1929233
1243229
0199239
0134932
0019391

6 18 26 board_6x18_26_214775_none
019210
133932
929499
243932
929210
244310
199921
234391
291122
921129
221192
192221
112910
111121
921129
239239
933921
292110

4 16 11 board_4x16_11_214805_none
1910
1110
0000
0000
1121
2929
9442
9929
2221
1110
1910
1110
1111
9229
2921
1110

6 8 12 board_6x8_12_214820_none
192399
112993
012332
029219
039432
029929
012332
000191

7 6 10 board_7x6_10_214834_none
0019211
0012392
0112939
0193232
1349229
1992292

8 5 8 board_8x5_8_214846_none
19992100
13449210
01922910
01122321
00019291

14 6 15 board_14x6_15_214855_none
91292000191000
22392000111000
29421111111000
39921191292000
94492221292011
12922910111019

19 19 63 board_19x19_63_214871_none
0000111000000019111
0000192111100011229
0000139229200000192
0012249329201111232
1129949322211922929
1934954922912239342
1239399493211933939
0192234949102493292
1232229392101993332
1929292211001222991
1121222100000001221
0011129200000000122
0019129200000011299
0011111101110029322
0000000123921029200
0011100199591011100
0019101259932100000
1121212939339421011
1910192121129991019

19 18 58 board_19x18_58_214941_none
1111292910111193210
9119223221291239910
1111129219222293321
0111139211119323291
0292192100011293942
0292111111000113959
0111111191000001299
0011291222011100122
0029421192229210011
0029910139393910129
0023311249313331193
0129101992101991129
0192101332001221011
0122101393110011111
0019101993911129129
0022213433221921129
0019129922911110011
0011129492110000000

17 12 53 board_17x12_53_215007_none
19910293922910019
23210294393220011
92111112934921232
93291001129932999
12932100134492393
23239322399211111
99129939954312121
33323239499293949
19392122222324949
11393393222293221
11112993992949322
91001222222139399

12 5 11 board_12x5_11_215069_none
129393910000
922939322121
111121292939
000000113392
000000001921

8 5 6 board_8x5_6_215082_none
00012929
00019221
11012210
91001921
11001291

4 18 12 board_4x18_12_215089_none
1291
2921
9210
2221
1939
1139
0011
0000
0122
0199
0122
0000
0000
1100
9100
1111
1239
1992

7 16 27 board_7x16_27_215102_none
1911110
2322921
9293239
2433932
1992129
1221011
0011100
1119111
9122229
2219129
9223221
2393921
9329239
9322239
9219349
1112992

15 4 8 board_15x4_8_215136_none
000199100029200
000233100039410
000191000039910
000111000029310

19 8 39 board_19x8_39_215146_none
9929392119910001910
4444969223322323220
9929999329119993931
2233432293223944991
0029421112911139532
0029993102220029392
1123699101910011229
9119393101110000011

18 19 47 board_18x19_47_215191_none
111019100019100111
192121211122211191
112932291191191111
111299311111123210
910139201110029921
110011101910039429
000001111111139321
000001911111922921
000002233932111139
111001939991000029
191002393322110011
111001932002920111
000001291002921291
000111111113221932
111191000193912239
192221011229211921
112910019111101121
002220011100000019
001910000000000011

14 16 58 board_14x16_58_215244_none
00011111211000
22129219392000
99139421393110
33229911222932
19223333911299
22391299321222
29322399329100
29329334922221
12922392222939
02344931193493
13999921333992
94999312993221
24943212992011
29222922221029
93229493212139
12921399292921

10 10 21 board_10x10_21_215317_none
1299100000
1932222111
1110199219
0001249211
0001921211
0124320191
0199932333
0249499399
1292222399
1921000122

4 5 5 board_4x5_5_215342_none
2939
3952
2991
1221
0000

4 14 11 board_4x14_11_215348_none
0000
0000
0000
0011
1119
9222
9229
1139
0029
1121
2942
2999
2342
1910

11 18 52 board_11x18_52_215360_none
19929921019
12233592011
12129492000
94943922110
95993212931
39449213991
93392292221
29211222000
22111292110
91129324931
11193495949
00249499239
12299322111
92944310011
23129921029
94233491029
99929322132
23222911929

18 6 15 board_18x6_15_215423_none
910191000000019100
232211112110011100
199100293910000000
122100294221100111
011101239229211191
019101921292291111

19 8 37 board_19x8_37_215440_none
0001129910012992221
1101923321129322991
9201122911921224442
9311129321110299939
2393393921211299349
2959922239291122129
3993221294432100011
2931019229929100000

18 12 37 board_18x12_37_215483_none
110111000019229100
910292000012921222
221293211001121299
191129291111019239
111022311292011111
111019111393100111
191011129329111291
111000029321119222
110000013920122119
910111002932393132
231292111293993929
929212910113932121

12 19 51 board_12x19_51_215523_none
999239399310
234949449910
003941294310
002920139200
002331029200
001993112210
001399312910
221139493210
991012949200
932111139311
111921111292
001129321129
111012991133
192101222299
129211001943
022391002349
019322001992
244491001343
999921000199

10 19 50 board_10x19_50_215580_none
9210000191
3931100111
3939212110
9221293931
2211335939
9119299221
1233444200
0199399111
1369533119
2999391011
3952211122
3943222399
9499939932
1394239310
0122223332
0019394999
1122495952
2922923942
9392111299

9 18 41 board_9x18_41_215638_none
112911910
192111232
122100199
129100233
192100191
111001221
012211921
139922391
199339322
123249429
122939493
949222593
993312992
949292332
133432392
139939593
939449939
121293221

4 5 3 board_4x5_3_215688_none
9211
1291
0111
1110
1910

4 4 4 board_4x4_4_215693_none
0199
1232
1921
1291

4 5 6 board_4x5_6_215698_none
1910
1121
1239
9399
1393

9 14 17 board_9x14_17_215705_none
000011119
221029222
991039319
332029222
191011119
111000122
000001291
000001943
110001299
910000122
110000000
000000000
111122100
191199100

15 19 75 board_15x19_75_215723_none
112110001991129
192922223431293
223239929921494
911944433229499
333399392012493
994944593102931
399329959213920
249214992293220
943202942124920
299212391129930
139229433294920
122239599322121
922933995910019
129392393110122
122222211000191
293339100111111
939992100192121
123953222213939
001299299102931

19 10 26 board_19x10_26_215814_none
0013921129920191000
0019921923931111111
0013321233391001291
1111910199212111921
1911110122101922121
1110000000123392129
0001110000199212921
0002932110122101110
1102992910000000000
9101222110000000000

19 5 20 board_19x5_20_215842_none
0000000199933931000
1110000124939992111
1910122223333493291
1222299299291129321
0192932222211012910

18 4 18 board_18x4_18_215865_none
249499200019112321
999959300022219992
953239211119112492
920011119111100111

17 5 20 board_17x5_20_215885_none
11119992221122392
19112334992299593
11100019959334992
01110024931393221
01910019210292000

14 10 20 board_14x10_20_215909_none
11019100000000
92011100111000
93111110293110
12912920394910
01112920293110
00112232211000
00292199200000
11392149300000
19322039301110
11291029201910

10 16 28 board_10x16_28_215932_none
0000111000
0111191000
1293432000
1949991000
2239421000
9111100000
1100111000
0011393111
0019399329
0011239392
1100011211
9211111000
2391292000
3953393121
9999223929
9432119221

8 19 36 board_8x19_36_215963_none
00112921
11193229
92349211
29399311
12932392
12211392
29312921
29494210
23499221
92944929
34493232
99493291
23922921
01111110
00000111
00011291
11129211
93293221
99212929

4 12 6 board_4x12_6_216002_none
2929
9221
1100
1100
9100
1100
0111
0292
0292
0111
0000
0000

4 8 6 board_4x8_6_216009_none
0019
1122
9119
1122
0019
0122
1291
9211

5 5 6 board_5x5_6_216016_none
01991
01221
00122
01299
01949

8 4 8 board_8x4_8_216023_none
12991292
92222392
22001932
91001129

14 12 24 board_14x12_24_216032_none
00129221112910
01293929119210
01922232111100
12210191000011
19211232111229
12911929119292
01112342122422
01111991019392
01922221012939
01291000001121
01221000000000
01910000000000

16 16 53 board_16x16_53_216058_none
1111129392911110
1922933933111910
2249439391012210
1939931211019100
2234930000012210
1912931011101932
1222393129322399
0191293922992394
0111112111393392
0000000111112921
2210000193211110
9921111129932110
4591192235993910
9921249499593110
2210199933932100
0000139311129100

19 16 46 board_19x16_46_216116_none
0000000191129393910
0000000111192394220
0000000000122212910
1110000000019101221
2911121100012210191
9211929111113920111
1212122229339931000
0192111933994491000
0112912239333921011
0002221921229320019
0001911221193921111
0001110292113249200
1121111392002949322
1929339211002931299
1122993100001110133
0001392000000000019

17 6 25 board_17x6_25_216168_none
99100001922299119
33200001292943222
19211001333392191
22393211992393222
19339911222939349
11293210001122999

14 4 12 board_14x4_12_216198_none
19211011299339
11291019239939
11322011112332
19291000000191

9 8 10 board_9x8_10_216214_none
019119211
121111291
910000222
111110191
001910111
001110122
111110199
911910122

4 18 21 board_4x18_21_216225_none
9921
2339
0192
1222
9229
2932
1129
1122
9119
2232
1939
2359
1992
2321
9111
2339
9399
2932

4 19 20 board_4x19_20_216250_none
9392
9429
9222
2339
3993
9959
4941
2931
1392
0292
0222
0191
0111
0000
0000
0111
0292
1393
1939

5 14 11 board_5x14_11_216274_none
01221
01992
01239
00011
01110
01910
12110
92000
93100
29111
11129
00039
11129
19111

12 4 10 board_12x4_10_216286_none
029211112210
039319129921
029432129329
012991011111

14 4 10 board_14x4_10_216298_none
19100011100192
23221119100129
93949211100011
93299200000000

19 14 65 board_19x14_65_216309_none
1392019101129992199
9392011101944693233
2443100001299593291
2999212111259939432
2942393912949323991
1110295322932223942
0111139933211929391
0293139699202231211
1399129599201910111
1944332494202220292
1239929229113920292
1293332111119920111
9211293100123322110
1100299100191192910

19 19 88 board_19x19_88_216381_none
1222121112929119210
1992929119332234921
3432233222393399492
9921192922939933594
2391112249333422999
0111000299329392243
0001110399339423239
2333921394495493992
9999229323999939332
2332112913999432239
0001111223955921939
0012921292139931121
1129339223349920122
2921292119993211299
9210111123321002942
1100000191000013931
0000111222000019392
0000193391111022439
0000129921191019292

18 18 43 board_18x18_43_216482_none
000019911221001921
111012211991001291
292000112222110111
292000191001910000
111000111112121100
000122100191019100
110199100111011211
910233100000000191
110192221000111111
011213991000191000
129102942100111000
192101129112322110
333110011119994920
993910000012494920
594121100001222110
993129100112922110
222932200192292910
001129100111112110

14 10 33 board_14x10_33_216530_none
01929293391111
23221339931191
99100295932321
23211393129920
13933931013920
19939931101110
12222229210011
12121112910019
92939113442122
12292119999119

6 5 4 board_6x5_4_216568_none
110019
910022
110129
000192
000111

4 16 16 board_4x16_16_216574_none
1939
1259
0299
0399
0293
0122
0129
0192
0122
1129
1921
1121
1119
9222
1392
0292

9 16 25 board_9x16_25_216594_none
019392011
012493119
113949111
193931100
222121100
910019111
110011119
000000011
011100000
129212221
921293991
110129432
000011291
222111332
993912991
393112931

10 14 30 board_10x14_30_216622_none
0000011291
0011119211
0019232211
1122939219
1911249332
2221293939
9329322292
9393910222
1213220191
2222910222
9939210191
3931112321
1121229932
0019293399

17 4 12 board_17x4_12_216657_none
92922911110192110
23393111910123910
91292001221129210
11111000191192100

19 5 13 board_19x5_13_216671_none
0000000001992992100
0000000113332239210
0000000192910012910
2221100223110001221
9929100191000000191

19 12 61 board_19x12_61_216687_none
9921129911394910191
4922933321999420122
9322932922349920029
3922392239113931139
9229211194311239239
1223210129910193932
1292910013321233391
2934232322912939321
9593939992235942910
2994349422399921110
1249492102995320000
0029921002932910000

19 14 70 board_19x14_70_216762_none
9229333999101122210
2922999332112949920
2212493112339499920
9113942119993495320
1119949222339213920
0013494921133323931
0012934932939929491
1229494393394322932
9392399212949211129
2922232112394920011
1111911239214941100
0112223993213939222
0191194992192121399
0111129321111000299

16 19 45 board_16x19_45_216842_none
2912920191000011
9212932221000019
2201292921122111
9200112291199311
9201110111139492
2201910011111392
9101111139211211
1100001939219100
0001111243322111
0001932299392019
1111299322392011
2911249200111000
9212942200001110
1114949100001910
0019942100002220
0134491111001910
0199211191001110
0122100222000000
0000000191000000

8 10 21 board_8x10_21_216892_none
19939229
12349339
22294942
99213991
23212342
01923939
12229931
39212210
99300000
39200000

6 6 8 board_6x6_8_216916_none
921011
292129
234921
299320
294910
112110

4 4 3 board_4x4_3_216928_none
9291
1211
0111
0191

4 8 8 board_4x8_8_216932_none
9291
1211
1100
9210
4920
9931
2492
0292

5 12 16 board_5x12_16_216943_none
12110
93920
14952
13999
92232
22111
29329
29931
24920
93210
29222
11299

10 19 27 board_10x19_27_216963_none
0000011100
1100019111
9100011119
1100011111
0000129321
0000194991
0001223931
1101911110
9223210000
1299100011
0122101129
1110002942
1921102949
2239211139
1922921222
1122229291
0019111211
0122111111
0191019119

16 14 59 board_16x14_59_216993_none
9311112111110111
9593293923931291
3999329393939222
9349222312122229
1123339200001932
0129949422101129
1293249499321022
9432129434992119
9939223912949222
3492394222221291
1932499229100222
3449394921101292
9993434331002949
2322992991002931

19 4 11 board_19x4_11_217058_none
0001110001129101110
0001921002931212910
0001291124921393110
0000111199211992000

18 8 37 board_18x8_37_217071_none
019102922992221011
022214943944991019
019119993359952011
121124532999993100
910019911395999100
221234320113493100
921993921001932100
921239391001129100

17 10 44 board_17x10_44_217112_none
11223949311992110
19299499911222910
11223959521002220
23333239391001932
99999111211012399
96952100000019332
25930111111012921
95931192393101129
99492212999210011
94939101394910000

16 12 47 board_16x12_47_217161_none
9921001939391000
9592101139311111
3949111233200191
2942119399311332
1392024959911992
1392019932211239
9532012321011122
9992000292019119
3594332392011111
2939999332211000
9322334939292211
9200002931229291

11 19 29 board_11x19_29_217214_none
99101912920
22112212920
00019212121
01132391029
01929212249
02231112992
12910129321
92110293100
11000292000
00000111011
00011100019
00019100011
00011101110
00000001910
01110112110
01910192211
23210129291
99100012332
22100001929

7 18 29 board_7x18_29_217247_none
1111292
9119229
1112221
0123910
0299210
0394211
0292191
0223343
0193999
1324942
9392121
9311019
3421011
9991000
4941111
3941191
3991122
2931019

4 6 3 board_4x6_3_217281_none
9100
1111
0019
0011
0011
0019

6 5 7 board_6x5_7_217285_none
011111
129229
393292
992111
931000

14 18 33 board_14x18_33_217293_none
01221000191000
13991000111111
19931000012391
23210000019921
91000111023310
11000191019100
00000112121222
11000001910199
92121101110139
23929321000011
19222991000000
11212222110000
11191001910000
91122101110000
11129211011211
00192392019392
00111292011494
00000111000299

17 19 68 board_17x19_68_217328_none
00012392992911992
00019922222111494
00012321000000299
00001392000001243
00001993110001929
12211334920001121
39931293931000000
99959422291011100
35959932321019100
19459939910122100
13995432322291011
02949920293932129
01123943494492192
11102399922992222
29112945321332191
93229392910192211
23921212111239210
92111111111922910
11001911911111110

19 16 79 board_19x16_79_217404_none
1910199293910112110
1121333239531193931
0029391029993323992
0139422023549922493
0192291019294449229
0112233232423994222
1222929939292399339
2994354593211249939
3994999493110193221
9323969312910111000
1101393101110000011
0000294210011212129
0111139922339392943
0293149429994933399
1394959224949339222
1923992119222921100

18 5 13 board_18x5_13_217500_none
921100191001921122
129101221001291199
011223910011211122
000199222229100000
000122119921100000

15 5 19 board_15x5_19_217517_none
001122912932392
001939322949939
112293912259532
292112112949491
292000002932921

8 16 17 board_8x16_17_217544_none
00000000
00000000
01221000
01993100
01399100
00122211
11000191
91111111
11191011
00222129
00192393
00139492
00029322
00012229
00013931
00019920

6 19 19 board_6x19_19_217562_none
199119
123221
013920
019920
012221
110019
921121
921921
111129
000022
011119
019111
122100
291000
932000
391000
932100
129211
011291

5 19 21 board_5x19_21_217584_none
00129
11292
29432
93992
12392
00122
00019
11122
91191
12332
12992
93339
29111
12210
01910
02331
12991
94321
99100

4 19 20 board_4x19_20_217607_none
0000
1221
1991
1221
1221
1991
1332
0292
0393
1493
9392
2332
1929
1132
1239
9399
9432
3942
2999

6 6 5 board_6x6_5_217631_none
991000
221000
111221
911991
111221
000000

7 5 6 board_7x5_6_217637_none
0000111
1221191
2992111
9593000
1392000

14 8 23 board_14x8_23_217645_none
92112210111019
29119921191022
34322391111129
99921211001292
99329101233921
22111212999210
11100193343200
19100129119100

17 14 33 board_17x14_33_217670_none
29392929291000011
39422121212110129
93910000012910192
13231100019211221
23929100012212920
99221111101924930
93100019101139931
11000011100139491
00000000012392211
11000011119921000
91000019112210011
11000011100001129
01110000000001921
01910000000001110

18 18 56 board_18x18_56_217707_none
111111111911992910
911922911111222110
112494221100122100
001999119100199321
002342111100123991
002920111000002453
013931191000001999
019391112110001393
122321012910000111
911921229211221011
112239292102994229
112933321003999921
192292910002943210
111235432122210011
000199993939210019
000123434932910011
000000193221221111
000000112910191191

19 19 95 board_19x19_95_217766_none
1939923931111101110
1139339949129201910
0133339493229201232
1299392339112332299
1944921192102999222
1292110222002943210
0111001293211222910
2221102959920193331
9939202994921334991
4459413343223993942
9949493939119932129
3459414941112210011
9499323932321011111
9495939449992139449
1229349399992199999
0012944433321149559
1112399910011239339
1912943210129293921
1112920000192212110

18 14 45 board_18x14_45_217873_none
912932911929399100
123939322134942100
019233492139920000
012239922939310000
112949532121100011
192394991000000129
222293221000000192
291111001110000111
921000001910000000
221000112111110000
191000191123921111
233212232299391292
199292929222212393
122212121100001939

17 10 23 board_17x10_23_217925_none
00111193210000000
00192239910000011
11112933421000019
93112239292100011
93912942329100000
12113949111101110
11213931100001910
19292121100001110
12321019101111110
01910011101911910

11 4 11 board_11x4_11_217950_none
00000019942
12222123999
92993932232
12223991000

8 6 10 board_8x6_10_217963_none
00002920
00002931
01122492
01929594
01133999
00019332

4 18 14 board_4x18_14_217974_none
0019
0122
1291
9211
2200
9210
3931
2992
2593
9392
1211
1221
2991
2931
2210
9100
1100
0000

4 19 21 board_4x19_21_217990_none
9399
3932
9310
9410
9910
9310
3310
9921
3492
1939
1232
1292
9339
2921
1110
2221
9929
2221
0000

4 19 21 board_4x19_21_218016_none
1121
3939
9952
3992
2492
9322
9219
1111
2332
9999
2332
0011
0019
1222
9392
2939
1132
0129
0192

11 6 15 board_11x6_15_218050_none
01111911110
13921111910
93931001232
13392100199
01939333443
01122999991

15 4 15 board_15x4_15_218069_none
959200191012910
999211223339210
394219119993100
129111112492000

16 4 16 board_16x4_16_218086_none
0129119211111000
0192111292292121
2322222249423939
9911992939392139

19 10 26 board_19x10_26_218104_none
0019291000139311111
0011222100199491292
0000019112349311293
0111011119921100129
0191111012210000011
0222191000000000000
1291112121100000000
9322001939211000000
1292102392291122100
0129101921111199100

18 19 93 board_18x19_93_218132_none
939100019920000122
954321125931110199
299939119921922332
235493222322129931
294943921293223939
295939449339922121
129345993393391000
012399959334432122
122934931299993399
929211110123499393
342100001221122211
992001111992112321
493113922349339991
292295921933994431
123599432239543921
129994992395992392
923444432999321293
222929911233321129
192122210001991011

15 16 35 board_15x16_35_218243_none
029219101929100
029211101232111
012221101291019
001929333921133
001123999210199
000002953200233
000113239101291
000192921102931
110223111112920
920191112911110
920222192121100
110191111019100
000111000122100
012321000292000
029991000292000
029421000111000

12 12 22 board_12x12_22_218283_none
910000191000
231100111111
949101121292
992101929229
232101132322
129111119291
932119111322
291011100191
111111000111
110191000000
932321000000
939910000000

11 10 20 board_11x10_20_218306_none
12910000000
29311110000
29212910000
11129310000
00139200111
01294321292
12939939229
92133492122
12139312129
01939201921

8 5 10 board_8x5_10_218329_none
29211000
93292121
92113939
23213941
19912920

6 4 5 board_6x4_5_218343_none
199291
122333
000199
000122

4 12 8 board_4x12_8_218349_none
1100
9311
9391
1211
1110
1910
1121
1229
9292
2321
1910
1110

6 19 29 board_6x19_29_218358_none
291000
921000
231100
929211
121291
012321
139910
299432
943399
292399
239222
932211
239229
921394
110399
111394
291292
942211
939100

14 12 29 board_14x12_29_218389_none
00111000019100
11291000012332
29422000001999
29492000012594
11392000019392
11111000012321
91000001123931
12221001929991
12991001123431
19322110001910
22202921123331
19102921929929

15 10 31 board_15x10_31_218422_none
113931100129221
194949101294939
113931101945942
111110001299339
911110000122292
111910111111111
122322292291011
949393943921129
949324992110192
121119321000111

19 4 15 board_19x4_15_218461_none
0002931292001911910
0002993493112212220
1101249939119102920
9100029321111102920

19 5 14 board_19x5_14_218478_none
0000012229229119291
0111019921292122311
2391012210111019211
9921000000111011291
9310000000191000111

19 10 33 board_19x10_33_218493_none
2322921119999210011
9992239112333910019
2332292101111110133
0019322002931000199
0012391002992100122
0001921001239222210
1112210000023939921
9119210000019394492
1223910000011229229
0192110000000011111

17 16 71 board_17x16_71_218530_none
22212110129394920
99395920193495931
33499931113949391
91295492124942321
33339212929942921
99393211123959491
49312910013499433
93212331129933399
23922991194311943
92292222239101129
12332002943210022
01992002992910019
23493101344322121
99229211299293910
33112392394329210
91001922939111100

15 19 67 board_15x19_67_218606_none
199393991000000
232494221001110
921292000001921
392122101122339
292019222929293
111012939232449
000113392119399
111293922122943
293495211911392
299499322210394
123949939211299
001133593291122
012239493211000
129939439100000
944442292100000
992992222000000
332393393232111
910113993999129
110002932393129

11 19 31 board_11x19_31_218681_none
00011111100
11129339200
19139499211
23239333219
92921119111
12110011111
00000111019
01221191122
01992111191
12595210111
19499910000
11394210011
01232100019
01929211121
01122911910
00112111121
00191000019
11322000011
19291000000

10 18 24 board_10x18_24_218720_none
0001911910
0001111221
0000111191
1221191111
1992211000
1349100000
0293101110
0293111910
0123911110
0019210000
2221100000
9910112110
9531293910
2992393110
2349211011
1932100019
1291000011
0111000000

6 10 14 board_6x10_14_218746_none
000191
110122
921229
129293
012449
001992
001221
001121
112959
912999

4 4 3 board_4x4_3_218764_none
0191
0122
0029
0029

4 5 3 board_4x5_3_218768_none
0000
0000
1211
9292
1229

6 10 12 board_6x10_12_218773_none
932100
399111
943219
139211
029200
011111
000129
111193
291129
921011

10 18 43 board_10x18_43_218787_none
1113932110
9219993921
9212595239
2332393921
2999323121
9454494229
1299499921
0149534210
1149491000
2949311000
3942221222
2943939299
2399393332
1932223910
2210019321
9100011291
2200000122
9100000019

18 14 52 board_18x14_52_218833_none
929119992122100299
121112492199221393
112110122345929211
293910029499221100
393110039594200122
921000029329210199
110000011223911243
000000000294222939
011101111399119393
129211911944321339
394911111129921292
994210000012229222
459100000011111229
992100000019100192

19 5 20 board_19x5_20_218892_none
1119299299292121239
9111222333212939399
1100000191112249322
0000111123391192211
0000191019921111191

18 4 10 board_18x4_10_218914_none
011291000292000000
129322000292001121
921291000112222929
110111000001992121

14 12 43 board_14x12_43_218925_none
01292923991029
01934349943139
01139949493931
11129492325930
19112321193931
12222910112129
01939310011111
13259421129310
93939939239910
94232393933310
23910112249322
92110000199399

10 18 37 board_10x18_37_218973_none
0129939100
0194492111
0129211019
1121100011
1921222100
2239299100
2942233200
2993239200
1239939200
0012232200
1121119111
2929223229
9221393921
2311293110
9292344210
1334999910
1299433321
9239200191

4 14 14 board_4x14_14_219018_none
1100
9111
3329
9932
2391
0111
0011
0129
1393
2993
3992
9332
1129
0029

4 12 12 board_4x12_12_219035_none
1119
9222
9429
9492
2921
1110
0000
1100
9210
3921
9491
9311

7 4 4 board_7x4_4_219048_none
9100111
1100292
0000293
0000129

9 6 12 board_9x6_12_219054_none
112992110
293233921
393019449
292012992
221012321
910019100

14 14 47 board_14x14_47_219069_none
00293234921221
01494999921992
24993355311249
99942199100029
23392334222221
11139392939921
91029533294491
11123991112921
12292221001110
94921000001110
99211222111921
22213994921291
00295994920111
00294932110000

19 19 61 board_19x19_61_219129_none
1911910019222100191
1222110011399200122
1393110012499311019
9393910019932393111
1212221012321299211
0000191000292133391
0000111000293129432
0011101221223922992
1139312992393112493
1949492249492001949
1139311029312111139
0022200122112910011
0019111292129221100
0012229322933329100
0001922911139921100
0113233320029310000
0193939910011100000
1213932210000011111
9101110000000019119

19 10 46 board_19x10_46_219198_none
3931102920191122119
9939212920111199221
3322911232100134910
9213321299222119320
9219922933499213920
2212349422999313920
9310199492232292110
9931345921011211000
3939299322239210011
1121222292993910019

14 4 10 board_14x4_10_219255_none
19910019119921
24421121112229
19922910000011
12229210000000

12 5 13 board_12x5_13_219266_none
000299119100
000294322100
122339292100
939921229222
293210011299

5 18 13 board_5x18_13_219280_none
19100
22200
29211
29229
33239
99129
22111
00111
11191
91111
11000
00011
11019
92121
12910
01110
00000
00000

4 16 17 board_4x16_17_219294_none
1991
1221
1211
9492
3992
3931
9210
2221
1939
2392
1943
1299
0122
1211
9292
1229

5 12 15 board_5x12_15_219317_none
19339
12993
23492
99211
22111
01129
12921
19210
22311
19292
23439
19921

9 5 6 board_9x5_6_219334_none
921000000
291000011
223221019
192991011
112221000

10 4 6 board_10x4_6_219341_none
1111910191
1922210222
2239100191
1921100111

17 10 41 board_17x10_41_219348_none
00000011211292292
11212129392394492
19392923943939932
23922112993134692
29310123594139992
29211299494939421
23339323939232311
19939201122229291
13342201111921322
01929101911110191

18 14 45 board_18x14_45_219398_none
191000124932922291
111011299993393921
000029449592293110
111029393432111000
292012322992011211
292002932492019391
111013939211012921
232119222210013320
999112211910019910
354311911110012210
929911110001110011
122210000001921119
000001221001239222
000001991000192291

19 18 46 board_19x18_46_219448_none
0001111911292100011
0001911111939100129
1223221111121100293
1992911921100111292
1222111239111291111
0000000192119212110
1110000111011101910
2910000001110002331
9321000001910001991
1292110001110001232
0113920001110111029
2213941001910191029
9934992111110122111
3499322910000019211
2942101110001132391
2920000012211929211
1221000019911232100
0191000012210191000

19 19 86 board_19x19_86_219501_none
1100192292911921000
9200113944221293221
9211224993932339929
3449399494399495331
9999432349339493910
9433910199333422110
1102342223929931100
0113999222223939210
0193994929101122910
0234333221111102331
0199119100019112992
1222122311022229592
9212129493119129422
1292923999212221392
0112112959313920394
1100001132395941399
9100112129229949222
1100193932233492111
0000113921929211019

15 10 26 board_15x10_26_219601_none
992111110000129
222911921011292
001233391019222
000199211011129
000122100001139
001110001234931
111910001999931
921110112234491
920012391012921
110019921019210

14 8 16 board_14x8_16_219630_none
00191112110011
00122292921119
00129212129221
00192100012910
00112110012210
00001910139211
01111110199339
01910000122299

9 4 7 board_9x4_7_219649_none
000000029
000122129
111299122
191293119

7 5 9 board_7x5_9_219660_none
0139219
0299311
0299421
1233991
1911221

4 18 10 board_4x18_10_219670_none
0111
0191
0222
2391
9932
2229
1122
9219
9211
1100
0011
0019
0011
0000
0000
0000
0011
0019

8 16 31 board_8x16_31_219682_none
02939931
14943939
94943331
14969910
02999310
12393100
91111000
11000000
00112110
22293931
99324939
22292121
11122100
91129211
23494391
19993921

15 5 13 board_15x5_13_219718_none
000192119102920
112349221102931
192994920001129
112334920000022
000192110000019

18 4 19 board_18x4_19_219734_none
192129291029949200
223932322239949421
192129119494333991
111011112992192221

19 8 32 board_19x8_32_219757_none
1929211011101929910
2332393229101233210
9392299293210191011
1392122213921332129
1211000002932991192
9200000112293443232
9311011392112993929
1291019392001239221

18 19 69 board_18x19_69_219798_none
112221011119119100
292993229111111100
933349932221111100
139229932939229100
139213449495921111
293102993499321129
292002944959219129
111112129931112221
112291013320012910
192921001911129210
112110001111932322
112110111001129299
393911291011111344
994112942119100299
493002949111101394
292001293211101939
111000139439212232
110011129992291191
910019112321111111

11 14 28 board_11x14_28_219874_none
11299291292
19222333392
11100199322
01111243493
13932929399
93939221233
23121100019
91000000011
22112210000
19229910111
12933310191
02249200111
02949200000
02931100000

6 5 6 board_6x5_6_219906_none
222939
992292
221111
001110
001910

4 4 4 board_4x4_4_219914_none
9111
2229
9129
1111

4 5 4 board_4x5_4_219919_none
1221
2992
9492
1211
0000

4 6 5 board_4x6_5_219924_none
9111
1119
0011
1110
3920
9920

5 14 11 board_5x14_11_219930_none
00111
00192
00139
00029
00011
00011
11229
19292
11211
12332
19999
12443
00191
00111

11 19 51 board_11x19_51_219943_none
91029200000
11029322100
11112399111
29101932129
93211111139
12911222921
12322992121
29292221139
93321000199
12911221233
13222991191
93933931111
24992110122
93332012399
93291139932
49423299420
99493954921
34945939229
92299221111

16 12 26 board_16x12_26_220003_none
0000000000011211
0000000000019291
0011100000011222
0019100000000019
0011100000001121
0111000000002931
0191001110002939
0222001921112232
0293101129119119
2599211111222111
9999429101392111
2349392101992191

19 4 21 board_19x4_21_220032_none
1249219100029219221
1999433212349212939
2469399119993211149
1992222112322910029

18 10 24 board_18x10_24_220058_none
000019101110000111
111011101910012391
192110001111129921
113920000112922210
113931111292110000
192129119432000111
122111124991012492
019100019931019992
022200123210012321
019100191000000000

11 19 57 board_11x19_57_220084_none
92112210029
29129932129
12239599221
12921496931
29310294939
29211334221
22219399100
19112595311
23211999392
94921233939
96941001232
29992221293
34533991299
99293343332
94313959910
29323999310
12993332211
01249310191
00029910111

4 10 8 board_4x10_8_220149_none
9111
1119
1122
9119
1111
1221
1991
1221
1111
9119

4 4 4 board_4x4_4_220159_none
2210
9910
3421
9291

5 5 4 board_5x5_4_220164_none
00292
00293
00129
01121
01910

9 12 19 board_9x12_19_220169_none
019911232
023322999
129119453
193212929
129323231
123992910
192222110
111000000
111000011
191001129
111001932
000001129

16 19 64 board_16x19_64_220189_none
0000000000019111
0011100001121129
0129210001911139
1294931101222921
9323939111395320
3911121129499910
9210000029334421
2312221011119292
9393991011111229
2939432019100011
1121292111100011
0000129100001129
1110011223212942
2910000299944991
9210000299999432
1211123333594291
1291199922493211
9211149539959332
1100029923993999

18 18 46 board_18x18_46_220264_none
019100001129921011
012221102932391019
124949202942211011
299949201299200000
934331100149300000
111910000029310000
001110000012910011
000000000112111129
000000011392001932
000000019393111139
001110011212911139
001922221112111921
113393991191001110
292939321111000000
922121100000012210
221110001110019931
922910001910013939
292110001110001121

18 16 40 board_18x16_40_220315_none
012210123921000000
019921199391000000
123391122222111100
191233100029219210
122299321129323921
029339939332293392
139213932991112939
293101111222111121
293110000002920000
112921000002920000
001292110001110011
000112911110000019
000112233910000011
000192299210111000
000129222100191000
000011100000111000

19 14 39 board_19x14_39_220359_none
2920012210001110000
2920019910112910000
1110124320192111121
1100193910111001929
9100139420000113231
2222239911110293910
1929923321921293110
2344312921291111000
9299102920111000111
2332112210000000192
1910019210000000129
2220012911111111232
1921001111911922991
1291000001111129321

19 6 32 board_19x6_32_220402_none
9102920001112921992
1102921111935931493
0112111911299941293
1293333210246992229
1949999221299449221
1139594929222293910

18 4 14 board_18x4_14_220439_none
929100001221111019
342100001992292111
991111002332949311
221191001911139391

14 8 16 board_14x8_16_220454_none
00111011211111
00293119393391
00299112939942
00122101235991
00000000194941
11100000113920
19100111001110
11100191000000

9 16 38 board_9x16_38_220471_none
192949391
112399421
000395910
000294321
000129392
110011392
921000222
291011291
111019211
222122210
993912920
394344920
344999331
999654929
989992132
999421019

7 19 31 board_7x19_31_220515_none
2921100
9349200
2939310
1122910
0112221
1291191
2932332
2921991
2333432
9299493
3449599
9931394
3920129
1111232
0001991
1101332
9101291
2322921
1992110

5 19 17 board_5x19_17_220553_none
29200
29211
22119
91122
23393
92999
12249
00011
00000
01110
12910
92110
22000
91000
22000
91011
22119
29111
92100

4 8 9 board_4x8_9_220571_none
9321
2991
1332
1291
9211
1111
1239
9299

6 5 7 board_6x5_7_220581_none
029219
139222
192119
222121
911910

9 4 5 board_9x4_5_220589_none
000002939
000003952
000002939
000001121

10 5 7 board_10x5_7_220595_none
1991000029
1221000029
0011211011
0029391000
0029311000

11 6 10 board_11x6_10_220603_none
12929111100
29342329100
93929292100
12121211000
00000111111
00000191191

15 12 43 board_15x12_43_220615_none
232112321029200
999129991039300
943239422149410
332921101939910
992110012222221
332000129100019
291111192100011
921191223233221
122321294999939
129910399495931
922221395534331
110019229992991

18 18 75 board_18x18_75_220661_none
929210112122921229
354910192949439293
999310113499921229
959200001994322232
132200013542193991
129112229991114941
921229922321002931
220193221100002359
921111019101222999
292121122312992232
113949229394431000
112959329329910000
922239222213321110
129111119222911910
132212333929211121
929119992121111119
122233433322129332
001929119992922991

19 14 56 board_19x14_56_220747_none
2211129211019392100
9933921291012939100
9599321221002231111
1395911910001910129
0249311111122210192
0199211101929222211
0123229212231299210
0001922922922345931
1111111292293993939
1922110112349444332
2394921111992299392
9229921911221135949
1112322221011119931
0000191191019112210

18 12 54 board_18x12_54_220806_none
939311112221111000
259491193992292111
959422229432939119
969319222911232111
399323911110191111
932293342100111293
111222999310012499
002932349922339959
002949433339993392
001149993395431111
110029999493910000
910012333922110000

12 4 7 board_12x4_7_220866_none
110111111000
910191292011
110111293129
000000129129

5 14 19 board_5x14_19_220874_none
19292
22329
19222
22292
91139
11039
11039
92249
23992
29321
92100
22122
91199
11139

4 19 13 board_4x19_13_220899_none
0019
0022
0129
0192
1322
9391
2921
2210
9111
1119
0011
2210
9910
2210
0000
0111
1392
1992
1221

6 14 20 board_6x14_20_220913_none
122100
299210
294910
113331
113992
193992
222232
911129
232932
929592
133992
129332
921119
110011

12 4 7 board_12x4_7_220939_none
110000292029
910000294239
110000129921
000000012210

19 12 60 board_19x12_60_220947_none
0000199100194920293
1121222100129920299
1939421001233221344
1139991112993139399
0134422293594939449
1299101949494221393
9543102394939112593
9994211939221239992
2599932221211199942
0296939100292123391
1239322211392000111
9129201911921000000

18 19 52 board_18x19_52_221012_none
001911110019999211
111111910012332392
910001110000000393
122221100000000292
019929100000000111
123221100011100000
191001110029200000
111002921149300000
001112921939201221
001911111121101991
112221122211001332
191191199291000191
343322233212121211
999292291001929100
953229433111122332
292112992910001999
129102332221112393
011223910191191111
000199210111111000

18 19 58 board_18x19_58_221069_none
000019119210001221
111011113931001992
291000002992222392
932000112222992322
292110191002459291
124920222001992211
019930292001221011
013931293110111029
123492112910192139
199392002220112932
122211113931112229
011100193939119111
029211212121222100
139229200000191000
931139300011211000
921139200019111111
111921111111229229
001121119210295921
000019112910299210

12 10 30 board_12x10_30_221136_none
192100011111
239222119239
933499123499
129933229969
012223943499
221019939222
992012221100
492000011211
943111119292
299119111229

9 5 6 board_9x5_6_221167_none
221191000
991111111
221012391
000019921
000012210

6 4 4 board_6x4_4_221174_none
111991
911332
110191
000111

4 12 11 board_4x12_11_221180_none
0191
0111
0000
2321
9992
9949
9442
2939
1292
0111
0000
0000

7 19 23 board_7x19_23_221193_none
0192910
1222110
1911110
2212920
9102920
1101110
1211111
9391191
3932211
9229211
1111292
0000139
1100029
9211011
2391011
3931019
9920122
2211291
0001921

12 12 37 board_12x12_37_221219_none
019211110191
134933921211
199499239310
139433249910
133912949310
949213942210
992102943932
221001299399
110000234349
921111294931
129229339931
011292293229

15 8 20 board_15x8_20_221263_none
000000111001392
111000191112993
292000223292392
292000192921222
233100112111291
299221100001921
295929210001121
129222910000019

18 4 12 board_18x4_12_221286_none
921119210019119100
239112933221111100
292101299910011100
921000123210019100

19 12 48 board_19x12_48_221300_none
1221001910000191019
3991002220000233111
9952102920011299200
4949102932129239211
2943311292921122219
2239911333110029211
2922211992000139421
9310001495210193991
9432100299910112221
2999111249410011100
1243329129323239200
0019292111299939200

17 18 40 board_17x18_40_221355_none
00191000191129929
01221000222194321
01910111191129100
01110192343111100
00000112999211110
00000001233911910
00111111012211110
00191191029200000
11112232129200000
91001929111100000
11123221100000000
00199211112110011
22223391192910019
99212933322222232
22292129910192991
00222023310112221
00191129100000000
00111192100000000

14 19 55 board_14x19_55_221399_none
00111111002920
11291192235930
29323222999920
93393912369521
29229222949492
22222229239329
91191192112221
11111111001910
00000000002220
00001221123910
22101992299310
99211249449200
24931039943311
13992039599291
19492039422322
22211039311291
91000029329321
11000012393921
00000001922129

10 16 43 board_10x16_43_221461_none
1299101292
9344201949
1299211149
1244921139
1939592192
1139494321
1112339910
9112933310
1129339311
1139239593
2921139599
9321029339
2492011111
9493121111
3922939229
9211139229

5 6 4 board_5x6_4_221510_none
22100
99211
22291
00122
00019
00011

4 4 3 board_4x4_3_221515_none
1991
1221
1110
1910

4 8 9 board_4x8_9_221519_none
0192
0139
1149
1949
1292
0122
1239
1992

8 16 17 board_8x16_17_221532_none
11211191
19291111
11211111
00000192
01110129
01910011
01110011
01110019
01910122
12110191
91000122
23210019
29910022
93221119
11129111
00192100

11 19 46 board_11x19_46_221552_none
19100001121
22322112929
19399119232
33493111229
99211000192
94210000111
13920000111
03941111191
03992191111
13992111000
19322111110
22101922921
91124339492
22299921494
29334221399
94391129239
94932193322
94291129291
92111011211

16 16 62 board_16x16_62_221603_none
2939101910199100
4953311110122100
9949910111000000
3349422292211000
3942493949391122
9939394249533299
9321223922992943
1100019222433139
1222111129391029
9499100039521122
3993111239931293
9432249395991399
2911999439431293
1222233933910111
0191001292221111
0111000111191191

19 8 21 board_19x8_21_221676_none
0112221019111100000
0192991011119100000
0124431011223210111
0019910019392911392
0134310013932111992
0299100002920001221
0293222101110111000
0111199100000191000

19 5 17 board_19x5_17_221699_none
1111910029492911221
2921232129944221991
2920199224992911221
1110133392222110000
0000019211000000000

18 6 27 board_18x6_27_221717_none
929100192129100000
121111213954321100
012239202999939100
129939312595392211
934332922993343291
292911129322999211

12 16 29 board_12x16_29_221746_none
000000019100
001110011100
002920000000
002931101110
001129223920
110123939920
910194349310
111239932100
001922391111
111111332191
910112991122
110294331019
111394910011
192394210000
112939112210
001121119910

11 18 35 board_11x18_35_221778_none
01921100011
02249310019
01949931011
01295991111
00129322291
00011101932
11100001129
19100112232
11211193991
00191124931
00222019210
00191011100
00122101110
22119102920
99122203930
45329212931
99933922129
23229391011

8 19 40 board_8x19_40_221819_none
11199910
92233210
13920111
02931291
02349211
13992111
93931029
12111249
11113992
29329942
29923459
23322999
92292399
29222233
11229229
00193392
01239222
12933229
92292921

4 14 11 board_4x14_11_221864_none
0019
0022
0019
0011
1100
9100
1100
1110
2931
2991
2453
1999
2343
9119

5 4 5 board_5x4_5_221876_none
92291
39211
92211
11191

6 4 6 board_6x4_6_221882_none
111910
922210
239221
193929

8 6 10 board_8x6_10_221889_none
01911110
01122921
01239229
13992111
19952100
13939100

16 19 72 board_16x19_72_221900_none
1121211000001921
1929492111013449
1133992192239993
0139421112993492
0199421001221122
1233991000111019
2911343222291022
9210299499211029
3421295994210039
9991129432932129
3942112911299222
1129112210123493
0011119322122999
0000023992949559
1110019322299593
2932111212233993
9399101294921349
2322101939931192
9100001122391111

18 19 89 board_18x19_89_221978_none
129211199923993910
921393244494993221
122596939324943291
029999943493292921
149965492992234321
199499213331299391
122223211933495931
000001922399935941
111002239234329992
292012933349213959
392029492999301249
932129312399311192
129112210122292333
011212910001239399
011292222111922932
029322292923432110
139219223229993100
293221119112499100
922910011100122100

19 10 28 board_19x10_28_222079_none
0191191019100000019
0111111011100000011
0012211110111000000
0029921921191000000
0139921392111011100
1294310292111019100
1939210111192121100
2232910111223911221
2922110191193211992
9391000111129101392

14 5 14 board_14x5_14_222111_none
19119100199292
11111100234339
00000111293932
23210191293291
99910111111111

11 8 13 board_11x8_13_222128_none
12991001129
92221001932
22000113239
91112292921
11193932221
00113920191
00001110111
00000000000

8 14 19 board_8x14_19_222143_none
01910139
01221199
00191139
00233111
00199100
11234310
19119921
11234329
00199122
01232119
01921111
01129100
11111111
19100019

7 16 23 board_7x16_23_222164_none
9100011
1100029
1111139
1911921
1111110
2210000
9920111
4931291
9329321
9223910
1119210
0123321
1393992
1993239
1232233
0019299

6 18 26 board_6x18_26_222189_none
129321
294991
923942
111291
011211
239100
994310
239910
012210
111111
191191
122322
139392
949539
259921
199310
123332
001999

4 16 9 board_4x16_9_222222_none
1111
9119
1111
0000
0000
1110
1910
1110
0111
0191
0122
1239
9299
1222
0011
0019

6 8 10 board_6x8_10_222232_none
000191
121211
939210
933920
112931
002392
111939
911121

14 6 12 board_14x6_12_222246_none
19299101110299
11222101921299
11100001291122
19100000111000
11101110001110
00001910001910

17 12 35 board_17x12_35_222260_none
01110000001121291
12910011212939311
19210029392139200
22111129311011100
92239212210000000
29399201921001110
12932213393211921
12110193949911291
91000239495310122
11000192399200129
00001232239310192
00001929112910111

19 19 94 board_19x19_94_222299_none
0012239322111111211
2229949499119239391
9934943932123939432
9649229320019344929
9993123910122299232
9592139421191234229
1322199593222293921
2493233999339449321
9994911249399399429
2449211122333349393
1294311911911922339
2939911111223332921
9233310111194993210
1229111393349949210
1292119493994222921
2931012933492001249
2920001129321011299
1110000012921029444
0000000001291029399

19 19 79 board_19x19_79_222416_none
0012229929992910292
0129934432333332392
0194339911239399211
0113932333993594211
0013931199349592293
0019392333129931299
0011339291013920122
1211192222102220000
9391112129101910111
3943101921112321191
9399101111139493221
1344311113949493910
0199292293931223221
1232229323110019339
2911233391000023993
9212992921111019349
1102932222291011129
0112110193931122111
0191000113920199100

17 12 35 board_17x12_35_222506_none
00000000129921229
11000000193349392
91001111221199311
11002932910122111
00114949210000019
11194931112321011
91129321019992100
12232291013459200
12991111012949521
19431011119239991
12910019222112321
01110011291000000

10 4 8 board_10x4_8_222547_none
0123921000
0199492000
0133494210
0019229910

8 5 5 board_8x5_5_222557_none
19111211
11119291
00011211
11111000
91191000

6 8 7 board_6x8_7_222563_none
000111
110191
910111
110011
011129
129129
921222
110191

4 19 18 board_4x19_18_222572_none
9100
1111
1119
9321
9910
3442
1999
2493
2921
9210
1100
1221
2991
2931
1221
0292
1393
9229
1111

4 19 17 board_4x19_17_222592_none
1910
2210
9100
1100
2210
9921
3492
9229
1111
1211
9291
1322
0191
0122
0129
1394
3999
9942
2210

6 18 14 board_6x18_14_222614_none
111000
292000
292011
112129
112921
192110
221000
921100
239100
192100
111000
221000
991111
221191
000111
111000
192221
112991

10 10 24 board_10x10_24_222629_none
0029219119
1149422222
2949493292
2942494949
1239229239
1393222111
1992191000
1221112110
1111233910
1911999210

11 8 24 board_11x8_24_222659_none
29213991199
93494931139
23993110011
29443223221
93299399929
92234944321
11193229100
00129111100

16 4 10 board_16x4_10_222685_none
0000000001911939
0000000012211394
0001110129210299
0001910193910122

18 5 12 board_18x5_12_222696_none
019119911299101910
011112211943102220
000000002391001921
000000002931001129
000000002920000011

19 12 57 board_19x12_57_222710_none
9119393299222921000
2222599223929491011
2921993213232932019
2933431192922292121
1239910112394322921
1294331100299911239
1933929100134310192
1293232311019101221
2339229392122222921
9945932923921929339
4599942212921121393
9934939101110000292

19 14 72 board_19x14_72_222781_none
9210001911991299592
2910001112443399993
2342101112992949959
2999201924954455449
9449201239939999921
9422100194454433210
9391011212999210122
1212139201233910199
1111939200112221133
2922121222291192129
9494321199212349249
2499991122102994949
2954321111114943931
2991000191193921110

17 19 48 board_17x19_48_222873_none
00111112911221191
11291192111992221
19323221002443910
22393910123992110
29339210199321000
92292100134310000
11111000019910111
00111011112221291
00191019211019211
01221011291022200
01921101221029311
01239101921029391
22292112391022311
99311019211029200
39200011100029200
22311000000011100
29391111000000000
93932292100112110
12129229100192910

11 12 33 board_11x12_33_222924_none
01392000011
01993111129
02333921921
12912932210
92123339100
22229931100
29495931221
39924932993
93323922999
12293211259
13959200029
93949200011

9 8 19 board_9x8_19_222959_none
121291029
929223249
132329939
029494232
029593119
123939122
193232229
112911921

4 4 3 board_4x4_3_222982_none
0000
0000
2221
9929

4 14 17 board_4x14_17_222986_none
1100
9211
9319
9422
9492
9439
2392
1921
3431
9991
9532
9219
2211
9100

8 19 22 board_8x19_22_223005_none
00012221
00139929
00199421
00139200
11011100
92100000
29100000
22111100
91019100
11011211
00000191
22100111
99200111
39323391
12399921
01933210
02220000
12910111
92110191

12 16 42 board_12x16_42_223033_none
019119210299
232112910293
991113231211
221192939211
000112139219
122100022333
299111119399
294219123943
349222229229
994921921222
223933220192
001294931129
001349991011
001993321000
222332000011
991191000019

16 10 41 board_16x10_41_223079_none
9229911921111000
2922212391191000
2232211933432000
2939921129991011
2945941123444229
1396991191199943
0399942223345499
0299491193993932
1222211125993110
9100000019931000

19 5 17 board_19x5_17_223129_none
0001911911111129291
0001111111911921222
0000011101122210029
2211249200019211139
9911999200012911921

18 10 48 board_18x10_48_223148_none
112291111193210129
192932291239921293
112129211294239439
111012211494249921
291112923993993321
933392129954431191
239921135939922343
933222399222494999
291019944221394953
111012392929212129

12 19 33 board_12x19_33_223205_none
191019100000
122111100000
129210111000
193921191000
222392111000
911392011100
221921019100
922110012210
391111001910
931191001121
920111012229
110001129921
000001922221
110001222129
931100192921
939211112110
231291000111
910122212291
110019292921

10 19 33 board_10x19_33_223242_none
1100019210
9221112910
2929113431
2221119992
9221112339
2929211011
1132392111
0019339119
0023493211
1119939211
9223221291
2391000122
1921001129
2220012921
1910019210
1222122210
0192911910
1222222110
1910191000

8 16 31 board_8x16_31_223278_none
11129921
29139429
92139421
22029910
91135542
23299999
93943332
13920122
12222399
91192993
22223321
19229100
12921211
01110191
00011333
00019299

6 12 19 board_6x12_19_223316_none
013920
029931
039539
029392
011322
221292
991293
221239
000294
012499
019959
012392

5 10 12 board_5x10_12_223337_none
93211
99391
94921
23110
91111
22291
19222
33219
99111
22100

4 4 3 board_4x4_3_223351_none
0019
0022
0129
0192

5 6 8 board_5x6_8_223355_none
99299
44433
99291
22211
11100
19100

10 16 28 board_10x16_28_223364_none
1211011100
9492019210
2992012910
1232101121
0029200019
0029310133
0012921299
0112129239
0191011222
0112121393
0001939499
0001294932
0000239431
1100193992
9100112239
1100000011

11 18 29 board_11x18_29_223395_none
00111000191
12291000122
92943101129
12299102931
11222224920
19100199331
11100234929
11100192121
29111322000
92119393110
22111393910
19101333110
22101991000
91001221000
11000000000
11000000111
91001110192
11001910129

18 16 74 board_18x16_74_223428_none
012399393119910000
019933499322210000
013322959921111111
012913964329119239
019323999111113949
122292393111102953
392122211029201299
992029200029321222
342129422245949200
929224993999959300
121293944969439211
011212129239432229
019100011112992293
121223210112239239
942299921192232239
999239491112991192

19 10 40 board_19x10_40_223508_none
1939201110011101991
1249201922139201221
0192212394939211211
0122291299321119492
1119322139311012993
9223391011291001239
2392921000112222132
9212221000002993939
2210293111112959339
1910293911911139211

18 4 15 board_18x4_15_223553_none
992111921100011100
222922129212239210
112291122393994910
191111191293393110

10 16 24 board_10x16_24_223571_none
0001991191
1122444321
1929299921
1121345329
0000199111
0000122111
0000011119
1100019221
9100023910
2210019321
1910011292
1110000129
1121100011
1929100000
2242201110
1929101910

4 18 21 board_4x18_21_223598_none
9992
4549
9921
2221
0129
0192
1221
3931
9991
2332
2229
9932
3329
9222
3491
9932
2391
0111

5 5 3 board_5x5_3_223622_none
00000
11000
92110
12921
01291

10 6 16 board_10x6_16_223627_none
0001122921
1112939592
1912954993
2211299339
9111233333
1119119299

17 18 44 board_17x18_44_223645_none
11111000019100000
92292100022200000
39439100019101110
29922210122101910
23212920191001221
91002920112221192
11112110001991239
00292000001221193
00292111111000239
00111192392000192
11111229392000233
29219111211000199
29222211100001354
11129219100001999
00029211212111232
00123210192910000
11192910112111221
91112110000001991

18 19 58 board_18x19_58_223693_none
191194921110029211
222129921921139429
191123211129139921
111191111011139521
011211191122129491
019211223299213942
011291192949312991
000122212122922221
001139311002391011
002959591012921019
113949932019210011
193222391011100000
239100111000000000
921222100012321000
110199210019992110
000123921112322932
000001129211012399
111000011291129222
191000000111192100

19 19 94 board_19x19_94_223761_none
0191192221192101110
1221123992239223932
1910019333932499499
1221012239439496953
0191001939933594959
1222223243329932399
2911993939223932499
9322224942922392999
2391113921129223332
9222393121122229421
2339493129239239991
9399423921299239521
4953393222343339200
9959549129929493100
4959992129322993110
2932332122202333920
1111129239201912920
0113931299312111110
0193920122291000000

18 10 27 board_18x10_27_223874_none
019212111129399100
011293911922932111
000129211111221029
000011211000191029
111001291000111011
191001932000112232
111012391011394999
000129211019394942
000192211011212121
000111191000000019

16 5 13 board_16x5_13_223903_none
2222210000019210
9929911110012910
9323321911111121
1101911111921129
0001110001129129

15 4 13 board_15x4_13_223918_none
110019222910011
910012939311239
110001259312993
000000199219339

10 6 15 board_10x6_15_223935_none
1292112210
2959339910
3959939310
2954332200
2399219100
9239211100

4 18 14 board_4x18_14_223952_none
0111
0191
1221
2921
9229
2211
9100
2200
9100
1100
0000
1100
9321
2991
2331
3920
9930
9920

4 16 15 board_4x16_15_223968_none
9291
1211
1111
9229
4942
9992
2339
1121
2931
3991
2931
1110
1110
1921
1291
0111

11 4 11 board_11x4_11_223984_none
29391191292
29423221293
22392910139
19212110029

18 10 26 board_18x10_26_223998_none
191129100000129210
111192101122393910
001221112929922110
001921292122210000
111129322000000011
920011291000112129
921110111000192943
111911110000112399
112122910000000299
191019210000000122

18 12 30 board_18x12_30_224027_none
019101910000000029
011101110001110029
001110000001921011
001921100001291122
001129211000111199
000011291000000122
011211111012221100
019291000029929321
011322111029322991
111392191122102331
911994222291001921
111399119211001291

18 19 83 board_18x19_83_224062_none
112129291002931191
293932333102991111
949491199212221000
393932122291011100
933392100233119210
129349200199213920
133939311249314930
939332922943495931
293922493399399392
112129493393223339
000013943933111921
000002992292911110
000012321113331000
222139311012992100
992939392129459200
932233322922939311
110193944432233493
000113999992292999
000001395932922249

17 16 47 board_17x16_47_224157_none
12922211921111222
19239911139219399
11139520029322399
01249910011291133
12993221211111029
95442129392100029
99939129329100011
24931222111111100
01110191000019100
00001221000012210
22101910000123921
99101121100199592
34310019100123992
19911121100001221
12212931000000000
00002991000000000

15 12 24 board_15x12_24_224209_none
191001910000000
123322110000000
129991000001121
933321000012929
291000001129221
111000001921100
000001122210011
000001929100029
111112121211029
292192222291011
292223992921011
111192222110019

11 6 15 board_11x6_15_224236_none
11111101992
19119212239
11122493222
00129599292
00294993229
00293221011

8 4 8 board_8x4_8_224254_none
19910122
12322299
00294932
00299210

4 10 5 board_4x10_5_224265_none
0000
0122
0199
0122
0000
1211
9291
2311
9100
1100

4 18 18 board_4x18_18_224271_none
1129
2921
9210
2210
1910
1110
1100
9100
3421
9992
3559
2992
9332
1239
2399
9932
2321
0191

8 18 24 board_8x18_24_224290_none
92393110
29394931
11224939
00019221
00011111
01121119
02939111
02942111
01291019
11112121
91112910
11293110
11392000
19211000
11111222
00019299
00022339
00019111

16 5 20 board_16x5_20_224318_none
2910292191199292
9210293211123339
2210129210113942
2920013932293939
2920002992922121

19 8 21 board_19x8_21_224344_none
0000000000019119910
1110000000011112210
1910000111000112221
1110001392000192991
0112111993121213331
0193933322929102920
0129399101232213920
0011222100191192110

18 18 81 board_18x18_81_224368_none
129291292199100000
922432292122100011
111991222000001129
012321191011113931
129210112129239952
922910001922959999
111110123333499559
111001299399494932
293223969433922291
293993994921110122
113344556931121129
112929999943939229
192134544599349211
333139911994494210
993949311333994920
223954310192223931
112299910222002239
191123210191001921

12 18 32 board_12x18_32_224460_none
000011213920
000139393920
000199312110
110122100111
910000122291
110000199322
000000122291
011100001221
129101223920
192112993931
111029422291
001139421222
222933991191
993239431111
933943910000
112939210000
001121100000
000000000000

6 6 10 board_6x6_10_224496_none
299100
294200
349111
993229
393292
129211

4 4 4 board_4x4_4_224507_none
9211
2391
9311
9200

5 12 13 board_5x12_13_224513_none
00029
11239
29292
93311
39100
93100
92011
23339
19992
12321
00011
00019

11 19 38 board_11x19_38_224530_none
00129111100
00193219321
00129112992
01121101494
12910000299
92110111139
22000191011
92101221111
29112911392
11119211992
00011113431
11111119921
19229113491
22292212921
92111293121
92111292019
22293321011
19339920000
12923920000

12 19 34 board_12x19_34_224576_none
921129321000
292293991000
112922222110
001110001921
000000012339
221000129292
991000192211
332001222110
191113932910
111193993342
000112222999
011100001393
019211111111
011291192221
000111112992
221001111239
991001910011
221012210000
000019100000

18 10 43 board_18x10_43_224612_none
111111293233929119
292192393999221111
292239212494100111
221294212493111291
931299119922911932
991122113433232229
221000001993929111
011111112493122321
129119239422002993
192111299391002999

19 4 17 board_19x4_17_224665_none
0000012910011211122
0000129211129391199
1223493112922933232
9299992019211292910

19 4 11 board_19x4_11_224685_none
9201910001910111000
9301121101110191011
9311019211001221019
1291011291001910011

19 5 13 board_19x5_13_224697_none
0011239200001111110
1129299200001911910
2931333100002221110
2932291000001921000
1292921000001291000

16 12 47 board_16x12_47_224711_none
9939922122911110
2359593949433910
0199549499599210
0123994959933221
0002349493222929
2211922921019332
9911111110011392
2211111221111394
0001923992191299
1101129992112232
9111112432012910
1119100191019210

8 19 20 board_8x19_20_224764_none
00001110
11002920
91002920
22113220
91293910
22393110
19332100
12939100
01292100
01221000
01910000
01110000
00000000
00000000
00000011
12110019
93922221
93139920
11029920

7 18 18 board_7x18_18_224786_none
0000011
0000019
1100011
9101110
1101910
1101110
9100000
2200000
9100000
2211221
2922992
2922959
2222392
1912942
1112949
0001139
0000022
0000019

4 8 8 board_4x8_8_224805_none
1229
9292
1322
0191
2321
9920
4920
9210

4 4 3 board_4x4_3_224814_none
9200
9300
9200
1100

9 10 22 board_9x10_22_224818_none
993939920
234933920
019322220
012911921
222233391
993399321
994995920
223933920
001111110
000000000

11 14 42 board_11x14_42_224842_none
23211299111
99911943239
23211292299
11100112954
19100112399
11222292393
00199239311
11223249300
39201949211
99434493219
94999959122
12234993219
01222249432
01991029991

14 18 51 board_14x18_51_224893_none
00000019113931
12211121119991
39911921114941
99311129102920
22100022312221
00000129291191
00000193312343
23321129101999
99991011212343
25941000191191
02920012332211
01110129929210
01110294222910
01910394122321
01110294939291
22112339494321
99119932594921
22112229393291

18 18 56 board_18x18_56_224952_none
191111129119292110
122292292223322910
019229322294911110
132211291299321000
939311111122292121
359391112110112939
992222293920001292
222129323920011211
001933911110019100
112393110001132200
191292111002939211
112232291002943491
001929211001129921
111121100000012210
922210000111000111
349921000192101291
994391011229211921
392111019112911110

19 16 64 board_19x16_64_225012_none
0129212910122291191
1394393222399211111
1999339219932211000
2359229212222492000
1921111111119993000
1121100029214994321
0029200039302949991
0029310029313243421
0023911121293929100
0029312920239221211
0029202931293210191
0023311239212922221
0019911292212292921
0012322921192212129
1212292232239432111
9292921199129999100

19 8 37 board_19x8_37_225085_none
1221192939229210000
2992123392293921000
9693129222223492011
4992294349219392129
9931293999211222292
2321123332222119211
2391029201299211100
9921029201949200000

18 5 16 board_18x5_16_225126_none
111019119100292011
292011233200393019
392000299101392122
921000294201921192
110000129101110129

15 5 13 board_15x5_13_225144_none
222911910011119
993322121119111
239292129111222
011212922210199
000001111910122

11 10 30 board_11x10_30_225160_none
19229222211
22393399391
19229249411
22223339200
19229933310
23945549910
29499994421
29339439292
12233321339
01929910192

10 12 32 board_10x12_32_225195_none
9211001999
2391113359
1932192943
1292223399
1349229332
1992294910
1343229331
2399212929
9949201121
3331111222
1910019399
1110012949

9 14 31 board_9x14_31_225237_none
192292110
112933921
112292129
392222011
993294210
493299921
392234493
921191399
220112399
910001959
110012239
111129222
922921291
129210111

4 19 13 board_4x19_13_225272_none
1291
1921
1110
1110
1921
2391
9211
1100
0111
1392
1992
1221
0000
0000
1100
9111
3329
9921
9310

4 14 14 board_4x14_14_225287_none
0292
1392
1932
1291
1221
1910
2331
1991
2342
2939
2931
3331
9929
9321

4 12 13 board_4x12_13_225303_none
0019
1111
9200
9310
3910
9210
3421
9992
9659
2993
1392
0111

7 5 5 board_7x5_5_225320_none
9392000
1493000
1392000
1921000
1110000

10 4 7 board_10x4_7_225327_none
1100012210
9111229920
1119295930
0011213920

12 6 19 board_12x6_19_225335_none
019100019100
134310012332
399920001999
996941112494
224949129339
002931129229

17 14 50 board_17x14_50_225361_none
91019293939212929
12121213931292121
12911222122321122
19212991019910199
33202932133311232
99211111929112921
94910002231119392
23111122910011229
91123929210112121
22199221100294920
92123210012495930
93102920019933931
29102931013921392
11101291001110292

18 16 49 board_18x16_49_225419_none
000139939211121100
110199494911929100
910122239322222210
232100149319101932
199100299211101299
232100293100111122
921100111001292211
239100000001939291
922210000012221211
111921000019100011
001291000022211119
121211000019119111
929100011222122200
243201129292119100
199213931229222222
139219920011291199

19 19 48 board_19x19_48_225471_none
9201121101110000019
9201939212910011111
2312149319221119100
9291139211119111100
1322293100011100011
0191293100011100019
0122229100019101121
0019111111111212921
1121211019211192129
1910191011292332011
1110112110123991011
1110001921019432019
2920001392011291122
3930000292000112291
3930000111001111921
2920000011101912220
1110000029201111910
0000000139201222110
0000000192101991000

18 12 52 board_18x12_52_225528_none
001112992991019991
013923953221014952
139934992001112959
199493994213921299
233212399294941222
292111122324949211
292191111193393492
222123392229212993
191019939111101392
112122221100012332
112921100011119929
192129100019112221

17 10 35 board_17x10_35_225586_none
92119111212129229
39223329394932292
39319922499492111
29322211943492000
12921112229211000
12229229111100111
19112921100111292
23322111110191293
94992001910111129
99492001110000011

12 4 7 board_12x4_7_225623_none
112110019210
192911122910
112111923320
000001129910

11 4 7 board_11x4_7_225631_none
00019111111
00012229229
11002932921
91002921110

9 5 11 board_9x5_11_225640_none
110001239
910002992
331003941
991014941
221019991

8 6 13 board_8x6_13_225654_none
12910000
39321100
99449310
35999931
19944991
12211221

5 12 13 board_5x12_13_225670_none
11291
19211
11100
01121
01949
01299
01232
01910
24431
99991
95321
92000

4 19 13 board_4x19_13_225685_none
0191
0122
0129
0192
0111
1100
9111
1229
0193
0129
1222
9392
1493
1392
9211
1211
0191
0111
0000

5 18 24 board_5x18_24_225701_none
12221
29949
29993
34449
99249
34939
19343
11299
01232
23921
99239
93249
11199
00122
00000
00011
00019
00011

9 10 15 board_9x10_15_225726_none
191001110
122101921
139212391
199219211
123233310
002949910
003993210
003941000
002920111
001110191

15 4 12 board_15x4_12_225745_none
992910001939399
222110012239333
011100019112229
019100011101921

19 14 40 board_19x14_40_225762_none
9100011100199929222
1111119112333221299
0029322239910000122
1139911939311110000
1922211121101910000
2331000000001110111
1992100000000011291
2459111100011119211
2992129200019111100
9433139211111100000
2393931119100123221
9213920011111299939
1102220000019224931
0001910000011101110

19 16 43 board_19x16_43_225804_none
0029200011100019111
0029200019111111119
1121101122229100011
1910001911932211000
1111112221393291000
0001911910299321000
0012212221233910000
0019212921912220000
0012912932211911110
1111111129212221921
1932100124932911392
1299101293992110292
1233201922232100122
9119212110019100019
1111393100011211011
0000299100000191000

19 18 50 board_19x18_50_225854_none
0191000000001991000
1332000011101222221
1991000019211002991
1221000011292223942
0000000000112993229
1110011100112249211
2910019101291029200
9211121101922121100
1101921124321910000
1122391299911110000
2939212394221212110
3932211921019292921
9211912221121212291
2201111911910012321
9111101111110019910
1119111223211122210
1222119299911910000
9291011223211110000

17 19 82 board_17x19_82_225907_none
19921211199299949
12239391122225959
11129422000003941
19222292211002920
33391129291001121
99311123332211029
99200192929291029
22111223232323332
00019129329229991
00022239594934931
12129349595392221
93933993395931292
39695594449920293
29999949994320129
23433393433921011
39200111192392000
99201121211292011
22212939212232119
00192292292929111

10 8 11 board_10x8_11_226008_none
0000111011
0001291019
0001921011
1102231211
9112929291
1229331211
0193911110
0112111910

7 4 6 board_7x4_6_226021_none
0019210
1244910
2999210
9332100

6 4 5 board_6x4_5_226030_none
110029
921129
139211
029200

4 12 7 board_4x12_7_226037_none
0292
0292
0111
0011
1229
9292
1211
1221
1991
1221
0000
0000

8 19 40 board_8x19_40_226045_none
00199391
11139532
91012991
22001332
92121291
12929211
13331100
19910011
24420019
29911232
94322991
94393343
94993299
94349222
93294210
94393921
99324391
33393921
91293110

14 12 24 board_14x12_24_226091_none
00292192921000
00292112292110
00111000123910
00000000029432
00000011129399
11111119111222
19119222100000
22222292110000
92392113931111
12992002993391
01221001239921
00000000012210

18 4 18 board_18x4_18_226117_none
931392012911923939
949593019211293931
259692011101222110
939921000001910000

19 4 19 board_19x4_19_226139_none
2992223910199311299
9459399210139911932
1299322100123322121
0122100000191191019

18 14 37 board_18x14_37_226165_none
221000199910019211
991000123210011291
221122111100000111
000199119100111000
111122112210191111
191011101911332292
111129102233991293
000193201949931239
000129112399410192
000011119249410111
011100122129910000
129100191012210011
192101221000001129
111001910000001921

17 16 47 board_17x16_47_226205_none
19211019113920000
11292121119920000
00123910012210000
00019210112111110
11222101292922910
19292111922129221
11323911110011129
11292121211000029
19222239391000122
33229499423221191
99239493292991233
93292211223232299
11111000191019239
00001110122222111
01111911129292111
01911111921229119

11 19 51 board_11x19_51_226258_none
13921910191
39942232211
99991199311
23333459491
00019993932
00013432129
00001910022
00001122229
00000029932
12110039429
92910029321
12110012910
00000013431
23222339991
99929993321
96334943210
99229449920
34922995931
92111393291

4 6 6 board_4x6_6_226320_none
0111
2392
9949
3492
9211
1100

4 5 5 board_4x5_5_226327_none
0129
0293
0292
1322
9291

4 6 5 board_4x6_5_226334_none
0000
1110
3920
9931
9491
1211

11 19 55 board_11x19_55_226342_none
19211011222
11392019299
00292012443
11322002991
29492002942
93993212129
13459392011
01993492000
01223932121
01124942929
01929993332
12134959491
92229459921
39394994320
39659533910
29999393331
25963312991
93939113431
12121119910

18 14 34 board_18x14_34_226409_none
019210019929119100
122910012221222100
911221000000191000
110191000000111000
000111012210000000
111000019910123210
191011124420199910
221019129910139420
942112239321113920
999102932229213920
342102921921292110
910112111110111000
110191000111000000
000111000191000000

19 4 21 board_19x4_21_226447_none
9221229119211929991
3929393213932122321
9234959213991000000
1119993912931000000

18 5 15 board_18x5_15_226472_none
221019112911911910
991011129323321110
222110029219910000
001910022223311121
001110019119101929

11 16 44 board_11x16_44_226490_none
92292393221
39212995991
92101394931
22011213331
93119101991
99111112321
22112229211
00019933592
00012339994
23221395599
99929399322
23343339200
01399112210
01994322921
01223993291
00002992111

5 18 13 board_5x18_13_226545_none
29200
39200
93200
29100
11100
00000
00000
00111
00191
00111
00011
00029
11029
92111
29111
23229
93931
13920

4 16 10 board_4x16_10_226559_none
1910
1221
0292
0292
1211
9100
2200
9211
1291
0111
0000
2221
9929
2221
0111
0191

4 10 8 board_4x10_8_226571_none
2920
3930
2931
2391
9211
1100
0000
0111
2391
9921

4 8 7 board_4x8_7_226585_none
1111
9339
2992
1232
0129
1292
1921
1110

7 4 5 board_7x4_5_226593_none
1111110
1934920
1299920
0123210

9 6 7 board_9x6_7_226599_none
992110000
222910000
112231100
911929100
111121111
000000019

17 19 76 board_17x19_76_226608_none
00129291129212929
11393212394393332
29392002999449491
93311002959949931
39311001123944920
39492111101129210
29439229221111100
23392293929321000
93921112244993110
29210001299494921
11222102953329229
12499113959222211
19994339399219100
12444993322111211
01299339100111192
02942111100192239
02920011211112943
01110139392122399
00000199312929222

19 19 52 board_19x19_52_226695_none
1110000029392110019
1922321029313920011
1129991011102920000
0012321000001110000
0122100000011211000
1299211001129292100
9233391002942229211
1129322103992022391
1129219102993119222
9222112211349111119
1291002920192100022
0111002920111001129
1100001110000001932
9100111111000112129
1100191293121291011
0000122494929211011
0000029493121100019
0112139322100000122
0192921119100000191

19 12 49 board_19x12_49_226750_none
9100011299112210292
1111229222129910393
1119293222239311393
9111223929953213959
1100019223999229992
2210011212495933332
9921000191395391139
2392110111299211199
0112910111122100233
0001121291000001392
0001139311011102993
0001939200019102949

18 6 29 board_18x6_29_226811_none
999310019299333221
399910012344999949
245322211939434992
199239911139202331
123939321122202920
001121119119102920

11 6 10 board_11x6_10_226848_none
00111029200
01291029310
13931012910
93921112220
12112921910
00002921110

4 19 18 board_4x19_18_226861_none
1111
9219
9222
1119
2221
9910
3421
9592
9992
2321
0111
0292
0292
2432
9991
2321
0011
1119
9111

4 18 10 board_4x18_10_226883_none
1910
1110
0000
0000
0000
0000
0011
0019
0011
1211
9391
3931
2920
2220
1910
1110
1222
9299

4 14 14 board_4x14_14_226894_none
9920
4941
2939
1121
0000
1100
9211
9339
2939
1121
0122
0299
1393
9211

5 12 15 board_5x12_15_226909_none
01910
01221
11191
91222
11293
01499
12994
19694
12999
12393
91111
11000

11 4 6 board_11x4_6_226930_none
93939200000
29239310000
11112910000
00001110000

18 12 56 board_18x12_56_226937_none
001921212932100000
112359493299101110
911999492133201921
123443332129212339
019911929349229492
012212233992129943
121102933931124499
929103949332493932
231102943929994121
911122239443693029
122939129939693029
019392112239992011

19 19 55 board_19x19_55_226997_none
0000191019910001929
0000222012211111121
1110191111001910122
2910111191001110199
9210001221000000233
1100001910000000192
0000001221122212239
0000111192299293932
0011292213942229229
0019339113920022211
0011292119210029200
0001232234310029321
0001929299910013939
1111121234422112931
1921101129292911110
1129101932312110000
0133312129100001110
1299393111101122910
1932399100001929210

16 12 50 board_16x12_50_227056_none
0001221123229393
0002991199932499
1124941134329222
2939920019112210
2932210011113942
2220001233229999
1921101999934994
1129113554229339
1112339991011111
9223994443211221
2929943949922991
1122229399922931

14 8 26 board_14x8_26_227115_none
19100001910111
11100123222391
00000199239921
22222223399310
99399311943211
22499922129119
12499591011222
19949311000191

9 4 4 board_9x4_4_227142_none
111199291
191122211
111000000
000000000

4 10 12 board_4x10_12_227147_none
9229
2921
2332
9399
1393
0122
1239
2992
9431
2910

4 12 13 board_4x12_13_227163_none
3931
9949
2239
0011
2210
9910
3321
9339
3992
9421
9200
1100

6 19 19 board_6x19_19_227177_none
001932
001299
011233
019119
022211
019210
023910
019320
012910
012210
129100
193200
129211
011291
000122
000019
122111
199421
139991

10 12 32 board_10x12_32_227199_none
1110292192
2922393229
9594949222
4994931291
9943321111
9449492100
2399949111
9323394329
9201239921
1212922221
0192121119
0111019111

18 4 12 board_18x4_12_227234_none
929100011229100011
342211029392100019
992291029421000011
222921012910000000

19 6 29 board_19x6_29_227248_none
9499211029311921000
9943392029933392100
2392393233399349310
0129323991134939920
1112392232119223931
9101921019111101129

18 19 45 board_18x19_45_227283_none
910000011100000000
110000019100000000
000000011100111000
011100000000191000
129100000000111000
932100000111000011
391111111191000019
921292191122100022
110292122119100019
111332019232200011
912991123929210000
112942393233921100
013339392192239100
019932222333292111
012391129299222119
000111192234439111
000011211019993211
000019100012349329
000011100000029921

