5 18 16 board_5x18_16_255586_none
01992
01239
00022
11139
91199
12249
01921
01110
00000
11100
19111
11119
00022
11019
92011
92000
22211
19291

4 6 6 board_4x6_6_255604_none
9391
9422
1291
0122
1129
1921

4 5 6 board_4x5_6_255613_none
1999
2359
1921
1121
0019

11 10 16 board_11x10_16_255620_none
12910292019
93210292011
29100111000
11211000000
00192100000
00129100000
00011211111
12110193391
93931129921
13991012210

16 18 73 board_16x18_73_255642_none
0199229999293991
0234922332239421
0192110001139310
1232211012922932
2929292119321299
9333559212922343
9319999312129939
9333593292133349
4939212233929139
9931212949322349
2210192399522992
1110111399992221
2932111394321000
9499229222100000
2944933339111100
1393292992119111
0393112221122119
0292000000191011

17 19 82 board_17x19_82_255723_none
92112922999111100
92193393342119100
11113944932121111
22113994992910019
99329349643121233
39392129992239299
11222112323993239
11139200113992011
91199301393232100
12359201992029321
23992112322249939
99321019101993239
23210012211221011
02921123920122211
03931949921299592
13921399423969992
19221394393949532
23439229212132391
19992111100019211

19 12 40 board_19x12_40_255819_none
9210111122100000000
2910292299210000000
1110292296920111000
0011211129930191011
2229100013920112139
9932211101110112939
9439219101111394221
9229211223911999100
1111100199211243200
1110001232100019111
1921002920111122239
1291002920191191199

18 6 29 board_18x6_29_255864_none
292211299101291111
939292494101932292
122322993223391293
112922323992932129
293139213944592011
292029219229992000

16 4 16 board_16x4_16_255901_none
0294921222100000
0299449399211121
1249399433911939
1921223911111139

15 4 12 board_15x4_12_255920_none
121111211019211
929119292111291
232112339112332
191001921119929

14 4 10 board_14x4_10_255934_none
11399100012921
19394210019391
11212910011333
00001110000199

7 14 24 board_7x14_24_255945_none
9329999
9923942
3332221
1929229
1244921
0199321
1343291
1992221
2332910
1923231
1292929
1212121
9111100
1119100

6 16 25 board_6x16_25_255973_none
029321
249929
993221
222110
112920
923931
293239
223921
294331
394991
934931
393121
392019
953111
999100
232100

4 18 9 board_4x18_9_256001_none
0000
0000
1100
9100
1100
0000
1111
9119
2221
1910
1110
0000
1110
1910
1221
1292
9339
1292

7 8 14 board_7x8_14_256012_none
1291191
9222211
1229211
1292392
2921292
9331333
2929399
1121393

11 4 7 board_11x4_7_256031_none
00112111121
00192922929
22212292121
99100111000

12 4 7 board_12x4_7_256040_none
000111029322
000191029399
001221122222
001910191000

14 5 9 board_14x5_9_256048_none
00122101910191
11399101110111
29493100001110
29311000112910
11100000192110

18 14 68 board_18x14_68_256058_none
991001291000019100
931001921011234432
110012210139499999
233229100299595594
999922211399312949
249311934953101292
121223399993111221
920299334594921921
930395922934943239
921394393229399229
112959229112349321
223992122202933931
992232119213922939
221019111292111121

19 19 48 board_19x19_48_256142_none
0000129299911110191
1110192224321910222
2921222001922221291
9391192222129119211
1211112992132211100
0001111223939101110
0112910003942211910
0294220002921911221
0293910001111111291
0112110000000001921
0000000000000112221
0000000000011292292
0000000111019229229
1101110191122111111
9101910111193321000
2201110001239991000
9211011101922321000
2391019102331000000
1921011101991000000

14 8 29 board_14x8_29_256194_none
92192111221292
93123911991293
92019332321129
22123939310122
92292249920192
23921194921349
19210123333993
11100019299339

12 6 19 board_12x6_19_256227_none
110000000019
932222100022
399399212229
934969219932
112993113593
001392001999

9 4 5 board_9x4_5_256247_none
000111191
111191222
292111191
292000111

4 10 11 board_4x10_11_256253_none
1291
1921
1110
0000
1211
9392
3949
2942
3349
9939

4 19 13 board_4x19_13_256269_none
1992
1249
0029
1111
9200
9311
1291
0111
0000
0011
0019
0011
0011
0019
0022
1119
9211
9300
9200

6 19 16 board_6x19_16_256285_none
019222
011399
000293
001221
111910
911221
110191
000222
111191
192211
129100
011100
000111
000192
000129
000011
000111
110293
910299

12 8 24 board_12x8_24_256302_none
294920002920
396941002931
294993212239
113459911932
001994211139
112493111139
292392191192
922921111111

14 6 18 board_14x6_18_256333_none
29112349200000
94219999200000
99113953101110
22212392001932
01392292001299
01992111000122

16 4 9 board_16x4_9_256355_none
0194920002921910
0129920002921121
0123210001110019
0191000000000011

19 6 25 board_19x6_25_256365_none
0000192233929212921
0000112999322494391
0001111249202993921
0012921223212943121
0129229394932291019
0192111394991111011

19 14 66 board_19x14_66_256396_none
9911112920000192921
2212923953321123391
1223922999992129321
2993323359422922921
3959493932112222391
3943995391019119333
3932999211011111299
4943453200111000122
9939929100192211111
9433332210239392191
2922911910193593111
1129211121213993110
1233332119113943910
1992999111119229210

14 18 51 board_14x18_51_256476_none
00123321001121
11199991001939
92249931001393
93293321000393
39222292111392
92119323912931
11011292112920
11122322001110
91199292110000
34343312921000
99939101291011
39492100112239
11212121101992
11123939101221
91199392222100
33233311199100
99339200122100
39939200000000

8 8 13 board_8x8_13_256529_none
00000199
11111222
29329100
49932200
99339200
22129321
00023929
00019221

4 4 3 board_4x4_3_256543_none
1910
2210
9111
1119

4 8 8 board_4x8_8_256547_none
9329
9921
2210
1110
1910
1221
2391
9921

7 18 18 board_7x18_18_256557_none
0122100
2399100
9932100
3320111
2932391
2939921
1133421
0019391
0023921
0129210
1292100
9211000
2200000
9100000
2200000
9210000
2910000
1110000

8 19 20 board_8x19_20_256576_none
11000000
91111000
11293100
00299210
12233921
92911292
23110129
91111011
11191000
00233111
00199119
00233111
00191000
00122111
00019119
22111111
99200000
39200000
11100000

14 16 58 board_14x16_58_256597_none
23912931111222
99212939119299
22113442112332
22119991001910
99224531001221
99219921101291
22112339212921
01110293292110
12921292111000
19392222110011
23422934932129
29934499994943
93499955999399
22395992393233
29324331222029
92292910191029

18 6 17 board_18x6_17_256667_none
000111191001292100
011291111001939321
129211000001122991
921101221000001221
231101992000123210
929101392000199910

19 5 23 board_19x5_23_256688_none
9492122111119221119
9592299119223929332
9311294222493233992
1111229119493192392
0019111111392111111

14 18 33 board_14x18_33_256716_none
19100191029200
22311111029200
19292110011100
23422921000000
19922392112110
23492292193920
92392111124920
29211000019210
11211000022211
00191000019119
00222000011122
00192110000019
00112910111011
00001232291000
00011299222100
00129222239200
00192100199200
00111000122100

7 16 29 board_7x16_29_256755_none
1291000
9211111
3432291
9999321
3595910
9229210
3332200
9939311
2349592
0193993
2322392
9922321
3339921
2943329
2949111
1292100

6 14 20 board_6x14_20_256788_none
110111
920191
920111
110122
000199
111133
192239
113992
113941
923920
393231
932949
931299
920122

5 12 13 board_5x12_13_256810_none
19100
22200
19210
12921
13339
19921
12332
00199
00149
11129
29222
92291

4 4 3 board_4x4_3_256826_none
1100
9100
2211
9119

8 10 16 board_8x10_16_256830_none
11001110
92111910
12911110
02231100
12929211
93122492
93101992
29113442
11119949
00013992

15 19 60 board_15x19_60_256849_none
000193321112910
110129993292110
910124599333211
331193953399291
993323991293222
239911221111139
023421111000199
129392291000233
194949422000292
129359591122392
011299932299211
121223391293100
929100112232100
121111101939321
000129112394992
011292129313949
129322039301132
192291029200019
111111011100011

19 10 28 board_19x10_28_256922_none
1101911121119119100
9211222929111111100
2910193221222111111
2332239100199119119
1992932100122233211
1223492000001299100
0012992000001932100
1239321000002220000
1992111211001910000
1221019291001110000

18 4 16 board_18x4_16_256952_none
110011100029212910
921129311029329221
349139491013931229
992129311002920192

14 8 23 board_14x8_23_256969_none
99992110019229
95422911121393
29112211921292
11129201291111
00029310111000
01133910001121
01939321212929
01139219292121

9 16 21 board_9x16_21_256994_none
000001292
110002949
910002931
121101110
029321222
259929299
999321222
233221211
001929291
112121211
192110000
112910000
002220000
001910111
001110191
000000111

4 19 23 board_4x19_23_257017_none
1119
9211
9211
1229
1292
9322
2391
2932
9239
1139
1139
1921
2331
2991
9532
9493
3599
9932
9310

4 12 7 board_4x12_7_257045_none
0000
0000
1111
9129
2339
9292
1211
0111
0191
0111
1110
1910

6 5 6 board_6x5_6_257055_none
019991
013942
002391
001921
001110

10 5 12 board_10x5_12_257063_none
2921112392
9229339939
1123993221
0029532000
0029391000

12 8 17 board_12x8_17_257076_none
000199100019
000122101121
001111122910
012922929210
129229222210
294332102920
294991002931
113931001129

16 14 33 board_16x14_33_257094_none
0012929911999100
1119223321232100
9112211910000011
1101911110011119
0001110000019111
0000000011112221
1221000019211929
2992110023912231
9444910029311910
3599210139201110
9993101393211000
2321001992191000
1110001221111000
1910000000000000

17 16 47 board_17x16_47_257129_none
91192222110000129
12222992911110192
01911222111910122
01221001111222129
00192101921192943
00129101291112299
00122100122211133
12291000029392119
93932110029329221
13933920011112910
12339920000001221
19294310000000191
22229100000012321
92011211000129921
92111293221194329
11191293991129111

18 18 65 board_18x18_65_257182_none
029212229102921910
029219921102922220
011112221101111910
000112129111101110
011293921229100000
129229332294311121
293111299339911939
393011223922222393
294229212221019339
249931291192123931
199920222112912931
124331291002232229
001929222102939221
001121229103954931
221011292102993949
991019222213332393
232111119292921393
019100011212291292

18 19 83 board_18x19_83_257255_none
129921101921000000
194339211394221211
112922910299939391
001111111344349422
000000112991294492
110122293432293992
921299229393223331
349223232493911910
993201929224432110
349212132219991000
193391019112443100
249421022322299311
399921029399239391
995593129322222322
969499233200191191
299554399200122211
134999359411019222
129454499492011299
921299393392000122

18 12 30 board_18x12_30_257349_none
001932291000019392
001299322000011493
001233391000000292
002921943111100222
002921299119100292
001110123221211292
000000001911291122
011111101111921019
019229100001110011
013942312110000000
002939393920000000
001122923920000000

12 4 12 board_12x4_12_257382_none
019100000111
133311112392
199393393992
123939939321

5 14 13 board_5x14_13_257398_none
29910
29310
23310
19910
12221
01129
01932
02359
01999
01232
11100
19211
11291
00111

4 19 16 board_4x19_16_257413_none
0000
0000
0000
0000
2332
9999
3695
9399
1222
1110
2920
2920
1110
1110
2921
9329
9311
9311
1291

9 8 15 board_9x8_15_257431_none
392000011
992000019
332112121
292192910
292112121
122111119
029329332
029922991

14 4 12 board_14x4_12_257448_none
01121100001910
12929211111221
29333922921292
29219229229229

15 4 13 board_15x4_13_257463_none
921111393992000
129119495593111
011222399392191
000191122211111

17 6 15 board_17x6_15_257479_none
00001139392110000
23212959412910000
99912949311121100
34422122910019100
19291002220011100
11211001910000000

19 19 94 board_19x19_94_257497_none
1910294492129112921
1121399992193239439
0019223321112939492
1233321000001233932
2993992112110294493
9449493393910394999
2932229393111393393
1292122311001921111
0129129200123321111
0011239200199392292
0000192100124959339
0112221000002959329
0193920011112249532
0113931019119239991
1112393343222495442
2921959999339595949
3921399569939496993
9431293299432339949
2991111123911922221

15 14 31 board_15x14_31_257614_none
000001129920000
222112933920000
993933932110011
223992291111019
012321122291011
019100019212110
022200022201910
029310019101110
029910011212121
012221111292929
111019119212121
291012221100111
921001910112291
110001110192921

9 5 11 board_9x5_11_257652_none
019239200
121299300
922349322
129921299
012210139

4 6 4 board_4x6_4_257667_none
0199
0122
0000
1100
9200
9200

4 18 21 board_4x18_21_257673_none
9392
2493
9339
2932
2492
1993
2492
9211
1100
2321
9992
2449
0192
1211
9221
2929
2342
1991

10 16 24 board_10x16_24_257700_none
9200292000
9311392000
3932922110
2949211910
2393211110
1922910011
2211110019
9221100011
2929111100
1121119100
0000123210
1100192910
9100112110
1212110000
0192922110
0112292910

15 8 31 board_15x8_31_257726_none
019229932293210
013933499229910
003953933222210
114999322921222
193995393229399
224594939111393
192993121211222
112221000191191

19 5 13 board_19x5_13_257767_none
0199211910019291019
0245911110022311011
0299321000019100000
1393291000011100000
9211111000000000000

19 6 18 board_19x6_18_257782_none
0191000000112110000
1222100000192921100
9119100000223129111
2222200000192122239
9129211101333922939
1129219101992129221

16 19 62 board_16x19_62_257801_none
2910000000011111
9320000122229229
3931211299293393
3949292393339229
2931229222293211
1110022219229100
1112229222221100
9339922922911110
3993333229321910
2942199223922210
2391122394239100
2931000294922210
3941111139422910
3991293139393210
9321295931229100
2321139920011211
2992129322210191
2949111119910111
1121100012210000

14 19 39 board_14x19_39_257871_none
91000000019321
11000000012991
11100000002342
19100001123949
22322101929993
19299101122459
11222100111199
00111000293232
01392000293910
01992000113331
01221000001991
01221000012321
12991000029200
19321000029311
11211000011291
11291011100111
19322019100111
11292122211291
00112911911921

8 12 23 board_8x12_23_257914_none
11191122
91111199
22001232
94322910
99993342
23433999
00192354
00123399
00129959
11194942
91112291
11000111

4 4 3 board_4x4_3_257942_none
1110
2921
9229
1111

4 8 7 board_4x8_7_257946_none
1221
1992
1239
0011
1221
1992
2492
9211

9 18 33 board_9x18_33_257955_none
123992111
399339239
995332299
494991233
393221191
932100222
129111291
011119211
122111100
299100000
932101110
110112910
110193342
920113999
931213942
129392110
012921000
001110000

16 16 53 board_16x16_53_257990_none
1121213920192291
1929293931112943
1243312291112299
0199100112292222
1232100012939100
1910000129332221
1110111295921929
0122293596921243
2399229999210199
9943223433221222
9329229212929210
1112932292122910
1101291111001110
9212222111110000
1292922923931100
0112292129939100

18 12 56 board_18x12_56_258054_none
191011299392101129
112129224959201932
222922223949201392
992111939221211393
222111293200192393
002920139312234949
224930029495939942
993931111399933491
233229212234321932
019122393911922339
012239439322239493
001939393911922992

19 6 25 board_19x6_25_258121_none
1110000000011119499
1921223221119112994
2239399929222212239
1921495221291292122
1111392001232393292
0001921001929229229

19 5 17 board_19x5_17_258155_none
0199932100000000011
0123399101110011119
1222243312921029322
1992929292291029491
1222121211111012921

19 4 10 board_19x4_10_258173_none
9391000000019992910
9311000000013432221
1100000001111910191
0000000001911110111

18 6 23 board_18x6_23_258184_none
001992129100139322
001222921100199499
110001110000235942
922321000012494931
239992100129993291
193339100193321111

14 14 47 board_14x14_47_258211_none
00129993221119
00294339939211
00292012249300
22223210039300
99229921029200
95922392111100
39531139200000
29992129200011
23339122201129
93221119213942
39933343393939
93399999212121
22139444310122
91011119910199

8 19 22 board_8x19_22_258269_none
01110000
01921011
01291129
12221192
92910233
12110199
00000122
11000011
92000019
92001121
22212910
19392110
23921000
92110011
11112129
00293921
01494110
01992000
01221000

4 12 13 board_4x12_13_258294_none
1932
1299
1222
9100
2210
2932
9499
1394
1349
1992
2331
1910

4 5 3 board_4x5_3_258310_none
0191
0111
0011
1129
1921

7 5 7 board_7x5_7_258314_none
0019910
0023310
0129221
0294929
0293121

10 10 26 board_10x10_26_258324_none
9932100292
2399200292
0139311222
1222392191
9292392111
1212921000
0113342222
0293999499
0395469932
0299299310

12 14 37 board_12x14_37_258355_none
292191001910
292111001110
221112110011
910192910019
110112221011
000112392122
000293992199
110294331122
932322910111
939912220292
245421933493
299933499949
945992995931
129322222110

18 19 59 board_18x19_59_258399_none
001939100111112110
001293201392192910
000129101993222110
001121102333931000
124931001912991000
399993102221222110
999699322910012910
249323992110019210
022201232100011111
019100019210000019
121111223910001121
910129392110001921
232394922110112291
199393122910292111
123321019221392000
001910011119212110
112232210022312910
911939921029392110
111293391029311000

19 10 40 board_19x10_40_258464_none
0111191199111100191
1293332233329210111
1939939119393910111
2233595322922121291
9129499922221019321
1129334493391012921
0011229339921001291
1211294393210000111
9291399421011100000
1211299910019100000

16 4 10 board_16x4_10_258508_none
1910019211110199
1121112922910139
0019211129210011
0012910011100000

9 12 23 board_9x12_23_258519_none
002921291
002921932
112221139
933921029
399392232
933322992
111922349
001392192
011393211
129339100
192292100
111111000

4 19 18 board_4x19_18_258546_none
0191
1221
1921
1291
0222
0292
1493
1992
1221
1221
2991
2942
2229
9111
1211
0292
0394
2499
9932

4 16 16 board_4x16_16_258567_none
1991
2342
1929
1232
1291
9321
3910
9210
1111
0139
0299
0293
1332
1992
2492
1921

4 12 12 board_4x12_12_258586_none
0000
0111
0192
0139
0029
0011
0000
1121
3959
9999
4553
9929

5 10 9 board_5x10_9_258601_none
92121
12929
12221
29211
92291
11122
01129
12921
92110
11000

7 6 6 board_7x6_6_258612_none
0194920
0129920
0012210
0111000
1291000
9211000

9 4 6 board_9x4_6_258619_none
111192121
292112929
392001121
921000000

10 4 8 board_10x4_8_258626_none
0111001991
0292001332
1392011392
1921019392

15 8 29 board_15x8_29_258635_none
029311910193221
039933332229939
039599399224349
139322394392921
932211213932232
239119102931299
192111101129249
111000000011129

19 19 63 board_19x19_63_258666_none
9100011211019291111
1100019291011222291
0000011212221129432
0011211112991195992
0019291192221129959
0011212221000014952
1111222910001234939
1911993221112999221
3332339129229432100
9929222239229312121
3322911922232392939
9101111111929212292
2210011113331100111
1910019229921122100
1233233922392299100
0199939432229222100
0123239399111100000
0000011222111101110
0000000000019101910

18 16 71 board_18x16_71_258735_none
192111111910111129
112911911121292393
001234320029312992
110199920029322321
921124931012929321
292112493101123991
333911999112223931
992112464219929221
222111999222332119
122912494921293111
929322933393399311
121292291294959592
122212222223933992
199212933911123942
259319399221229239
939211222119292129

14 6 12 board_14x6_12_258814_none
92929100000029
23122321001139
92111991001921
12922221001110
12291000000000
91111000000000

9 4 9 board_9x4_9_258827_none
921019100
393132311
294949391
113949311

7 6 10 board_7x6_10_258837_none
1929292
1121229
1221011
1992011
1494129
0293921

6 8 10 board_6x8_10_258848_none
929929
133332
019119
012221
001910
002220
012921
019229

4 19 15 board_4x19_15_258859_none
9920
3942
1299
1222
9200
9200
1100
0000
0000
0000
1111
9119
2221
1910
1221
1392
2993
9339
1111

4 19 23 board_4x19_23_258876_none
9291
1211
0011
0129
0192
1211
9332
2999
1494
1393
2949
3931
9310
9411
9391
2432
2992
2969
1299

5 19 26 board_5x19_26_258903_none
29111
92119
22133
92299
23932
19210
22111
93119
99221
34910
92221
22292
91393
22293
93359
94999
13953
01129
00011

12 6 13 board_12x6_13_258940_none
299111100000
943329100011
239392111119
922921129222
111111292291
000001921111

17 4 18 board_17x4_18_258954_none
01110111111191122
01911393392122399
01223994994129399
00193933993921222

19 12 32 board_19x12_32_258976_none
1291000000000111191
9311000011100191222
9200000019211122392
1100000011291129492
1110000000122293921
2920000000029313220
4941000012239201910
9993221019922211110
2493991012211910000
0124431011101111110
0019910019211001921
0012210011291001291

19 14 40 board_19x14_40_259012_none
1922110019100000000
1292922221100111000
0112129911110192110
0111013433920123921
1291001994930019391
9211001223920011322
2200000001110000191
9111100000012210111
1129310111019920000
0029920191013921110
0013920122113321910
2211121119119911110
9933229222113431000
2399921291001991000

18 19 83 board_18x19_83_259056_none
019119291029323399
023432222129399959
019991019111235931
013942222100029421
012239391011129492
019239323239211392
133921119939200122
929322233221101249
231292993211111999
911222249922912369
232910139592111939
939211395921002231
942113999321101910
291029999339201110
111029445949310000
000011119943921000
001110135694391111
111932299993932291
911299223322129211

11 12 19 board_11x12_19_259148_none
00000293110
00000293921
00000112291
12110000222
94920000191
29920000111
23211111110
92112911910
92193222210
22229119100
19221222100
12910191000

4 4 4 board_4x4_4_259171_none
1299
1932
1121
0019

5 16 17 board_5x16_17_259176_none
11100
29221
93929
24331
19921
13491
01921
12221
91191
22222
19119
22233
91199
22133
91019
11011

10 19 40 board_10x19_40_259195_none
0000019111
1110011119
1922110011
2392910011
2944220019
2992910122
2444210191
9399321122
2933992129
1123432932
0029921291
0029930122
1123920019
2922210011
9329211000
9211291111
3421112291
9992112942
3932912939

15 12 26 board_15x12_26_259240_none
001110001129910
002920112922210
013920193220000
129221212910000
293129201110000
292029200000000
111012210112121
110001921393929
921001249593121
291011299921000
122119224320000
019111101910000

18 5 24 board_18x5_24_259270_none
193911112991029329
249312933931029921
949424992110012210
359499421000001221
993949200000001991

19 4 20 board_19x4_20_259300_none
0000019211122293939
0000122392299335942
0111191393395499492
0191111292299393392

18 10 27 board_18x10_27_259324_none
110012222921000000
921119929491011100
129222222921029200
123921101110029211
294339100011111119
399292111119100122
293211019111100191
111000011100000111
110000012321112110
910000019991192910

17 14 50 board_17x14_50_259353_none
01129101910012910
24931224431019321
99930299992132391
24920395433929321
02220292193344920
02920112233993931
13920112939433239
92110192294922921
12232211129229210
12999100011111100
92344210122222100
11192921199399200
00112291149439311
00000111029211291

9 18 23 board_9x18_23_259412_none
019100111
011100191
000011222
011119119
019222111
011291011
110112129
921122921
921929331
111122929
000001121
000000000
000122100
221199211
991122291
941001221
921111910
111911110

4 5 5 board_4x5_5_259437_none
9222
2399
1943
1129
0011

5 6 4 board_5x6_4_259443_none
00292
00292
00222
00191
00222
00191

6 8 7 board_6x8_7_259448_none
000129
111192
191111
111111
110191
910122
121119
019111

14 19 55 board_14x19_55_259456_none
00192921299991
00112291396421
01232322299100
01999392122100
01393493000000
12222392000011
93922932100129
93129229112493
11011222119992
11100191123321
19100111191000
11112211332000
00019922992100
22223392359211
99291111199429
94422111139392
29492191012321
23992111012921
19321000019391

15 19 50 board_15x19_50_259519_none
910000122299910
110111199333321
000191123910292
000111002220292
122100001932211
299100112399100
933222391293100
123939922232100
029943311949321
029329101299939
122122200134339
191129321019111
233293991011100
199312221000000
249211100001110
921119100012910
121111100029310
129100111029311
921100191011291

18 16 42 board_18x16_42_259572_none
011119392000001999
029211392000001394
039300111001111359
029311011101912999
023492119101112942
129939122200001110
922221119100000000
110111011101110000
011292100001921000
019349200112291000
012939200191112121
111232111322001939
921292129291112292
129212921211191111
011101110001221000
000000000001910000

19 8 41 board_19x8_41_259616_none
1100001929112493939
9200123332119994249
9322299492224694292
1399239939292999222
0293223332212232129
1221293292110111029
1911499433922391011
1111994992129921000

19 6 32 board_19x6_32_259667_none
1929910191019291192
1133321222233312249
0129129219299212969
1293229432224922999
9349213992114931232
1299202992193920000

17 5 11 board_17x5_11_259701_none
99221111100000000
96929129200000000
99221129200000000
93100011100000111
11000000000000191

14 10 29 board_14x10_29_259713_none
92191011291000
92222019433110
22291012992921
29212123443492
94311929929392
39911122233421
94310000019920
29100000124931
11100001394391
00000001999211

11 14 42 board_11x14_42_259745_none
00029992991
00029932221
11113431111
19102991191
33203964321
99113999910
94129594332
92029422199
11011291133
22101333129
99211993932
23911393129
23222433132
99119992929

10 16 43 board_10x16_43_259791_none
1112221100
9229929221
1294322949
0139201399
0029200293
0134433321
1299999920
9334555931
3921993291
3921392122
9211222129
2222922943
1929339399
2233492233
9129942119
1129939111

9 18 38 board_9x18_38_259841_none
392019111
993111119
949222221
232929910
911244321
121299119
129443111
934992110
293932910
113332121
013991019
139963111
199999100
139543100
121292211
910129291
221022311
191019100

4 14 11 board_4x14_11_259887_none
2939
2942
2239
1921
1110
1100
9200
9422
9499
2932
1110
0000
0000
0000

7 4 3 board_7x4_3_259900_none
1921100
2239100
1921100
1110000

15 14 55 board_15x14_55_259904_none
000011292211122
000029329291299
011129222312393
129122219101932
192119221102239
221123922111932
921293392912492
921944933212992
233499339212953
939943394921299
933921934920133
234321293221129
299920139339239
295920029399229

16 16 62 board_16x16_62_259971_none
0019929210192211
1122222921129391
1911122391012932
1122929211001291
0019222333210122
1222212999921019
9292293596592022
2423933999493019
9494392343392011
9594932291233100
2939239423299210
1121139592944921
1122249922292291
1929939311222221
2232233322922910
1910019929229210

19 16 65 board_19x16_65_260044_none
1101910123211911299
9101110299911111932
2201111394332212232
9112912931199392199
1119212920133493239
0011101111129349322
0000011223932499391
1110129299229393211
3931293322112321000
9939229211012922110
2221111291029493920
1101221111029425930
9201991001121293920
9522221113920112221
9991112294932221191
2321192939392991111

18 10 48 board_18x10_48_260116_none
910292199101992011
220292122112492129
931334221129421193
939399939139920139
233599931129930029
193999311235930133
129494211993920199
011212922333110133
011101393291122119
019100293921199111

12 4 7 board_12x4_7_260170_none
191001291000
111002931000
111112931000
911911291000

11 5 9 board_11x5_9_260178_none
91000199100
22111122100
91293122210
11293929910
00112122210

8 10 21 board_8x10_21_260188_none
19292929
12322132
02932229
13939921
92133432
22119399
39321393
99921211
99329100
22111100

5 16 17 board_5x16_17_260215_none
23391
99942
35939
19342
23939
92139
11133
00199
11222
19111
11119
00011
00000
11000
91111
11191

4 19 11 board_4x19_11_260237_none
0000
0000
0000
0000
0000
1110
1910
1121
1139
2949
4941
9931
2229
0011
0000
0111
0191
1232
1929

4 19 11 board_4x19_11_260253_none
9111
1119
1121
2920
2920
1221
1291
9211
1100
0000
0000
1110
1910
1110
0000
0111
1392
9393
1229

8 8 13 board_8x8_13_260266_none
19111100
22119100
91011100
12122210
12939910
92293221
34321129
99910192

15 5 15 board_15x5_15_260281_none
911910012939310
111110019349920
000000011395931
221001111393291
991001911921111

19 16 54 board_19x16_54_260300_none
1993100000112911110
1399100000293111910
0133311000292001221
0139491000122111291
0299921000129119211
1395320111192111211
1933910192221001291
1249310112911111921
1299200001111911221
1944321100001111291
1129939222211112942
0013933939911923992
0001223944432229459
0111192129929111299
0191111013342200139
0111000001929100011

18 19 72 board_18x19_72_260360_none
223939119222100019
993931111299210122
333221000123932292
191192111101399339
123339119221494292
129921112939493233
922321012392494299
110191019333393943
000222011299423291
121392011349592122
949392019394992019
992211011394331011
221011100112910000
121119111101110000
939222119212110011
292292112494910129
123449101999210193
129993101232100129
922492000000000011

17 16 71 board_17x16_71_260439_none
92999929391012391
12344333921019921
12391294321012332
19933499291001399
24349932211001993
94959421233322232
29995922999993119
25999329494499211
19969212321149300
13931101921039410
12110112291139910
92000293212293321
93110299201932191
12921359312391111
02239299219222100
01921222111119100

12 8 17 board_12x8_17_260523_none
910001911110
110001111921
000000002239
111000013931
291111029920
931192129310
921359322100
111999391000

7 4 6 board_7x4_6_260544_none
1110019
2910011
9221222
1119299

4 8 9 board_4x8_9_260552_none
0011
1239
2992
9442
2929
2242
1939
1139

4 14 9 board_4x14_9_260565_none
0019
0011
0000
1110
1910
1221
1291
9211
2221
1939
2249
1932
1129
0011

4 16 9 board_4x16_9_260575_none
0000
1121
1929
1121
1110
1910
1110
1110
1910
1110
0111
1291
2931
2931
1392
0292

8 18 36 board_8x18_36_260585_none
92000199
92000122
12222121
02993929
03969221
02992111
23321029
99211029
23391011
01933210
12229921
29334592
29939939
13933331
13222942
92912999
23211393
19100111

14 8 16 board_14x8_16_260627_none
01910000000000
01110011211000
00000019492011
00000012993019
22111112492011
99219119212110
49211111212921
92100000192129

19 5 24 board_19x5_24_260645_none
9200000112929239219
9300011393132399211
9200019392019222211
2322233322123321392
9299299119119929392

18 18 46 board_18x18_46_260671_none
000011119492019100
111239112992022200
912992101222139311
112931000001939391
002220111001121322
001910192100000191
012321129111100111
019291022219100011
012433129222321019
001992933922991122
001222292292221191
000000222111000111
011100191000000000
019100122111100000
012221119239311000
001939322299591000
001139492139921000
000011392012210000

10 14 30 board_10x14_30_260721_none
0111000000
1292110000
2922921000
9311394210
9311299931
1291235992
0111192239
1221112232
2992112991
2933933931
2212993321
9212239291
1392011333
0292000199

5 5 4 board_5x5_4_260756_none
11100
19100
12210
12921
19229

4 4 4 board_4x4_4_260761_none
0019
1232
2991
9321

5 12 9 board_5x12_9_260766_none
00199
00122
00000
11011
91019
22011
93110
93910
12110
01110
01921
01129

8 18 24 board_8x18_24_260776_none
91001929
11123221
11299100
19233211
11119119
00011233
00011299
00019222
11111111
19100019
11100011
11111100
19119111
22122329
91019393
22122493
29219229
29211111

16 14 39 board_16x14_39_260803_none
0000139911911121
1100199311111929
9200122100001121
9200000000000011
3311110111000019
9911911292221122
4422221933991191
9921922292221111
3943391111000000
2399311000000011
1949310111000129
1122921292000192
0012392394210122
0019212939910019

17 12 30 board_17x12_30_260848_none
19111119929111100
11119112221119221
00011100111012929
00000111193211121
01110191129921000
01910111012391011
01110000000111029
11222101121100029
39399101929100122
99432212121111292
23910191111019239
01110111191011129

19 4 21 board_19x4_21_260881_none
9219929929931100019
9423332346959200011
9932910199959200000
3992110123392100000

14 16 38 board_14x16_38_260904_none
01293929102931
01939332102959
12221291001299
19211222000139
11393291000011
00293921001221
00112110002991
00011100003941
00019211002920
11011291001110
91000111111000
22101121291000
19212929211000
34493232200122
99949129200199
24931129200122

7 18 25 board_7x18_25_260947_none
1922949
1139599
0029943
0012229
1110011
1910111
1110192
0111129
0191022
0122119
0019111
0011111
0000139
0012399
1129932
2933210
9392221
1212991

4 12 7 board_4x12_7_260977_none
0000
0000
1100
9100
3310
9921
2229
0011
0111
0192
0139
0029

4 10 6 board_4x10_6_260985_none
0000
0000
1221
2991
9332
1129
0139
0192
0111
0000

4 6 5 board_4x6_5_260992_none
1221
2992
9593
1392
0111
0000

4 5 4 board_4x5_4_260998_none
2921
9339
1292
0111
0000

6 5 6 board_6x5_6_261003_none
129910
922210
121211
019292
011229

10 12 18 board_10x12_18_261011_none
1910001110
1110001921
0000012391
0000129222
2210192229
9921211193
3339112349
1921119939
2210013331
9210001910
2910001110
1110000000

15 19 73 board_15x19_73_261030_none
193392110192291
239933932229332
194492299233939
129211124939392
121100003953421
921100003949910
239101223943210
921213994492011
110295994992019
000295933931122
232229211221292
999112210191293
354311922333239
939922293993931
943492349434931
239213993392392
922223932921393
222939211110293
192292100000129

17 19 79 board_17x19_79_261120_none
11011292112932939
93129212912993349
93933211111239292
13392922210012321
01934349921111910
12392994932911121
19212333293321129
12210192229291193
13931139211211129
19991029200011233
23532011211019299
29492000292022333
29493121392019229
22312929333112921
19222221299311121
23929223349910019
19332399933332233
13922954392399499
02922991129399932

18 19 69 board_18x19_69_261221_none
000000111011299339
221111292029433992
991191292029912442
221111222023423991
221000192129393942
991000239129422129
442001292113931111
991012932002949200
332019391001139200
191122222101121211
111294339112911392
122399992129322992
299223432039319431
943101291029323910
392001932011292110
393001393110111000
292001394920000000
111112934921110122
000192292111910199

19 12 34 board_19x12_34_261298_none
1100000000000000029
9100000000000000029
2321000000000111011
1992001111121292100
1392112923939229100
1221192395952322100
1921211295939292110
1129100129332212910
1121211122291001221
1910192291111000192
2220129222111211139
1910011119119291029

19 10 34 board_19x10_34_261334_none
1129200000019991292
9139300000134421292
1129311000199100111
0012391001232101110
1101932002920001921
9101291124920001249
1100111199321100299
0011222239229200293
2229299211239200111
9921239200192100000

15 5 13 board_15x5_13_261374_none
000011119211029
112129111291029
193931211111011
113931393121100
001129393929100

14 6 12 board_14x6_12_261389_none
11229111100000
19493229100000
23992193210000
92221223910122
11000192110199
00000111000122

10 12 21 board_10x12_21_261402_none
0129211910
1394922210
9494129100
1392011100
0111111000
0000191000
1100111011
9101110139
2212920199
2912942222
9311299211
9200122291

7 18 32 board_7x18_32_261424_none
9392910
3922221
9310191
9200111
1100000
0111000
1394210
2999910
9499631
1249992
0029449
0011139
1100139
9200192
9200222
2323391
9399921
9339310

4 14 8 board_4x14_8_261461_none
9991
3942
1291
0111
0111
0292
0292
0222
0191
0111
0000
0000
0000
0000

4 10 9 board_4x10_9_261471_none
1229
9292
2311
9221
3939
2931
2220
1921
1129
0011

9 4 7 board_9x4_7_261484_none
931100000
939212110
232292921
191112129

14 8 16 board_14x8_16_261493_none
93920000191019
13920000111011
01110000012210
00000111019910
00000192223332
01110129292399
01910122212993
01110191001221

15 10 26 board_15x10_26_261510_none
921199932100029
392234399100029
293392233100011
129392192110011
011211223910019
110000192121111
921111221019100
932911921011100
292111291001121
111000111001929

19 19 86 board_19x19_86_261546_none
0294991019921119931
0395932122229334992
0293122911122993494
0111129222911493399
1110192119210292299
1910111122111212343
1110000191019322991
1100000111124993321
9112211222293959200
2339912992933139310
1994424942292123910
1249495942239229210
0029495993921393100
0133329459310292011
2499211299200111019
9999201232222100011
2494201910199100000
1229211233444332100
9112910199992999100

19 16 45 board_19x16_45_261646_none
0000000019291000011
0000000011211000129
0000000000000000193
1222110011100000129
1993910139200012221
2494210299311019910
1959200293291012221
1299201221222001129
0122101910192111932
0000001111233911249
0001110001929321199
0001932101121393249
1101299211111293921
9100122291293222110
1111100112494910000
0019100001993110000

12 4 11 board_12x4_11_261693_none
192119111291
139222219211
249219122211
992111119119

7 8 9 board_7x8_9_261707_none
9100000
2221111
1939219
1249211
2392100
9921000
2211110
0001910

4 16 17 board_4x16_17_261717_none
1299
9332
2921
1291
0111
0122
1299
9332
2921
2493
9599
9932
2210
1110
2920
2920

4 18 17 board_4x18_17_261737_none
2332
9999
9542
2921
1291
1211
9200
9200
1100
2221
9929
2232
0019
0022
0019
1111
9321
2991

4 19 15 board_4x19_15_261756_none
0011
0019
1121
1910
1221
0191
1221
1910
1110
0000
1232
1999
1494
0292
0111
1211
9292
3449
9939

7 14 20 board_7x14_20_261774_none
9399119
2943111
1291000
0111000
0111111
0191292
1211292
9200111
9323210
2399931
2945939
9392121
1211111
0000191

9 10 23 board_9x10_23_261799_none
993399100
249932100
039521011
039491129
139323392
931129921
920039421
220029219
910022333
110019299

12 5 13 board_12x5_13_261825_none
001921229100
001129394210
001121494921
111910395392
911110293939

18 6 19 board_18x6_19_261839_none
921001911921291000
393211111129211011
949910111011100019
932210193211110011
221111239911921000
191191193211291000

19 18 71 board_19x18_71_261861_none
0193910019393992999
0129321022494333459
0133492129229119292
0199392293111222211
1232222394210191111
1910029329922321191
2222249312229911232
9229939200012211929
2933322210012211121
1129213920019910122
0012394941012210199
0001923991000011222
0001111221000029200
0001110000112139310
0001922332293933921
1112229999449229229
9119223334993332222
1111291002932991191

18 19 52 board_18x19_52_261940_none
000111019111111100
001291011129219100
112921011129211100
192110029321211000
111000029910292000
000000023310394221
000001129111393991
001111921129422221
012911121139910000
129210019129421110
931211011112911921
920192221002343239
111222991001999349
001911221001234992
001110000000013942
121100001110129592
929100001910294993
121211001110294492
000191000000112921

12 12 40 board_12x12_40_262001_none
191292112110
222294393921
191239959229
221195993122
921113994129
391113493943
953293923499
999439321993
259922912442
029532112991
012991002931
001221001110

10 8 19 board_10x8_19_262051_none
0013991192
1119941239
9224930192
3923952222
2922999119
1112353211
0001929111
0001121119

7 4 4 board_7x4_4_262074_none
0001121
0001929
1122221
1929100

4 10 10 board_4x10_10_262079_none
2993
9599
9432
2910
2210
9111
1119
0011
1110
1910

6 19 16 board_6x19_16_262091_none
191111
233291
199211
122100
110000
920000
920000
232100
199100
133200
019100
122100
191000
111000
111011
191129
111293
122392
199211

14 12 43 board_14x12_43_262108_none
12392110113949
19943921293959
13993129322139
13592124921121
19931193921921
13920112122391
01222122229333
11292939922399
29433239433942
29939113939931
12393213942229
00112912920011

16 8 27 board_16x8_27_262157_none
1100019399210000
9200133494922121
9200199223392949
1111222119212399
0019211022200293
1111292129311111
9111239339391111
1119129921211191

19 5 20 board_19x5_20_262188_none
2910001922210139311
9320001129921299492
2911110012229345592
1111911232111299932
0001111999100123391

17 16 47 board_17x16_47_262211_none
00019939931000000
22114954991011211
99212939321019291
23922221100022311
12229100000019111
19122200000122119
22219100111192121
19112210191123932
11212922221019399
01292393910012332
12921293122322921
93220111019992129
23910011112321122
19211129112210191
22101921119920111
91001110013920000

11 19 44 board_11x19_44_262265_none
01911111992
02332911349
13993210192
94959211111
29392292221
22312223992
19112912959
33219321292
99123910122
22129431229
00029929393
00012221392
00000012432
01121119991
01939212321
01149300000
12139201110
93921112910
29210019210

7 12 20 board_7x12_20_262315_none
1211122
9391299
9411293
9321211
2929210
1123920
0002931
0112129
2392111
9969211
3999219
1232111

5 8 7 board_5x8_7_262337_none
00000
00000
00000
01110
02920
24931
99492
93392

4 6 7 board_4x6_7_262345_none
1121
3949
9993
3592
9211
1100

9 16 21 board_9x16_21_262354_none
110129910
910193210
110112121
221001929
992001132
392000019
111111011
111192100
191129210
111012910
122101110
199210000
234920011
912920019
111110022
000000019

15 19 67 board_15x19_67_262378_none
019100112993391
123322293469931
193992933999920
359422129499321
999200122222119
232100191000011
000000222000000
000111191111011
001393221191019
001993910222022
111333221293139
910191191394939
111333332294231
124992992112910
199954592112121
124949933291129
001259592933392
110299313349931
910293101994920

18 14 61 board_18x14_61_262450_none
293291000000191111
299222100011212393
123229100019322999
122921211012992499
929221293222332393
231129329929229332
921029323442293939
392113932991123239
949103992221029322
942113943110029391
292119494921111222
129222499229101239
011292393123322992
000129211019929321

19 4 14 board_19x4_14_262524_none
0000001910192291191
0000001111249312332
1110000002959212992
1910000002992119492

18 5 23 board_18x5_23_262541_none
019932910029311293
124939210039491299
192132201149422222
234339101939229310
199992101121129910

14 12 29 board_14x12_29_262566_none
00000191292191
12110111292111
92910000111011
13220000000019
02920011101121
02920019101910
13320011101110
29921112322121
39429119993939
39321113544931
94910001992232
29210001221199

12 14 26 board_12x14_26_262600_none
001911110000
001111910000
001111110122
111910011299
911110029322
232100029200
299200011100
299310000000
134921111122
019492292199
232393392122
991224931000
221193931000
000112291000

9 19 29 board_9x19_29_262629_none
192910000
112110000
012210000
019921000
133593110
939394921
292229391
233122311
199339111
123992119
001221022
110001129
910001921
110001110
000011100
110019100
943221211
999910191
943210111

5 18 24 board_5x18_24_262659_none
00111
01291
01921
13320
19910
13331
12929
19331
24931
94991
24931
94331
93992
23593
29593
29594
22499
19222

4 5 4 board_4x5_4_262688_none
1991
3431
9910
2210
0000

7 4 7 board_7x4_7_262694_none
0029219
1129211
9332211
2991191

14 14 26 board_14x14_26_262703_none
00001110000122
11112911111299
91194321911932
11129911222110
11012210192121
91000011213939
11111019212931
11292013921110
91292002920000
11111112110011
00000191000029
01110111011129
01911110019111
01111910011100

18 19 93 board_18x19_93_262733_none
199100000294993921
122100111294959391
011211191112292211
129393221001221000
192394920001910000
221113931002332232
921101291002993999
239100122103969349
192111119103993221
223239233213932910
193992299329322231
239322259493911929
932223949412111243
391199339311110199
921259545932921333
233499999949459391
199999595595999311
359694212999694111
992392001249492019

18 8 21 board_18x8_21_262836_none
019222211000000000
121299292110000000
921234323920000000
391192912920000000
921112222110000000
221110191001122221
922910111013939929
292110000019932221

12 5 15 board_12x5_15_262861_none
912932110199
112993931233
001223939229
111123221393
191199100292

6 16 17 board_6x16_17_262878_none
192991
222232
910019
110122
110191
921222
292291
224931
193920
112221
000191
000122
110019
911132
111929
001121

4 19 20 board_4x19_20_262897_none
9239
2499
9399
1333
0191
0233
0199
1239
9333
9399
1222
1111
9229
1292
1322
9291
1211
0000
0000

6 10 9 board_6x10_9_262921_none
001299
001932
002220
112921
293291
292111
111000
000000
110111
910191

12 4 12 board_12x4_12_262931_none
112111110111
192923920192
333129921359
991012211999

16 8 18 board_16x8_18_262948_none
1101991000001910
9211221000001121
2921111101110019
1129129201910011
0011129201111110
1110011100012910
1932100011129420
1299100019129910

19 16 64 board_19x16_64_262967_none
9112394992993210011
1119949932349921019
0023493333394491011
0019321199939211000
0023910135431100011
0029310129921100129
0029310194339100294
1112922322932223499
9322339911291199932
9929395310111124320
2221499211000001910
0000294391001111110
0111129332101911121
0191012929212111939
1221012332392012392
1910019291292019211

18 16 42 board_18x16_42_263041_none
000000192119119111
000000129221112229
000111012910001921
000192101122211221
000239111129911291
000193229129533942
000112921112993939
000001221001222132
000000191111000019
111110123392111121
911910029933911921
111110029492111129
110000011211000011
921101122210000111
129213939911110191
011293932211910111

15 10 26 board_15x10_26_263084_none
001991019101110
012321122112921
029310191019229
029931112121122
013991001921019
012322123592011
029201929992000
139201123931111
292100001121291
921000000019211

10 4 11 board_10x4_11_263114_none
9392011299
1392129333
0223293391
0192939211

4 12 9 board_4x12_9_263126_none
1910
2210
9210
2910
1221
1291
9432
3991
2931
1110
1100
9100

4 19 22 board_4x19_22_263139_none
0000
1121
1929
2231
2920
3941
3991
9432
2392
2959
3959
3931
9331
3939
2942
3491
9921
4420
9910

6 19 19 board_6x19_19_263162_none
001110
001910
112221
192291
239222
921119
121222
029492
029492
123432
193991
113931
112110
191000
111000
000000
221000
992011
392019

10 12 21 board_10x12_21_263183_none
0001110000
1122910000
1939310000
1139200000
0011212110
1100192921
9200123391
9312239211
1292993211
1212349339
9210194992
2910113931

17 4 13 board_17x4_13_263206_none
11211293111129119
29292393911921111
93212933211111110
92001129100001910

19 8 22 board_19x8_22_263221_none
0000019119292921100
1110012221212129100
2921001910000011211
9491001222121211191
3942000192949391222
2991000112299422191
1221000000123391111
0000000000001921000

19 14 66 board_19x14_66_263244_none
2991012921000000111
9431139492111111292
2910299522911911949
1110299911111223359
0000124331100192992
2321001949211335431
9992101299219399921
3959101233333933391
1293211912992111221
1212933223932222921
9312299129422993392
9392344349912949339
1213993994211122932
0002949492000001291

18 18 85 board_18x18_85_263316_none
912991112910192392
123943393110139593
019494992001139939
232394931123922221
991112232399210000
221011299394210011
121129554323910129
949129999119431192
992112455322992333
221000199923569499
000001259429999493
000012939323443211
000019221393393221
112122321293996993
393911991113499999
995322331113943343
249911911293920029
029311111922110029

14 18 33 board_14x18_33_263420_none
11000019100191
92001121100222
92001910000191
11002220000111
00001910000000
00001221000000
00000193210011
00000129920129
01110124931192
01910192292232
01110122323929
00122119292121
11199211211000
91259300012210
11199200019921
00123210023329
00013920019111
00019920011100

11 14 28 board_11x14_28_263454_none
12921100000
93249200000
23959300111
19399312391
11239219921
01121223210
01911291000
02221921111
12911110191
29210000122
92100111019
11000292022
22112493119
99119939111

9 10 22 board_9x10_22_263484_none
121223991
929299421
121239321
001122929
012911121
129221211
921119492
222122992
293932332
923991191

8 8 16 board_8x8_16_263510_none
01910019
01111121
00012910
11119210
29432100
49993221
99649939
39393392

6 5 7 board_6x5_7_263527_none
911929
223342
192991
123321
019100

5 4 4 board_5x4_4_263536_none
11229
19292
22211
91000

4 12 13 board_4x12_13_263542_none
1929
2342
2992
9339
1111
0000
1221
2991
4952
9992
2492
0111

5 14 19 board_5x14_19_263558_none
19929
12232
11119
19122
11239
01399
12995
29499
94332
93910
34210
99100
23210
01910

8 19 31 board_8x19_31_263584_none
19211910
23911110
19333210
12499921
01999592
01233939
11001121
91111000
22393121
19394929
12339331
02932921
02932339
01129493
00012992
11212221
19291000
11211011
00000019

15 14 44 board_15x14_44_263620_none
012921001292291
129392224943921
921229299993231
111121249533929
001932129219331
001299111112921
000122100001291
001221011111211
111993129119100
922493921112210
932933221012910
292291192119321
232322129332291
929291012991111

18 6 28 board_18x6_28_263671_none
129932119210191299
922499223921122399
110293292292119343
000111223349113939
001110192994212953
001910112393911299

19 5 19 board_19x5_19_263703_none
1922221291019212939
2229929222123493259
9112221119119933939
1111100011113339221
0019100000001921100

19 5 14 board_19x5_14_263725_none
0002992100000001910
1112949100000001110
1922122210111111000
1291001921291293221
0111001129211293991

15 16 58 board_15x16_58_263741_none
292292121100029
932922929100039
921112243310029
110112929920011
012493123920111
029993111121291
029433911239211
121119212993222
910011214992199
110001294953333
012212959399391
019913993323932
012323959322392
121292139949329
939212233499211
292101991293100

7 16 23 board_7x16_23_263806_none
1999920
1249952
0024999
0019332
1121100
1921000
3491011
9921129
2210192
0111111
1291011
1921139
1110199
0000122
0111011
0191019

4 5 3 board_4x5_3_263833_none
1100
9211
1291
0222
0191

4 4 3 board_4x4_3_263837_none
9311
9391
1211
0000

6 6 8 board_6x6_8_263841_none
001929
112121
292111
393191
392222
921191

7 8 13 board_7x8_13_263852_none
0000000
0000111
0112392
0193993
1229349
9232339
3939392
9239311

8 10 21 board_8x10_21_263867_none
12939920
92139920
11134310
00199211
22234491
99229942
49439991
29933321
12391011
00111019

16 19 45 board_16x19_45_263896_none
0001110000191000
0001911110112110
1212111911122921
9391012212959592
9311019113999492
1100011129432211
0000000029200000
0000000012210000
1212110013920000
9393922229921110
2594249922211910
1993399310001121
1359493101222129
1299311001992921
9233311001222110
1119291122100000
1111211199100000
9100000122100000
1100000000000000

19 12 61 board_19x12_61_263945_none
1101129911912991000
9213944322333931000
1293993921993331122
0224334953333991299
1394923999119321293
9499449442112210111
2944995920001921000
1129695943212493100
1122993299922999211
2943443223239449329
3999299100029223492
9332222100011119921

19 6 21 board_19x6_21_264015_none
1922232100019119299
2392999100011112443
2933354200000001991
9391199210000113331
2311123910000193920
9100001110000113920

17 4 12 board_17x4_12_264038_none
01221199492011100
01991249493119100
02331192229122200
01910111011119100

16 5 16 board_16x5_16_264053_none
2921992111239100
3931233911992100
2942119212331000
1299333211910000
0123992911110000

15 6 22 board_15x6_22_264071_none
191019119129219
122222111129332
029391112122929
139421293922221
295910394139311
299210292029391

11 12 33 board_11x12_33_264094_none
91193939221
33213932929
99101111121
22212110122
12294931299
93969991293
13999421222
01343111292
00192129339
01333922392
12992122921
19321019210

7 19 17 board_7x19_17_264135_none
9100011
1100019
0000011
1100111
9211292
2392392
9312932
9202239
1112921
0019321
0011291
0000111
0000000
0000000
0111000
0293100
0399100
0293100
0111000

4 16 16 board_4x16_16_264154_none
2921
9492
9429
9432
2991
2331
2920
2920
2220
1910
1221
0191
1211
9221
3929
9221

4 14 14 board_4x14_14_264174_none
1121
2929
9232
2219
9222
3491
9921
9310
1100
0011
1129
1932
2339
9292

8 4 5 board_8x4_5_264195_none
99119291
22111222
00000019
00000011

11 6 18 board_11x6_18_264201_none
91292011100
22394119111
93499111129
99495321039
22393991149
00112221199

12 8 26 board_12x8_26_264225_none
192921000191
234391000122
299211000019
932101121122
232223949329
199299599594
122239699599
000012999322

15 12 38 board_15x12_38_264256_none
011129939939100
019239339493200
232394222339100
992393911932200
249323211239100
029219210192211
232112910111191
991001121101332
221000129101991
111111292101343
932911922121299
992111111929222

18 18 43 board_18x18_43_264298_none
000191019992100000
000111013449211000
111000001921291111
291000001121212291
921000111029201921
221011291029313220
192119211011292921
129223210000112392
011292910111000292
000112122392110111
001110019933910000
001910012339320000
001110011293921000
000000019212291000
000111133311111000
221192299291000000
992229233311111000
239111119100191000

18 19 50 board_18x19_50_264345_none
111000001929211191
191011101122391222
112129100001932191
001922211111291111
012211911910112121
019101111110002939
011111100012213941
000019100129912920
000011100193322110
011100111122292100
029200191019229211
149312321022211291
299219911239100111
293112211992100000
111001112331122111
011101922910199219
019212129321249332
011291012391193929
000111001921112121

19 19 88 board_19x19_88_264401_none
0012921100019119221
0139439100123222939
1299942200293911149
1949949201394331029
1134449201934991133
0029921212239931199
0029421292194421133
1111392292139592019
9100394333249993111
2321299499299969200
1991123993236969211
1221001221019994219
0000000012333599233
0001121229992393299
0002949393339211122
0003959312132212321
0002942102939229991
0001292223942294542
0000112992291112991

19 18 90 board_19x18_90_264504_none
0191011292129292100
1221019213931229321
2910011213932133991
9211221293394939532
2202991293399239391
9114953339223233421
1119959942323939921
1134959939399393229
2949239322493211011
2993111101932212121
1494110112139392939
1494921192129533139
1994392139212992222
1393392029323349492
1333932011299129939
1993392011233212232
1494493029219322129
0299392029212992921

19 16 81 board_19x16_81_264607_none
9395920000012932119
1499931100019399111
0294339222232433111
0111294939929392019
1222394249542493122
9499339239949449219
9944493944499949421
2229922299223349910
2334320122100194310
9993921111112239100
2339493393292922210
1122599493933112920
9229499312293223931
2922933221339939492
1222112939294931392
0191002931212110111

14 4 10 board_14x4_10_264697_none
99311111001910
49391191012210
92211122229100
11000019292100

11 4 11 board_11x4_11_264711_none
00292194991
11392129941
29311014930
29200002920

9 6 15 board_9x6_15_264725_none
011229939
129394392
294493221
293922921
222122339
910019292

7 10 14 board_7x10_14_264742_none
1129100
1932100
2392221
2934991
9339941
2923931
2221139
1910029
1110011
0000000

4 16 10 board_4x16_10_264758_none
0000
0011
1129
1921
2210
9310
9910
2321
0191
0222
1291
9322
1291
1211
9100
1100

5 16 20 board_5x16_20_264770_none
00011
01239
12992
19332
11119
00011
00111
12291
92932
23139
92139
12943
12299
93232
94942
13999

9 8 10 board_9x8_10_264792_none
192911910
112111221
000001291
001111932
002921291
114930111
193920000
112110000

16 5 20 board_16x5_20_264804_none
9992992100192121
2322249211224949
0111029219119959
0191122222224942
0111191191192291

18 8 30 board_18x8_30_264832_none
001921101993929291
012339212239221211
129292291023310111
921211111019921392
110000112134921993
011100193939423492
019211239239393921
012911921111229210

19 16 46 board_19x16_46_264866_none
9992910000129911910
9423220000194321110
1101910111123910000
0001110192139310000
0000000112949301110
1111110001139311910
2921910001122911110
2921121112912220000
1110019229223920000
0000011292119920111
1122321122112210191
2929991029200111111
9332321029211291000
2921012222229211000
1291129911921100122
0111193211110000199

17 18 72 board_17x18_72_264916_none
00199101395932391
00233101999939942
00191001359323992
00111011393101249
11011129694110139
92229129994910192
39393323493110122
29339492221000019
12239922910123232
01922212221299949
13231101911934992
92929211222111221
12122921191001110
12222392211001910
19939339322101121
24349339499211119
92921395959429111
12110299239392100

12 10 17 board_12x10_17_265002_none
011100191000
019100112232
011111112999
111019119359
191011111139
111000000029
122211000122
199291000191
133422000111
019291000000

11 8 13 board_11x8_13_265023_none
92000000000
93000000000
92011100000
11019211000
01121292100
12911239210
19332922921
12929211291

5 5 6 board_5x5_6_265037_none
29200
29421
13992
02949
01121

4 14 8 board_4x14_8_265046_none
1110
1910
1110
0000
2210
9920
3920
2220
1910
1221
0191
0122
1129
1921

6 19 30 board_6x19_30_265057_none
222999
993359
493293
293392
129211
011111
110019
910122
110293
000299
121333
939392
139339
122129
191022
223239
292994
922399
110122

9 18 33 board_9x18_33_265093_none
921110019
932932111
239399100
921223210
121212921
129292239
192211192
112110111
001921000
002391122
001932399
222129393
991012321
222112931
001912949
002221139
112932122
192299119

14 10 20 board_14x10_20_265130_none
29200019111100
29200011119100
11100000122100
00011100192221
11119223322992
29222299911239
92392123210011
11292000001110
01332000001921
01991000001291

15 8 20 board_15x8_20_265152_none
019394910191019
122399210111011
191122212121100
122100192929100
019321223121211
013991191000191
223942211000111
992129100000000

16 6 21 board_16x6_21_265174_none
1992019101911110
1494121101111910
2494911110112110
9939321911291122
9433911222932299
1292110192129222

19 4 19 board_19x4_19_265199_none
9499992221000011222
9965422991111019499
3999212221191012993
1232291000111001221

19 10 26 board_19x10_26_265221_none
0000001121111100019
0001111929119100022
0001922221122311129
0001129100019292292
0000122211012323931
1110292191001913930
1910292122101124930
1110122119100129920
0001129112210193221
0001921101910111019

17 18 72 board_17x18_72_265250_none
99212232129391192
33293999129311129
92229442111111222
29112910012339392
11102342119992392
11101999112332211
29422233210019210
29992113932122910
12339119992911110
23222222333210111
99922911239210293
34339422994921399
29229492334921943
29224931192222239
11129920234392293
00029420199949339
00123910134493921
00192110019212110

12 19 49 board_12x19_49_265330_none
000000111000
122222291000
399399211011
999534210129
249392921292
122213249421
192111939920
124932223920
129959101221
195992211191
225952291111
294949211000
923932221100
112221929221
112922343929
922932992121
932229321000
129223210011
011292910019

10 16 24 board_10x16_24_265383_none
0000199311
0011239493
1139211399
1939200149
1121100029
0000011111
0000019210
1111233910
1911992110
1111221000
0011111100
1139219111
2949211119
2931112221
1110019910
0000012210

6 8 10 board_6x8_10_265410_none
191011
123229
019932
012229
001232
112992
293392
292111

4 5 3 board_4x5_3_265423_none
0000
0122
1299
1932
1110

4 8 5 board_4x8_5_265427_none
9200
9211
1119
0011
0000
0011
1119
9111

11 19 53 board_11x19_53_265433_none
12929399322
29332959399
93912393433
12111939291
12111122321
92921001910
13392101232
12939100199
29222210233
92212922292
12292393939
01932393132
01239333349
11193929999
91113233599
33101912942
99213322920
39219921110
11113920000

16 16 35 board_16x16_35_265490_none
0000000111000111
1110000191000191
2910000111001221
9210000000001910
1100000011212110
0000000129392000
0000000192393110
0000001221223921
1100001910193239
9111224321233921
1119299922939420
0022434393249931
1229291112923991
9392211002332221
9311000112991000
1100000192221000

18 10 38 board_18x10_38_265531_none
912991000001932100
124941111001299210
249921292110123910
999521933910113220
249911129322293921
012210023594949229
000000019999392111
111000013453312121
292110001939101929
922910001292101121

19 4 19 board_19x4_19_265571_none
9210122101910292000
2922399212210293100
2249969339201239100
1939993939201921100

19 4 13 board_19x4_13_265594_none
1910111000011112210
1110293221019119910
0000294993112222321
0000113999101910191

12 16 53 board_12x16_53_265609_none
000012339229
011119994942
139213434949
299322923942
294929229449
234221112994
199211111399
123922921233
012229229339
129221113993
193911112969
222111922399
911123339233
111939932239
233395921939
999229211121

10 19 46 board_10x19_46_265672_none
9101222910
1112992110
0019442211
0012929291
0002342322
0012991191
1139421111
2939322210
9543929921
9993123339
4993212921
2949395320
2242499921
1929239492
2233432229
9229991122
3932322291
3941101921
2939101110

4 14 11 board_4x14_11_265722_none
1110
1921
1129
1132
2929
9332
1393
0299
0122
1100
9211
2391
1921
1110

4 8 8 board_4x8_8_265734_none
0011
0019
1232
1992
3449
9921
3431
1991

7 5 4 board_7x5_4_265745_none
0000000
1101221
9101991
2211221
1910000

10 10 21 board_10x10_21_265750_none
0000011100
0001239210
1111993910
2922433221
9329291293
9211323399
1100193943
0000139339
1100039439
9100029921

17 19 56 board_17x19_56_265774_none
00199212931222100
00123923939299111
00112249432333129
23391199491192129
99932134921129111
23391019320022200
00122234910129100
11119299321192111
19222332291122119
12912931333119222
01113949299112391
12112931222212921
92922211110192110
12139201911232100
00029202332929100
00122101992121100
11291012321000000
19211019101110000
11100011101910000

19 18 49 board_19x18_49_265838_none
1110019100011100191
1910011100019211111
1110000000011392000
1111100011100292111
9219222119210222191
9333399113931292211
1399222102949229100
0394101222292111100
0292001992322111000
1211001249391191000
9111100039522111000
1119111129392111110
0012229122312911910
1101921229101111110
9101222292101111110
1222292921001922910
0199212110002393210
0122100000001939100

19 8 39 board_19x8_39_265891_none
0139399322110292000
0199324992911392000
1233212932111944321
1933922111122399992
2499392101939335449
9595349201292394931
9493949310112394920
1212293910001922110

18 6 28 board_18x6_28_265936_none
001111221000011211
113932992212139491
295939349394949921
499332129329944420
995392233212229910
393939299100012210

15 4 8 board_15x4_8_265967_none
129100001129111
921100112921119
121101292110011
019101921000000

9 12 28 board_9x12_28_265976_none
921013991
292129931
112934431
112495992
922999969
129345949
011119221
000011100
232100000
999100011
954310129
129910192

6 18 22 board_6x18_22_266011_none
192129
223921
295320
299921
139329
022211
019100
022311
129291
932322
139219
139322
192291
111111
110000
921211
129292
011229

4 16 13 board_4x16_13_266035_none
9100
1100
1110
1921
2239
1932
2492
2992
2942
1292
0129
2221
9910
2210
0011
0019

9 4 5 board_9x4_5_266051_none
191000000
222001221
191112991
111192221

10 4 5 board_10x4_5_266057_none
0001910111
0001111292
0000112939
0000192121

11 4 7 board_11x4_7_266063_none
12239100000
92992100000
12221123210
00000199910

14 6 18 board_14x6_18_266071_none
00001394922399
00002999439942
00002959923920
00123223321110
00299101910111
00293101110191

19 19 53 board_19x19_53_266091_none
9100000000111000000
1100011100191000111
0111019100222011291
1392011100191019211
1992111000112122210
2332292110001912942
2943934920001123999
2999594931101129332
2359493129101921211
2931211011101110292
3941100000000000393
2949201110000000292
1139322921111000111
0012929492192110000
1111121392112910000
1921101222111221000
1139201922910191000
0029202493110112110
0011101992000001910

19 19 51 board_19x19_51_266148_none
0000191000029392121
1100111000029312929
9100000000011102342
1101110000000001992
0012932100001111392
1119399100001910111
9222222100001110011
1291000112110000019
0111122292910122222
0000199223210199291
0000122129200122211
0000000029200001221
0000112121100012991
0000193931211129332
0000113939291192119
1122211121211233222
1939911110001299291
1295432910002953311
0129929210002939100

18 16 71 board_18x16_71_266206_none
129939339101121111
193394993112939349
223334993239394999
193992222992224942
129542001221019210
123991000111122111
192332001292392139
111191002932993299
000111014942339333
110000019959122492
911110024992229492
222920019433293921
922921232294943221
932222992249991191
291294333939421111
111299119221100000

12 5 9 board_12x5_9_266290_none
000013920191
000019941111
000135991000
000299321000
000293100000

5 10 14 board_5x10_14_266301_none
93931
13949
12149
92129
39222
93391
29321
23910
93220
12910

4 12 13 board_4x12_13_266317_none
9239
3949
2953
2399
1932
2220
2910
9320
2910
2210
9200
9200

4 16 11 board_4x16_11_266341_none
0191
0111
1100
9111
2229
3931
9931
2391
0111
0000
1100
9100
1211
0292
0393
0292

4 19 12 board_4x19_12_266355_none
0011
0019
0011
0000
0000
0000
0000
1121
2939
9593
2992
2331
2910
9210
1100
1110
1910
3320
9910

5 19 20 board_5x19_20_266369_none
12921
29492
93949
23239
29221
94920
13920
01110
00000
00000
00000
11000
93100
99111
22229
11292
29421
39910
93210

7 16 29 board_7x16_29_266390_none
0019492
1133993
1929349
2221239
9112393
1129959
0029992
0012432
1100191
9111211
1119100
1222222
9391199
9422349
9329292
1292211

11 8 16 board_11x8_16_266423_none
00019920191
11125930222
92293920191
39224320111
92119910011
12122210129
01910011292
01110019211

12 6 11 board_12x6_11_266442_none
191000000139
112110000199
001910000133
013320000019
019921111222
012229119291

18 5 21 board_18x5_21_266454_none
110294991012991000
910299443229321000
222233929942311000
293922123939292100
939391001121229100

19 10 47 board_19x10_47_266480_none
1101292939322939200
9102932149939239211
1102920039952122219
0001110029992119122
1112210123349322129
9329921291029593139
9924942921023994921
2213992222129494210
1113941293921339100
1912920293110192100

18 19 50 board_18x19_50_266542_none
019910000000129291
013320000000192211
001910001111221000
002220001911932211
001911111222299291
111111911292343322
910001111934992191
110011101129994211
110019100013699111
910122100001993229
221191111013442293
191111191029929229
111000111029433232
000000000122393929
000000000293393121
000000000299322000
000000011222291000
000111019100112121
000191011100001929

14 16 58 board_14x16_58_266595_none
23493110019211
99994920022492
23334931129492
00129339129421
11294932113920
39439391002920
99931222212232
49930019394399
94931011399932
23391122334221
29321199292139
94920233213959
14930191002992
24920111123321
99531000199100
99991000122100

6 4 4 board_6x4_4_266661_none
911910
111221
110191
910111

4 6 6 board_4x6_6_266666_none
1110
2921
9339
3921
9221
1119

6 18 15 board_6x18_15_266674_none
000292
000292
111111
291000
921000
111110
001910
001110
001110
112910
292110
921000
222121
292939
922393
110292
110111
910000

11 18 52 board_11x18_52_266692_none
19332394321
23999399992
19332334339
12222391011
01929932110
02233944920
01923599920
02239994221
13932432139
94931294399
29491399942
12921296930
02232323920
12929921110
19344920000
12929321110
23333911910
99292111110

16 10 23 board_16x10_23_266756_none
9100191112110122
1100112395920199
0012322999921249
0129993333211921
0295449100001110
0293932100000000
0112291000000000
0000111011100000
0111000019100011
0191000011100019

19 4 21 board_19x4_21_266782_none
1291019999100199991
9223222454200249432
2229911299211192119
9129311932291111011

17 14 33 board_17x14_33_266805_none
11100000019292111
19100011111229119
12210019112221111
01910011119910011
01111121223210129
11112929291000192
91193231211012321
22112910000019910
91001221000013320
12110192100112910
12921129210192221
92291012932222291
12221001299119211
01910000122111100

14 19 54 board_14x19_54_266844_none
00011101932100
00019102399200
11222101959311
19291001293392
11211001222949
00012212921259
00019912921299
11123223321932
92393129921121
29394934931019
11229339391011
11111293432111
19100112992291
23321101239211
19929100011100
12221101110111
00122224920292
00199399942393
00139324992939

11 19 57 board_11x19_57_266904_none
24920019111
99931112239
94339212939
22293493121
19213993110
12223943932
13939339499
93932495943
12122999329
11129459211
92393293210
24993323910
94959393220
13943922921
02239211392
23921100292
99332210111
35939911110
93932211910

7 14 17 board_7x14_17_266971_none
1111239
1911992
1222221
0292000
0294210
0129921
1233229
1991011
1221000
1121100
1929222
1121299
0000244
0000199

4 6 4 board_4x6_4_266989_none
0192
0129
0011
1211
9291
1211

4 4 4 board_4x4_4_266994_none
9392
2939
1121
0000

10 16 28 board_10x16_28_266999_none
1910001110
1110001910
0111001110
0192110111
0112922391
1222129932
2991012391
2942001221
1291001910
0111123210
1100299100
9211494111
2922993129
1239449239
0193933921
0112292110

11 18 42 board_11x18_42_267031_none
11100000000
19211122100
11291199100
00111133200
12210019211
19942112392
14999222939
02996949442
12394949949
92223244949
13921929221
13933231100
19492910111
13932110292
02921121392
01111929321
12211122921
19910001129

18 14 38 board_18x14_38_267084_none
000019100129920111
011122311194920191
139219393222110111
949311393910000000
139201333111221000
011101991001991000
000001232101332000
000000029211292100
012321029219229211
129992111111111291
294339210000000111
294223921110000000
239912921910001221
193211111110001991

19 6 25 board_19x6_25_267127_none
9422292291000192100
9993932922121229100
2324942111929221100
0003992001122921100
1213993000002249310
9292392000001939910

18 4 18 board_18x4_18_267156_none
221192910001910199
991112111122210249
942101122939212392
129101929239219921

18 4 17 board_18x4_17_267177_none
399229212991000000
994932292232100000
344492111129212110
199392000192292910

14 10 19 board_14x10_19_267197_none
00019100191011
00122100111019
00191111000011
00222192232100
00192212999100
00129101232100
00011100111000
11101110193221
29201921129939
29201291013931

8 19 39 board_8x19_39_267217_none
91199910
11135431
00029939
11129931
19112210
23321000
94991000
99432111
49319119
29332211
13939100
14952322
94949299
24942322
93229100
29123321
22229939
19139692
11129921

4 14 7 board_4x14_7_267261_none
1110
1910
2220
1910
2210
9100
1100
1100
9100
1100
0000
1111
9129
1129

7 4 6 board_7x4_6_267269_none
0001139
1112949
1923931
1129210

8 4 6 board_8x4_6_267276_none
01292100
12939100
92243200
11199100

9 5 7 board_9x5_7_267285_none
199291011
233211019
191111011
112291000
001921000

17 18 78 board_17x18_78_267293_none
99129392100002931
22129329210003991
00011224920013931
11100194930129332
29421113921292299
49993111111921122
99594911111232100
33329332910199311
29222929210139391
94911121100022311
95432121101239321
29994949312995992
23595979493499593
29313999313964492
29312393102999222
22492111002342119
29494111101911232
92399119101111991

19 14 40 board_19x14_40_267389_none
1299100019129200199
9322100011129201232
9200011100011101921
2210129210000001139
1921193911110000029
1291113221911111121
0111001911233911921
0000002331299322129
0000001992394392232
0000002349212922991
0000013931101122321
1110019920000019100
1921112210111011211
1129100000191000191

18 10 38 board_18x10_38_267432_none
910019111111119210
110011119119112921
000000023322211249
000111019921910199
000191124921122332
110111193210129910
911221129210194331
111992123911233949
123492293234949499
199211292199949322

12 4 9 board_12x4_9_267474_none
192929212910
123221393110
129210292000
922910111000

8 10 14 board_8x10_14_267484_none
91000199
22100133
29200019
29200011
12210111
12910191
19321111
11392000
00394111
00299119

4 19 19 board_4x19_19_267500_none
0011
1129
2953
2999
2443
9392
2939
2232
9119
2211
9100
1100
0000
1100
9332
2999
1354
0199
0139

6 12 15 board_6x12_15_267523_none
911121
111929
001132
123229
199932
123391
000111
110011
921139
932939
129332
011291

8 8 16 board_8x8_16_267541_none
12999292
93394339
92112921
22012210
92129210
92193910
22112121
91000019

10 5 12 board_10x5_12_267559_none
1101122239
9211929939
2933223331
1399212910
0293292110

14 4 8 board_14x4_8_267573_none
00000292000000
12111493000000
92911992011211
12111221019291

18 12 54 board_18x12_54_267586_none
000019920295920011
001124941299931029
001912992124491039
123432494111932039
949991293911293349
949432212110129992
242219210000024531
949112910001249942
993212110112999999
392192100192234593
122229100233101932
019111100199101129

19 18 83 board_19x18_83_267650_none
0011112992212110000
0029229449393931122
1129229449314993399
9211113993113959932
9410013993119393210
9910129339332211000
9520294212992121100
9910299101222929332
2210122101123332999
2210123211939911359
9921299922395420193
3932935942949921129
1129223993394391122
0023329492293322191
1129921333229291111
2922210299111211000
9210011393112221211
1100019211019929291

18 19 47 board_18x19_47_267751_none
000000019129211291
110000011129219211
910000011111122200
110000019222229100
000000012939922321
011211012239434991
139393239211299931
949329939201234320
942123321212922910
392019101292292221
292011112921122291
221000019210019211
910000011100011100
110000000000000000
000000011101110000
000000029202920000
000000029202921232
001110011112211999
001910000019101232

11 6 17 board_11x6_17_267801_none
00011129993
00129139799
01292249593
01921199522
01221149491
00191029311

10 5 10 board_10x5_10_267825_none
9999119100
2493111100
0122101121
0019101939
0011101292

5 6 5 board_5x6_5_267836_none
19100
11100
01232
01999
01243
00019

4 19 15 board_4x19_15_267842_none
1921
2229
9111
1111
0019
0122
0292
1392
9321
3920
2931
1139
0029
1111
9210
2910
2210
9200
9200

11 12 36 board_11x12_36_267859_none
11111291000
29229222100
94953219100
24999111111
19553212129
34993293921
99494949321
93339393391
33293322932
99423911291
39493122432
11392019991

14 8 26 board_14x8_26_267899_none
91111193999211
12291129553291
01922234992111
01111994992000
12211223942000
19922211292110
13459921112910
01999491001110

18 4 9 board_18x4_9_267927_none
000000000001921000
122211001111392000
299391001910292000
299311001110111000

19 5 16 board_19x5_16_267937_none
0019229112929119210
0012921119331112910
0112110012911222110
1291001112221992110
1921001911911222910

19 8 38 board_19x8_38_267956_none
0001121292992100292
1213939334449222494
9294943499292299599
1229393993211149932
0123339332100139421
0192921229210193391
1222111293921339211
1910001922129292100

19 12 61 board_19x12_61_268002_none
9100292000193392921
1111392000129933239
0029422000123493393
1129393210192394992
9111239920123949543
1100029942119239499
2210012399222112959
9910000233292102259
2321001292349101949
2392122933993223392
9934949329593199333
9329949211392122299

16 19 42 board_16x19_42_268072_none
0000000000199111
1110000000122119
2920111000000122
3931293210000191
9229339911110111
1112393211910000
1111932001111110
1911291111001910
2220111191001110
2911111221000000
9322923931111100
1292293939119100
1332112232111100
2991001291000011
2931001921000019
1110001111111132
0011101111911939
0019101922223492
0011101129119921

15 19 42 board_15x19_42_268120_none
129210191191019
193921112233221
223291001929910
191222001122210
111191000000000
001221000001221
001910000002991
012321000002931
129291001111110
943421001921211
939942101129291
123999210011211
001234920000000
111112920111000
911912221291111
111112933931191
111002993920111
191012322111110
111019100001910

7 8 11 board_7x8_11_268164_none
9100191
2210233
1921199
1292343
0112991
0012332
0019229
0012921

4 5 4 board_4x5_4_268177_none
0111
0192
1229
9211
9200

7 16 19 board_7x16_19_268182_none
0012210
0019920
0013920
1101110
9211100
9329100
1393111
1392019
9223221
1229910
1395320
2993910
9422110
9200000
2200000
9100000

15 16 62 board_15x16_62_268206_none
939313999999100
359495954432100
992399329221100
221149423929100
122139492121111
199129422112139
343111292292959
991111129323399
931191012911943
220223111223391
932292911293931
399212223944931
294210294992291
344910294321111
999420129100000
959910011100000

18 8 25 board_18x8_25_268275_none
000011119211000019
110129111394221111
920192100299929321
920112110134322991
331002920019112321
992003941011129200
992002991000029211
221001221000011119

19 5 13 board_19x5_13_268302_none
1119100000019100000
9233200111022200011
1399100191019100019
1495210111012210011
9393910000001910000

17 10 41 board_17x10_41_268316_none
01912999229100191
01113954942200111
11102933939111100
29212339332339211
29219293911992291
22222213332333221
91192111993293931
34322911393924991
99922331223112942
24921991191001291

9 19 36 board_9x19_36_268361_none
291000011
922110019
233920011
929921110
122211910
110012221
921029219
291029322
343222291
999393321
233939931
002355939
012999331
019344910
011129321
011129219
129222221
193922910
112129210

4 12 12 board_4x12_12_268401_none
9210
3920
2920
2220
1910
1221
2391
9921
3432
9399
1394
0129

5 4 5 board_5x4_5_268414_none
19229
12392
12921
92110

8 8 15 board_8x8_15_268420_none
29491011
29921019
23210011
91123210
22199931
93445991
29992221
12321000

14 18 35 board_14x18_35_268441_none
00000019212129
00011122392921
00129229223210
00192292119321
11211111124991
19100000194941
11100000124920
11100122119210
29211299111111
29229322100019
11239200000133
01292101110199
01922111910122
01111911110000
01222110000111
23991000000191
99321000000222
22100000000191

15 19 48 board_15x19_48_268481_none
001910000001991
001110000001332
000000111001392
000001392012992
110001992019332
910001332023329
110011291019942
111129222236949
911921119399942
222110012959691
191000002249921
223110001922210
192910112110000
112110191000122
000001221000199
110001910000122
910001110111122
233321000193499
199991000129993

17 19 79 board_17x19_79_268535_none
11119392129100000
29211392192101232
39211212222122999
93229212921929443
23933923932343392
94229229339299229
99222112932333211
23391112139229211
01921192139229219
12110123921122211
92000139531019210
93232299991135920
23999334321199931
92395491000139329
12359921122112221
02999310299212910
24942100299219210
99320000134444310
94910000019999910

19 14 57 board_19x14_57_268623_none
1101999211991122119
9101395921221199122
1100224931000123339
1110293291000001994
1911393332000001399
2232922992100000122
1939421239100112121
1139921132200192929
1113932929111323121
9212393342119292222
9339433991022329299
3499929321019222222
9933221101132392100
2210000001929229100

17 4 15 board_17x4_15_268686_none
92100011111102991
29100019119224952
11100022224939991
00000019119933931

14 6 21 board_14x6_21_268702_none
00199219921111
00249323229119
11393291122111
29694221292000
39994920393011
93323920292019

6 19 23 board_6x19_23_268728_none
291019
921022
220019
910011
110000
011100
029200
259300
999310
233910
012210
019100
022211
239229
993921
332221
910192
222249
192939

4 19 20 board_4x19_20_268756_none
0111
0191
1221
2921
9491
9311
3310
9921
2339
0193
0139
0149
1299
9322
9311
9229
1129
0133
0199

4 12 7 board_4x12_7_268781_none
0011
0019
0011
1110
1921
1291
0111
0011
0019
2221
9920
3920

7 5 7 board_7x5_7_268789_none
2991191
3941122
2920019
1111121
0001910

14 8 19 board_14x8_19_268797_none
92910111001939
23322291001393
19292921001392
11212122211932
00011119911129
00019112221111
00011101239210
00000001993910

17 14 35 board_17x14_35_268817_none
12932299291002931
19399332211002992
11223910000001392
01122210011111211
01929210019119100
01233921011111100
00192291000000111
00111111000011392
11000000000019392
92110000011111211
12910000019222111
01111221011299229
01111992221139229
01911222991011111

19 18 71 board_19x18_71_268856_none
9210191000029392100
2921222100029439100
2229119111111293311
9111111229101239291
1100112292212921211
0000293921192221111
0000293110111192292
0122211112221129229
1299210193992011111
2944920129693000122
2934941112994211199
1293939102599291244
1223342101995432199
1911991012594992122
1122321019393392111
0019221233422223291
1123939399291192932
9119239322211112129

15 6 19 board_15x6_19_268936_none
111000013999291
292011119942211
292129223210000
111193392110122
111234933910199
191199229210122

7 8 8 board_7x8_8_268959_none
1392000
1992111
1222291
0012921
1129210
1932200
1129100
0011100

6 10 8 board_6x10_8_268968_none
000000
110000
910000
110111
011291
029421
029910
012221
122119
199111

4 14 11 board_4x14_11_268978_none
9391
9422
1392
0292
0111
1100
9100
2221
1939
2392
1921
1110
1110
1910

4 19 18 board_4x19_18_268990_none
2921
9391
3421
9921
2391
0111
1121
2949
9499
2493
1932
1291
0111
0000
1121
1929
2221
9200
9200

7 14 13 board_7x14_13_269010_none
0000129
0011292
0019321
0012910
0002220
1212910
9292110
1211000
1121100
1939200
1139200
1121100
2910011
9210019

14 4 15 board_14x4_15_269025_none
01993991199292
12223942222239
92123339100029
12929921100011

16 4 13 board_16x4_13_269042_none
0012922121112321
1119492929119991
9112922232113942
1101110191001129

19 12 40 board_19x12_40_269056_none
0011292232100000000
0019212999100011100
1121101243200019210
1910011119112334920
1121229111119994920
0019292211014959332
0012321292002942299
0001910393001393232
0002221393111393921
0001911939239422292
0002221123959910129
0001910002949310011

19 16 76 board_19x16_76_269101_none
2993393292101111393
3994994949112911999
3959549492119322393
9239494921011291111
2333494210011222100
9299229211029339211
1222223391029399339
0000293932111222299
0011494129222211122
1229493122499392000
9394922911993393100
9439321111221129100
2394920001110011100
9213942212932100000
2211299395499421000
1910122399949991000

15 16 32 board_15x16_32_269191_none
000001110019100
000001921011100
011101291000011
019111212110029
123229112910029
192932119210122
223291122100191
192211193210233
129210129921299
123931012391293
912992110111111
122322921100000
019101129210011
011100012910019
000000112110011
000000191000000

10 8 19 board_10x8_19_269224_none
0000123992
1110199339
1910234221
1111292921
0012922139
1129332239
3943929921
9939222210

4 5 3 board_4x5_3_269246_none
9111
2219
9111
1100
0000

4 16 19 board_4x16_19_269250_none
1129
9229
9421
9920
9920
3321
9229
2392
1921
2331
2992
2959
2392
1932
1291
0111

9 19 25 board_9x19_25_269276_none
000122211
000199392
110139329
910011122
221000019
191000122
111001291
000001921
000001121
110011129
921019239
291011293
111111129
001392011
001992000
001221000
111122100
191299211
111293291

14 12 35 board_14x12_35_269302_none
91011101921011
11139311291019
00199932211122
00123399101291
01110234211921
01922394922331
12129939932991
93244333339421
93999229139411
23333922239391
19101222921211
11100192110000

19 4 12 board_19x4_12_269340_none
1110011129392100199
1921019239329100122
1291012921223210000
0111001110192910000

18 14 66 board_18x14_66_269356_none
000000292001122921
001221293101929239
012992339112332139
139549393229291039
199932493292211029
134339423921011122
029339492111129119
039934932233921222
139439932999321191
394395933964391111
999439393399312110
359493229239433910
932494121112999221
291293910001232119

10 18 26 board_10x18_26_269428_none
9101910191
2201121211
9100129100
2311192100
9391122100
2932019100
1292111211
0129100191
2221100111
9921100000
9329211000
1122391000
1129211000
1921100000
2210011111
9321019229
2991012921
1221001110

7 12 20 board_7x12_20_269455_none
2210122
9920199
4931222
9339321
1394991
1494221
9393110
1213920
0002931
0002492
1101993
9101239

6 10 16 board_6x10_16_269478_none
192292
129339
011292
121211
939221
932939
221139
910022
122339
019992

4 5 3 board_4x5_3_269496_none
9100
2210
1921
1291
0111

6 10 14 board_6x10_14_269500_none
112910
294331
293991
123321
019211
022391
019322
232291
993432
239991

11 19 37 board_11x19_37_269519_none
01232100029
12999221129
19334949221
12323993932
12992223399
93333112942
92294922920
11295942210
00124939111
00019221119
00011100011
11211000000
19291000000
22312111110
19101922910
11101129210
00000122100
01111291111
01911921191

14 19 36 board_14x19_36_269558_none
99201910019100
49312110022200
92291000019100
11111000011111
12110011111239
92910019229299
23110012921239
92100112110011
29100191000000
11212221000000
11292911110000
19223211910000
22229101110000
91192101121100
11111001939200
11011101139200
91129100012210
22192100012910
91111000019210

18 14 61 board_18x14_61_269600_none
994992121292111991
359932929323911332
299522353392110191
399911999332100122
394211395939211129
921001223932922921
221012922111292110
191019592000122100
112134993222119100
001929949399333210
012233322944993920
129119101292224930
932222311233213920
129119291199292110

19 4 10 board_19x4_10_269672_none
1921000000000001991
1291011111100001221
2332119119211000000
9929111111291000000

18 5 15 board_18x5_15_269683_none
001921119129211100
001129122229329221
001121119112922939
012921222101111292
019229291000000111

14 12 43 board_14x12_43_269699_none
29229991000000
92293321001221
11223221001992
11292991002492
29213343322921
92212949992110
22293299943210
92494249439921
29399129229329
11344222322111
01299229493100
01932293999100

8 19 21 board_8x19_21_269746_none
00000000
00000111
11100191
39310122
99910019
24431022
02992019
14992011
93931011
12110019
01110011
02931111
13991191
92221111
11000000
11000000
91000011
11000019
00000011

4 12 12 board_4x12_12_269771_none
1910
2220
2921
9449
2992
1232
0129
0193
1239
1932
1292
0129

4 6 4 board_4x6_4_269786_none
1110
1910
2332
9299
1222
0000

5 4 3 board_5x4_3_269791_none
92100
39100
92100
11000

7 4 5 board_7x4_5_269795_none
1229100
9292100
2422000
9291000

10 8 21 board_10x8_21_269801_none
1911129119
2332932233
1992292299
1221123949
0000019332
2210011291
9932112432
9499119991

18 19 50 board_18x19_50_269829_none
129101910122222211
192101232299299392
222000199433233492
291000249392129211
921000192213931211
110000112223920191
011100001992110111
019111212221011100
232119291000129211
992232211000293291
222991000000293222
001221111000129129
000011291000011129
110139322111100022
910199219119111129
121222222111119129
019211191000011111
011291112110000000
000111001910000000

19 10 39 board_19x10_39_269887_none
1101993911299939211
9212239211933239219
1291012212332133321
0111113921992939910
1100294921233393332
9212493121119223399
9219921129111119932
1112210192111112221
0011211111019211019
0019291000011291011

14 4 12 board_14x4_12_269935_none
00011229100111
00129293211392
00294323922992
00299119392221

6 16 14 board_6x16_14_269950_none
001392
001992
013431
019910
013320
012910
019210
022200
019210
012921
002239
001932
001139
000029
011111
019100

4 19 17 board_4x19_17_269965_none
2921
9493
2499
1932
1110
1110
1910
2210
9100
1100
2210
9921
3339
1932
1139
1129
9122
2219
9111

5 12 13 board_5x12_13_269983_none
92100
29210
24931
19991
23332
91019
11022
22119
99111
93100
22000
91000

11 4 9 board_11x4_9_269997_none
92100194931
39100129939
93200012221
29100000000

16 8 31 board_16x8_31_270007_none
0122119101992910
0299111101333121
0293111100192249
2321029200112999
9920029312223464
3920011293992999
2342101349323493
1999101992101921

18 14 38 board_18x14_38_270043_none
001921223922110011
001129499392910019
000012993212110011
000001332000122111
111011292111299119
191019229119333111
111122111111292100
111292000001249200
191393000001939200
111293101111133310
011229101921129910
019111113349229310
011100029939322100
000000029321291000

19 19 90 board_19x19_90_270088_none
9311012939310000122
9492019359922210199
2492013959429921122
9222102959423493221
1129202249492393991
1139201944923943321
2931101299322949311
3921121346932239492
9333929299959223949
2399343324992292249
2943499102332332193
9229394333911991129
1111334999212331011
0000199443101910122
1121222291001110199
1929101221001110244
2242201932102920299
2929223499102921393
9221299393101111921

16 12 33 board_16x12_33_270186_none
9210000000019991
2922111222122321
2393921992910000
9225942322110000
1229939100111111
0193221100192292
0111001110223949
0000013942292139
0000019999311011
1110023449310000
1910019113920011
1110011102920019

15 10 22 board_15x10_22_270223_none
019299112210122
011333119910199
000191023321222
122211019229100
199100012392100
122101111921000
000123911221000
111199211291000
191122112922110
111000019211910

7 5 9 board_7x5_9_270247_none
0193931
0114959
0013949
1229221
9292100

4 10 8 board_4x10_8_270257_none
0292
1392
9322
2492
1992
2321
9100
1100
1110
1910

5 19 26 board_5x19_26_270267_none
11291
29211
93321
13991
02931
13220
93931
25959
19992
13442
01939
12393
19229
12221
13920
94920
94110
94211
99291

6 19 29 board_6x19_29_270300_none
920293
931299
492233
993192
492139
921029
121222
019291
132311
929111
121229
000192
000111
112110
294910
299320
355921
999391
942211

9 14 22 board_9x14_22_270335_none
192911921
112222129
110191011
921111111
291000293
111001399
000001932
001222110
013992110
029943910
029439210
121292100
921111011
291000019

16 4 16 board_16x4_16_270360_none
9211121291001110
2911939211123910
2333393332299320
9299212999223910

19 8 27 board_19x8_27_270379_none
1110000019100001910
3920000122100001110
9932121291000111000
9493929321111191000
2439234931191223121
9292119992232293939
1211012323939324931
0000000002931292110

19 16 53 board_19x16_53_270410_none
1112920000019119910
1923931001121112210
1129391002920000000
1111212113941101121
9101112922959312929
1212923932399392232
0294239392393212291
2494931212932001921
9923920001291013320
9311110011211019921
1100001129211123349
0000001921291192299
0111001110112239222
2391000011212922210
9932100019292111910
2229100011211001110

18 19 80 board_18x19_80_270470_none
991000000011119210
222110012229112921
222910019921101291
992221012211111332
942192101223921991
394339322995921221
399922993399210000
933211495443100000
110000299991111000
121111334432191000
939129494392222211
292129499949219392
332011334349222593
992001392192119392
992001992111011211
221013442212221111
001239959392992191
112996999534492111
192394999399211000

11 14 23 board_11x14_23_270563_none
00019291111
00022422292
00129291292
00192212221
00112123920
11101929920
19101123320
11111101910
00019212110
00011393121
11000293939
92101222139
39101910011
92101110000

9 10 13 board_9x10_13_270588_none
910000000
221111000
291191111
932211191
239321222
193991191
222221111
911110000
111911110
001111910

4 4 4 board_4x4_4_270604_none
1910
3320
9921
2391

4 8 4 board_4x8_4_270610_none
0000
1221
1991
1221
1100
9100
1111
0019

5 14 13 board_5x14_13_270615_none
00000
00000
11211
19392
11392
00111
01221
01991
01232
00019
01232
02991
24953
99399

10 19 47 board_10x19_47_270630_none
9911929100
3321132311
3920019291
9920011222
9410001129
9200012921
2311129321
9293392291
2339932222
1922492191
2222493211
9119949200
2333239432
3994223999
9999912959
2359411121
0139312110
0192393910
0111293110

11 19 44 board_11x19_44_270684_none
00000011100
00112139421
11294959991
29229949543
92112232499
12221019494
01991023939
01221029432
00001139391
11212922321
29392111921
39412112391
39201911921
92101112220
11111001921
01291001292
01932011229
01392029443
00292029999

18 6 28 board_18x6_28_270733_none
001110000001112931
013931211012923991
029939292229349432
029431239494399219
245920139594942111
999920193923920000

19 6 17 board_19x6_17_270767_none
0000192992001291000
0011212493012921111
1119101392019211292
9111102931011101939
1111102920000001232
0019101110000000191

12 19 61 board_12x19_61_270786_none
000000112991
000000193432
000012349391
111019939433
291013453399
932101999222
129333332222
123999112499
912994129993
112593139421
001993293210
012449333910
139595939420
199999349910
234442293210
911921233111
221394499329
911399999492
111933349311

5 12 11 board_5x12_11_270856_none
99910
23221
00029
11039
91029
11122
11191
91111
22100
29200
29200
11100

4 4 3 board_4x4_3_270868_none
9100
1111
1119
9111

5 5 3 board_5x5_3_270872_none
00000
11100
19100
22211
91191

12 18 58 board_12x18_58_270876_none
191194993221
111239949929
111295323331
393499101932
993994201399
333239101394
191012322949
111112992393
000192222392
110111001932
920011113349
931119229939
239112933232
193222391029
223929211149
194342200199
349939212343
994931292991

16 19 53 board_16x19_53_270942_none
0111000001911110
0292001112222920
1392002921912931
9211113921112391
2201292110001921
9101922121112221
1112322939119129
0019292293232239
1122311123939139
9119101139492129
2211101939311011
9100001121211000
1100011100191000
0000019111322000
0011111119293210
0019100023549921
0022211239993229
1129119399522132
1921111399201929

18 16 43 board_18x16_43_271004_none
199922910000000000
134493210000000000
019229111100001110
011111119211223920
000000123911994920
000112292111239210
110192921000011211
921212110001110191
129221100002931211
013949100002939111
013992111101121119
019332129311000011
023329129391122100
029921111211299100
139311121100293111
921101929100111019

19 12 49 board_19x12_49_271053_none
0191001129100111019
0111001921100191011
1121113332221222100
2939129939929119211
2931129933331112391
2231123312931101932
2929119103959213349
9232223312949339949
2229119922332399492
1921223339291295421
1221191194421129921
0191111129910012391

19 8 41 board_19x8_41_271107_none
2921111129210019211
9593292293921011292
2994949323392222239
2493149319444992932
2942139212999432393
2992193211233921399
2493213931101139322
9229102939100029200

18 4 11 board_18x4_11_271156_none
011129200012910111
139239300019320191
939339200012910111
122921100001110000

14 8 19 board_14x8_19_271168_none
22119101110000
99211212921000
49201394391000
92102993922121
11002932111929
00001110012221
22100011229100
99100019292100

10 14 38 board_10x14_38_271191_none
1100002991
9211113931
3492393221
9933993392
2392249593
1343239592
1999494943
2344995399
1912999239
1111344221
0112292921
0294922129
0299210122
0122100191

8 18 34 board_8x18_34_271234_none
00001939
01122493
01939392
13392222
93932019
39591011
29921122
12321299
11192393
92213931
29323920
13993220
13932910
19321110
13920111
13921291
19212942
11102991

6 19 20 board_6x19_20_271276_none
129291
192322
332191
991111
343111
199119
232111
921100
129221
012929
123221
299100
932100
121100
019100
011100
122100
199111
122119

5 19 15 board_5x19_15_271299_none
01110
01910
13320
19910
12210
00000
11111
19129
11129
00022
00129
11393
19392
12332
01939
12392
29211
92100
11000

4 10 11 board_4x10_11_271315_none
1110
2921
9491
2932
1392
0394
0299
0133
1139
1939

8 4 4 board_8x4_4_271328_none
00011100
00019111
00012239
00001939

9 4 5 board_9x4_5_271333_none
000000000
111000000
192112221
129119929

15 12 47 board_15x12_47_271339_none
139219222911110
949212929321910
292102233922331
122102922921991
239224942211221
995949949310000
595949449921121
994242394933939
334939334394941
193931299213931
233210122223391
929100000199211

16 14 59 board_16x14_59_271396_none
0191019100199200
2432011111239200
9992223239333200
3959299939399211
1292239431334492
1221012911292993
1921101111923593
2349211112211992
9499219239213542
9932223399219992
2332394942223449
1299394920293292
1932334321399321
1110199291294910

19 18 60 board_19x18_60_271463_none
0000199929100001910
0000123221100002220
1110000011100012921
1911110029211119391
1112920029219223432
0003930011111292992
0002920000000112239
1111222221000000011
1910192994210111000
2220234499920191111
1910199249941222292
1110233129992291293
2210191012322922239
9910112121212111921
3310112939291112110
9322393292211191000
3994993111011211000
2994992000019100000

18 10 46 board_18x10_46_271528_none
029494322910000199
029599992110001232
011399631112111910
011349921293932110
029393229224992100
029311012229339100
133201111932222211
299323911393292292
969499211394949349
949322101923931299

11 4 7 board_11x4_7_271579_none
12910011291
19210019321
11101133910
00001929210

6 12 19 board_6x12_19_271588_none
911929
221243
922299
393959
294239
239232
195939
249931
199310
122100
000000
000000

4 19 10 board_4x19_10_271612_none
0019
0011
0111
0191
0111
0000
1232
1999
1232
0000
0000
0000
0122
0199
0233
0191
0233
0199
0122

6 14 22 board_6x14_22_271625_none
921100
129100
012210
112931
912949
222292
191222
122291
129211
953311
999292
995339
494932
293129

14 4 7 board_14x4_7_271658_none
00192112920191
11112912920111
91001111111110
11000000001910

18 10 48 board_18x10_48_271667_none
139991000122393939
199532000199394239
122392000133339321
011392011119139921
129322129122339329
934921921129393221
139942111149524931
039992001939493991
029695212343922332
011399911992110191

19 14 57 board_19x14_57_271721_none
9221100001233391019
2939321112999932022
1293992192394392129
1323392123332223921
9291111019929119210
2322110012221111111
2922910111000000019
9492221191000011233
2932191111001239299
2492111011101994449
9392112239101239921
1211192994321234432
0000123459929299299
0000019299321222222

18 19 62 board_18x19_62_271784_none
000019129492910000
012221129922110000
019910013321110000
024420012912931211
129920029423959492
194920029393399592
223121111213959311
192239101112942100
222993101922493110
921392012339393910
920111019392323110
232211023932292110
199292119339212910
244329112922212220
199111101111911910
123210000002221110
001910001111922110
112110002922392910
191000002921922110

16 16 67 board_16x16_67_271856_none
1291111000000292
1921292111000293
2231493192211139
2949392139592139
3994322129992192
9599229113542122
1395932101992019
1239494211392022
1921499910123339
2321295321239993
9592112912993349
9995212222932139
2499932912221921
0236949211922221
0193942201129339
0112129100012992

14 12 40 board_14x12_40_271935_none
12910000192939
94320011212292
29931129201343
25949129311999
93931124933342
13331019993931
12992123944992
93444921139592
12994920029311
01393221011100
00233292100000
00199229100000

12 10 26 board_12x10_26_271989_none
199100112110
123210192921
012921212239
129349200192
193399311221
239235921910
931229922231
920193211929
111232102242
001929101929

8 4 4 board_8x4_4_272019_none
00000000
01221011
12991019
19321011

6 4 5 board_6x4_5_272024_none
000191
012321
129921
193391

4 6 7 board_4x6_7_272030_none
9399
1393
0111
0000
2321
9991

4 14 9 board_4x14_9_272038_none
1929
1121
0000
1110
1921
1291
1221
1910
2220
1910
2210
9100
1222
0199

8 19 36 board_8x19_36_272049_none
11111139
92291199
12921233
12210191
29101343
92212999
11192393
01343222
02999119
02993111
23332100
99119210
23223931
12912991
19332332
24939229
94943921
93129210
11011100

12 12 32 board_12x12_32_272090_none
000001110122
000012922499
000029329999
121129322332
939233932211
293929399392
233221234949
929211129392
231292292211
910239211111
220192111291
910111019211

18 4 12 board_18x4_12_272128_none
129100199100191129
193322232211111293
112992910191000292
001222110111000111

19 8 38 board_19x8_38_272143_none
9910191019239200000
2211233233949422110
1101939949594993931
9422295969923934949
9992334993211112931
3932992221001222121
1111232100002991029
0000019100002931029

15 19 60 board_15x19_60_272186_none
921011129201910
292119239201110
249323392100000
199392921000000
245433210111000
199929111293221
124332339339939
002922994932239
013922944920011
019322393231100
123922932949421
912922921399991
222221110396931
922932100293110
292299100111111
111133200000293
000019112210299
001121129922332
001910029329910

14 19 64 board_14x19_64_272252_none
19211121293991
34922939313931
99592259423210
39921199499100
35420139432100
99910013920000
35332213931110
93939945931921
24933999932291
94332259592332
93992129312991
23449122201221
19292129200111
22322029310191
92392012911221
49492112111921
99311191001291
33100111012321
91000000019910

6 8 6 board_6x8_6_272327_none
192110
112910
111110
910000
231100
929100
132200
019100

4 4 3 board_4x4_3_272335_none
1221
1991
2321
9100

4 8 7 board_4x8_7_272339_none
2920
2920
2220
1910
1110
0122
1399
1993

7 14 13 board_7x14_13_272350_none
1110000
1911110
2332910
1992110
1221000
1110000
1921100
1129111
0011119
0000022
0112129
0192921
1323121
9291019

10 19 40 board_10x19_40_272366_none
2910192111
9221239329
1119129392
0011222211
0001291000
0001933110
0002392910
1111933210
2932239211
2939129329
2221122393
9210129239
2933392129
1299933121
1249492921
1921223229
1121229233
0019292299
0011211139

14 19 67 board_14x19_67_272415_none
12322910129321
29992110193991
39532011323232
92291019392029
12232222493039
12929392393129
93233959329111
12924959322100
02349931291011
24995421221029
99959912943239
96449323999921
99293229334331
33313931212929
19103930293121
22113920292000
92129321222000
12932291293110
01291111293910

16 16 53 board_16x16_53_272489_none
0000001922110000
0123211292911110
0199921124321910
0134491019911110
0029432223210122
0039939494211299
1129339599921932
9233322934921121
2939911111121129
2239422110019239
9333392910123921
2993932111393221
1223932211992191
0012229922321111
0029223439111100
0029219292119100

19 4 19 board_19x4_19_272548_none
9212129292922321000
1293931213239993211
0113920123934999392
0001110199229332392

15 12 24 board_15x12_24_272570_none
000000000191000
000011100111111
000029200111191
000029211291222
221011119211191
992211011111322
239292100019391
022439100012932
129292100001129
193432011100011
222992119100000
911239111100000

7 19 31 board_7x19_31_272599_none
0019211
1111291
9210233
2921199
2391122
9333100
1299100
1232100
1910000
3331100
9949100
3993210
1223942
1113999
9339449
9399322
2333492
2921992
2921221

4 12 7 board_4x12_7_272639_none
9910
3310
9111
1119
1121
1921
1129
1111
9100
1100
0000
0000

6 4 6 board_6x4_6_272648_none
019292
122229
192122
129119

14 16 46 board_14x16_46_272655_none
19911932239200
24321399399200
92910293394200
24220122229100
92921129332100
12292395991000
01222995963100
02921223999321
02932111233991
12394910001221
91399210111000
11394101393110
11292123993910
91112399322110
11001993100000
00001221000000

18 19 72 board_18x19_72_272712_none
292992992100112910
922222239111292110
222121222119211000
192929391012210000
113233953212921222
001923999495339299
111129554999931233
920023993495920129
920019449212121293
111133921101129229
001929221113931111
001232119229920011
111192112934432129
191239101293992921
221193211339323220
910129119493101921
110023322992001292
011119911221000139
019112210000000029

19 12 34 board_19x12_34_272792_none
1921292912920129291
1129212112920193311
1123321212110129100
9119929291000011100
2212233421000000111
9100019921211000192
1100012229291001239
1100000011211112921
9312111232100192110
9392933999100111000
1212299443100000000
0000122291000000000

19 10 33 board_19x10_33_272829_none
0001121100000029200
0001939222100029200
1112392399111122311
9129421293129219291
1129910222029211211
0124320292012321000
2393932393112991000
9939499229119332100
2222493111111119211
0001921000000011291

16 4 14 board_16x4_14_272864_none
9991000000112910
3422221011394210
9211992129399200
2911222921239200

11 8 12 board_11x8_12_272879_none
12210000191
19921100111
12229100000
00022200000
12249200000
93999200000
29332112210
11100019910

4 19 22 board_4x19_22_272895_none
0192
1339
9393
4959
9949
9543
9399
1222
1100
9332
2999
1232
0000
1110
2910
9221
2229
2931
2920

4 14 8 board_4x14_8_272919_none
0000
0011
1229
9293
1229
0011
0000
1211
9292
1229
0011
1110
1910
1110

9 4 9 board_9x4_9_272928_none
019100191
012321233
113992199
193992122

12 5 9 board_12x5_9_272940_none
000000199210
000000234910
232101292110
999212921000
232292110000

18 16 77 board_18x16_77_272950_none
192291001922993119
349433111393399122
994992922393222119
239322293949210122
122211113944920192
293392013339932249
299594239933492939
123994995449433232
013695495993991191
139999339953332111
949959229991191000
139332212332211000
122119111129310000
393121129229910111
993921029212221291
222291011100019211

19 19 79 board_19x19_79_273036_none
1910001129910019100
1110001922321022311
0001111110191129291
0001921211112293433
0001239393101949299
0011293499112394432
0019223943119339931
0122119492012923991
0191011393113321221
0112221129229910111
1101991011293210192
9102331000234221239
1101921222299959229
0112129399325999311
2493111399312969300
9999211334922149410
2349219393493129921
0012333922999222239
0001992111233910029

18 16 43 board_18x16_43_273125_none
129111291011100000
932119222119322110
392011239212992910
292000199201233321
111000122101129291
000111000001921222
000191011101110019
000111019100000122
110112121222211191
932292921199292221
399422292222212910
299911239100001110
233211922210011100
911111122921119100
222921019229111100
192291011111100000

18 14 44 board_18x14_44_273170_none
110000011100011211
910011119100029392
232229111100029329
939921212110011222
293210192932100292
122211234399100293
019391299222111239
012932294200019249
112291129212122939
191112132392933221
111113939212299221
000193942100234929
000112291000193221
000000111000129100

10 4 6 board_10x4_6_273220_none
0000019910
0000123221
0000292129
0000292192

8 5 5 board_8x5_5_273227_none
00193920
11113920
91001110
22000000
91000000

4 12 13 board_4x12_13_273233_none
1249
2999
3993
3952
2991
1221
0000
1110
1921
2391
1932
1129

4 18 16 board_4x18_16_273248_none
1100
9221
2949
2399
9332
3931
3991
2942
2492
9492
9311
1100
0000
0000
0011
0129
0192
0111

4 19 15 board_4x19_15_273267_none
2321
9992
2493
0129
1111
9100
1111
0019
0133
0199
0122
2221
9929
2221
0011
1229
9292
1211
0000

5 19 13 board_5x19_13_273284_none
00000
00000
00000
11100
29100
93211
93191
92111
22100
19100
11211
00292
01393
12949
93292
92111
11000
00000
00000

12 6 19 board_12x6_19_273299_none
001122492191
222939993222
993239593393
239222229499
011292111394
000129100129

15 4 10 board_15x4_10_273320_none
019101910000000
022201110011100
139200012339111
199200019992119

19 12 62 board_19x12_62_273332_none
1129119993939111393
1921225965931129499
2220193999221129433
1911222343119122392
1122910192122219459
1239210129129212999
2992101132239301393
9543212939339311332
9399292249393911992
3432333393323111393
9910299492191122239
2210294921111199129

18 19 60 board_18x19_60_273404_none
929399922210192129
121399329910129129
110122112210012221
922210000000012910
129910001110019321
013332333910011291
001939999210000111
001295994322122210
011213944993929910
139201293995232210
939200112393910000
232100000234210000
191000001299100000
111000002942111100
000001234931119222
000002999329111399
000002959322100293
000113231291000111
000192910111000000

18 19 50 board_18x19_50_273470_none
000029200011101110
112139200019102931
192921111223213991
112110019292912931
001110011212122210
002920011100019211
113920019100011291
192111121211000111
111112911292110000
000192111922910122
000222012333332299
121291019399299222
949323133933332100
992292939311910000
221112139422110000
000011112991111000
111019101221292111
192121100000393191
112910000000292111

10 10 26 board_10x10_26_273521_none
1211199229
9392243494
3943929499
3939344593
9221299921
2201233221
9101921019
2212492122
1911992191
1111221111

6 4 3 board_6x4_3_273549_none
019119
011111
001110
001910

4 12 13 board_4x12_13_273553_none
0000
0111
0192
0139
1259
1999
2499
9222
2210
2910
9431
2991

10 19 33 board_10x19_33_273571_none
0000191191
0012321233
1129920299
9129931394
2212392392
9222212921
1299212110
0233291000
0292111000
0292000000
0122100000
0019332100
1122999111
1912342119
1111921011
1102391000
9101921011
1101111249
0000001999

17 8 28 board_17x8_28_273608_none
91111111001922910
12291191001393110
13931122100294210
95921129211129910
99222921291012210
93229320122100000
22294943229101110
19213999921101910

19 4 14 board_19x4_14_273638_none
9112929129200001121
1119221239200001939
0133311293100001292
0199291292000000111

18 12 52 board_18x12_52_273653_none
123229111299101929
299954329233212221
299999932229119100
234333392293343211
193221229324999119
349939122394942111
995952129339322210
333991029229339910
932321011113949310
939212110002931100
231393910001110011
910293110000000019

16 16 44 board_16x16_44_273715_none
9210001921100019
3920001129101232
3920001121101991
9211233910001221
1101999310000000
0001359200000000
0011293211211111
0029559229391191
0029999239411111
1123995339310000
1911239943910000
1221013939321011
2391002242391019
9931001929211011
4920001121100111
9210000000000191

15 18 38 board_15x18_38_273763_none
191000111029929
111000191029431
110000112122910
921101111911110
129101911121100
011101110129100
000000000192222
111222110111199
911992910000122
111234332210000
000019939910000
111012393210000
292111111000000
292191011111100
111111019119100
121100122233211
929111292299229
121119229222292

7 14 25 board_7x14_25_273802_none
9922221
3492992
9213492
1101921
0012210
0029211
2239219
9922221
3312942
9102999
1212243
0293119
1399222
9239219

4 6 3 board_4x6_3_273829_none
0000
0000
1100
9211
2391
1921

4 4 3 board_4x4_3_273833_none
1100
9100
2311
9291

5 6 8 board_5x6_8_273838_none
29910
39520
39921
93492
11292
00111

8 12 20 board_8x12_20_273849_none
22100011
99210019
34910011
93122210
93119910
29112321
34321291
99929211
23221100
00012321
00139992
00199439

15 19 60 board_15x19_60_273870_none
000001910112939
011101111292292
019100001921111
012211112231100
222922911939311
992293211139392
221129100011229
110012333321011
920113999992222
920193943459499
110224220299599
110192910299422
911222110249211
111922121292119
012393929211122
019229222210192
011122313920249
011119394932399
019111393129932

16 19 72 board_16x19_72_273940_none
9322299200292011
2993959310292019
1223943910111122
1101239210000292
9210193311000292
2922239292221111
1293942313991000
1213949202932121
9212349202232939
9339493211929239
2949933912243321
3349592222949910
9932921193399310
3921110239222100
1232223493211111
0199599993291191
0249994339211111
1294542122100000
9212991191000000

19 10 33 board_19x10_33_274020_none
9929392000000001110
9321494110000001910
1211293921000002220
0191113391001111910
0112111932101922210
1111911129222339210
1911121113939393921
2210029324943922291
9101249399392110111
1101992222211000000

19 5 14 board_19x5_14_274058_none
0002920000000011222
0014930111000019299
0019930191111122349
0013920111192291192
0001110000112921111

18 4 17 board_18x4_17_274074_none
232101921293210000
999112349329921100
343119299322239322
191011223910029399

12 12 26 board_12x12_26_274092_none
921100191000
239100222111
921100191292
220000111292
932211121222
939923939129
123339941129
001923920122
002332110292
001992110292
001334920111
000193920000

5 19 26 board_5x19_26_274123_none
11000
91011
11019
01232
01992
12393
93229
99321
39921
13593
13999
94964
39599
29593
23921
92110
11122
00199
00122

4 6 4 board_4x6_4_274155_none
1129
1921
1110
1121
1929
1121

7 4 6 board_7x4_6_274160_none
0001221
0112992
0192359
0111199

10 6 15 board_10x6_15_274169_none
2992211199
2949291249
2242422293
1929291292
1132322211
0019119100

14 12 24 board_14x12_24_274188_none
11119101929119
19232201121111
12939211100111
01139219101292
00011111101949
00000000001139
11222100000011
29499311110111
29949921910191
12223921111221
00001110001910
00000000001110

17 18 52 board_17x18_52_274214_none
00199239310001110
00122299911112931
00000249422912991
11001292292111221
91001921122211000
11112110129391011
00191111193922129
00222192222111932
00191224931112339
00111294939119292
11111393121112332
29219211011101929
29211100029202231
11111211039301910
12229292139212210
19931213931129322
13920002920029399
01110001110011222

19 19 94 board_19x19_94_274270_none
1910129100191111129
3320294200111192292
9922499111111339211
4549944329119392100
9993239932112933221
3421029591002249939
9100123922122949592
1100193232929459322
1111344929233995339
2933999453229599939
2993944999349323221
2332123944992100000
2911129433954210122
9211922993399910199
1101111394596310139
0000111239999311022
0000191194959391019
2222322222233322121
9929911910192911910

17 6 18 board_17x6_18_274386_none
00191191292001110
01221222292112921
01921191111193391
13491222000139421
19921191111039910
12210111191029310

16 5 16 board_16x5_16_274407_none
0000112232119211
0000192999223492
0000224343393992
1110192922923942
1910112292111129

10 6 13 board_10x6_13_274425_none
9992392111
2323992293
1102942299
9102391122
1101921000
0001110000

4 18 17 board_4x18_17_274440_none
1100
9210
2921
2239
1932
2492
9393
2349
1949
2392
1932
1291
1211
9210
2910
1221
0292
0292

4 19 18 board_4x19_18_274459_none
1929
1121
1110
1910
1232
1299
9233
2339
2992
2931
1121
1239
2992
3931
9321
9219
1222
0191
0111

4 16 13 board_4x16_13_274482_none
0000
1110
1910
1221
0192
1249
2959
3992
9321
1211
0192
1349
9299
1222
0000
0000

8 8 11 board_8x8_11_274497_none
00000111
01110191
23911221
99222910
22229221
00193239
00113949
00002931

11 4 12 board_11x4_12_274511_none
00029329920
00029395941
12121224992
92910019339

16 6 17 board_16x6_17_274527_none
0001110000001129
1102931100001921
9213949100123210
3912942100299100
9421291000294321
9910111000112991

19 19 95 board_19x19_95_274545_none
0019212910019210111
0122293210012910293
1291129321001122499
9422013993210019943
9491002949931223391
2932113344949592233
2229229939239992199
9212394594344532139
9313932995999292222
1293932596963239493
0112129396991029499
0012232329942111239
0019939234439210011
0013932949932921100
0001111399921139200
1110111399310029200
1910191294321123210
2231333324993294920
1929299293999229920

19 19 97 board_19x19_97_274651_none
0019210111139391019
0012932291199311011
1101399212233221100
9100394102933949200
2210293102994959421
2920239212393294991
3930192292233349532
2931323333929959491
2349492993122499421
9399922393121496920
1496331223929497930
0294939129542399920
0224943249991123321
0293292959953111392
0293323399599219392
0139491294599432211
0029922239495992110
0012322934949433910
0000192293931292110

18 19 72 board_18x19_72_274757_none
002994920002920000
113949931112921110
192245921911111910
111299222210001110
000394239201110122
000393199201921299
110293232112229344
911233911129222399
111939211934932943
001393112229939339
000293129112221293
000124932210111129
221129921910191011
992395432110122111
359494991112139219
949313942393939211
292102349395331100
112111993329910000
001911239112210000

11 6 17 board_11x6_17_274831_none
94992222291
99323993931
22224933920
00199323331
00139219929
00011112221

4 8 5 board_4x8_5_274852_none
2210
9910
3421
9291
1211
1100
9100
1100

4 12 8 board_4x12_8_274858_none
9210
3910
9210
2210
1910
1121
0019
1132
1929
2221
9100
1100

6 19 24 board_6x19_24_274867_none
933910
299210
232100
921100
239100
293211
392191
921222
122391
129931
194920
233210
939210
294920
234920
929221
232119
191011
111000

10 14 21 board_10x14_21_274895_none
1993921110
2333921910
1911111110
1110011100
0000029200
0011129200
1129222100
1932391111
2239323291
1921393921
1110293221
0011211191
0129100222
0192100191

18 4 14 board_18x4_14_274920_none
991012911932222100
222239332399299100
012993929222222100
019322121100000000

18 4 13 board_18x4_13_274937_none
121292291019119129
939212921012221129
292101121101911121
111000019101111910

19 8 23 board_19x8_23_274952_none
9100000000000001129
1211000000001111932
1291112111111912239
9332294932923222931
2929229939393912920
1121112221239311121
0000000000029201129
0000000000011101921

19 12 49 board_19x12_49_274978_none
9200019100001291000
9200011100001921111
1100111011101121292
0000192119321019239
2210129344991011239
9920012999322122392
5931122443101949942
9922949492112499939
2213969939239494221
0002949321299421000
1122232200134910111
1929119100019210191

19 14 65 board_19x14_65_275033_none
2910000012229499211
9321000029932994291
1292221139921493111
1223991193222492111
9239421122119921191
2399311019112321111
9334392111223392221
1292939101299933991
1212122222949693221
9210001929343993100
2910001233929559210
1111222394233993921
0123992999219433239
0199322249212911921

17 19 76 board_17x19_76_275102_none
29100199201239921
92100139201994329
11000011112339122
01221001129111129
02991001932222249
13953102492299299
29499101992293222
93394201221112110
92139201110123921
12139312931299339
02932923949349229
13932349494493211
92129299449939210
11011233499323920
00000029695323931
00111029994994491
11191012493239932
92122100111012391
92019100000000111

11 16 27 board_11x16_27_275185_none
00000000000
00000000000
00000000011
01110111019
01910292122
01110292191
01221222111
12991191000
93331122211
13920019393
02920012499
01111122943
11212929229
19393231233
34922910199
99211110122

7 8 14 board_7x8_14_275215_none
1991191
2433221
9493931
9934991
9592221
9311011
1100019
0000011

4 4 3 board_4x4_3_275230_none
9321
2991
1221
0000

4 6 3 board_4x6_3_275234_none
0191
0122
0019
1111
9100
1100

4 10 9 board_4x10_9_275238_none
9311
9392
2339
1921
2220
1910
2220
2920
3930
2920

9 19 35 board_9x19_35_275249_none
000139200
000199310
001233910
001911110
112220000
912920111
234952393
949999499
969432393
993212221
392193920
233214930
299113920
293119321
221012391
910001921
110001110
112110000
192910000

11 19 32 board_11x19_32_275290_none
39321100111
99929210191
35543910122
29992222129
93432192921
11191112110
11111000000
91011100111
11029200191
00029311111
00011392000
00000292122
11001221199
91002920233
11002920191
11001110111
91000000000
12111111121
01911911929

12 19 32 board_12x19_32_275326_none
011100000111
129100000192
192111100129
111019100122
221011100191
991000122222
221001299129
000001932129
000001110011
000111000111
001393110191
111993910111
911222111110
122210001910
019910001221
012210011291
233210019321
999931012910
249991001110

17 12 49 board_17x12_49_275360_none
91011291000012210
11129222101249910
23393229101999410
99943921101399200
95993110001233321
23493111101922992
19229129213339339
11122229219921111
01129122223421011
13942239329293349
93992199921229999
12392123210013942

18 10 46 board_18x10_46_275414_none
921221011102999219
932991019102959211
932931023322221100
932221119929211000
239119112332292100
294211211292239100
499212291395394421
993292932399949992
941112129224494459
920000011101922939

19 6 29 board_19x6_29_275467_none
9101139910192399111
1112939420123993239
0029322921019321199
2239201292121212232
9921222223922393920
2210199119229923920

19 4 14 board_19x4_14_275504_none
2921910019322110000
2921111122993921121
2321001911223922939
9291001110001112931

16 12 50 board_16x12_50_275520_none
9939200191001121
9439311223111929
9222391193912231
2229333229321921
1932399344912492
2391395999211992
1921293393223321
2210123444499211
9100129999993291
1211294349421222
0192394221212291
0112939910192921

8 19 22 board_8x19_22_275574_none
00111011
00192129
00129239
11112921
19101110
11100000
11000000
92000000
93121100
12929221
01122929
00001121
01110011
01922129
01292921
11123221
92019119
93111222
29100191

4 10 11 board_4x10_11_275599_none
0011
1129
1932
3491
9953
3999
2332
9222
1299
0122

4 8 7 board_4x8_7_275615_none
2920
3930
2920
2231
2939
3931
9210
1100

5 4 3 board_5x4_3_275623_none
11100
29200
39300
29200

10 12 32 board_10x12_32_275627_none
0000122119
1212299111
9293942111
2313920029
9212221029
2393392232
9339922991
9239422321
1249429211
0199921291
2469421322
9999219291

15 19 41 board_15x19_41_275665_none
000000192911910
000000112111110
000011111100000
000019119100000
121111112210111
929211001910191
121292112332221
000123911994931
111129211394992
291192100123449
932211000029392
129100000029422
121111100022391
911129100019211
122922221111100
019212939332100
011213932999100
000192122332211
000111019100191

18 18 68 board_18x18_68_275711_none
000199211119101121
011249319221101929
129239223910112121
933921119210191111
239210022211211191
921211019119211221
110192121224921921
011212910294932229
139212222493239111
299219119932292211
943221224921922292
932910293111111939
292111394210123221
111001949910299311
110001293221399491
910122211029434931
232299210029934920
199223910012399210

19 8 32 board_19x8_32_275791_none
1111299291199312992
1923942222349492392
1239920019393932211
0193210012922139310
0112110002220139910
0012910113920295320
0019210193921394920
0011100112111923920

17 4 9 board_17x4_9_275830_none
00000000001911921
11000011113321139
91000019119921129
11000011112229111

14 6 21 board_14x6_21_275841_none
11012999101110
91019593212921
11134922292129
11199423931122
92249393931291
92192212129211

12 8 26 board_12x8_26_275869_none
011239593100
019299999211
011239542393
121124931299
929239993232
123949594920
002942213931
001291001291

8 16 22 board_8x16_22_275902_none
01110000
01921111
12239119
91192111
11122211
00019291
01121211
12911110
29312920
29324920
22399321
19333392
22291393
92332292
12991111
01221000

6 19 15 board_6x19_15_275926_none
193991
139421
029311
012391
112921
192110
221000
911110
111910
001110
000000
110000
921211
129291
011211
001110
001910
002220
001910

4 19 16 board_4x19_16_275942_none
0000
0000
0000
0000
0000
1221
1991
3542
9991
9521
9211
1119
1121
2921
9492
3949
9239
1122
0019

4 12 12 board_4x12_12_275959_none
0192
1339
9293
1229
0011
0011
0129
0293
0293
0249
1299
1932

8 4 4 board_8x4_4_275973_none
11011291
92129211
12921100
01110000

15 10 36 board_15x10_36_275978_none
001999101993292
012494211399339
019335920244493
121299930199392
920124920234432
930012211292991
931119213954321
129111293999100
232101222232100
991001910000000

19 19 79 board_19x19_79_276015_none
2921000011100129931
9591000129211195939
9921112292393239221
2321193931395931211
0192213920294932492
1239101121212129992
2942201129100012321
3949311933211110000
9349923393911910011
1294492949312220029
0239333239202920029
0294929122203930011
1393121239312920000
2921111199912342100
9321394333211999211
2911999910013453492
2211233321019929392
9111111291123221222
1119119211191000019

18 12 45 board_18x12_45_276101_none
000112249200129111
110192999200192229
920112354200112393
931100199100112992
139200122211194431
139200000192229910
921111100129112321
221139200122111291
292199300191019333
292259301221011299
111199522932111249
000139992299119129

17 10 29 board_17x10_29_276151_none
00001910001992100
00001221112239100
01110193391011100
01910129932211111
01111233229291191
12111992232322111
92912332992192100
23111912492129210
91001112931024931
11000002920019939

10 4 10 board_10x4_10_276183_none
0192222929
0113992121
1224952100
1993939100

5 12 11 board_5x12_11_276195_none
19210
13920
13920
19210
22200
19111
11129
00029
01121
01932
01399
00293

4 19 19 board_4x19_19_276207_none
0199
1222
9210
3910
9321
9329
2921
2210
9111
3449
9999
3443
9119
1111
1100
9211
2391
1921
1110

4 19 23 board_4x19_23_276231_none
1211
9491
9921
9321
3329
9942
3949
1149
0039
1249
9399
2932
2342
1999
1232
0000
0111
0293
0299

7 14 20 board_7x14_20_276260_none
0002920
0013942
0019499
0012943
1222129
2991011
3941000
2942100
1299211
0244391
1299211
9323210
9311910
2911110

11 6 10 board_11x6_10_276284_none
29100001221
93100001991
92001122321
11001929100
00002232221
00001911929

16 4 17 board_16x4_17_276296_none
1111929991000000
2923243432100000
9393939449310011
1229239999910019

19 16 46 board_19x16_46_276315_none
0192211000000000000
0129291001110000000
0122223211921100000
0193229921239100122
0129933942393111299
0013921299393129322
1111110122229349200
1910001110012992222
1221002920012321199
2392213920019210122
9949292110012910000
3931211001112220000
2221110001922910011
2921910001129210019
3931110122111100011
2920000199100000000

16 18 68 board_16x18_68_276367_none
1112211292392000
9119911939392111
2212222232311293
9100029219101399
1212149311101959
0193959300013593
1335959311129992
2994943923933431
9339339239921921
1224931129311291
1395942121100111
1997993921100011
1399949339100029
1223234931101139
9100019941212921
1100013959493121
0000002399592019
0000001933921011

8 5 8 board_8x5_8_276446_none
11001110
92001921
93123349
12929939
01122221

4 8 5 board_4x8_5_276455_none
9100
1111
1129
1921
1110
0000
1211
9291

4 16 13 board_4x16_13_276461_none
0191
1211
9100
1100
0011
1129
9129
1111
1221
2991
2942
1139
0029
0022
0139
0199

8 19 40 board_8x19_40_276479_none
19293499
11229993
11224942
19293239
11339129
01394332
13993992
93943492
23139311
91029211
23121119
93921011
29391000
22211000
91001121
23212939
19934931
24599321
19932291

11 16 32 board_11x16_32_276527_none
00000011291
11001129211
91112922221
22293112939
91395212931
22399911110
19335331100
11292929211
00113231291
00002943321
00113999920
00192345920
00112292110
11001921000
92112221121
12911911929

16 8 22 board_16x8_22_276562_none
0192910000002999
0113220011113953
0002920019119229
0002931012221111
0002391001921100
1102931002239211
9102932122921291
1101292929210111

18 4 20 board_18x4_20_276585_none
011223221229394920
029399949394939930
139324949329224941
192101121111102939

19 8 22 board_19x8_22_276615_none
0000012391000000111
0112139932100000191
0192939339200112221
1222121129200294920
1910001132200295930
1111111929111324920
0001912342119292110
0001111991011211000

14 19 69 board_14x19_69_276641_none
92295920191191
94399931212232
94944229212929
93292111294342
23339211129959
19921292113999
12221229212393
12139432392111
92949991293100
35495531239111
99939921393129
39543229392139
12991122211192
02342292110111
12939433910111
19239929221392
11123432119493
00019292122939
00011212911121

11 19 44 board_11x19_44_276717_none
00011291011
00129323139
01292293949
01921224931
01110193210
00111249311
00191199391
23321123321
99920123910
35921399310
19211999310
22101233910
91111001110
22191111011
91111191029
22000122249
93321019399
49992121393
99422910111

5 8 9 board_5x8_9_276767_none
19991
13442
13949
19949
12221
00000
11100
19100

4 6 7 board_4x6_7_276780_none
0199
0249
0193
1239
1932
1129

4 6 4 board_4x6_4_276790_none
1910
2220
1921
2229
9111
1100

11 19 55 board_11x19_55_276795_none
91112293921
22192949449
93223239399
99129212332
44229312920
99112912931
33201222129
39310191022
99931111019
39992111222
13449349391
02943999311
14959443200
29949329100
39322921100
93101232100
93222299210
24992933910
93932111110

16 18 41 board_16x18_41_276860_none
1229212111929100
9392292911121100
9422113220000000
1291001922210000
0111113239911110
0000192923321921
0001333111922239
0001991113239239
0001222292922921
0001122922111110
0001929210000000
0112232100111011
0191292000191129
0112392000112292
0113931000001921
0194920000001110
1239210000000122
1921100000000199

18 14 37 board_18x14_37_276906_none
192932119100000000
112299222101110000
000122291112921100
000000222192129100
001110191123221100
001910233229911221
112231299293211992
912939223321001239
113941101910000011
002920002331000000
001121101991000000
001239101221000111
222992222111111291
992221199119119211

19 8 37 board_19x8_37_276950_none
9119212249219229291
2211293999322292211
9211229333391223110
9449211101921294921
2999200012211399492
2493101129112943392
1922112942119392211
1111912991011229100

19 4 15 board_19x4_15_276998_none
0122399111119291122
0199493119111322199
0139322222111291122
0011119291019211000

17 6 14 board_17x6_14_277015_none
11100299111100000
19100294219100000
22211129111100000
93392011100000111
93992111000111191
12221191000191111

15 10 26 board_15x10_26_277033_none
000000111011211
112121392019292
292939492011229
933359322101121
932992119101910
293442011101110
112991011111111
002453119229129
001999111292129
001232100111011

11 16 48 board_11x16_48_277061_none
12339939222
19993392299
24642111149
29992100139
94349200192
94249301221
99399202920
33393102920
93212111110
99212911232
22292111999
12443101393
19999210111
23444911110
29229333921
93921299391

10 18 47 board_10x18_47_277117_none
9391000122
2921011299
2210029333
9201139219
9412922232
9493333949
3933994993
9349549449
3939922932
9433212392
9491001939
2922111121
2221910000
2922220111
3942911291
2993222921
2459119210
1992111100

4 14 10 board_4x14_10_277173_none
0191
1211
9100
2221
1929
1121
0111
0293
0399
0395
0299
0122
0000
0000

5 4 4 board_5x4_4_277184_none
00000
11100
29321
93991

11 10 24 board_11x10_24_277189_none
00000000019
11100012221
29200029921
29322129439
12399223393
01944493939
12229939221
19123433321
12229293991
01921229321

12 12 37 board_12x12_37_277220_none
191012210199
111129921249
000296932942
110296932949
910139933249
121129592932
019223932129
234922932121
993932292910
234592112110
029993000111
029592000191

17 19 66 board_17x19_66_277267_none
11111292992910000
29119322223220000
94213942102931100
99212999223939111
23911496939221119
01110299392100011
00011222212110122
11129322101911299
19129499102222942
23321393212923920
19910111293292221
24431111393222291
29939119339229322
29493332394932391
11223991294229211
00019332339221100
11112229293910000
19101921323110011
11101110191000019

18 19 52 board_18x19_52_277338_none
931000001929101929
991000002232223442
221111001911939991
000191112111139421
000222191011111111
011291111019100129
029311001121100192
029200002931012332
011111213991029929
000019292222139443
000011333101921399
111011399322111494
191019394992111993
222011212222911393
191011100002220129
111019100112910011
111121100192110000
911910000111000000
111110000000000000

19 16 54 board_19x16_54_277394_none
0011101239101121291
0019212992101929211
0122394321112132200
2391299321191019111
9921123993221123229
9310001393910192932
1112322222110223392
0019993931100191292
0012323939100123321
0000001244421019910
0011100299992233221
0019100295423991129
0122111229102931192
0192129111101221111
1222922210011392000
1911111910019392000

19 14 58 board_19x14_58_277457_none
0191000000123921111
0122100000299229229
1139310122495222392
2959910299399119321
3949420293222123910
9332922321011119210
3922129922239111111
9592134492992100139
9494499312222110199
2329999300112910233
9223359300192110192
1291139311111001239
1332192292100001921
1991111129100001110

18 6 27 board_18x6_27_277526_none
012211221000029399
139922992000029339
199559793111011111
123999992293121100
012345542394929100
019119929229221100

15 4 8 board_15x4_8_277558_none
221000000011111
991001121119119
222111939111111
001911292100000

7 14 25 board_7x14_25_277567_none
9100000
2322211
9399391
1495921
0294210
0129100
0123321
1292992
1945559
1299992
1344321
1993221
2459929
1993221

4 19 10 board_4x19_10_277598_none
0000
0000
1110
1910
1121
0019
0011
0122
0299
0293
0222
1292
9229
1111
0000
1100
9100
1211
0191

8 6 10 board_8x6_10_277611_none
11000000
91000000
33100000
99310122
99910199
99310122

12 4 7 board_12x4_7_277624_none
000000000019
111111122122
191292199119
111292122111

19 16 64 board_19x16_64_277632_none
0199100029211100000
1233200139219211000
9119101292111291000
1122201932012321111
1129211291129911291
1922921111193212942
1223391001332113991
1294932233994393331
9229932999499943910
2223594453224949210
9219393993211393100
9211212239911394210
2311001233222939910
9292101992129543210
1239201239129991000
0029200011112321000

18 18 68 board_18x18_68_277701_none
001292992129921100
001922222934339100
001110001292932211
001233221212129239
001999929210011399
113359432910000293
293933911121100111
394239210029200000
292293212139310000
221293292933910000
911239212292110000
112931211111000122
235930293110000199
999920293921100122
394321223129222211
111293393122499492
011399493911999593
019223922111393392

12 6 13 board_12x6_13_277782_none
011100191139
129211111199
921392000122
110393000000
111293121211
191112929291

6 6 9 board_6x6_9_277801_none
939211
292393
111299
110122
931000
991000

4 10 12 board_4x10_12_277813_none
1119
9232
3959
2999
1249
0022
2229
9921
9310
1100

4 19 13 board_4x19_13_277826_none
1110
1910
1221
0191
0233
0199
2332
9932
2399
0122
1100
9210
2910
1110
0000
1100
9100
2211
9119

7 18 29 board_7x18_29_277840_none
9210129
2911293
1111959
0013499
1129943
9129491
1111211
0122222
1299299
9222222
1112210
0029910
0139431
1293929
1933221
1129221
0012939
0001139

10 12 30 board_10x12_30_277878_none
0000192921
0000224392
0011292949
0139422292
1299910222
9223210192
3310001359
9921123999
2391199493
1332122211
2993321111
9339991191

15 5 10 board_15x5_10_277911_none
029201110000139
029312933210199
011292299910122
000111123210000
000000000000000

18 4 15 board_18x4_15_277922_none
129291002991111019
921222102931191122
221239102231211191
911992101929100111

19 12 49 board_19x12_49_277938_none
1100000000029910111
9223210000029310192
1299910001121101239
0139431112921102942
2333939219349214959
9992139223599329949
3931011119995933221
1110111124449391000
0000292294921211000
0000293399332100111
0001249444399111291
0001939399222119211

16 19 64 board_16x19_64_277993_none
1911129291000000
2322932211011100
9393392100019100
9549329221111100
9499323929111111
2959219221119119
1292111111111222
0123221119221292
0019929222929339
1123433912233931
9329393122924930
9922593129449920
3311993294993210
9101233923943221
1101239321129929
0001994920012221
1212223920111111
9292111110191191
1212910000111111

8 8 9 board_8x8_9_278072_none
12110000
94931100
29939100
12221100
00000122
00000199
00000149
00000029

5 4 3 board_5x4_3_278082_none
11191
92221
12910
01110

4 12 10 board_4x12_10_278086_none
9291
1322
2392
9939
2221
0000
0000
1100
9210
2910
2321
9291

11 19 55 board_11x19_55_278097_none
99999929910
34555323320
29299202931
93239202939
92011101243
22100000199
19101110139
12211911232
02933221993
03993922599
13949239493
93132239411
93119139311
29111139329
11211029339
11191022392
92232229211
12939495310
01139499910

12 18 58 board_12x18_58_278165_none
992012932111
393129599119
139229594122
249321495229
994921399932
393129239491
221011111222
910111011229
111393239394
002994993499
013993249322
129542139200
294993392111
394239921019
293112210022
249312110019
939493911121
122939211910

14 16 53 board_14x16_53_278233_none
92911392000292
23211992000292
19211221123321
23911110199910
29311921123321
39412394210191
29592299910111
12993234321121
01222922923939
12112393393931
92922949434210
24239249499210
93932129324931
29492011102939
11493111013442
00292191019991

15 14 44 board_15x14_44_278296_none
019119211129100
134444491193221
399999921113949
994445320113992
221193911292232
000129322921029
232111292110029
999200111000133
359200000001299
921211000001932
220192232101110
911233999111100
111929333339211
001121101992291

16 12 33 board_16x12_33_278350_none
0001922129112210
0001294932339910
0001239921993210
0001922211221000
1102220001121100
9102920012929100
2212920029321211
1911110029200191
1111232233201221
1101999299101910
9212233344312231
1291001929911929

19 5 16 board_19x5_16_278387_none
1110019291002921110
2920011211002921921
2931011211001111291
2391129393100000122
1921192399100000019

18 10 31 board_18x10_31_278404_none
110295949929111100
910299993232229200
110123322129129200
000111002931111100
000191113931100000
110111192129211000
910122211011291000
110299310000222000
001399922321191111
001933229991111191

10 19 51 board_10x19_51_278438_none
2211929999
9922232349
9921932222
4421299392
9921235959
3491194993
9211113959
2200001139
9200000011
9300111000
9200191122
2221322299
2929391294
9233932229
2219229111
9222111211
2391112291
9333292943
1299212299

9 19 44 board_9x19_44_278496_none
111001921
191002239
111012932
122339229
939992111
396941000
497930011
999921129
955532932
349994492
995969939
933949321
332121100
992110000
222921100
113249200
192959300
113399200
001932100

4 6 4 board_4x6_4_278545_none
1100
9211
1392
0292
0222
0191

7 8 9 board_7x8_9_278550_none
0000029
0001139
0112921
1292110
1921000
1111110
1122921
1929229

11 16 32 board_11x16_32_278560_none
11101993921
19101239491
11100012921
00001111232
00001921299
00001292399
22100129349
99211011292
22291000233
11211000199
19111100122
22119210000
91012910000
23122210000
93929212221
29221292991

15 19 75 board_15x19_75_278596_none
110001929939291
920012234594421
920019119959921
220011223399329
921111292122111
391191292111000
931122223391000
931139439933110
932939995593910
129333999494221
013932493393291
112939222229222
943222349211129
999223999411149
493299349921939
922232224921121
123931294211110
019992399101921
012339222101291

18 16 51 board_18x16_51_278681_none
111000192929321000
192110124344992110
224920019939944920
193932234349593920
223293993932922110
191129445922331000
112121299323991000
001910122293931111
001110111112121291
000000191000019211
111110111001121100
912920000001921000
112920000012392110
112110111019335931
191111191012399991
111191111001934931

19 14 39 board_19x14_39_278737_none
9111100000011100000
2229100111019100011
1921101291011100019
1110001921000000011
1222123431000000011
1995949991112110129
2499959421192911292
9323493101223222931
9211393101922912920
1119229112239422121
0011111119129391019
0000000122111211011
0000000191000012210
0000000111000019910

19 12 32 board_19x12_32_278780_none
0000019100011211000
1110012322129393100
1921001992921399210
2391001333110123910
1921000191111123321
1110000111191199291
1122210011211122322
1929910019100000292
1244321111100000292
0199329100000111111
0139493100000192211
0011392000000129291

17 4 17 board_17x4_17_278816_none
93931111101110191
25959329101921111
94959931101292121
29394920000112929

11 12 20 board_11x12_20_278835_none
12921191000
92292211000
22229100000
19111111111
22201129239
29101921299
92212221133
11192291019
11129211122
92121100191
12910000111
01110000000

10 14 25 board_10x14_25_278861_none
0000123229
0000199921
0000123221
1111212239
9229392993
9339323492
1293219321
0129113920
2221102931
9920001292
4930000129
2920000011
1110000111
0000000191

4 18 13 board_4x18_13_278890_none
1211
9291
1322
0191
0122
0019
0011
0011
1129
2942
2992
2349
1921
2321
9292
1229
0011
0000

4 12 7 board_4x12_7_278904_none
0191
0222
0191
1211
9100
1100
1221
1991
1221
0111
1291
1921

4 10 7 board_4x10_7_278913_none
0000
1222
9399
9339
1111
0000
0000
1110
1921
1291

8 4 7 board_8x4_7_278922_none
01129100
02942322
02949299
01292222

10 5 8 board_10x5_8_278930_none
1991019910
1221013320
2210001910
9920001110
3920000000

18 18 81 board_18x18_81_278939_none
292933392921129939
933299934239139592
393233493932339311
394922393129292100
395393921011322111
294949531000191191
139339991000111111
139322321011222100
395942111119299100
996999119112443100
499443112211992000
294391123922593011
223921199229393119
192110244211229222
111112299101121393
001292944322911399
123922129939312953
199210012239202991

19 18 50 board_19x18_50_279032_none
0001111993910001110
0001912494220001910
1111112932910002220
1921002921233222910
1291001110199939210
0111000000123392100
0000000011100111111
0000000019100000191
0000000012321012321
0000000012991019910
0111000019431013331
0293211012910112929
1399292212110192121
9344329391000122111
1399123921000019119
1393129310011111222
9421029200019222291
9910011100011299211

18 10 37 board_18x10_37_279088_none
991193239929101910
332129959321112321
191013992111119392
221112221019233593
910191011111299493
221222019100122392
292393111100001221
922999211001111910
111243391002932221
000019211002939119

17 8 33 board_17x8_33_279132_none
29910012921192910
29311239393322221
11213993339910191
11293959129421111
39323392222292111
99219222292229119
22111119239432233
00000011129991199

14 4 13 board_14x4_13_279172_none
02959201129111
13999312931229
29333912920192
92101111110111

11 4 8 board_11x4_8_279186_none
12910000199
19211110139
22101921011
91001291000

4 16 19 board_4x16_19_279196_none
1399
9493
3921
9221
1119
1132
1939
2393
9229
2322
9291
3421
9910
9321
2229
1921

4 18 19 board_4x18_19_279218_none
9391
9422
1292
0239
0192
0122
0129
1292
9443
2999
2332
9200
9200
2200
9100
2210
3931
9939

4 19 13 board_4x19_13_279242_none
1129
1921
3320
9910
3320
2931
2991
1221
0000
0011
0019
0011
0000
2210
9910
9421
1292
0129
0011

5 16 12 board_5x16_12_279257_none
00000
01110
01910
12210
19100
11100
11000
91000
12110
01910
12221
93391
29942
35991
99321
22100

8 10 19 board_8x10_19_279271_none
91001999
11001232
12210000
29911110
29422910
11293331
22212992
99113592
34229932
92922229

10 6 16 board_10x6_16_279293_none
1113939991
9229932321
1294320122
0112910299
2323220293
9992910111

18 8 24 board_18x8_24_279312_none
000013931100192921
111019939100112129
192122333221100011
112922292929100111
002392922243311191
001922110299292221
001122210394212910
000019910292001110

19 12 55 board_19x12_55_279340_none
9299119920001932100
2434235941212299100
9493929949291122211
9693123931211000191
9931002331011100111
4921111992239100000
9432911333993312110
9939422293449495931
3339492949293999939
9112922292223349432
2211111221019111291
1910001910011100111

19 14 71 board_19x14_71_279403_none
2992001299100001121
9492112943223211929
2322293493399911232
2932933994994221291
3939492393221019321
9543933233210012910
9992293929921212221
9531139433349391191
2910149911949411111
1111299433349311000
1212944929931393110
9292249324941294910
2321199412992139420
1910139911392029910

19 18 83 board_19x18_83_279485_none
1910199112210192291
1221123229910129211
0292123922321122100
1494299420293291000
1994959910399322000
2323943210293292221
9223391001221113991
2399321001922112931
9434910001394912220
9393333221399223931
2459499939432229991
1999933359911395931
1234320299311994231
1212910294312222949
9292233339391001299
2321199933932100122
1910124493249310000
1110001922939910000

19 19 63 board_19x19_63_279588_none
1929393100001222929
1132499211112993132
0019233392292392019
1111229212922343111
9111292101111999310
2219223210123359910
9221119910199249521
2910012210124949391
1232100000002931322
0199101110001122391
1232101910000029921
2920001111110029310
2920000012910011100
1110011129310011100
0012229129200019210
2339921111100012910
9993321111000013320
2322291293111119910
0001921299119112210

18 19 45 board_18x19_45_279654_none
910029200111000000
110029200191000011
111022201221000019
191019213931000011
222012393992110111
191123922233921191
111199211129392322
000123211921239391
110112911110029322
911393221111011119
111993191191000011
012492111111000000
029311111111000011
029200191191000019
011211111111011111
000192110001129111
000112910001921129
110001110112110029
910000000191000011

16 16 44 board_16x16_44_279701_none
2392921112910019
9922249219210011
2210199322100011
1100123392121119
9100123922929111
1100199211122210
0000233100112921
0012391001292239
0019932012932193
0023491019491129
0029311012922121
0029311112112920
0011293391002920
1100129932112110
9100012493291000
1100000299211000

15 14 44 board_15x14_44_279750_none
112221192910000
193992212221000
113949100192121
001133321212929
000019929101121
112233222221100
194991001929100
129952102242322
013939101939499
122221212294993
929322392235931
232992993199221
921222392123229
920000111001921

9 5 9 board_9x5_9_279800_none
911929392
111122492
000112932
000293291
000292111

6 4 3 board_6x4_3_279810_none
910000
110011
000029
000029

4 8 7 board_4x8_7_279814_none
1932
1299
1233
9229
2921
1221
0191
0111

5 19 17 board_5x19_17_279822_none
92291
39543
29999
12332
00111
00191
11111
91011
11029
11029
91011
11000
11100
19100
11111
01239
01992
01232
00019

11 14 39 board_11x14_39_279842_none
29212293239
93393949939
12949494442
01139312992
01122212492
01911922921
01122493110
01129493110
02943922910
14949211110
19931101221
12211111992
12112922469
92912921999

17 5 14 board_17x5_14_279886_none
91011100019119100
11019211022223321
01121291139219939
01921211199212392
01129100122100111

19 5 16 board_19x5_16_279901_none
1910011100191019211
1122229211222011291
2229921392191000111
9932210293211001110
9920000129100001910

18 14 63 board_18x14_63_279923_none
001239111102993291
012992239312999322
019431199912453291
023911355311991111
129432999211221122
295993454910123399
299533992222299932
249593221293933210
193993001393110111
222392001921011292
911332001122229229
111992112129932211
013593294943329100
019922939939111100

16 19 44 board_16x19_44_279994_none
1291001910129100
9422001121292100
9493100019212221
1399211011101991
0233291000002331
0192211011101910
0129111119112210
0012349211119100
1213999301121211
9293959311911291
1212122922211932
0000112129101291
0000191122100111
0000111192110000
0000011212921100
0111019101239100
0191011100192100
0233111101221111
0199119101910191

9 14 33 board_9x14_33_280043_none
001911129
001122943
000019499
000012932
000001121
233222229
999939942
359494939
293334332
292299492
222299593
191123949
123212249
019911921

4 5 3 board_4x5_3_280082_none
1910
2220
2920
2920
1110

4 5 4 board_4x5_4_280086_none
0019
0011
1221
1992
1392

8 16 22 board_8x16_22_280091_none
11101110
19112910
22229210
92393100
29392000
11322000
00191000
00112110
00112910
00192110
12321000
19933210
24499921
92949439
12122943
00001299

9 18 23 board_9x18_23_280114_none
000000191
000000111
000000000
110011100
910129210
331193910
991112221
232100191
019111211
011129421
001139991
112932432
923920191
239221211
192119100
111011100
000122211
000199291

15 18 63 board_15x18_63_280145_none
012921013991000
129492129931000
932922923332210
921122322929931
110019292124992
121112322112992
929211922912442
355922392112991
999921922112942
943322122912349
332291129321992
993921193911221
494110123211121
394110019211929
295920012911121
129932323220011
012229993931119
000012323939111

17 14 62 board_17x14_62_280217_none
19211029493100292
23393249699210292
93959939494910111
13993221223210000
12221000029310011
92101110039921139
29212921239592299
22392129293939344
29321022424231299
94910019293932454
94110022313939999
92111029313243432
23291149493949200
92921199329399200

19 4 13 board_19x4_13_280292_none
1993392000001911110
1399393110001111910
0122335920001111110
0000199920001910000

18 6 29 board_18x6_29_280310_none
011111101999329921
019229101499595439
011393211299939921
000292192224332221
001332239112922239
001991192119229939

10 19 28 board_10x19_28_280345_none
1910001121
1110001929
0000002231
0000013920
0001129920
1212922210
9293220000
1213920000
0002931000
0002391111
0001932292
0001129349
0001122939
0001911121
0124320000
0199920000
0124932121
0112293929
0191129221

4 12 10 board_4x12_10_280375_none
0011
0019
1132
2939
2931
1110
1100
9211
1393
1399
1949
1121

6 4 6 board_6x4_6_280389_none
291011
922139
111949
001292

12 14 26 board_12x14_26_280396_none
993110000000
394920001110
124921111910
029311922110
029201291011
134310222019
299910191011
945420111011
129910000019
012211110122
123211910191
199911110111
123322110000
000192910000

17 19 68 board_17x19_68_280424_none
22100019399921100
99100123494349200
23222393921199300
12929949320139200
29333393910011100
93391112110112110
39321111000192910
93910191111113220
23210112292111921
29201122933911393
39411929593110299
29921133992001359
24931019431001994
93492123911122499
12993192111929222
01392111001121100
01221111000000000
01911393232100011
01111993999100019

19 12 41 board_19x12_41_280497_none
9992110001291000019
2434932323931000011
0193939994931000000
1212122493291011100
9210011322111019221
2921229293210013949
1129293339910002949
1111239229310013331
9100139322100019921
1100192291011113339
1100111111019112921
9100000000011119210

18 5 15 board_18x5_15_280543_none
001991112991299100
001221293222393100
001110292001921011
001921111001121229
001291000000019292

14 5 18 board_14x5_18_280560_none
11129311029931
19239391139992
12932211295693
01292110293993
00112910112239

11 8 19 board_11x8_19_280581_none
11100029929
29200139431
29311394910
13921994220
13921344921
19211299391
11102942211
00002920000

6 18 18 board_6x18_18_280605_none
910199
221149
191029
111011
112110
192910
112110
001110
012910
129210
193210
113920
003930
003930
234920
999210
232100
000000

4 16 13 board_4x16_13_280626_none
1100
9211
2391
9322
1392
0292
1211
9310
9910
3310
9210
2910
2220
1921
1292
0129

4 14 10 board_4x14_10_280643_none
0000
2321
9992
4793
9993
2339
0011
1110
2920
2920
1110
0000
0000
0000

10 4 10 board_10x4_10_280655_none
2921211000
9339391000
1293944321
0112299991

18 14 37 board_18x14_37_280669_none
000000000192110111
000000001222921293
012210001911291299
029920001110111122
029920000000000000
012210011100000000
111122119222211110
191199333929922910
222139929332493221
191012222921394392
111000001129229949
111000011111124931
191001129100029310
111001921100029200

19 19 87 board_19x19_87_280708_none
9291292122392019100
1222392199592022200
1119222239932019100
9221119112391011111
3920011211123221229
2920000192119939393
2220001349112393939
2943212992101223242
3999922943211922939
3944921239911394392
9432232293321293921
4991199422192223210
9952139492339229100
4992112939395942211
2949213243949949229
1121292939493392292
0001222139311112332
0001921022201122991
0001291019101929321

19 18 70 board_19x18_70_280805_none
2911923931100111199
9211293939101291122
1101222121101932100
0012911111122229100
0019432922949211100
1134993292299300000
2949992111139201110
2994421011122201910
1349100019119112210
0193333221111129211
0112999920012239219
1101345932229933321
9101393129934339910
1112992123493933210
0019432193493292100
1111291129932229100
9101222134549111111
1101911929992100019

12 5 15 board_12x5_15_280886_none
192293229210
223949922910
922932212220
921222111932
110192911299

8 5 8 board_8x5_8_280902_none
00011291
11119333
19111299
22101343
91001991

5 10 7 board_5x10_7_280912_none
01110
01910
01121
11019
91011
22000
91111
11292
01392
01921

4 16 13 board_4x16_13_280921_none
0000
0011
2229
9921
3421
9291
1322
0191
0111
1211
9391
9311
2322
9399
2932
1110

5 19 20 board_5x19_20_280935_none
00011
00139
00199
00133
00019
00011
01232
01999
01354
11199
91233
22392
19493
23492
93921
94221
93291
29211
11100

8 14 15 board_8x14_15_280957_none
01129100
01932111
12492019
19493011
22492000
19334210
22299910
91123210
11011100
00019100
00011100
00000000
11000111
91000191

16 4 14 board_16x4_14_280975_none
1992293920001239
2339324931101993
9111292129211392
1100111012910111

19 10 28 board_19x10_28_280993_none
9222210000112910199
3929910001292221122
9332332101921191000
2910199101110111000
1121222100000111011
0019210111000191029
0023910191001222149
0019210112111911939
1121211001911111232
1910191001110000191

18 19 83 board_18x19_83_281025_none
111991011119119210
922321019233224920
239211123399129920
293493293954349421
939499229499299439
243932223932239949
929210293110012392
132311293121100111
129292212929100000
921229102342111211
232222102992119291
299292234959222211
932212999492291000
121112344932222000
029329129491192221
029393229532223991
012339223992192221
002944934992112110
002993993931001910

14 16 30 board_14x16_30_281117_none
01121100019111
01929100011119
01121100111011
00000011291000
00000129222100
00000192119211
11100111023491
19101110029921
11223910029310
11299320023310
19334910129931
22292110194939
91111000224231
11111000193910
00191000129221
00111000011119

10 10 21 board_10x10_21_281151_none
1991000191
2442011322
1991019392
3542012939
9992223353
9942992999
3921222232
1110000000
0001110000
0001910000

9 8 17 board_9x8_17_281174_none
000019100
001232111
013992129
019944942
233339991
991193432
331222192
910191129

7 5 9 board_7x5_9_281192_none
0019920
0014930
2213941
9912939
9311121

4 10 7 board_4x10_7_281203_none
0191
0222
1291
1932
2391
2921
9210
1100
1100
9100

6 18 28 board_6x18_28_281213_none
292910
933332
239499
194993
239442
194939
223931
922220
942910
949210
294310
139910
139310
932200
129100
132211
929119
121111

11 18 27 board_11x18_27_281246_none
00000111111
00011292291
00019339222
00011292119
12210112121
19921001910
12492001110
00292111000
00122292110
00019333910
11123929221
91192121119
22111000011
92221000111
12991000292
01221000292
11111000222
91191000191

15 12 38 board_15x12_38_281275_none
000001910019100
000112110122211
000292011291192
121392019321129
929212123931233
242201913949299
939101223931222
942201294331100
349101939929100
993333333233421
932999292229991
111232229293321

19 4 16 board_19x4_16_281321_none
9931199299112921100
3991133322119229100
2321019210022212210
9100012910019101910

19 5 13 board_19x5_13_281339_none
0000111113939100000
0000191193931100111
0000222124431000191
1110192129991000122
1910112922321000019

16 16 67 board_16x16_67_281353_none
9992191192911249
3592223334332999
9323292992993243
1292944322493029
1323399211493039
9291294911993139
1211112111494292
0001232100294932
1101999111239592
9322343119129492
4992291011111322
9932944321111191
2211299992192221
1101356992112921
9212999421001291
1292249200000111

8 16 22 board_8x16_22_281433_none
11019229
91011393
11001392
00112921
00192110
00111000
11000000
92000000
93000122
94210199
39921222
94439100
29292111
23321029
92910029
12110011

7 14 20 board_7x14_20_281457_none
2211910
9922110
3491011
9322019
2492011
9494100
1399221
0234929
0192121
0122100
1229210
9393910
9422110
2910000

5 10 14 board_5x10_14_281478_none
19921
13491
13931
94920
39310
39200
94321
94991
39421
29200

4 8 9 board_4x8_9_281496_none
1119
9222
3491
9921
3321
9119
2232
1929

4 4 3 board_4x4_3_281507_none
1129
1921
2210
9100

4 5 3 board_4x5_3_281511_none
0000
0000
0000
2221
9929

9 14 33 board_9x14_33_281515_none
019213991
012495953
001999499
002359432
234932921
999921129
495421122
939391191
244921111
199210011
122100019
110001121
932212921
299292129

17 18 52 board_17x18_52_281555_none
01122229910000191
01929933332101221
12133492299101910
91019212944311221
22111101129911291
19111100012211921
11119100112111110
00011111292911110
11000129322111910
92110193911111110
13931112112921110
02991122102921921
12321299101112492
19222394311001992
12399229392101221
02942123939210011
13920129222910019
92110192101110011

19 12 60 board_19x12_60_281612_none
0111112122333210191
1393293939999910233
9494934933443210299
2949439211911110293
1139393211222910111
1121213942393110011
2932212999392123229
3959911232211199921
3994221101110124320
9493249201911122932
2324999313222939499
9119993292912932949

18 4 9 board_18x4_9_281682_none
019100011211019211
011100139391012391
000000199411001921
000000139200001110

16 6 21 board_16x6_21_281694_none
0000111000292029
0000293111392039
2321293912942239
9991112113959293
3421111002992339
9100191001221192

15 8 29 board_15x8_29_281717_none
013939999929100
019932444222221
123221291012929
192119222119342
239221119112929
922910011102342
232221100112993
929119100192399

7 19 18 board_7x19_18_281751_none
0000011
0000019
0001121
0002920
0002920
0001121
1111119
9329111
9921100
3321100
9119100
1111100
1101221
9311991
9911221
3431000
1991000
2321000
9100000

4 12 12 board_4x12_12_281770_none
1129
1932
1139
1249
1992
1332
0191
0222
0192
1229
9322
9391

8 4 5 board_8x4_5_281783_none
01910000
01110011
11111229
19119292

14 12 40 board_14x12_40_281789_none
00122292292239
11399229239399
19394222239322
23422922932100
19922239493110
12391192393932
00223232212299
12394949211222
19949959319100
24933359311100
19321939201110
12911121101910

19 19 75 board_19x19_75_281835_none
9212221013921221000
1292992119932992211
1233349323392249391
1929349493343239311
1122992393999394200
0113331112394499100
0192910111123943100
1222110191129391000
3931222322192211111
9949299291122100191
2392222322029310111
1221111191149920000
1911291111199920111
1112943210124431191
0003969910001993443
0013999321101239999
1119332129200134432
9221100029200199210
2910000011100123910

18 8 24 board_18x8_24_281925_none
011291011113920000
029434229129942100
029499921239499200
012933210192239200
001110011211022200
000001239101129100
000002992101932211
000002931001129119

14 4 9 board_14x4_9_281952_none
19101921001110
33202391001910
99101921002220
93101110001910

11 5 13 board_11x5_13_281962_none
00001911939
00112222139
00191191011
23443322111
99999291191

6 14 15 board_6x14_15_281977_none
000019
000011
000000
000011
221029
993239
239921
122210
921111
391292
921293
220139
910029
110011

4 18 11 board_4x18_11_281994_none
9291
2321
1910
1110
1110
2920
2920
1110
0000
0000
0000
0000
1100
9100
2311
9393
1399
0139

5 14 18 board_5x14_18_282007_none
12929
29442
94991
93221
11111
12392
19949
24492
92921
23110
91000
12221
12991
92221

6 12 15 board_6x12_15_282028_none
112929
193232
249329
939921
123320
112932
192299
122222
019100
122210
911910
111110

12 4 10 board_12x4_10_282045_none
019212912920
011292123931
110111029492
910000029329

14 4 13 board_14x4_13_282057_none
19212993293920
11393399213931
00293222102391
00129100001921

19 14 39 board_19x14_39_282072_none
0000000019100000019
0000000011100000022
1110000000111000129
1910000112392000192
2210001292992001221
9100012933321012910
1211019239211119210
0192111129329111211
0129101121292100191
0011112911232101221
1211129211929113920
9292293211121229920
1324932910112294320
0193921110192922910

19 18 50 board_19x18_50_282117_none
0001111921100000000
0001922229100000000
0001129221111100000
0000013931119101221
0112112949112211991
1292911292213932232
9433110111193991029
2992110011212233239
1222911139311019931
0002332949592134931
0001992139923949329
0001221123323949211
0122100192292121100
0199111229321000000
0122119223910011100
0000022392110019100
0000019321000011100
0000012910000000000

17 16 65 board_17x16_65_282172_none
00011101110019991
22229102920013931
99394213941101110
22494913959211111
00293113959229329
00222003941239392
01291113931294311
02953393292499100
13999392123993211
94493211029542393
99443111129939499
94999119112394964
12232111211124999
11111100292019594
29219100292011392
29211100111000111

10 5 8 board_10x5_8_282243_none
1111110019
1922921111
1293349111
0112992119
0001221011

7 4 7 board_7x4_7_282252_none
9211110
2911921
1234491
0199921

5 6 8 board_5x6_8_282262_none
99292
93339
22292
29211
92100
11000

4 12 7 board_4x12_7_282271_none
0000
0000
1121
1929
2232
9239
1299
0122
1100
9100
1100
0000

4 18 13 board_4x18_13_282279_none
0000
0011
0129
0192
0122
1129
2942
3992
3949
9321
9200
2210
1910
1110
0011
0129
0192
0111

4 19 18 board_4x19_18_282293_none
9991
3931
1110
0122
1299
2969
2993
1239
0011
1111
9119
1111
0000
0111
0293
0299
0122
2210
9910

7 19 34 board_7x19_34_282314_none
1212921
9394592
9439992
2922321
2221100
9119100
1233200
0199311
1259593
2949499
9393333
2339229
1944921
1299210
0233211
1291292
9222393
2219229
9111111

11 12 20 board_11x12_20_282353_none
00001921222
11101139399
19100029322
11211123210
00191192910
00233212110
00299101110
00294322921
00112994339
00001249921
00000139310
00000192100

18 4 20 board_18x4_20_282376_none
112111221000000019
292923992111101232
945595959219213991
299999239211293931

19 6 25 board_19x6_25_282400_none
9299119999392292110
1222113443923933920
0111012911123922920
0191139420019211121
1211299921011100019
9100294391000000011

19 14 39 board_19x14_39_282429_none
0001121100000019910
0001939210001122210
0001293910012910000
0000123210019431000
1110129100012991000
1921292100112221000
2239211000191000111
1921100000111001291
2220000001221001921
1921100001991001221
1139311001332000192
1129493110293212239
9111394943499392921
1100113999933922110

18 18 65 board_18x18_65_282473_none
191019100019929100
111122100023321222
001291000019100199
112921112232212243
193231293993392929
123929229339922232
129221111223211291
293321000191112921
922991000112293220
222442012211922910
912991019911122210
223943123443229211
393292911999921291
993234321249310111
223939910011111222
002932210001129399
001110011112932399
000000019119391139

14 19 62 board_14x19_62_282542_none
92111112121119
92191193949222
11111113949219
00000113231111
11222292911110
29399323111910
93932292223210
12110249399221
00111199334939
00192233219493
11139329222939
92029493911232
92123934320191
22293349911221
19212993322910
23422222292221
29992001921293
29693212111499
12939291001993

10 14 21 board_10x14_21_282612_none
0000000122
0000000199
1110001259
1910112939
1111292121
1111921000
1911111221
1221012991
1291029421
9211139211
1100192119
0000222011
0122292100
0199229100

8 10 11 board_8x10_11_282636_none
00191000
00223121
00193929
00129221
00011100
00000000
01111110
01911921
12222392
19119229

5 5 6 board_5x5_6_282649_none
22119
99111
34310
29910
29310

4 6 4 board_4x6_4_282656_none
0000
0111
0191
1232
1939
1292

5 12 9 board_5x12_9_282661_none
01910
01110
00000
00122
00199
01232
01910
12110
92121
12939
12139
91011

6 14 15 board_6x14_15_282671_none
129211
192291
111122
122229
299292
293211
111011
000019
110011
921111
129119
232111
992000
392000

12 19 49 board_12x19_49_282688_none
000129999100
000193443100
000111292111
110111292191
932292222221
299323932921
123924959392
112239992339
192396531192
139499921232
029339921929
232112212242
991112111929
221192922221
000223139310
111191029910
192222112210
139219211000
029211291000

17 12 30 board_17x12_30_282742_none
00029329111100111
01139922229100191
01922211921111211
01110012210019100
00000019321122100
11100013991292000
19211003942393110
22392113921923920
91293292112223930
11112921001923931
01111110001129229
01910000000011111

19 4 18 board_19x4_18_282775_none
0019399202993119100
0011399312999111100
0000123923694100122
0000001129992000199

17 10 25 board_17x10_25_282795_none
11100000001121211
19212110112929291
11393921292232211
01393129211191011
01921022200222029
01110029200191029
11100029200222011
19211011100191011
11393111211111029
00299119291000029

14 16 53 board_14x16_53_282824_none
00011112229229
00019119931292
01122223942211
12911911299421
94221110139992
94921110012492
13921921011333
12111291019399
92110122123593
23921239329931
19229399955920
22223945999320
19229493595910
12923933993221
01123922931191
00019211110111

11 19 55 board_11x19_55_282882_none
11000000000
92100112221
29321192991
23992212332
39659111291
99992119211
95931122100
23221192110
92191123910
92122119210
22239333211
19499399129
12994454339
12233999292
93119595311
99223599100
39329953200
22496949310
19399239910

5 14 11 board_5x14_11_282952_none
11000
91000
23221
92992
24349
92921
23210
29100
92100
11000
00011
00019
11011
91000

4 12 10 board_4x12_10_282966_none
1119
9111
2211
9119
2332
2991
9431
2910
1110
0011
0029
0029

4 6 6 board_4x6_6_282979_none
0000
0000
1211
9392
3593
9939

5 4 3 board_5x4_3_282987_none
92910
12121
00019
00011

9 10 15 board_9x10_15_282991_none
111194939
292129931
292012332
111001299
111001943
191001129
221000122
910011291
110019211
000011100

16 19 64 board_16x19_64_283010_none
0000111192910122
1100192224431199
9211129129991122
1392012349532110
1393212993922910
1939293443129210
2242323991011100
1929119332100111
1121222119210191
0000192112910111
1121239312220111
1929239922910191
2222933492221222
9112239322392293
2339239329392299
1992293922321133
1222223344931019
0001922999992222
0001129333339291

19 10 47 board_19x10_47_283083_none
0000001999210123229
1110013444920199942
1910019912920124939
1232124422220123221
0199229933921299111
0134922399392393129
0019322233323943139
0122393912922993931
1291294223933333942
1921129119392911299

19 8 40 board_19x8_40_283136_none
1119910019921122210
9333210013921929921
3991000012211133439
9543232229322249493
3993999494993999592
9493233994495459422
1212222222939921291
0001991001122210111

18 4 15 board_18x4_15_283181_none
000111123210002931
111291199910002992
922921123221113593
129210000019119939

10 12 30 board_10x12_30_283197_none
3920001139
9921222949
9411992249
9201232293
1100129229
0123393221
1299922921
9433322139
9921191149
2391111199
1322000122
9291000000

4 19 13 board_4x19_13_283230_none
0019
1222
9292
3439
9921
3320
1910
1110
0111
0191
1332
1991
1221
0000
0000
0122
0199
1232
1910

5 8 11 board_5x8_11_283244_none
01221
12993
19599
12932
13320
39910
99420
23910

6 6 9 board_6x6_9_283258_none
011392
129492
193921
123321
029392
029329

12 6 13 board_12x6_13_283268_none
112111291000
192911932111
112111392191
112110294321
192911349910
112111993210

19 19 61 board_19x19_61_283282_none
9210112110000192910
3910192910000223121
9211222121100192119
1101921019100129111
0112291011100022200
0192222110111029211
0223911921293139329
0192112391293922392
0111001921112111921
0011101110011101221
1229100011239200292
9292100019299211392
2311000011222119211
9210001233322122332
2921001999995933999
1291001234599939953
0111112111944222392
0000293911291000129
0000293110111000011

19 18 59 board_19x18_59_283346_none
9101221193920011100
1101992324931119222
0012339393129332399
0019111393112991293
0133200129102331111
0199100011101910000
0233101233223320000
0192111999939910000
0112922394393211221
1102391222222001991
9101932192291001221
1112492139312111221
0019392029313921992
0122211011293921393
0191000111112110129
0111000191000011111
2221222211011119100
9929299100019111100

14 5 12 board_14x5_12_283409_none
00000000001929
01110000002231
01922221001910
02392992224320
01922239299910

9 5 7 board_9x5_7_283422_none
011211000
019292100
011229111
110023329
910019921

4 16 14 board_4x16_14_283432_none
9100
1111
0019
1132
1929
1121
0111
0292
0293
0249
1299
9222
1211
1292
9329
9211

4 19 15 board_4x19_15_283449_none
1910
1110
0111
1291
2931
4930
9930
3920
3320
9921
2239
0029
1132
1939
1149
0029
0011
0000
0000

8 12 25 board_8x12_25_283466_none
01111110
02921921
13932139
19492139
23933932
19393239
11213931
22113920
99129321
33239549
19129999
11113942

10 8 17 board_10x8_17_283496_none
9921100000
2349211100
0299219100
0294211100
0129212221
1112393992
9312939492
9392121211

16 4 11 board_16x4_11_283516_none
1110011119910000
2921019234422110
9392111299292910
1229100122212110

17 5 17 board_17x5_17_283528_none
19391000000000192
12922110012210129
01111911129921222
12211111934449292
19910001292992229

19 18 50 board_19x18_50_283547_none
1291002939210029200
9322002943910039300
1292101129210029200
0129100022200122100
0011100019111292221
0000111022219223991
0000191019111119321
0000111122101122210
0112110191112912920
0193920111192112920
1214930000111112232
9102931000000191199
1101291000111111139
0011222211293100011
0019119291399211000
1111111211293292211
9210011101232229291
2910019101929111211

14 14 51 board_14x14_51_283604_none
23993910000019
99449221101121
95494229323921
99399129499492
93222223949329
22011292121111
92239212121211
12992102959593
12222123999999
92012929495694
92129221212992
11192100001332
00111111001392
00000191001992

10 8 14 board_10x8_14_283671_none
1119100011
9111100029
2221100029
2939211111
9339219210
9321112921
2910001392
1110000292

9 6 8 board_9x6_8_283687_none
012922121
029492929
029312121
121100011
910000019
110000011

7 4 4 board_7x4_4_283697_none
0011111
0029219
0039311
0029200

4 10 9 board_4x10_9_283702_none
1121
1939
2369
1999
1249
0011
1100
9100
1111
0019

8 19 32 board_8x19_32_283713_none
01929100
12222321
39313991
99393931
22224320
11129921
19239329
11293222
00129119
22112221
99101910
33101110
93210000
29910111
12210191
22222211
99399100
94494210
29212910

10 18 47 board_10x18_47_283750_none
1223212920
9299923920
1223494210
1111399100
1911933210
1111111921
0000001139
0011211139
0029492193
1259793129
2999993111
9669949100
9993221211
9532000191
1292110122
0124943339
0129999993
0194944949

11 16 48 board_11x16_48_283804_none
00012492000
00129994110
23393594921
99943393239
94499432293
12399949439
13959949932
29942233339
94920019129
34210011122
99321211019
39929392011
13342492000
12929211000
93121212121
92000192929

18 5 13 board_18x5_13_283865_none
112121119210000000
292929123932100000
943221119499200000
939100012949200000
121100001121100000

19 4 19 board_19x4_19_283879_none
1392191001992101121
9492112111249201929
3943212932349201121
2939912939992100000

19 8 37 board_19x8_37_283901_none
0112110011292110122
1394910019322910299
1999331113922231393
2343929212944939321
2922233912499933920
9392294321994213930
3449329911332002920
9939212210191001110

15 19 48 board_15x19_48_283947_none
111019100000000
292011100000000
293101110112110
239101910193920
193222321124931
112929291019392
012221322023449
129100292019959
192100292012499
221000112111494
911110002932993
111910002949592
001110012349311
111001129292100
192101921212221
129101122211991
122211139911221
911912949310000
111112931100000

11 19 55 board_11x19_55_284000_none
19102993100
22224999210
92199433910
92249311221
11193921191
01233393432
01939229991
01293214941
11249312931
92199923349
94233393992
94911223942
94322912359
29393122999
22492019332
29311022211
29201139329
11101949921
00001293210

10 18 47 board_10x18_47_284061_none
9922910139
3339210199
2922322232
9332993921
2939449492
1139339329
0012932122
0012493119
0019399221
1233334931
1992923949
1222292139
1101343111
9101999100
2201233221
9211101929
9439213242
2992292929

4 5 3 board_4x5_3_284115_none
0011
0019
0011
1111
9119

4 6 7 board_4x6_7_284119_none
9299
2343
2939
2931
2220
1910

6 10 10 board_6x10_10_284128_none
000019
111011
191111
221192
910129
220011
910122
110299
111293
191111

8 14 15 board_8x14_15_284140_none
11100191
19100111
11100122
11100199
19100139
11100011
00000000
00000000
11222100
19299100
11223210
11112910
93393110
93992000

