4 19 19 board_4x19_19_141518_none
1292
9229
2322
9292
1229
0122
0191
1211
9310
9932
2399
1232
1910
2321
9392
1393
1239
2921
9210

4 18 12 board_4x18_12_141540_none
9210
2910
2210
9211
9329
2392
9211
1211
0191
0111
1110
2920
2920
2220
1921
1291
0111
0000

5 10 9 board_5x10_9_141554_none
00000
01110
01910
01110
11011
91019
22133
93299
93943
12129

8 5 10 board_8x5_10_141564_none
92293991
39324931
29219320
11112921
00001291

11 4 9 board_11x4_9_141575_none
19221119100
23929111100
93333221100
29292929100

18 16 71 board_18x16_71_141586_none
199991191113999910
139531222193943221
012921291113220029
111239332212921129
922395939294339111
392999392339931211
933443211295920191
129291000293221111
011322001333291000
012391001992932100
019921123322129100
023322399100123210
019119943212394920
123234549119939930
293939992123435952
923932321019293999

18 16 40 board_18x16_40_141669_none
910000012910000029
231100019210000029
929100012222210011
121111112939921100
110029219394329211
910039312339221291
121129311922910111
019113921111221000
011102931011392000
111001291019392111
191000111011222291
111011100000029311
000019321000029200
111013992100011100
191002949100012210
111001121100019910

15 8 29 board_15x8_29_141712_none
191000002920139
111012213941299
111019924992393
293233229944931
294992023329920
114992019222210
124941013920000
929920002920000

9 4 6 board_9x4_6_141747_none
111191191
192212221
129112910
011119210

7 6 6 board_7x6_6_141754_none
1100000
9201110
9202942
1102999
0001232
0000000

6 8 7 board_6x8_7_141761_none
111111
191191
111222
000191
001221
112921
193391
129211

4 19 18 board_4x19_18_141770_none
1991
1232
0019
0022
0019
0011
1111
9229
3492
9921
2321
0191
1332
2992
3993
2993
2492
9211
1100

8 14 19 board_8x14_19_141792_none
99100000
23210000
12910000
92111232
22112999
19229494
11293439
11129292
92121322
23910292
92110292
11000111
00000000
00000000

9 12 23 board_9x12_23_141814_none
110112910
911292221
111921191
111121211
931229211
949292291
292211222
122111291
029449311
029999300
233459200
991192100

11 8 24 board_11x8_24_141840_none
92111932100
34911299311
99321369491
24922999311
14943942100
29992222110
94332292921
92019212291

17 4 10 board_17x4_10_141869_none
01122910199100000
13939210122100000
19942111101110000
12391019101910000

18 6 17 board_18x6_17_141880_none
129119292112910000
921122439119210000
110019292111100000
011111211000011111
019221100111029329
012929100191029921

19 10 40 board_19x10_40_141900_none
1922992910012911299
2239643110019211932
9239991001233222210
3493443223993939311
9921199399593149491
2210122399311029311
1110000122101232211
2911110012211991191
9211910029911221111
1101110029310000000

17 19 48 board_17x19_48_141946_none
00191000129101221
00122100194311991
11119111229911232
19122219224320019
11229111292910011
00192112322110111
00122119911110292
01129112211910393
01921100001110393
01121111100000292
00019119321000111
11111223992000000
29200193492000000
29200112921000000
11100001110000111
11000011112210292
92011119229931493
92029211294939493
11029200112122939

16 19 41 board_16x19_41_141998_none
0000199112210000
1100122239910000
9200111199310011
9200191134321119
1100111019939111
1100000012393210
9211110000223910
2922911121292110
2392112949211000
1922223992111100
1222992232119211
0192221129111291
0111011292100111
0000029311111000
0000029200191000
1100011101222221
9100000002921991
2210000002921221
1910000001110000

8 6 12 board_8x6_12_142044_none
92999200
23469422
19299399
12333332
01911910
01111110

4 8 6 board_4x8_6_142058_none
0000
1222
9299
1239
0011
0111
1291
9211

5 16 20 board_5x16_20_142065_none
11100
19210
23921
92291
33322
99491
39921
12332
12399
92993
12232
11129
93292
99211
23210
01910

9 19 24 board_9x19_24_142089_none
000001910
000012210
121119100
929122200
132219100
019111222
011211299
000191293
011211111
129210011
922910029
222332139
911993921
111239210
011111100
129100000
921111111
110019119
000011111

12 16 42 board_12x16_42_142118_none
112932110000
923992910122
249422110299
199200000293
133201110111
019101910111
011101111292
221012212949
992239912942
959399312493
932933211999
122211911343
019222210191
124939100111
294931101232
293110001999

18 6 23 board_18x6_23_142164_none
019119291019119292
011111222111112449
122100129211012992
199211193492019321
232292212993233200
910129101239299100

19 4 11 board_19x4_11_142190_none
0019100002921922210
0011101112921129910
0011102922231112210
0019102921929100000

18 10 48 board_18x10_48_142202_none
999391124939229100
249323499932922332
022329995332211999
139495543939311243
299494992139921229
294329322122229392
249322222910012921
199911939210001232
234212392100011299
191001921000019222

16 16 53 board_16x16_53_142259_none
9291000001239210
2321000002994921
1910000002994239
1110000001349239
0000111011394393
0000191019393939
0122211022312121
1299100019210111
3954310124932291
9959911293993921
3995432922249310
2493992110139200
9335431000192100
1299931000111011
0236992000111019
0193992000191011

15 18 45 board_15x18_45_142321_none
001129100191191
002931100233222
114941111299119
193939119333111
113231111392000
112910000292000
192222222221000
222192992910000
191112222232111
111000111199119
110122392234221
942299392192921
999223321112239
232102920000192
000002931000111
011101292211122
019100139391199
011100029311122

11 19 32 board_11x19_32_142373_none
22111111100
99119229211
22222393291
00191292222
00111222191
00011291111
11229211000
19493100000
12993000000
01392011100
00112129211
11101921392
29223321292
92299291111
11122322011
00111191029
00191122129
00222029211
00191029200

7 14 25 board_7x14_25_142408_none
0011299
0019239
0011233
1211199
9292239
2339122
3942119
9993121
5993932
9932399
2210394
0000292
0111111
0191000

4 4 3 board_4x4_3_142436_none
0191
0122
1129
1921

6 8 12 board_6x8_12_142440_none
921110
921910
222110
192211
249493
299499
393222
921000

8 12 23 board_8x12_23_142454_none
11100011
19100019
33211111
99339311
49939492
29543949
12993239
12339222
19111291
11111222
00019349
00012999

12 19 32 board_12x19_32_142481_none
110011100000
921119211000
129122391000
011119322122
122111291199
199200111122
139310000000
012910011100
001110019100
000011223210
000029392910
000029313231
110023311929
920019922232
941112492191
939100393111
121100292111
001110111192
001910000129

17 18 72 board_17x18_72_142516_none
19101999101922210
11113453202239921
12129929224944693
92922333399949999
23210293949932469
19332394232210199
12999433910011222
23344992111139200
99219322112949200
39211101923953200
11100112292299100
00012391122222100
01129931029211100
01934921139229200
13393221921129310
93932911111234920
24921121212994931
92110019292239391

19 10 40 board_19x10_40_142601_none
9222499100191111019
3949994200111192232
2949439100000112991
2231111100000123321
1922221111100199210
1129939339200234932
0012239959201293399
0000013992101923964
0111001332112113999
0191000191191002942

19 8 27 board_19x8_27_142647_none
1910000000191199910
1110011100222134432
0000019111291139399
0001121119211199322
1101932122211223210
9201299239219112910
9310122399311119210
2910000299200011100

19 5 13 board_19x5_13_142678_none
0000000193921001921
0000000249491001291
0122211199421000111
0199291123910001110
0122211001110001910

15 8 31 board_15x8_31_142692_none
111299101121100
191294201939310
123449101139921
019993100013491
124592000002942
192932123213959
234492299923992
929922949492221

7 19 23 board_7x19_23_142729_none
1111910
1911110
1110000
0000011
0000019
0000122
0111292
0191292
0233211
1299200
9339200
9211100
1111211
1129292
2921339
9211393
2211993
2922239
9391011

4 12 9 board_4x12_9_142756_none
1211
9291
1322
0292
0292
1332
1991
1232
1119
9222
1291
0111

7 4 5 board_7x4_5_142767_none
1100191
9311111
9491000
2921000

9 5 11 board_9x5_11_142773_none
910012999
110129569
111193993
191112239
111000011

16 16 35 board_16x16_35_142789_none
0000001911121100
1100002221939100
9100001912393200
2210112222949100
1910191192394210
1111332233393910
0001991199312110
1111221139200000
1910000011100000
2221110000001221
2932910000012991
2993211110129321
1239102931393100
0011102939392000
0000002231212110
0000001910001910

19 16 76 board_19x16_76_142829_none
1129493101292933929
1922999101922299321
2333594112222459211
2993992029219993219
9695331029223449211
9493910011119129211
2322110000133212239
1921122100199201939
2391299201259411232
1921299311939910292
1111344933333211392
0001994399391001921
1112493949311012210
9229223332100019111
3942239392111233229
2991199312911992921

18 8 19 board_18x8_19_142920_none
111001110000000000
292001932100111111
393012399101291192
392019222101921129
931012321001110011
920001991001221000
110001221123991000
000000000199321000

11 5 14 board_11x5_14_142942_none
01249911910
01999312342
12354212999
91199129432
11122129200

10 6 15 board_10x6_15_142960_none
9129329100
1129932100
1113492211
9212959391
9219499311
1111393100

4 18 14 board_4x18_14_142978_none
0000
1100
9100
3421
9992
4993
3959
2931
2210
9100
1211
2391
9921
3320
1910
1110
0000
0000

5 14 13 board_5x14_13_142996_none
01992
12239
91011
22000
92110
24920
19931
12229
11122
19119
11111
00011
11119
19111

8 8 9 board_8x8_9_143010_none
19100011
11100139
00112299
00192932
00112221
12110191
92910111
12110000

14 4 15 board_14x4_15_143021_none
91011119299210
34239222434921
99939219393129
94221111392011

19 16 54 board_19x16_54_143037_none
1299910000019119100
9434210112121111211
9592110193910000191
9922910129211110111
2223431011101910000
1119992100112110111
9224449100292001291
3492921100292112921
9922232100111193220
3320199201110124931
1922249201921029991
2392921101291029421
1922110001222121100
1110112111923920000
0000194932129920111
0000129991012210191

19 19 88 board_19x19_88_143097_none
9239391001110129921
2939423122910194492
2231292929320129229
1921212244910011111
1139201399321121100
0029201995921929100
0123211345922231211
0192933499321911292
1334399995921111949
9299239655920012392
1223222999321129222
1233923453392292229
1999239929323921192
2353339321292110111
2929393210111111111
9233922910112291191
3329211110193921122
9933210122339333339
2392910199292299992

19 19 97 board_19x19_97_143202_none
1992991029212392119
1222332139219959222
0001291194324959229
1111943229923941129
2921299213933920122
3921249212239310192
9433943329249522239
2993949921399993921
1333293322399439321
0192221193932112392
0124920129210001949
2229941011112212259
9923991001239912959
9422343101995423992
1291199423499392221
0111139993933921000
0112123694222110000
2393923992292001110
9939229931292001910

18 18 65 board_18x18_65_143309_none
110112911139200111
920192111939212392
942222102232229939
299119102933932332
232111113993920192
921110019322221239
933920011211292192
293921222291394221
112222992921294931
000192233321113991
000233119391002331
111299223921112932
191299219210192299
111134321101232222
000029910001929211
000039520001122391
111029932101111921
191012399101911110

16 14 33 board_16x14_33_143379_none
1910002939100000
1110113931100000
0111293110000000
0293493000011100
1393994110029200
2933395920029200
9393339920022200
2329932210019100
9113921121111100
1212111929100000
0292001121100011
1392000000000019
2932100000000022
9229100000000019

15 12 24 board_15x12_24_143419_none
002921292110000
002943922921100
001299311129100
000139311011100
011112391012210
019101921139910
011212110199310
000191000122100
000111000000111
000001221011291
110001992229211
910001239292100

11 6 15 board_11x6_15_143446_none
29493991111
29594331191
12922910111
12111111121
91011112939
11019119239

7 4 7 board_7x4_7_143462_none
0001139
0001949
1122393
1929229

4 16 13 board_4x16_13_143470_none
1100
9211
1292
0129
0122
0191
0111
1222
9299
1222
0000
1121
2949
3993
9339
1111

9 16 21 board_9x16_21_143488_none
000191000
000111111
221111191
992292221
969213920
993313920
239292110
011322000
000191000
001221000
112921100
293229100
949111100
942100000
291000000
111000000

12 10 22 board_12x10_22_143513_none
191123992129
111199339129
000123333221
000112992910
001292233210
001932019210
111392023910
922393119210
292939111100
112121100000

18 4 16 board_18x4_16_143540_none
000192939201910292
111112149533211393
292000139999101939
292000193332101121

19 12 40 board_19x12_40_143559_none
2911921211000000122
9211129293210011399
3310022329910019399
9911129222221122322
2211922910129119100
0112111121293322100
0191000019339393110
0111000012922493910
0000000013321933210
0111000029932129210
0192110029992223921
0112910012339292129

18 18 81 board_18x18_81_143600_none
139321112211223939
299929119922994952
399432123449423939
932392139499422221
111394399959939211
012939934943492291
029323321129322222
029201910022392292
022312110019349439
129291000012399921
292222101222934442
932129201992111999
239239423342212232
193494992929291000
223993222121212110
294331011100123910
294931119111399221
113939111119393119

10 14 21 board_10x14_21_143691_none
0129921299
0193339333
0111192291
1100112221
9201111910
9301911221
9201110191
1100011322
0001129291
0113931211
0193920011
0112110019
0000000022
0000000019

7 8 13 board_7x8_13_143714_none
0001110
1112920
1912942
2322299
9491233
9931192
3920139
1110029

4 5 3 board_4x5_3_143729_none
0011
0019
0022
1129
1921

4 10 8 board_4x10_8_143733_none
0191
0122
0019
0011
1221
2992
9492
1211
1121
1929

5 12 13 board_5x12_13_143743_none
22100
99111
22129
00029
11222
39391
99422
22291
00111
22211
99391
39311

9 19 41 board_9x19_41_143758_none
000013920
122119920
199112210
232100111
910000191
231211222
929292292
133449439
029959393
149994549
199559992
355939942
999222391
232100111
121100011
939100019
293200011
139322100
029399100

14 18 33 board_14x18_33_143806_none
00000191001121
00000111002939
01110111002931
13920191001110
19931211000111
12229100001291
00011211001921
00000192102220
11000239101910
92000192102220
92011211112910
11019101292110
11112211921000
29333912220000
93999211921000
12232101291000
00011211111122
00019291000199

19 6 31 board_19x6_31_143847_none
1102942100192910122
9203999212334431199
9202959329929992249
1213231293234992293
0192922232129432392
0112292929129219211

19 4 11 board_19x4_11_143890_none
0019101910000000129
0133312110000000192
0299492001110000111
0294992001910000000

16 12 47 board_16x12_47_143902_none
1212299923992291
9393934594954921
9329322995499320
1113945979933921
0003999999433239
0002969543399129
0013492291293111
0129921111112110
0193321000012910
0111191000019210
0000112121111111
0000001929100019

11 19 44 board_11x19_44_143954_none
92191011100
93122119100
92019112210
22022212921
92129229391
13932392322
02932922291
12392111932
29312111129
29212921111
12229339100
12922392211
93111921292
93101121393
29111229349
33219294939
99211229221
49300022200
29200019100

6 16 17 board_6x16_17_144006_none
121100
929211
232492
922992
249421
949200
293210
112910
001110
000000
000000
000000
121100
949200
959311
139219

4 5 4 board_4x5_4_144026_none
1910
1110
1121
2929
9221

4 4 3 board_4x4_3_144031_none
0129
0192
0222
0191

8 8 13 board_8x8_13_144035_none
00019100
00023321
00129939
00294493
01392292
13942211
19949200
12239200

10 12 32 board_10x12_32_144050_none
9119299910
1112349310
1101921100
9202220011
9302931229
9314949394
2394941499
1934920299
1129210122
2221111100
9921239421
2229299991

11 14 42 board_11x14_42_144087_none
22100000191
99322332211
59939999100
99559653211
34994991191
92249532233
12149591199
12949922232
93359311910
24993211121
94932910019
29321121111
23921119222
19229111299

15 19 48 board_15x19_48_144138_none
191199932100292
111123399100292
000000122100111
000011100112110
000019100192910
001232100123221
111993100029329
911499100029392
110293101121211
111222113920000
191292194930111
221292113932391
921223112349932
291192912993339
111112223931293
000000192110292
011100111011222
019321011119119
012991019111111

17 19 44 board_17x19_44_144196_none
00011100000011111
00019100011119229
00011100019112921
00001110012211121
00001910001911129
00001110002232932
00000000001929592
00000000002232992
22211112111911221
99391194921221000
39322239920191000
11119239310111000
01133921211111000
12929210191191111
29443310111111191
29929921000000111
23322392121100011
19100223939100019
11100192292100011

19 16 64 board_19x16_64_144244_none
0191001232100193920
1333212999421113931
9299292359991012392
1333211194442119229
1392011212929111222
9494129101121100191
1393921211123210111
0113220192299910111
0001910112933210292
1113431001110011393
9219991011100019239
9323931029322233339
2923331139399299292
2392991193434332322
1923331129394910191
1111910011399210111

19 6 25 board_19x6_25_144317_none
1129993211000001139
2932499291000001939
2931222333211002242
1139212399291112929
0029329953211293121
0012923991000292000

16 4 9 board_16x4_9_144345_none
0000111019391191
0000191012921233
0011212111110199
0019101910000122

12 8 24 board_12x8_24_144356_none
012392992129
019922222932
012322223391
232292994931
999213349920
342212933210
921193391011
291112921019

8 16 26 board_8x16_26_144387_none
19211000
22391111
19212292
12212959
02945959
02999931
01233210
00000000
00001110
11212910
19292121
11211019
00122111
12499211
29994292
29592129

6 19 16 board_6x19_16_144418_none
910000
121111
019239
132399
929332
133910
019210
011100
000011
000019
111122
191292
111292
000111
011211
129291
192211
111000
000000

5 19 14 board_5x19_14_144435_none
93110
93910
12110
00000
11000
91000
11000
11000
92000
92011
11019
00011
00011
00019
12221
19921
23491
29322
29219

4 19 13 board_4x19_13_144450_none
1392
2992
2931
2321
9291
1211
0111
0191
1221
1910
1110
1100
9100
1100
0000
1100
9311
9491
9311

4 12 13 board_4x12_13_144466_none
1999
1232
0122
0199
0139
2221
9910
9421
9329
2392
9211
1100

5 8 9 board_5x8_9_144481_none
91191
22222
91292
11292
12221
93910
94110
92000

6 6 6 board_6x6_6_144492_none
929100
122221
001939
001292
110111
910000

8 4 4 board_8x4_4_144499_none
01910000
01110011
11101129
19101921

14 8 29 board_14x8_29_144504_none
00012210193210
00129921249921
01294491199439
02932932139339
03942291022493
02992223229392
01359219943321
00199213992910

18 16 49 board_18x16_49_144538_none
191001929211001232
111001232393111999
000122292393922232
111199323922291000
292334393210111000
939292949200000000
132423149300111011
129291029200192119
921211122100239221
110001291000294910
110001921011394220
911111122229223921
111910019932329391
001110123339292211
000011291192222111
000019211111019119

19 19 76 board_19x19_76_144593_none
1911929101910011100
1122221102220019100
0019101112942222211
0011101912999391191
0011101111249322211
0129212221012229111
1293493991001932219
9212994331001139322
2202332922211139391
9212922129923931222
2394491012229920029
9449921001234331249
9499310001992929299
9322100001222132339
1100000122211129111
2332211199291193210
9999291245421112910
9942223499921101232
2210019994229100199

16 8 22 board_16x8_22_144675_none
0122101110019210
0199101910012910
0245422110001110
0199992100001121
0123339322111929
0000012994921243
1111111239920299
1911910012210293

14 5 9 board_14x5_9_144703_none
91122100000000
12299101110000
01932101921000
12221101291111
19119100111191

8 6 13 board_8x6_13_144713_none
99111229
22119393
23221393
99921229
95339111
12921100

5 12 13 board_5x12_13_144727_none
00000
00011
11019
92121
13920
24931
99229
22111
22100
99321
39939
12392

4 19 10 board_4x19_10_144743_none
0000
0000
1110
1921
2229
9111
1111
1129
2921
9321
1291
0111
1110
1921
1291
0111
0000
0111
0191

7 14 24 board_7x14_24_144754_none
0292199
1393232
2922910
9322220
3911910
9211121
1100139
0001299
0112932
1293220
9433910
2993331
2333992
9119492

14 4 10 board_14x4_10_144782_none
91019929100000
22123321100000
29119211001121
92111291001929

16 4 16 board_16x4_16_144796_none
1292100002932110
9339111102993921
1293329323349229
0129293992921111

17 5 22 board_17x5_22_144813_none
91000199239219929
22100123949444321
19100001395999200
22211011499349211
91191019393111119

18 6 29 board_18x6_29_144839_none
911921191000192239
344491223110124994
999921192910019999
233221323110024553
011129393221229929
019129329929293221

19 16 43 board_19x16_43_144871_none
0111000001111221011
1291000012911992019
9211000029433492011
1100001139499311000
0000112921399311000
0001393111233391000
0001993001911922110
0002493101122211910
0012949100029201110
0019392100029200011
0012322110122100129
0001911910193332292
0001111110139999211
0000000000039643100
0000111000029492011
0000191000011392019

16 18 73 board_16x18_73_144918_none
0294922110192291
2499494931129322
9933496991022392
9411949941019339
9423394920123932
9399323110192291
1333291111112343
0191111191001999
1221000111001243
1922210001111129
2229931223923931
9224949299595942
2912942449499499
1222129394449554
0191012939934999
0122101122394993
0019221100113931
0012929100001110

9 6 8 board_9x6_8_144999_none
011293910
019229320
011112921
011102239
019101921
011101110

7 4 6 board_7x4_6_145009_none
2222910
9929321
2232391
0019211

4 8 6 board_4x8_6_145016_none
1111
9339
2992
1221
1221
1991
1221
0000

4 10 6 board_4x10_6_145023_none
1910
2220
1921
1139
0029
1111
9200
9200
1100
0000

4 14 8 board_4x14_8_145030_none
2321
9991
2321
1100
9100
2221
2929
9221
1100
0000
0000
0111
0191
0111

6 19 23 board_6x19_23_145039_none
001221
123991
949941
994920
932110
110000
000011
000019
000022
000129
112292
192921
112221
000191
012321
019932
133499
939239
292111

12 14 31 board_12x14_31_145065_none
299100191019
294200111122
129211000191
232291000122
992221111019
333921192121
394391112910
993932001110
222292100000
000129211000
001232291000
001991112121
013431013949
019910019949

17 6 18 board_17x6_18_145105_none
29311019211129299
29391012911932333
11211001122392291
00000011119229211
00001129122212221
00001921119101929

19 4 21 board_19x4_21_145129_none
3942119999100112910
9999224993100293110
9959329432111292000
2221292291191111000

18 12 30 board_18x12_30_145154_none
019100001992000191
012210001392000122
001911110111000019
002221910001121111
001922110112929100
123391000193342100
199211000113992100
122211000002949100
001392111001122321
002992292000001991
002931294210001232
001110129910000019

16 18 59 board_16x18_59_145189_none
2921292192139339
9392393212939399
1323939211121222
0193232911110000
0123911222910000
0129210193220000
1292112322911221
3942129911112992
9991193211123992
2321222002959432
0000191002999219
0001221002342122
1222910001910019
2993111122210011
9593001939211100
1392001139229310
0122100123349921
0019100192993229

15 19 67 board_15x19_67_145257_none
019322993912931
233992394213991
993331129113931
345920122229210
199920293292100
123332399211011
001299222100029
222933222210029
992111929910022
221002243311129
232101929101921
999333222212220
355999211911910
299443912221110
934921111910011
222932211110019
911129933333221
221024599999920
191019933495920

9 16 25 board_9x16_25_145334_none
111191000
191112221
111001991
001222221
001992110
001223920
011102931
139201392
939201392
121101932
111001292
292001239
293101932
239101291
932211122
291191019

4 4 4 board_4x4_4_145361_none
9332
2999
1232
0000

4 5 4 board_4x5_4_145366_none
0019
1111
9210
2921
1291

4 6 5 board_4x6_5_145371_none
0019
0122
1392
1992
1232
0019

6 10 8 board_6x10_8_145378_none
000111
000192
000129
000022
000019
000011
001110
001921
233391
999211

10 18 43 board_10x18_43_145388_none
1922910019
3595431011
9999993110
3454694910
2949493121
4969532019
9993992111
2433239100
0192121100
1212910122
9312221199
9392293332
1212939910
1212133321
9291029219
1211029211
0111011222
0191000199

17 16 40 board_17x16_40_145440_none
00000019111292100
00000011119349311
00000001121299391
11000001910133311
91111112111139200
11292292001939200
22392293101121100
99322239101222110
22292292102992910
00112921002932221
00012210001110191
00019211000000111
11111292111211000
19211129229392100
11393121394939100
00293910293121100

18 14 34 board_18x14_34_145481_none
000000019119210029
000111011123910029
000191000019221111
110111011111119221
910000019321012929
221011223991001121
191129292232100000
222192211029200000
191111000029200111
111000111122211292
000111191191191292
111392111111222122
911993110001291019
111222910001921011

19 10 33 board_19x10_33_145519_none
1222991000193942111
1994321000235999129
1399210000199442239
0123921101233911293
0001129101922212949
0000133201139202931
0000199100039301110
0000122100029200011
1221000111022200019
1991000191019100011

19 4 17 board_19x4_17_145559_none
1110111122112229939
1910192299129934349
1110223933239592921
0000192111922922110

15 10 22 board_15x10_22_145577_none
129211129100000
193911932100000
112222292110000
000191112933221
110111002399939
942100001935941
999100001112920
942101110001110
110001910000011
000001110000019

14 12 29 board_14x12_29_145600_none
00001910019100
00112110011100
00191000001110
11112110012910
94334920019321
99999920133391
24943221299211
12332129322222
19299129200299
12332222100299
12910191000122
92110111000000

12 14 37 board_12x14_37_145634_none
191000191192
112121211139
001929211029
001121291011
221001222221
992102921992
249312943492
139933499211
933499393111
293493211019
129921001232
234320001992
993920001349
223920000192

7 19 28 board_7x19_28_145676_none
0192910
0223110
0192110
0113920
0113931
0192129
1332011
2994321
2999992
3454439
9939111
3492100
2931000
3930011
2920019
1111232
0012991
1129332
1921119

4 12 8 board_4x12_8_145707_none
1100
9111
1119
0011
1100
9100
1100
0111
0191
2321
9921
9329

5 4 5 board_5x4_5_145716_none
99939
23392
00111
00000

9 6 7 board_9x6_7_145722_none
920191011
920111029
110000029
000001121
000001921
000001291

16 18 73 board_16x18_73_145730_none
9210011291019210
2910139421123910
1221199921192221
0191246591222293
0111199933291299
0111134492932333
1292129334229392
2932933499111392
2933494993111222
2392999332119339
1923354449444992
1123949999999332
1119993345542119
9333321019910011
2992121223210111
2333939492122291
9119239493399211
1111111212993100

18 19 62 board_18x19_62_145810_none
994910000019100191
399421000023311332
149592011119911992
139594129112211392
293493921100000111
939212110000000000
121100111000000111
111123391122111291
191199921199119222
111124320122112239
001222910001222949
111992110112993393
912342211192239229
233929292222222111
299221229119291000
395221111111211111
293939311000000191
112139592000001221
000012992000001910

19 19 52 board_19x19_52_145884_none
0192992001992911110
0123492001222222910
0019323111110193220
0011293921922222910
1100113921292912220
9100001110112222921
2210011111100192393
1910019119100111399
2210011111112321299
9101121100019991122
1101929100123443100
0001121100191199100
1100000011211122100
9210000029311000000
2911221029391000000
1111991012321000111
0001222111910000191
0012212921111111221
0019912920001911910

19 16 46 board_19x16_46_145939_none
0112111291000000129
0194921921000111192
0129921122321191111
0012321029993322221
0000192239549912991
1100129293933312931
9101121212129101110
3311910011111100000
9911110019100000000
2210000011100112110
0000000000011293910
1221000000129339210
1991001221194931211
1221001991124920292
0000123432019221392
0000199291011119211

18 8 38 board_18x8_38_145991_none
922994921991000293
293494932222221299
129212392001991139
121211292002442122
920192223211991292
921349229911222393
111993393321113959
001239211191193992

11 6 10 board_11x6_10_146034_none
01939100199
12392101232
19321001910
23910001110
19210111000
11100191000

7 14 25 board_7x14_25_146046_none
1929221
1123949
0002992
0112232
2391139
9921199
2211249
0001932
1111129
1911132
2332929
2992121
9432222
9219299

6 16 25 board_6x16_25_146079_none
019100
133311
399291
993211
222121
012939
129349
932393
291293
232339
939493
932992
111221
111110
922921
129391

4 18 10 board_4x18_10_146105_none
0191
0222
1291
1921
1110
0111
0191
0111
1110
2910
9310
9200
1100
0000
0011
0139
0199
0122

7 8 14 board_7x8_14_146116_none
1119129
9111139
2211139
2923931
9493931
3932291
2931111
1291000

14 5 10 board_14x5_10_146134_none
00011392001910
11119392001110
19233311000011
22299100001129
91122100001921

18 14 68 board_18x14_68_146145_none
001222393211192291
222992999291112921
994543495321001221
349992394921000191
193493393291000111
111113931123322221
110113931129993991
921292293395695442
249422239949949939
949922922349596952
139439221393394991
124942129693123321
193991139992029200
112221193321029200

19 19 51 board_19x19_51_146224_none
0001910129111119931
0001110192119113939
0111000111011101121
1291011212110111000
9222229292911291000
1119393212122921011
1111392000019210019
9100122101121111111
1100129101910019100
0000192101111121111
1100111000012910019
9200111000029310011
9201291112139211100
1101932292933329100
0002349212239921100
0112993200194331100
0193349111212939100
0123921119101293200
0019210011100129100

17 14 58 board_17x14_58_146282_none
22101110191111122
99212921211293299
33292239100394932
92222294310395221
39219339921299229
39423923491124931
29392123931003930
22311019932124930
19100024592939942
22311019923394499
19292112211949449
33449200001149492
99299312111139311
22222292911921100

11 5 9 board_11x5_9_146351_none
00001910111
11001110192
92111000139
92192100139
11129100192

5 8 10 board_5x8_10_146362_none
94910
99310
39200
11100
11111
93291
93932
12129

4 19 11 board_4x19_11_146373_none
1221
2991
2931
1221
1291
9222
1119
1132
1929
1232
0191
0111
0000
0000
0111
0191
0222
0191
0111

10 12 32 board_10x12_32_146386_none
0199922910
0235339210
0294921100
2499321000
9932392011
9310394119
1211299343
1291123999
1921112249
1111292122
1123959229
1929992292

15 5 11 board_15x5_11_146422_none
949391019212121
949311011292929
132211100112121
019119100000000
011111100000000

16 4 9 board_16x4_9_146434_none
0011100000192929
0019210000112121
1113921110001110
9102921910001910

18 5 19 board_18x5_19_146444_none
111129392101291011
193394949322921019
129934933993210011
012229212959211100
000011101139219100

19 14 57 board_19x14_57_146468_none
1111139939211011119
1923949942391019111
1129965932932011222
1113999229392110199
9212495223422932333
1291299229911299391
0111122293211233921
0001110111123911110
1113920000199421121
9129920000139911939
2239310111123211149
1921100191191000029
1121111212222222121
0019119101911992910

18 18 47 board_18x18_47_146530_none
110293119211029211
920299111293349219
920123210129992111
110001910013931000
000001110002220000
000000000112910000
000001110192233210
012211921112399910
019911292101995310
012211239212249200
000012921291029200
110019210222122111
921011100191192129
291000000111223921
111000000011292110
012211110029311000
239921910029200000
994921110011100000

15 19 58 board_15x19_58_146581_none
292291129910011
922932193221119
222392233119111
191293299112221
233349322212929
199299432292232
354323999211192
999101232222229
233210000199222
001911110122292
001111911221139
011101222992039
029211293492029
029439212921011
012993211110122
012322921100199
019101129212232
011100022393921
000000019229391

14 18 58 board_14x18_58_146645_none
99212129100122
22292921100199
11224320111233
19119921292291
22113922949211
91001112942200
11001111139200
11101921029200
29101393122311
93311299119292
29293333221229
22449933920011
19299959932210
22339994439921
29224949293239
39229432212139
94339391001921
29921211001110

12 16 53 board_12x16_53_146714_none
011293499311
029439999491
139933359522
194593139392
239394931229
192214931121
111002921910
111001112331
293112211991
399129922221
933239592111
221921493192
922221393239
292293494493
113949959992
002933993321

9 10 19 board_9x10_19_146779_none
012910019
019211232
012211991
002932432
003959291
002993321
112332921
911912392
233211939
199101121

8 8 11 board_8x8_11_146803_none
11100129
19112392
11119921
00013320
00001921
22101139
99111129
22119111

4 6 6 board_4x6_6_146815_none
1239
1992
2321
9100
2211
9119

7 18 16 board_7x18_16_146823_none
9292211
1229391
0012921
0112110
0192100
0129100
0022200
0019100
0011222
0000199
1110122
2920011
2920019
1122221
0019921
0012391
0000111
0000000

9 19 30 board_9x19_30_146840_none
001911992
012211239
129101121
293101910
294211232
129911299
012211943
111002492
192222992
233992221
939432100
259319100
939211100
232210000
911922210
111129910
000012210
110000000
910000000

10 19 41 board_10x19_41_146874_none
0001911910
1111112231
1910001929
1110001121
1211000111
9391000292
9311111292
1101292222
0012949329
1129349932
2954493492
2999921293
1234442229
1101999222
9213593291
9329932211
2934439111
1139921119
0029310011

15 14 51 board_15x14_51_146919_none
019212221000011
122393992221129
921939322991192
931233322232211
931393992129100
239395543943200
922349993499211
222949532993291
923954911233321
293499210019931
223993111224991
192222129292221
221013931211111
910019920000191

19 5 13 board_19x5_13_146978_none
0192299112229100000
0239222119921100000
1292101133421000000
9211001929392000000
1100001121392000000

18 8 36 board_18x8_36_146992_none
921019221100001110
392134939210001910
922929943922112220
221244594392933910
932399399423299321
992994349492344391
932222923949299211
110001112931222100

16 14 33 board_16x14_33_147034_none
0011291001110000
2229211001910011
9921100002331019
2321000112991022
1291011393221129
1921019392001292
1221122211112921
0191191011394210
0111222019399100
0000191011223210
0000111001111910
0001110001911121
2211922322121119
9911129991019111

9 19 44 board_9x19_44_147069_none
991019299
331122239
931291133
939322299
122922932
122392221
939422191
249391222
932333393
291299399
221293333
920111191
920000111
121112210
019229921
011394391
122394321
299439910
949393210

4 8 4 board_4x8_4_147126_none
0000
0011
0019
0011
1111
9119
2221
1910

4 4 3 board_4x4_3_147132_none
2991
9321
1100
0000

7 8 11 board_7x8_11_147136_none
0000111
1211191
9292221
1212921
1112239
1923942
1394991
0293221

15 19 69 board_15x19_69_147148_none
122229111100000
949933329211110
299539943922921
249396993392392
921229959311393
110012359300292
000111199211211
111294443119100
191299991011100
221124553100111
910001999200191
121212499422322
029492299499291
039592122393211
139322212222110
193339494922920
223994995923930
393234949212920
992019221101110

19 14 47 board_19x14_47_147226_none
1121111393221001110
1939219494991001910
1149312935941001110
0029212393920000000
0011119212110000000
0000012221111101221
0012322939219102993
0019992139222203999
1233321022219102942
1991111019222322110
1222291012923993221
0001932101394994992
0001129100293393393
0000011100111111129

19 8 23 board_19x8_23_147276_none
0192999229922910191
0112494293229210111
2210292112121100111
9921222101910001291
2229119101121101921
0133211100019212110
0199100000011291000
0122100000000111000

18 4 18 board_18x4_18_147301_none
122493110191000191
929995920122211222
134994921129291293
019322111921211299

15 6 19 board_15x6_19_147320_none
921922921000122
942339391000199
939393432111233
122922991191191
001111233332211
000000019929100

9 16 25 board_9x16_25_147343_none
000011100
012229100
129921100
193210000
112110111
001922492
001129993
111123593
191191292
111112221
222112920
994912931
999222391
232119211
221011100
991000000

5 19 26 board_5x19_26_147372_none
29991
94431
13920
13931
29339
94492
39932
29329
22211
19211
33492
99393
33229
92121
12921
12291
92111
93100
29100

4 10 6 board_4x10_6_147405_none
0192
0129
1121
2920
2920
1110
1110
1910
2220
1910

10 5 10 board_10x5_10_147412_none
0001110019
0002920022
1102921139
9113322949
1119912931

18 18 75 board_18x18_75_147423_none
111000111011212929
192110191019293221
113932221012339221
002992910002932939
111234431003931393
922229991113920393
139933422292110292
039539101932000111
139392112392100000
932211019229101110
493221011111112921
995991011211019349
999322239494332299
393101994999991244
222001223955932299
191011101292223953
111019321123395991
000012991019939931

19 14 37 board_19x14_37_147511_none
0001291000139212210
0001921111199329910
0112121291233294320
1292129311293223921
1939129200299119229
1232111100122111111
0191000000000000000
1221000000001110000
1910011101111910000
2220019212911121100
1910012393220019100
1221001923920011111
0192101235930000019
0129100199920000011

15 5 19 board_15x5_19_147551_none
192100002949391
249422112959422
199993912249219
123595212931111
000299102920000

12 4 11 board_12x4_11_147573_none
019100191011
232211122239
991192119299
221129111239

11 4 9 board_11x4_9_147585_none
01933992921
02399322291
01932211111
01110191000

9 6 8 board_9x6_8_147595_none
991000000
332000000
192100000
129101121
012322929
001992121

4 16 18 board_4x16_18_147605_none
9929
2221
1110
1921
2392
1939
2342
1992
2593
1993
1359
0199
1233
9119
2211
9100

4 18 19 board_4x18_19_147624_none
1139
1949
3349
9921
3431
2992
2949
2342
1992
1493
2492
9921
2210
1100
9200
9200
1111
0019

5 16 11 board_5x16_11_147645_none
29211
92291
23221
93920
13931
01291
11111
91000
22100
29200
29200
11100
00000
00000
11000
91000

11 5 14 board_11x5_14_147658_none
12992019299
29593121333
39634920191
29993920111
12322110000

18 8 21 board_18x8_21_147673_none
000000000000112139
000000000011393939
111000011119393121
191000019221212121
111123222921113949
000199911291193994
000124320111112399
000001910000000122

18 10 32 board_18x10_32_147696_none
011222100112993110
029399311192393921
029349592111112139
011129593000111149
000011392001392199
111000111001993222
191000000001249311
112221000000139391
222992121100192211
992222929100111000

19 19 76 board_19x19_76_147730_none
1119222212929119100
9222299494342112210
2392249493992222921
2932932313332992291
2921139323911221122
1110039499210111019
0122129323222492022
0299111101939992019
0293111102393321011
1222119101921011100
9229232212211129211
1395929229101921291
0299321293211110111
0259301345920001221
0199411999921112991
1249911344211912953
1933421192212111299
1239291129291011239
0192211011211019111

15 14 37 board_15x14_37_147815_none
000001921101991
111012229212221
192119112391000
239222211922121
933911911111939
139421111111394
029921101921299
012229101291122
000012210122100
111001921129200
292102239129310
949101932212910
292212139201121
111191029200019

14 12 35 board_14x12_35_147857_none
29321212110019
29939392910011
12239312110011
00023432100019
11019999101121
92123442212921
24932910192292
94993221221129
29322911921222
12211223239291
12921294931211
92291294920000

6 4 3 board_6x4_3_147897_none
001929
111121
910000
110000

4 16 17 board_4x16_17_147901_none
1211
9292
3439
9921
2210
0000
1211
9393
1499
0293
1322
9291
1322
1393
9499
1393

4 18 20 board_4x18_20_147923_none
2921
9592
2992
2442
2992
2993
1392
0122
1239
9299
3432
9910
9310
1100
2210
9910
2221
0019

6 19 20 board_6x19_20_147950_none
000122
000199
000122
221000
992110
332921
922291
291222
221191
920222
920191
110222
111292
912959
112949
001121
001110
001921
001291

12 12 37 board_12x12_37_147972_none
001291001910
112931002331
913941123992
123991199492
129443234421
192299229931
221139239939
931111139421
939101149300
133322939311
129939332391
923932911921

18 4 12 board_18x4_12_148019_none
910123229100001110
233399932200112910
199933229100192121
123210011100111019

19 4 10 board_19x4_10_148033_none
1110000000000002920
1910011211001223920
2221129292111992110
1911921212911221000

19 6 21 board_19x6_21_148045_none
0111011211000001910
1291019391000002331
2922133933110001991
9211939594910001232
1112349499421000019
0019292239391000011

18 16 69 board_18x16_69_148069_none
193229229211019910
129943493292113320
134599392129101921
299393211012212392
293223321123923969
123229992299229999
129934433942112499
293392912931223332
921112111239299910
231100112292223321
929211192921122291
122391123210199443
002931019100123999
003930123210001232
002920192911233332
001110112111999999

14 19 36 board_14x19_36_148148_none
11100111011211
29311191019391
39391111012921
93211011101110
93000129111100
92000192119100
12110111011211
01921101110191
01129101910111
00011101121222
00011100019299
11129100122222
92292211192111
12932291139219
01129322029222
11011291011119
91001221000022
11001910000029
00001110000029

10 16 34 board_10x16_34_148190_none
1910002991
2321114941
9393393920
9329933221
2223339119
1922922221
1292123920
1332019920
2991123210
3931191011
9320112129
2910112932
2222392129
9129932111
1129329100
0011111100

4 5 4 board_4x5_4_148232_none
9200
9311
2391
9211
1100

4 4 3 board_4x4_3_148237_none
1929
1121
1100
9100

5 10 14 board_5x10_14_148241_none
94910
99320
35920
93931
13239
13931
93920
34210
99100
93100

12 19 35 board_12x19_35_148259_none
001111111110
001911911910
001122323220
000019292910
000011212221
012321001291
019991012921
123321019431
192110023992
112921019592
001291012932
000111001239
111110111192
911910191111
232210123210
929100019910
132201233210
019223991111
011299321191

18 10 44 board_18x10_44_148298_none
122229391111292191
199394944492292222
234949499992111191
924953933321122222
129939210000199119
012232211111222111
011119229339100111
019112934992100292
012322129952212493
001991013939292992

19 4 11 board_19x4_11_148354_none
1139200000011212110
1939200011119292910
1232101129332212110
0191001922991000000

14 14 41 board_14x14_41_148366_none
00001929399100
00012332394200
00139593349100
01399993993210
23994322222921
99332211002239
93129391001921
11029322101110
00011119211111
11123221291192
91199911332129
11123333991011
12221299321011
19929222100019

7 19 27 board_7x19_27_148409_none
0191192
1333249
2992939
9322121
1100000
0111122
1393299
9399222
1222111
1121229
1929292
2231211
1910000
2210000
9210000
2910011
2210029
9310139
9910192

4 8 5 board_4x8_5_148439_none
9329
9392
2311
9100
1100
0000
0000
0000

8 6 13 board_8x6_13_148445_none
13922991
94932942
24921292
93211239
29112921
11119210

11 12 29 board_11x12_29_148461_none
11019101921
92121101129
34921111122
99229229119
93223922221
11192233910
00111299210
11001394200
91013959211
33119959219
99223392122
22291111019

18 19 83 board_18x19_83_148493_none
011291000139911221
029322212299323991
029339492943219942
122399932239222391
292299930193932211
292135921222399211
221019321910293292
910123933211332239
220294399322991192
931293933992221222
991112111222221292
343100011212991293
199212239293332249
123493992212922939
112993332012392132
293221191129432019
292001221195991022
112222910239942019
001992110193391011

18 6 16 board_18x6_16_148597_none
000000000000191019
110011100000122111
931229100111019100
949292101292111111
294421001939111119
129910001121119111

11 8 22 board_11x8_22_148618_none
23392229392
99949292393
39594422239
11399291192
00234321111
11292921000
19213391011
11101921019

8 14 16 board_8x14_16_148647_none
00011222
00129299
11193322
91129100
11011211
11101291
29101921
92101110
12110000
01921100
01129100
11023310
91019921
11012229

4 19 19 board_4x19_19_148665_none
2939
9492
2921
1232
1299
9333
1292
0139
0039
1139
1921
1110
0111
0191
0122
0139
1299
1943
1291

5 10 7 board_5x10_7_148688_none
00019
00011
01110
12910
92110
22000
91000
22111
91292
11292

8 5 6 board_8x5_6_148696_none
00000000
01110011
02921129
24921921
99211110

9 4 7 board_9x4_7_148703_none
000199391
122223921
199112210
122119100

16 10 27 board_16x10_27_148711_none
0000111000001910
0000293110001110
0112393932211111
0193922299291292
0129321234321292
1122391193920111
9119211113931111
2233310001129229
1939921000023921
1139491000019210

19 19 98 board_19x19_98_148742_none
2932221192910192910
4993993433232323110
9993239991199292111
9433222321233239219
1229921100191029322
0194329211223132392
1239221292393939449
3943910112994149499
9949210112393249449
2393210294434994931
1213931499994943920
9102949499933921110
1112393949312231211
0129212122322929291
1293210001994342211
2943910001394991000
3992121212249421111
4952029594949200191
9991029999392100111

19 18 81 board_19x18_81_148852_none
1292911993100000000
9323112499100000111
1291012943311011291
0111029339491029421
0011129339942139910
1139211395939129421
1939200294243432291
3331211123939991111
9920293119349421000
3920399221293321000
3332494921112992121
9939932292112322949
2239941239229101299
0135991194943310122
1299442324949910000
2933929393394332211
9211232392394299291
1100191111293932211

15 8 17 board_15x8_17_148938_none
112910191000019
192121211000011
112129100000000
013931111101221
019920029201991
012221129202442
121119111101991
929111100001221

12 5 13 board_12x5_13_148957_none
000193211910
122339911121
199393210029
234921112139
192110192921

10 4 10 board_10x4_10_148972_none
0019293210
1132339910
2939349310
2932992100

4 12 7 board_4x12_7_148984_none
0019
1222
9291
1211
1110
1910
1110
0000
0000
1121
2929
9221

4 14 8 board_4x14_8_148992_none
1910
1110
0000
0000
0000
0000
0000
0122
1399
1994
1249
0029
1121
1910

4 19 18 board_4x19_18_149001_none
1100
9111
2229
1932
1292
1239
1932
3339
9921
9410
9211
1129
0039
0139
0192
1221
1921
1239
0192

8 14 16 board_8x14_16_149020_none
22211000
99291000
22211000
00111000
11292000
92392000
12921000
13320000
19910000
23210111
92100191
39310233
29910199
12210122

12 6 16 board_12x6_16_149039_none
019934920000
023599920000
019396420011
011229922129
110012393932
910000129229

18 5 18 board_18x5_18_149059_none
929112321192911910
121119992233223320
000023422929129921
000019101243229492
000011100199111229

19 18 81 board_19x18_81_149078_none
9119229221222293910
3432293939299459531
9992224493234999992
9894292993139543339
9994933323949920022
3594229102933931139
1939222101112392299
2221393100112939443
9211299111393122992
1293333229392001249
0129943932311000029
0013999449210000011
0001233994921211000
0001222239339292110
0001991012921224920
0112221001111129931
0292000000001922391
0292000000001110111

18 19 89 board_18x19_89_149179_none
012911939949312121
129211139949493939
921223222221393139
221299910000122222
192395332210019291
129322939921234532
122911293229299991
911111221012333432
221222921001921291
922994391002359311
393499434211999200
933969599922332100
359499494339101110
999322222394212921
393222239499129491
112299299422139411
112943239310139321
292392123921294929
921292192291293121

11 12 20 board_11x12_20_149283_none
00000019129
11100011129
29100000022
92100000019
22100011222
29211119291
29219223321
11122393921
00029329239
00039311129
00029211111
00011119100

5 4 5 board_5x4_5_149305_none
92100
39310
39910
29310

4 8 4 board_4x8_4_149311_none
0000
1110
1910
2231
1929
1232
0191
0111

4 12 9 board_4x12_9_149316_none
1991
2321
9100
1100
0000
0011
1129
9339
9932
2391
0111
0000

4 14 14 board_4x14_14_149326_none
1921
2239
9129
2222
9219
9433
9399
2433
9291
1211
0000
1100
9211
1291

9 19 36 board_9x19_36_149342_none
019932119
012399111
000122211
110000293
931100299
939211359
232922993
911129349
122332129
129991022
923431019
111922343
001139999
000139432
000192111
011211019
129101121
192102920
111002920

14 14 28 board_14x14_28_149387_none
19291000001129
11211000013931
11000122119942
91000299333399
22111394991139
29219212232111
39211100019100
92111211011100
11019291000000
00011211011211
01110000129291
01910011292222
01110019211019
00000011100011

18 6 29 board_18x6_29_149416_none
019929922929399991
012222393343959642
012210112993359929
129911111223993232
193222911113941019
111019211912920011

19 4 15 board_19x4_15_149446_none
2210000012321123910
9910000019991199210
4531001124941122111
9991001912920000019

19 4 14 board_19x4_14_149464_none
2992129391012910000
9339129423129210000
1222222292932200000
0191191112129100000

18 12 45 board_18x12_45_149479_none
019292111100199239
022439119100124949
129293211100113931
921339111100192110
110192119111212110
110111022329101921
922110019293333391
493911122322999332
993222911922394929
221293222291223121
111292192211294210
191111129100299910

14 19 62 board_14x19_62_149529_none
00000029910000
00000029321100
00000023329100
00112129943321
11293934939939
29329393234952
39311213923991
29212213932942
11119934931292
00024994932459
01129349439999
02931139922493
03941129310233
13939111100299
19222321000299
11212993110122
00193595921000
11112999392110
91001393212910

10 19 28 board_10x19_28_149598_none
0019292992
0011212239
0012321011
0129992111
0193339119
0111011111
1100011100
9101139310
1101939932
0001122399
2210000122
9910012210
3311129910
9101922210
1102220111
0001921191
0001291111
0011211000
0019100000

4 8 9 board_4x8_9_149630_none
1221
1991
3431
9921
3593
9399
2322
9100

4 5 4 board_4x5_4_149640_none
2221
9929
2221
1110
1910

6 8 8 board_6x8_8_149645_none
110191
921222
139219
039422
029391
012321
001910
001110

14 19 46 board_14x19_46_149654_none
00000111192100
00000191129100
00000111011211
00000011100191
11111019100111
93392011211000
93994110191011
23494931211129
19213939100192
22112221101221
91019322111921
12123993921393
01912944942399
02221129399222
01911122454200
02221911999222
01922211243499
01129100019499
00011100011393

19 12 55 board_19x12_55_149703_none
0111001121211199321
1292112939491123991
9229119359921001221
2222223949310112221
9329119493322293991
9392112949399329431
1323111139339212932
0193931112232201399
0124949112929112493
0019492119232219942
0013932243219124939
0002921999111119221

19 10 50 board_19x10_50_149764_none
1110000112129292921
1910001292933322291
1111123943394920111
0012939991295920111
1119359522349333391
9211299411993399931
9211239922449359920
2219112229393399321
9323210013959433229
9392910002949391192

19 5 20 board_19x5_20_149820_none
0191019119939329399
0111012222239394593
0112122910122229921
0192939321191012210
0112292291111000000

15 8 25 board_15x8_25_149844_none
292000111001291
394111291001932
393922921123339
922393110199292
110292111122333
001232393100199
001929399310233
001121239910191

12 12 40 board_12x12_40_149875_none
011294932229
029339939921
139239423331
393129201929
992011101132
344321111019
199993291122
249999322392
394359319493
992029212493
222233211939
001992911121

7 19 19 board_7x19_19_149919_none
1100000
9100000
1211000
0292111
0393191
0292111
0122111
1229119
9493122
2993239
1233992
0019321
0011100
1111100
9119100
1111100
0000011
0000029
0000029

4 14 13 board_4x14_13_149942_none
2921
9349
2939
2221
9100
1211
0191
0111
1110
1910
1110
1222
9399
1399

4 6 6 board_4x6_6_149957_none
0029
1139
2921
9421
9391
1211

7 4 3 board_7x4_3_149964_none
0111000
0191000
0223110
0192910

8 4 4 board_8x4_4_149968_none
00000111
11000191
92011211
92019100

10 6 13 board_10x6_13_149973_none
1100193210
9100129931
1111113992
0029201349
1239200193
9292100129

18 19 49 board_18x19_49_149990_none
933920000012221100
949920000019939332
932210000013932999
110000000001111232
011100000111000000
019111100191011100
011229210111019100
001394921111011100
001994391191011111
001249422221019119
001139911921011111
112922212391001110
192121101921001910
111019211221001110
121112911291000000
929102232921011100
232222929210019211
922929221211011291
292121100191000111

19 19 53 board_19x19_53_150042_none
0001910000191191111
0001110000222122291
1100000000191139311
9310000011222299310
9921100019229223910
2349211123932313231
0199329119229292929
0133392111111213231
0019432000000001910
1122991000000112110
1912442000012391000
1233991000019933110
1399322111122392910
9493101911910112221
2921001222110000191
1122221291001110111
0019939223211910000
0012392119911110000
0000111012210000000

19 19 63 board_19x19_63_150097_none
0000293100293232100
1221299211294999100
2992122291129332100
2994100222011211000
3599100292000292000
9943311393000292000
3329392292111111000
9122493332192110000
1129312991223910000
1139302342292232111
9129311929211199119
1112922121100123221
0113391111000002920
0192921192221002920
0112221112991113220
0011292111332193910
0019223922291129332
0011119392922121299
0000011212111910122

19 14 71 board_19x14_71_150166_none
0129910129299992291
2494321192334322921
9992192322292002231
3931129291393001939
2322122321293112239
9492922911239119222
9933294322931222291
9592139912942292211
1392139311299329221
0111192101249212939
0000111113953323493
0011212396999399392
0029392999942394443
0029312249310112999

18 10 44 board_18x10_44_150247_none
993921299129921191
239493394229491111
011393939222211011
110112121393100019
933210011399100022
299921119222211139
134439223210192299
019293392910113969
132313932221003992
929102920191002931

18 8 30 board_18x8_30_150298_none
000111191000193920
121293333321114930
939229929992002920
493123323594222221
993129222949939119
932922929394931111
122211121212110000
019100000000000000

15 4 8 board_15x4_8_150330_none
000000191001299
000000111001932
110000011223210
910000019299100

12 4 9 board_12x4_9_150339_none
293111100111
299219101291
249212211921
192101911110

11 5 11 board_11x5_11_150350_none
12992100019
94349200011
99129200000
23232211100
01929119100

10 6 15 board_10x6_15_150362_none
1111129932
2921933499
2922239233
1222921129
1292111249
9211001992

6 14 18 board_6x14_18_150381_none
910019
110011
000111
011291
129211
192100
112121
001939
002493
122992
929332
233239
293949
923931

5 16 14 board_5x16_14_150403_none
99100
23210
12910
93220
24920
19920
12221
01129
01932
01292
00129
11111
19211
22391
19211
11100

4 19 13 board_4x19_13_150418_none
2991
9431
2910
2210
9100
1100
2321
9992
3992
1221
0000
1110
1910
2220
1910
1110
1100
9100
1100

6 12 17 board_6x12_17_150436_none
929100
132322
139399
199333
233239
192299
359433
999391
232211
000000
111000
191000

10 5 7 board_10x5_7_150456_none
0191000000
0111000000
0112232211
0193999291
0129332211

11 4 7 board_11x4_7_150464_none
00000012932
01110019499
01910122393
01110191111

18 12 47 board_18x12_47_150472_none
000191191112110011
111123332293931119
291019939313939222
932113349202242391
139312922211929222
029492112932121229
134922112991111193
199422923431292239
139392139921292192
011212139492211111
110002943459200000
910002992999200000

19 16 45 board_19x16_45_150525_none
0011111292110000011
0019119212911111239
0011123311111923992
0111029910001129931
1292139310011112210
9324942200019100000
9219949200011222100
1112349200000199100
0000193211211133200
0000129119292129221
0111022211212922929
0292029200001112242
0292029310111001939
0111012910191001139
0000002220233100022
0000001910199100019

19 19 53 board_19x19_53_150577_none
0000191000000000011
1110111112110011229
2920111192910029393
2921291112221029439
1222932000191012932
1293391000111001291
9339321000000000111
2933910000000000000
1239210000011101110
1293200000029312910
1939100111039593110
2232221291029494210
1911929322123349921
1111121291192939329
0000000112222121222
0012321001910111191
1119991112110191222
9112321191012321191
1100000111019910111

18 19 83 board_18x19_83_150634_none
992294931102942100
492294959202999111
922222299522243219
332921249993339111
995593293449992100
999999321193322110
455444920122223921
994922931119299239
249931129111223349
029931111100013993
012339211001129959
000293291124943339
110292123399949222
911221019933392292
122910134310111239
019210199211011292
122210122291029311
922910000111029200
129210000000011100

16 14 55 board_16x14_55_150734_none
9212232212221129
2393999293991192
9213943335941122
2312111939921129
9391113249322943
2921192921119399
1111234320022339
1122929910139211
2949334320199200
3992292911232211
9321112111921293
1211001112392399
2493111922922932
9993911129211110

15 12 38 board_15x12_38_150802_none
001922391001221
111239933122991
910295492929332
220293922243219
911222110199111
111921211122211
001129291011291
123232311019432
299939312122992
944339392911392
139321224320111
029910019910000

12 8 14 board_12x8_14_150846_none
000001122921
001111929491
001911122921
112221112110
191191191111
112221222191
002931191111
002991111000

6 5 7 board_6x5_7_150862_none
139491
939932
122229
011111
019100

4 18 11 board_4x18_11_150871_none
1291
9222
2229
1921
1121
0019
0011
0000
0000
0000
0111
0292
0293
0129
0011
1111
9229
2921

9 16 35 board_9x16_35_150883_none
111011399
192119493
129124931
121119931
931023491
992239322
332994491
911349932
110193239
000222029
111292111
911949200
111139311
001243391
001999433
001249399

17 4 14 board_17x4_14_150920_none
11029392921000000
93129312292100000
99112211239321111
22101911922991191

19 6 29 board_19x6_29_150937_none
9939299922321293119
2494349439991299111
0293921394321233211
1224320292011291191
9119921122119321222
1112391019112910191

19 14 37 board_19x14_37_150974_none
0191002932110112121
1332002993910192929
1992111239210124442
1222910011100019991
0001221012210023421
0011291019920029311
1119211013921139492
9111100123211921392
2200011299201110111
9100019239212210000
2221111111119910000
1929211000012210000
1121291000001110000
0000111000001910000

18 18 54 board_18x18_54_151015_none
000000001910001929
110000001221001132
921111000192100019
291191000129100011
122211000011100011
019101110000000129
011101910123210192
011213220199921111
029492910134493210
029922221019229921
012210191022323391
111110111019291111
912921110011211000
224953922110000011
194999492910000029
129599312221112139
233932101292294931
992110001922939920

10 14 25 board_10x14_25_151073_none
9229119391
2392123921
9322019210
1392023310
1392019921
1921012492
2220000292
1910011211
1110129100
0000194321
1110129949
1910012399
1110001232
0000001910

9 12 16 board_9x12_16_151102_none
000111292
000192392
000139311
000139311
000192291
111122322
291019391
921012932
110001129
000000133
011100199
019100122

6 6 6 board_6x6_6_151119_none
011100
019222
121299
921222
129211
011291

4 5 4 board_4x5_4_151126_none
2210
9910
2210
1121
1929

7 16 19 board_7x16_19_151133_none
1910111
2220191
1921111
1291122
1221199
1911232
1122921
0139491
0199311
0122100
1110000
2920122
2920299
1110293
1221111
1991000

10 19 51 board_10x19_51_151154_none
0001110000
2211922110
9911292921
9642212129
9999112232
3593119929
2943345431
3959999931
4959655993
9933994499
9312994932
1101249310
0000029200
0111011222
1393112399
9399219943
1239322492
0012921392
0001129211

14 18 51 board_14x18_51_151219_none
00293119100111
12499112321191
19943201992332
12229211344991
11112910199321
19211110122100
13920000000122
13921232101299
19211999101943
12211232212129
23910011292122
99210029439119
33200029392222
39200011211191
99200001111221
34432112922921
29999119349329
93332111299211

18 10 26 board_18x10_26_151282_none
110000019119322910
921000011112992110
291000000012332100
111001111139219100
000112911939212210
111292111243201910
911932011299101110
111393129343200000
000293923939111100
000112112931119100

19 5 19 board_19x5_19_151314_none
0001992394939100111
1111222995932211291
2921101349322911921
9229100193493111110
1111100112992000000

18 6 20 board_18x6_20_151336_none
191000001292929100
111011101922121111
001139212210011229
002949329212129393
013931293392932492
019210112922129211

16 12 28 board_16x12_28_151357_none
1110199129311121
2910233129911929
9210191023311121
1100111019101110
0000000011101921
1110000122102392
1922210199211939
1129910234911121
0123321192110011
0191192232100029
0111112929100029
0000001121100011

14 16 46 board_14x16_46_151387_none
29929392000199
94332493100133
29119339100019
22223932111111
91192291019100
23333332222100
19949929291000
13993222432000
13331013992110
93920029943921
24931239329339
92139392111292
11029322101221
00012229101921
00001921101392
00001110000292

8 19 31 board_8x19_31_151438_none
11101921
19101292
11100129
11211133
29391199
93922232
13221910
02922220
02933920
12294920
91129210
11011111
11100019
29211011
93392110
49422910
99922221
23492192
00292129

6 16 14 board_6x16_14_151473_none
112110
192921
112129
000022
110019
910011
110011
012239
129939
922221
121100
129100
921111
110019
111011
191000

4 12 8 board_4x12_8_151489_none
1910
2210
9210
2910
2331
1991
1221
1100
9211
2391
1921
1110

5 4 4 board_5x4_4_151498_none
91129
11293
00292
00111

9 10 13 board_9x10_13_151504_none
000001110
000002931
110002939
921111132
942910019
992110011
221000000
000111111
000293291
000293921

15 19 73 board_15x19_73_151518_none
921110000111191
932921222291122
922921994942119
111233339939111
001399124432210
122994229921921
929322934933349
233323239394992
293992921339942
923944321294491
111239911933921
111193211239320
293233332293910
395949999212221
399399642100191
932239910011322
122222210129392
129910111193493
193210191112939

17 19 68 board_17x19_68_151602_none
23391012210012321
99933139931139991
23394949991199941
11129953332225930
91014992129102920
23213942921101110
29924931121100011
93229930019100019
12234920122100011
02993220292000122
24932910393000199
99211110292000122
23210000111001110
12921000000112910
93492122100192110
23992299111212110
93331293119101910
12910123233422232
01110019929991199

19 16 41 board_19x16_41_151682_none
0019210000000000129
1122921000001110293
1911291000001921393
1121211000112291292
0019100012392211111
0011100019939101110
1221000012221101910
1991000001110001110
2331000112910111000
2920000293110191111
2931122493001221191
1292299393101910111
0249322239311110000
1299311029910001110
1932291012321112910
1110111000191192110

18 4 17 board_18x4_17_151727_none
921292129399312110
129213931499392921
011102931393223339
000001129211019292

16 4 11 board_16x4_11_151747_none
9100111191019291
1101291122111222
1111921019211129
1911110012911921

11 10 20 board_11x10_20_151759_none
19229391191
12934931122
12393920029
19223210039
11119100029
11011100011
92000000111
92011100191
11019112432
00011119991

9 14 31 board_9x14_31_151781_none
193239391
129939311
013343321
002949939
224995592
995949942
999223991
393102331
221002931
920002991
931101221
129100011
011100019
000000011

5 19 21 board_5x19_21_151821_none
00111
11291
19211
23221
94929
99331
35920
94930
13931
12239
92293
92393
11292
01232
01929
01121
00111
00192
00129

4 18 9 board_4x18_9_151844_none
9111
1119
0122
1291
1921
2220
1910
1121
0029
0029
0011
0000
0000
0000
0000
1111
9119
1111

6 6 10 board_6x6_10_151854_none
299100
932100
332110
994920
249930
029920

8 4 6 board_8x4_6_151867_none
29219391
39212921
92101110
11000000

11 5 7 board_11x5_7_151875_none
00122101139
00199102959
00122102949
00000001121
00000000000

14 8 19 board_14x8_19_151883_none
01121100011392
01939310019593
12139910123992
92012332393221
92011399392000
11019394322100
00011229119100
00000011111100

17 14 62 board_17x14_62_151905_none
19299100191000192
12443100111000139
12993332101110139
19339999311910193
34444459921110139
99999139921122239
23494239411939942
11129129201294991
91122122200113342
11192129100113949
01233943200294969
02939399100394399
13931233323492394
92110019299921292

18 16 74 board_18x16_74_151975_none
910029933321000292
111139499991122393
013942234421199239
239992129201243239
994569229201939229
943999211101139211
129454310122222111
123939910199493129
193359310123993921
113993111212222110
002993129492000000
001249239693212110
112139449939292910
192934994342423121
223129932939492239
191012211139922992

18 18 78 board_18x18_78_152054_none
000111111111000000
111191192292111100
193332213949339100
129939102933992111
013953201123931019
001299311129210133
012349932932100199
139923939491112259
949323332932293939
393119922239229331
293124942921112910
123913949222222221
019212942239939339
022212393399339399
019229339943344443
121294923922999939
910139311112954392
110029200001291111

19 18 50 board_19x18_50_152140_none
0001921129200292019
0012229129200293121
1139321222111335920
1939910192119399920
1122221229221395310
0011119112910129111
1119332212110011229
9112991191000112292
1101332111000192921
0000192110001222110
0111113920001921000
0191002920001291111
0111002220000122291
0000001910111129211
0111001111291192111
0191000001921112239
0111111012221101992
0000191019119101221

18 14 55 board_18x14_55_152193_none
000000123211129210
110012399943922921
911129945999322292
221934592343292229
911239931192239122
231295931113942119
939229391113992011
292111322192392000
122211292112332000
019291292013992000
011211122119992011
000000019124531029
111012222239910139
191019911939310192

15 6 22 board_15x6_22_152257_none
239119392199910
993111493123210
392122392001110
122399322112910
019393394392121
011211299921019

8 6 8 board_8x6_8_152284_none
00000000
11100011
19211239
34911992
99211232
22100019

4 16 16 board_4x16_16_152293_none
9391
2921
1232
0199
0122
1111
9219
9222
1229
0193
1239
9129
2322
9291
2321
1910

5 18 16 board_5x18_16_152315_none
00191
00111
11111
39219
99211
94200
39100
93100
93111
39129
93339
29292
11211
00000
00000
00011
00019
00011

9 10 23 board_9x10_23_152333_none
121211000
939293210
392239910
933139421
495931291
999921221
234321910
112922210
193349222
112992299

17 5 14 board_17x5_14_152360_none
92911110001121100
12111932101929211
00013599112332291
01129993119291111
01922321011211000

19 10 49 board_19x10_49_152375_none
0000292129929119119
0011392294221234321
0019222494122399931
0023339494929945992
1129949449323339593
1924941299311921494
2222920123922211399
1911110112129212942
1232100192223924941
0199100129292129991

19 16 65 board_19x16_65_152435_none
0192910000001111121
1223220112222922939
2922932293993493292
9229399213932993322
2222322112211249391
9119111229212139532
2211119292292922991
9211122211112111221
2493292233221100000
9399212999939101121
2332102343394322929
2910001910129939331
9321112111124942910
1291193223933922220
0112239929992111921
0001922222321001129

16 18 59 board_16x18_59_152505_none
3999119101991139
9953122212321199
9593129119100133
1494932222200029
0394129229100029
1392124931101121
1921194930001910
1111334920001121
1111992110000019
2922221000000011
9591000000001121
9922111121101929
2211911939113442
0001223392119992
0001293932122449
1122924931910192
1929213942221111
1121102991191000

10 8 17 board_10x8_17_152573_none
0011212939
0029492149
0029932139
0124921921
0192111232
0112110199
0001922249
0001292921

4 5 4 board_4x5_4_152593_none
1910
1121
1139
1939
1121

4 6 6 board_4x6_6_152599_none
1221
1992
2349
2932
9391
1211

4 14 12 board_4x14_12_152607_none
1110
1910
2220
2920
2920
1221
1291
2931
2931
2392
9349
1299
0133
0019

7 19 19 board_7x19_19_152622_none
1910000
2220000
1921100
1129111
0011229
0000192
0000111
1110000
1910000
1122210
1119920
9213920
9201110
1111211
1119292
9232329
2929111
2232200
9119100

11 16 48 board_11x16_48_152643_none
22113939921
99119933491
22113332921
11123929221
92299343219
29222299111
11111233200
11129129310
91194459921
22229999539
19123449494
22229111499
91192100394
22123322392
91019994943
11012499399

12 14 46 board_12x14_46_152695_none
029922910111
029593332291
012922994942
112332239993
912992223599
112959392393
123494934953
929939229999
133321112332
019101121222
011101939399
121101395932
929100299420
121100139910

18 4 11 board_18x4_11_152749_none
993921191000000000
993291111000000122
221111000001110199
000000000001910139

19 8 40 board_19x8_40_152762_none
0111193929100000019
0293229221100011122
0399111211111139229
0395311192292299229
1499391223923953211
9395954393222949200
3424999922912259411
9912959311111939391

18 12 47 board_18x12_47_152811_none
110000002920124920
931100113931199942
959100192393249699
992112432294922994
221139991129211239
110199532122101132
911343291191012939
123992232211019239
019933939111111233
012212931119100199
000123210011101232
000199100000001910

17 16 40 board_17x16_40_152863_none
29201121100029310
29201929101149910
23211243201939310
93920199101121100
36941233101110000
99991192101910000
23321129101110000
00000011101110000
00000000001910000
00000000001111221
00000000000012992
00000000112239339
00012210294993211
12229910299339100
19933310244211111
12229100199100019

16 18 38 board_16x18_38_152907_none
9101291000000000
1101921123211110
0001110199921910
0000000124921221
0000000002220292
0000000001911392
0001110012211932
0001910019101129
0012210011101121
0019112221223921
1121119939399229
2910012393932222
9221100112110191
2229210000000111
1922910001221011
2322221112991019
9291191192221011
1211111111000000

12 19 51 board_12x19_51_152948_none
292292910191
939224320122
232119921139
192122392299
124920239333
129931193391
294493339332
922939922929
111123322231
001223932910
002993992110
002932232111
002220019229
001910012932
111121101129
910019100122
221011211293
193210293399
129910299222

5 8 6 board_5x8_6_153006_none
01291
01921
12210
19100
11100
01221
01992
01392

4 5 3 board_4x5_3_153014_none
1110
1910
1121
0129
0192

4 5 5 board_4x5_5_153018_none
1129
2931
3931
9229
1111

8 14 16 board_8x14_16_153027_none
01910019
01110011
00000000
00000000
11122100
91199211
23443291
19991111
13931000
02231100
12929100
92243200
11199111
00122119

12 19 51 board_12x19_51_153045_none
139399922291
939433393931
122911334931
123333992129
299399332111
296942229211
129931292291
122229223321
931023329910
991019944320
232113993910
019112493110
022219322000
019111291011
121100112139
910122101939
110299102231
000293212921
000111192291

15 19 73 board_15x19_73_153103_none
992992991191011
333222221112139
291112121112939
931192929349321
941112133999200
991111019443221
943292122922929
392923932139332
933212993129219
139201399233222
029212454399129
011119999322129
011124959310022
129229332922229
192394911129921
221294331012321
921335992100191
239299959100111
192239492100000

17 16 65 board_17x16_65_153188_none
00001122332239329
00013949999299932
01239994432223391
01993339222111222
12321022399119229
19210129333223943
23933393392292399
92299939213931293
11123221214941122
11011212294992119
92239292949339111
23993322292111100
93332910111011211
23911122332129492
19210019999129593
11100012332112939

19 5 17 board_19x5_17_153270_none
1129311019100000000
9129492011212110000
3432392001294920011
9991122101939920029
2321019101122210029

19 4 17 board_19x4_17_153290_none
1910112921011211299
1221193391029493399
1291129211029493949
9211011100011212121

14 12 24 board_14x12_24_153311_none
19100000000011
22200011211019
29200019292111
29311122229100
11291292122100
00222393191011
11291293211019
29311129100011
29200011100000
11100000011211
12211221019391
19911991012921

6 19 29 board_6x19_29_153338_none
920019
920011
121100
239100
993200
359310
939910
122210
111110
911932
111399
111393
922921
349210
994432
349999
933994
921239
110011

4 8 4 board_4x8_4_153374_none
0191
0111
0000
0000
0111
1291
9321
2910

5 4 5 board_5x4_5_153379_none
29920
29931
12229
00011

12 12 21 board_12x12_21_153385_none
199100299100
232111393100
922129321000
292922921100
112122229100
000019112321
000011101991
000000012321
011100019221
019100012929
121111101132
910019100019

18 19 89 board_18x19_89_153408_none
000012910193992000
111029310114992000
292039411112942100
393149911911139310
922939311110039921
233332101110029492
299291012921011229
294422019492110022
129393133922910139
243493929333210299
999213231399100293
942113921393101221
331139942922222910
992299994222993321
343959699339449291
939593933995942422
249933211495939291
193339321294231222
111193991112910019

19 18 71 board_19x18_71_153514_none
0019292111249211229
0012322912999219393
1101911112942111393
9101110124332210239
1100000199939910192
0111111245449321211
0191191199392129322
0222111249311029399
1291112394221111239
2921192993929111111
9310234322121119100
9310199310011112210
2922249910029312920
2493923320029924930
9394221921123494930
2322911129119213931
1911221012221212139
1110191001910191029

19 12 32 board_19x12_32_153591_none
0199100113991000000
1232112393931000000
1921129922111110000
1291193210112910000
0122211111192110000
0019111291111011100
1111119211122119111
9100133200199111119
2200199211222100011
9221239329100000011
3939111393100000019
2931100292000000011

16 4 17 board_16x4_17_153625_none
0011101139920292
0129101949931393
0193212394921959
0112911922111299

14 4 13 board_14x4_13_153647_none
99291129229111
94321193921119
23921112121111
19391000019100

8 12 14 board_8x12_14_153663_none
11129100
91192100
22211000
29100000
92111111
11019119
00012221
00113920
00194930
00225930
11293920
19212110

4 19 21 board_4x19_21_153679_none
9310
9931
3949
3492
9932
2392
1249
2949
9593
9492
1211
0011
0019
1121
2931
2991
1232
0019
0011

6 10 10 board_6x10_10_153705_none
192910
123210
019100
022200
019111
012229
123921
199421
139391
011211

8 6 12 board_8x6_12_153718_none
11013920
92119920
29333210
13992110
24943910
99392110

12 4 11 board_12x4_11_153735_none
191292192992
111393112239
000293101232
000129101991

19 16 73 board_19x16_73_153747_none
9119992929931229392
2223422123959392493
9129211113499411292
2239219229949310111
2921112934433931111
9310012229924991191
9300129112339941111
9200294211295931100
2201399119239329210
9101932222239322910
1101110192294911110
0000111112949421111
0111191012249593392
0191111019139799393
1232111111129994439
1929119100012339292

19 18 89 board_19x18_89_153826_none
2392111121101992000
9933911939213492011
3329212393392922129
9223212954933211921
1293933999349311110
1224994353499910111
9119594939399542291
2344939392235999211
2999233421019942100
3993119932223210000
3941123399392222121
2920192224955993929
1111249202999994231
1112949202343333921
1934932211910019339
1399421923320011292
0299912239910011222
0123211922210019119

19 19 61 board_19x19_61_153932_none
1110000001929101110
3920000012221101910
9932210139200012210
2229932299200029310
0012399322100029920
1110139200011113931
1910011100019223229
1110000000023499232
0000122100019954939
0000199100024994493
1100233100129593992
9211191111193922221
1292333292212110000
0112993939211000000
0112494121292100000
2391393012339100011
9921292019922221119
2210112123321929111
0000001911911121100

17 14 35 board_17x14_35_153998_none
11000199911110191
91000123222921211
11000001129229210
11100001932212921
29210001129211291
93910001133910111
23321012929320000
19292129333910000
11212921292221000
00113331111191111
00294991000111191
00395931011111211
00394110019119100
00292000011111100

12 6 20 board_12x6_20_154039_none
129293910000
932339320111
393394932291
939923993931
122211345942
000000199399

6 6 5 board_6x6_5_154069_none
110122
910199
110122
000011
111019
191011

4 12 10 board_4x12_10_154075_none
2910
9210
2211
9129
1129
0011
1110
2931
2991
1343
0199
0122

4 19 19 board_4x19_19_154089_none
0011
1119
9111
2221
2939
9492
9421
2910
1110
0111
1291
1932
2391
9332
2949
2499
9394
1229
0011

5 19 17 board_5x19_17_154109_none
01910
12110
91011
11129
00192
00122
00019
12232
29939
29593
22392
91222
11191
00111
00000
11000
94210
99910
23210

9 14 22 board_9x14_22_154130_none
002949291
003993211
112992000
911222110
222111910
193911110
239210111
293210191
922910111
112220000
002920111
003930191
113930111
912920000

14 6 22 board_14x6_22_154154_none
19299111211011
11222119392019
11122112594121
93299101994931
95943101234949
99391000019392

18 4 10 board_18x4_10_154181_none
293100000191000111
399100000222000191
293211000191001332
111191000111001991

19 6 17 board_19x6_17_154192_none
1299210019100001291
2933910122100001932
9222210192100001291
1119111229100000222
1111119221100001291
9100012910000001921

18 18 78 board_18x18_78_154210_none
129229211129119291
922943391294211211
112499311299111100
001999211344219100
001343129399222211
011291149544391191
129321199599211222
193910235993112391
113220193931019932
001932212232113491
001299421199212931
000249992344924930
000193334992239920
121334229931193332
939399943211221199
393496992001910122
393293493012332100
292111292019299100

17 19 56 board_17x19_56_154305_none
11100199111100029
19101243219112239
11212929111119921
11192121222113320
91122101399102920
22019102994102920
93132202992112110
93939102331191000
23293202920111000
92239103930001110
23921113920001910
29310029321112221
29311029219229119
22291122112921111
91122292111110011
22129212910000019
91192101110011111
22212110001129321
19101910001922991

9 10 23 board_9x10_23_154369_none
000199910
000139310
011111211
029211291
139329322
933393391
293922943
249421399
199932393
123399211

4 4 3 board_4x4_3_154394_none
9100
2210
2910
9210

4 8 6 board_4x8_6_154398_none
0011
0129
0293
0292
0111
1121
1939
1139

8 19 26 board_8x19_26_154406_none
11111392
19119392
11122322
00019119
00012221
00001910
11001232
91000199
11001343
12211992
19922392
12392211
01349100
01992222
01221199
00000139
11212121
29292910
92212110

16 12 50 board_16x12_50_154438_none
1129393111393921
2921394923993129
9210139329942122
1212249324491191
0192992293943321
1222221124939931
1911121119445949
2322949322993931
9392299911333110
4931123322291111
9921221192922392
2211991112111992

19 4 11 board_19x4_11_154497_none
1922910000000111000
2229320111001392000
9112910292001992111
1101110292001221191

19 4 11 board_19x4_11_154510_none
9200111019910000000
9200191023422111110
1100112129293921910
0000001921213921110

19 5 16 board_19x5_16_154525_none
0001910019921111019
0001110012392292111
0000011100113949111
0011119321002942229
0019112991001129129

19 6 25 board_19x6_25_154543_none
9229129911111292991
3922349421911922221
9222994921222110000
1229323942292110000
0193223499212910000
0112929932101110000

18 10 46 board_18x10_46_154572_none
000000111001232111
001111392124999239
111911993299965499
922112349223399979
291012943200124999
332129399101122332
992293443112929210
959224992119222910
941119949111223321
920012221100199291

10 19 29 board_10x19_29_154624_none
0001992191
0012493221
0019323921
1121292291
2920222111
2920192110
1110112910
0001122221
0001939119
0002392122
0001921019
1122210011
1939210000
2393910000
9212110000
2200001110
9211012910
1292129221
0112921119

4 8 7 board_4x8_7_154657_none
1110
1910
1110
2210
9932
9499
1233
0019

6 6 9 board_6x6_9_154666_none
112110
192921
224391
294942
394991
922221

8 10 21 board_8x10_21_154676_none
12221100
19939100
13593222
01993299
13592293
19943332
13993992
01394349
11212932
19101129

11 16 32 board_11x16_32_154704_none
00000191011
11000111029
91000000139
34210122292
99910299322
23221394392
00019212939
00011102231
11122102931
92299103949
23932102953
19210001399
22211100394
19119210393
11112910292
00001110111

14 19 35 board_14x19_35_154739_none
12929211000111
92121291000191
11000111000222
00000000000191
00111000000111
00292000000111
00292000011392
00111012229392
00000019921222
00011123310019
01129129323232
01921129399929
01121222223221
01129291000000
01921211000000
02220000000111
12911222121291
93111993929322
92001239221291

18 16 77 board_18x16_77_154784_none
199492000299101221
139492011393223993
133421019321199599
949910012921139322
993210001393222222
221000111299493299
001110192355999239
001933334999555321
111299939969499910
931235932239339310
959329210011111222
399921100000123399
395433210000199959
939399921000124493
232933392100012949
911110129100019239

19 10 41 board_19x10_41_154879_none
0002931101922910011
1213949201393221019
9292139200292192132
1322011211223222929
0191000191192923331
1222100122223229932
9339100019119223399
3993212133321291149
9492294929920122129
1211299223920019111

19 5 13 board_19x5_13_154926_none
1910011111100019111
1111239119100011119
0012992112221111111
0019321002949219100
0011100002949211100

14 8 29 board_14x8_29_154942_none
91192221299339
11223991299939
12494342234432
19995939229291
12596954931211
00294939931110
00112123921921
00000001111129

11 12 29 board_11x12_29_154974_none
00111191000
11192212110
91129212910
11011293220
00111223932
00193392299
11129943349
91013939921
12111133421
01922239391
13239959422
92923992291

5 19 21 board_5x19_21_155009_none
01291
13931
94920
29321
11292
01239
01921
13320
29910
94310
29321
12992
12493
19229
11111
00011
00129
11293
91292

4 16 16 board_4x16_16_155037_none
1393
3999
9942
3310
9100
2210
2931
2949
1292
1232
2939
2931
1110
0000
1221
1991

4 14 13 board_4x14_13_155056_none
1393
2999
4952
9942
2399
0122
0111
1392
1992
1221
0111
0191
0111
0000

4 10 7 board_4x10_7_155075_none
1910
1110
1100
9221
2939
1393
0292
0111
1110
1910

9 4 9 board_9x4_9_155084_none
910001929
232112221
399129200
993129200

15 12 31 board_15x12_31_155097_none
991000011119111
221000019122219
001110011129211
001910111139200
012210191294210
029200234493910
249200199933321
993100149539391
393110029393932
123910122212291
019210192100111
011100129100000

19 19 76 board_19x19_76_155134_none
1910000139310122119
1110012399911299111
0111129934321944210
1291195432922392910
9422249929229323110
9912969432211292110
3312999339322212910
9101232299499101221
1100000122393101292
1121101110111001939
1929212910000112121
1133593110011392000
0019992000019393221
0023533110011324992
0019392910000194992
1122922221000114952
2922110191012224992
9392101221029939959
1229101910029932392

19 14 56 board_19x14_56_155218_none
2210001992102921221
9920001239103932992
9931100012212923959
2229210001911113941
0013932211110124920
1113949910000299321
9119239421000394291
2222322392001392122
9339291293122933339
2992211112929339993
1221000001122933592
0111000001222129211
0193210113993111100
0129910193999100000

17 8 18 board_17x8_18_155278_none
00000000000199499
00000000000249594
00001110000193949
00001911110112139
00001111921001132
00000001291112929
00000111111193231
00000191000112910

12 4 11 board_12x4_11_155298_none
110122393119
920199399222
920233223391
110191001921

11 4 12 board_11x4_12_155310_none
99239311122
22399391199
11293212343
91111001991

9 6 13 board_9x6_13_155324_none
139910019
939432111
231299100
910122100
122321122
019991199

6 12 10 board_6x12_10_155339_none
000000
000000
122211
199291
233211
292011
292019
222011
192100
129210
013920
002920

4 19 20 board_4x19_20_155351_none
1921
2392
9229
2221
1921
2391
1943
1299
0139
0022
2229
9931
3931
2392
9229
2232
1929
2221
9100

6 14 15 board_6x14_15_155377_none
910111
232391
939921
249421
921291
110233
000199
000233
000191
000111
121100
929111
132219
019111

12 4 12 board_12x4_12_155395_none
191011100139
222129221299
911934939233
111129931119

18 10 27 board_18x10_27_155408_none
000001910001110000
000001110001922210
110000000001239921
922321011100193391
359991129100112332
999531192100002991
394921122100002942
112291019211001291
011211011292101221
019100000129101910

19 12 31 board_19x12_31_155437_none
0000001921000019211
0000001292121111292
1211000112929100129
9291011101121111111
1222119100001139200
0019222100112939200
0011292100192121100
0111239100111112110
0191192100111192910
0111111011292213331
1100001129339112992
9100001921292119492

19 19 87 board_19x19_87_155469_none
1111993211002991000
2922499391013931111
9329223921129221292
9312212220192119339
9201912921221123393
2222224943932292949
1939119939993933239
1393112224994239111
0394100002932922321
2599201222111111991
9999323992000012321
3553299492000019211
1993222322111133391
1499200191193399211
0299200111139943200
0122211112249329211
1110192294993222391
1910112959959119322
1110001299492111291

18 19 93 board_18x19_93_155569_none
000112921000299929
000193392211295331
011339239393322910
129495339449911110
943999921399410000
939444210399211111
342293222595229229
992249949994933593
943949959694339992
292139932949393321
111012211139433210
110112111122939910
931193932923393210
991235992292932111
443299421235339119
994959200199931122
394943210235920019
112292921294320122
000112129229910191

17 18 62 board_17x18_62_155681_none
00019910000129222
00012210000192399
11001111110222294
91112911922391139
33293222239921149
99213921922210299
22113943210011394
00139499112229229
00299322119921222
00293100134421292
00111000299391292
00011112599421111
01129349994910000
12922999522110000
29421249200011100
29921011100019100
23491123221112210
19211199929101910

12 10 18 board_12x10_18_155749_none
029491000011
029921000019
124321110011
192911921100
112111129221
111000123929
192100192132
129100112129
012221101921
001929101110

8 4 8 board_8x4_8_155771_none
92119910
29112332
22200199
19100139

6 4 6 board_6x4_6_155783_none
292139
922939
222121
191000

4 10 5 board_4x10_5_155791_none
1100
9100
1100
1100
9111
2219
9111
1100
0011
0019

5 19 26 board_5x19_26_155798_none
12910
94331
95991
99321
45421
99992
95959
23139
92111
29100
22111
92129
93292
23921
29310
39300
39300
29200
11100

8 19 31 board_8x19_31_155829_none
29322910
39929210
29432111
12391019
01933332
01139991
00029941
11013931
91112291
22292111
93392000
93921011
12110019
11000011
91000011
11111019
01292121
01933932
01129399

11 14 22 board_11x14_22_155866_none
00001112920
01111923931
01912392129
01222921011
00192221000
00222191000
11392111000
19392011100
12321019111
12910011129
19210000029
22201121122
19101939119
11101292111

18 4 19 board_18x4_19_155892_none
929119119949200029
232112222399421029
292012921123992222
292019391001239291

19 5 16 board_19x5_16_155918_none
0000001910191019211
0111113221221012391
1291193911922211921
1921129212239922221
1110011101922391191

19 6 18 board_19x6_18_155935_none
1929100001222111110
1121100112993911910
1211000293393233221
9291000293221199119
1212111333910122111
0001911992110000000

18 14 55 board_18x14_55_155954_none
000193931101921299
112334949112229222
192993392229222321
113459322295921991
001992291396942221
001221112394991111
011211001934431191
129392112239931211
293392292295949200
392111394393139311
933110299321011291
393910123910111122
939320002220191019
122910001910111011

18 16 69 board_18x16_69_156015_none
012912939910292000
019433932210293121
123993321111112929
923949292291002231
239442212921001921
193991001110112239
112332012221392192
011292239929393221
029313994233433910
029324993119939431
022399449123494991
139433921229213931
969912220192101121
999411921211001139
999212229111112939
232119111119119221

14 19 55 board_14x19_55_156097_none
00001111911121
11001911111929
92222110002231
23992110112921
92233911294491
11019223949932
01121119943491
12921112239421
19239312139921
11129394943449
00011229949399
11101122249422
19212910029310
11292110123910
01221111192110
01910192221111
02220112933492
23910002499992
99210001999421

12 19 41 board_12x19_41_156165_none
029200000011
139322222129
921299299239
110122223921
000112111110
000192911110
110123212920
910019102931
221011101129
292111111011
292191192121
222122223939
292019129339
394222129211
299291011111
122211011229
000000029494
111001139599
191001922932

6 8 11 board_6x8_11_156215_none
192939
112292
001221
001910
002331
001992
013593
019939

4 5 3 board_4x5_3_156230_none
1119
9211
9200
1100
0000

7 14 24 board_7x14_24_156234_none
1212991
9293342
1212939
0012249
0029229
0029333
0022399
0129333
1292291
9212332
2322992
1993392
2493221
9212910

14 19 38 board_14x19_38_156260_none
29200001922210
29200112139910
11100192139310
11100112932100
29311111292110
29923920112910
12393920112221
00112221191293
00000191222299
01110111191122
12910011222100
92111129119211
12111921111291
02921110000111
13931100000011
92129100000019
11012221211122
11001929291191
91001121211111

15 18 36 board_15x18_36_156305_none
111001129291199
192101921211139
129101221012221
122210192129920
921922223933920
931293912921110
920239211110000
111393100000000
002992000011100
003952001129100
002991001932100
001221001292110
000001110112910
000001910001110
110001110000000
910001110000011
110001910011119
000001110019111

19 6 32 board_19x6_32_156342_none
0123210000123991000
0199931000199432122
2349991122222293499
9933544399321139994
3329399934991139592
9112933212931192211

18 5 12 board_18x5_12_156379_none
000191191011129211
000222112129239219
110192101921292111
911239101110111000
111921100000000000

11 18 48 board_11x18_48_156392_none
00191111000
00222191111
01292223392
12949229949
93293922239
93323110122
39392100191
95969421111
94999991000
12344332100
12392139311
92993299391
13333942322
02933932391
13992129921
94331012321
93921211191
12129291111

10 19 40 board_10x19_40_156444_none
2211291199
9932921149
3939331129
2233939122
1912942119
1222291011
1291112110
9211002931
2200002992
9100012492
2210129211
1910194310
1121339920
0019294920
0122212110
1291011100
9222119222
2349211299
1999200122

5 16 14 board_5x16_14_156490_none
11111
19119
23221
93921
93291
12221
13931
94949
13931
01110
00000
00011
00019
00011
01221
01991

4 12 12 board_4x12_12_156507_none
0199
1222
9211
1392
1392
2921
9210
1211
1292
2939
9331
2910

4 5 4 board_4x5_4_156522_none
0299
0394
0292
0111
0000

8 6 8 board_8x6_8_156528_none
11212110
29493910
29494210
11229222
00011299
00000122

15 18 55 board_15x18_55_156538_none
001112932911910
002922993221110
124933543910000
199449992110000
134994431001110
019444910001910
011299421001110
001249491112121
012945943292939
139599992922293
199494322222239
123321111294921
001910191299210
123320111122100
929911121222100
133311929299210
019112221223921
011119100001291

16 19 52 board_16x19_52_156597_none
0129211929119210
1294932232212910
9213949219101110
2201249211101110
9100192101111910
2210222123911110
1921291199320000
1129211123921111
1121100001291191
1921001110112332
1392013920001991
1392019931111221
9211024921910000
1100019212331011
0000011212991029
0112110193342129
1293920123939211
9334931019239200
2929391011111100

19 14 67 board_19x14_67_156658_none
1212292911922211291
9393943233239911932
9424992299239311129
1293349233392222233
1222932119212299299
2911291022202942222
9221212129102921121
2219101921102232929
9333201111123949221
9599111212939993210
4994219392139532910
9959112932012911221
9592101291124432291
9311000111199992921

16 4 8 board_16x4_8_156740_none
0000000011229210
0001110019293921
0001910122323129
0001110191191011

12 6 16 board_12x6_16_156749_none
299292111211
294449219391
129299312932
011349201291
111192100122
191111000019

6 18 18 board_6x18_18_156768_none
112299
193943
349492
992392
932232
112939
003941
002920
001110
001221
001992
001392
000111
000000
000000
000000
000011
000019

5 19 14 board_5x19_14_156789_none
00111
00292
11292
92211
29111
11129
11029
91022
11029
00029
00011
00000
00011
00129
00193
11239
91192
11111
00000

4 19 12 board_4x19_12_156805_none
0019
1111
9211
9229
1129
0011
0000
1110
1910
1110
1100
9100
1100
1100
9111
3439
9992
2321
0000

4 12 15 board_4x12_15_156820_none
1292
9449
2992
2442
1991
2331
1921
2349
2992
2942
2392
9229

6 8 10 board_6x8_10_156837_none
111000
192121
224959
293999
922232
220000
920000
920000

9 4 5 board_9x4_5_156849_none
191019111
111011119
000122111
000199100

16 10 41 board_16x10_41_156856_none
2942129201991122
4999239201221299
9943921100000293
3422121100122211
9393129210199100
1395933921243200
1249922932929211
1939322229343493
1133339222399499
0019939219223932

19 18 49 board_19x18_49_156902_none
1129100019119111392
1921101121111119393
1110002920001232229
0000013920001991011
1111119210001221111
9229111101110000191
1293311001921011211
1239291001292129100
1932311000112921111
1129100011101221129
0012210019211191192
0001911232291111111
0001111991222001110
0000002331191002931
0000002932321113992
0111002949931192392
0192101139991111111
0129100013931000000

18 16 77 board_18x16_77_156957_none
001110111000019210
113920191123223920
194930111199913941
224930000124434991
923920001123994942
139321112939995492
139329119494959949
921394333934459941
222495994239994920
193995993923554210
239323944321999322
192101129921249499
221000013921133932
910012222211939210
122239939212493111
019939339219392019

16 10 33 board_16x10_33_157053_none
0012910299200000
1239420299310000
9299910123910111
2323221101110191
9311129100000111
9492293210000011
2939212910000129
1122322121100192
1222992129112443
1992392192119999

11 4 7 board_11x4_7_157093_none
01111911910
12911111110
92121211111
11019291191

7 6 11 board_7x6_11_157101_none
0199239
1344939
1993232
2593191
1992111
1221000

4 16 9 board_4x16_9_157114_none
0191
0111
0000
0000
0111
1291
9321
2910
2220
1910
1110
1100
9200
9411
9391
1211

4 18 9 board_4x18_9_157125_none
1100
9100
1100
0011
0019
0011
0111
0191
0111
2210
9910
9421
1291
0111
1100
9100
1111
0019

4 19 14 board_4x19_14_157136_none
0191
2332
9929
2221
1110
1910
2221
9119
2211
9100
1100
0011
0019
1121
2920
2931
2391
9311
9200

8 14 27 board_8x14_27_157151_none
01922321
01139991
12139942
92922392
23110239
93110192
94932232
24992929
93322121
39200111
29201291
22202931
29313920
29392110

16 4 12 board_16x4_12_157187_none
1911234921929119
1111999931121111
0112234920001110
0191001110001910

17 4 17 board_17x4_17_157200_none
12110019992229292
92910023559392229
23321019299422022
19291011222291019

19 16 42 board_19x16_42_157219_none
0191000123932291019
1221001299499311011
1910001933949322100
1221001111121399100
1292221000000293222
9213991000000122399
3423931000000019393
9992110000000011211
2321000000000000111
0000000000001110191
0111122100001910111
0191199100012321000
0111133201129292100
0000029312921239311
0000039492110029391
0000029311000011211

15 18 68 board_15x18_68_157262_none
012221119119921
019939211223391
233239200191111
993223211343100
399394922999311
123949933959391
001294329344421
000129222299931
000011291124992
001110122101393
122921229100129
929229293333332
121223322999992
012392923355949
029923393929343
039633949221299
149993942211222
199422129119100

7 5 6 board_7x5_6_157340_none
9200292
9200292
2210111
2910000
9210000

4 8 6 board_4x8_6_157348_none
1110
2921
9349
1399
0293
0111
0000
0000

8 19 37 board_8x19_37_157355_none
11199310
91139910
33123310
99119100
93222100
22292111
19239339
11249949
00299449
12494921
19922232
13320199
12910149
92111139
11001932
11101291
29200122
29311139
12911939

16 10 22 board_16x10_22_157395_none
9119119101129100
2221111212921100
1921100192110000
2339100111111000
9392100012392110
2921000019933921
1110011112229391
0001239100012321
0012992100001910
0019321000001110

19 4 19 board_19x4_19_157419_none
1211000011101993939
9291000029423469593
1211000039992999939
0000000029422249321

18 10 27 board_18x10_27_157440_none
001991000000012921
001221000000019491
000012210000012921
000019921100013320
000012229211019921
000111011293223592
000192110129921993
000112921013921239
000012492002342111
000019392001999100

16 16 44 board_16x16_44_157473_none
1910111029229311
2321191029229391
9392211011111333
3959100000000199
2993210122111222
2332910199129321
2911111232129929
9531001910012221
9991012210011211
3432119210019291
9239212911121211
2939202333920000
1121102993920000
0000013932221000
0000019210191011
0000011100111019

10 19 46 board_10x19_46_157523_none
0123391000
0299932000
1499592100
2999339310
2994239910
2492193321
2931111191
3943321111
9399992100
2334569200
2921999422
2921249399
1221011222
0192110011
1223931019
1923991011
1292232211
0111129393
0000192399

4 6 5 board_4x6_5_157582_none
0191
0122
0029
0029
1222
9291

4 5 4 board_4x5_4_157588_none
1292
9229
1222
0191
0111

7 10 9 board_7x10_9_157593_none
0192910
0113220
1212910
9292110
1211000
1221000
2992110
2932910
1111110
0000000

10 16 34 board_10x16_34_157603_none
9211191000
1291233100
0111199210
2322234920
9993922931
9424931291
2212920111
1922110000
2391011100
2931019211
3941222292
2949291139
1292211139
0123210293
1129910393
9129310292

15 19 69 board_15x19_69_157639_none
911232292229211
221999239493391
911495239922921
110293923433220
000113332992910
110001992223220
910001222222921
110000012993239
122100019322921
299223222211221
395399932921191
294956959492332
334959969523991
992299949493331
942139322933910
392011212239210
294221291192100
129929332212110
012222929101910

19 12 33 board_19x12_33_157716_none
1910000000011101921
1221000000129101393
1393232100192100299
9394999211122112459
1213942291129129992
1101110111192129531
9101111110111012910
2212922920000001110
2922922920000000000
2921222121100000000
1110191019100001110
0000111011100001910

18 4 15 board_18x4_15_157752_none
000000192392002992
012210112992003959
019910012322113952
012210019101912939

15 8 16 board_15x8_16_157770_none
000000000191011
110000000222019
921111100191133
249219100111199
199322100000133
122291011100129
111122119100192
191019111100111

7 19 32 board_7x19_32_157788_none
0122100
0299111
0293129
1222139
2911932
9422239
9491192
2943211
1299111
1232229
1921193
1292349
1239499
9229499
9211349
1100192
0001221
1111910
1911110

5 19 17 board_5x19_17_157827_none
29219
29211
11100
12210
19910
12221
00019
00011
00111
11393
29499
29322
11111
11129
91192
11111
01221
01992
01239

4 18 12 board_4x18_12_157846_none
0000
0011
0019
1111
9100
2321
1991
1332
1292
9229
1111
0000
0000
1211
9392
1493
1392
1921

5 5 6 board_5x5_6_157859_none
01129
12921
93110
93111
29119

10 6 8 board_10x6_8_157867_none
0112110000
0293921100
0294229100
0129221211
0023910191
0019210111

14 12 35 board_14x12_35_157876_none
19100029200000
22201149300111
19102949200191
34312931100122
99911110000129
45310000001393
99100111001992
93100192111332
12232323922291
02999292293932
02953323449392
01129119992229

18 19 80 board_18x19_80_157916_none
922211399921111393
129921995329229399
013933449223921222
002239922493111232
112923432993213999
192122993449293942
111029439392212110
221039312921000000
991029201222121100
221011100192929210
000122212333122921
011299393993213239
019249524999393932
121129492243595239
910012932029493921
110001393139423110
011100293944491000
129332213399921000
922999101949310000

19 16 46 board_19x16_46_158010_none
0000011101291011119
0000139201921019111
1100199201110012321
9101244421011101992
1101929991019101392
1112223431011111211
9229101910011239200
1292101110019299200
1322000000011222100
9291000000111001110
1211001111292112920
1110112912932912920
1910193323922221110
2331139392111910011
2992029311002221129
9492011100001911921

18 8 37 board_18x8_37_158059_none
192992191192399291
222493222112993211
932492292012321000
959921293129200111
993210239129211393
443222292111119499
992992933110012943
222222292910001291

17 6 28 board_17x6_28_158105_none
19102939100111000
22214941222291011
93294941299532019
94923992399992222
94222333935959291
92191192112931211

16 5 19 board_16x5_19_158139_none
1921211012991111
2239291019432292
2933422121291293
9329912920111249
9212212920000199

14 4 9 board_14x4_9_158160_none
00001929921129
11001123921921
92000001122210
92000000019100

10 6 9 board_10x6_9_158170_none
0111001110
0192101910
1229101221
9223210192
1292910239
0112110192

5 16 22 board_5x16_22_158180_none
13931
19992
23339
91122
11191
12321
39910
99520
99910
24431
01993
01399
00122
00000
23321
99991

4 18 20 board_4x18_20_158206_none
1100
9100
2210
1921
1291
1332
2993
9599
3953
2991
2331
2932
9499
9432
2910
1221
2391
9921

4 19 10 board_4x19_10_158233_none
1291
1921
2210
9100
1100
0011
0019
0011
0011
0019
0011
0000
0011
1139
1939
2231
1910
2210
9100

4 16 13 board_4x16_13_158244_none
0000
2210
9910
2210
0011
1139
2959
2949
1121
0011
1129
3931
9931
2229
0022
0019

11 4 8 board_11x4_8_158259_none
12910292000
92121393110
11019223921
00011119391

15 5 11 board_15x5_11_158269_none
011100001110000
019101222910111
121101992110191
922212331001332
129911910001991

19 14 70 board_19x14_70_158281_none
1129991001129291293
1922321001944432399
3331101111299929332
9929101911355322932
2232212322999102399
2339119393353312959
9992223922939494393
2321295321139499329
1111499910012349322
1911994211111932393
1112332122922291299
1122911939492111139
1929212393594221122
1121101939393991191

19 16 75 board_19x16_75_158361_none
9200192211019212999
9200129292121393393
2200011323910393122
9101122393321292019
1212929949393212243
0192122392399222999
0111011211123949554
0112239212122399399
0192993393949322333
0112345949399301392
0112399943359302992
0293994493949313942
0294332393393292239
0139329321293221192
0029923920123910111
0012212920019210000

18 18 54 board_18x18_54_158454_none
000011212921000000
000019394393221111
011122494949929119
019119229349432111
121222112921291111
920192122221211191
920112939129310111
121101293239910000
019100124932210000
011101129932210000
000001922349932100
111001111399599100
191000001999323210
111000112343101910
000111191293101232
000292111299111299
011393100122129322
019229100000029200

17 16 57 board_17x16_57_158511_none
12922139392101932
19392939549223399
11223344993399239
11119299439344222
19222239212499229
22392121101994932
19212921101222139
22202239211001149
19211921392001939
23922210393112121
93229100292192110
39111100222223921
93101111291192291
92001911921111111
22101111221000011
19100000191000019

12 8 24 board_12x8_24_158581_none
912942100000
334999311000
993959392110
233343312921
129299101139
292334221129
932193939211
291129239200

10 5 8 board_10x5_8_158613_none
1100191292
9200111393
9200000393
1101110292
0001910111

6 5 5 board_6x5_5_158622_none
110111
910191
222221
192921
112129

4 12 12 board_4x12_12_158629_none
1929
1232
0292
0292
1221
1921
2493
9499
3953
2939
1121
0000

4 18 13 board_4x18_13_158642_none
9100
2221
1929
1121
1110
1910
1110
1100
9100
2200
9200
9211
2339
2992
3942
9391
1211
0000

10 14 38 board_10x14_38_158658_none
1939311239
1249922993
1293393349
2954322921
2999922210
2349339200
9111129310
1100013942
0111002999
0293101232
2599222210
9994929931
9433223992
1119101239

11 12 36 board_11x12_36_158708_none
99100019321
94212222992
29119912359
22223311939
29219211232
49323921292
99339439229
22299493232
00149413949
00039412992
01149911332
01939310191

14 8 23 board_14x8_23_158757_none
99912921922210
23212932129910
00012391012210
00139422011100
22399391019100
99394433233210
22212993992910
00001223932110

19 6 29 board_19x6_29_158784_none
0029229202931011100
1249329323991019210
9399212939432013920
4954312493291003930
9949911993222223920
2393211222911992110

19 14 56 board_19x14_56_158814_none
9119229910111019921
1111395311392123239
1211299433992191029
9291139999422221011
1211023559311910000
0011119293911111110
0129111324220001910
0192100192910112121
0111000112110191129
1222110001110222193
2993921222910191129
2944933992121211022
1395595931029200129
0299999210029200192

16 19 45 board_16x19_45_158883_none
1100000001121111
9212210002939229
9219920002932921
1114941001111110
0002991011100000
0112232229101232
0191019292101999
0111011211002342
0000000000001910
1100112110123210
9210192910199311
2911223221249392
1111911911932329
0001111111129111
1121100012221100
2929101129910000
9442101922210011
2991012211110029
1221019101910029

11 16 48 board_11x16_48_158932_none
19119391000
11124931000
11019930011
92123931119
12911129122
12321022329
29392139392
29312949521
12333239921
02999123329
02953229343
02492193999
23993324469
99459392994
24959412499
02949200293

10 14 38 board_10x14_38_158990_none
9219100191
9433201232
9499101929
3955311232
9499932291
3959499211
3932333332
9211912999
1223213969
0199102942
1343213249
1991192939
2321223121
9100191000

7 8 9 board_7x8_9_159033_none
1921000
1291122
0111199
0112232
0293910
0293221
1211191
9100111

4 4 3 board_4x4_3_159043_none
9211
1291
0222
0191

4 10 11 board_4x10_11_159047_none
9229
2921
1221
2391
9931
3920
1221
0192
1239
9129

5 12 13 board_5x12_13_159060_none
01910
01121
00129
00192
01221
12921
29329
39421
39921
29329
12232
01929

9 19 25 board_9x19_25_159074_none
992110000
233910000
139310000
199421111
234992291
192239211
221122100
910192100
110129100
000122111
000191019
000111011
000011100
011229100
019393111
011392029
122211029
199101121
122101910

17 12 43 board_17x12_43_159101_none
12210123210001221
29931299910001992
29939444333211249
12223991199920029
12112931124920011
92912220001121100
12112943210019111
00002999921011119
00001249593111111
12110022499349200
92921029334999200
12291029219493100

18 8 21 board_18x8_21_159151_none
000011100000002920
000019100111002920
110011100292001221
922210000393000191
239921110293101221
295932910129101910
395239210022212210
293921100019119100

19 5 14 board_19x5_14_159176_none
1111910019100000192
1911110133200000139
1110000199211111139
0000000139329119239
0000000011292112921

19 4 15 board_19x4_15_159193_none
1100001292992111392
9111101922239229392
1129322210012922321
0029929100001111910

16 12 33 board_16x12_33_159212_none
1939921100012993
1139329100019499
0122222100011222
0191293100000000
1222399100000111
9119222101110191
1122200001911221
1229101122212920
9392101939312920
2922111139922110
2212920012391111
9102920000111191

8 19 39 board_8x19_39_159252_none
23339291
99993311
25969200
02959200
01293200
12349310
19949910
35933320
99333910
94399221
12932129
12210029
29211011
93391011
29322019
12492011
01994211
12499291
91293211

4 8 4 board_4x8_4_159300_none
1910
2210
9100
2200
9100
2200
9100
1100

4 5 3 board_4x5_3_159305_none
9291
1211
0011
0019
0011

5 4 5 board_5x4_5_159309_none
29100
94310
29921
12229

6 5 7 board_6x5_7_159315_none
992119
239111
022211
019229
012921

14 18 42 board_14x18_42_159325_none
00012211291199
11019922921133
91134339310129
12299129310192
01932112910111
01110001110111
11000111111292
91011392192392
11029492239211
00029312394210
00122101994910
00192123449210
11112929931100
91012334920000
11019292110000
00122211000000
01291011101121
01921019101929

18 18 78 board_18x18_78_159373_none
292911929210000000
933111123920000011
292101112931000019
129112911292110022
121119321223910129
910023592192221193
110019993222291129
121112322911921022
949101233322111239
993222999291002993
932939453322113993
222394939239329339
191293292299594232
111222111123994949
110191001222249599
932321012992139942
959910029439239920
949310029212922210

19 8 22 board_19x8_22_159460_none
1100019921011100111
9100013491019100191
1100013931012210111
0011119920001910000
0029323210001110011
0029391000000001249
0012321001232112999
0001910001999119332

16 4 17 board_16x4_17_159485_none
1111293920112249
1922934931192999
3339339492112232
9922921392000000

10 12 17 board_10x12_17_159506_none
0000000111
0000000192
0000011339
0111019292
1292121222
1922910019
1122210011
0129222100
1393299310
1992139910
1332012210
0191000000

4 19 19 board_4x19_19_159525_none
1291
1921
1110
1111
9229
2932
1291
0111
1221
3992
9949
3442
2992
9492
1322
1291
2931
2931
1129

4 16 10 board_4x16_10_159548_none
1100
9100
1100
1110
2920
2920
2210
9100
2221
1929
1121
0011
0029
1139
2921
9210

8 4 8 board_8x4_8_159559_none
93920191
24921332
92111992
11001239

12 6 13 board_12x6_13_159568_none
001299339200
001949939200
012333221100
139391000011
949311000019
292100000011

18 16 59 board_18x16_59_159583_none
011101292139312921
019213943939393229
012393939222339111
122922121112921211
939310111019210292
139212392111100393
011119939100000292
001133432100001221
001939391111001921
112139433291113239
292123399322193932
392192933391139339
942112122921029229
991012339221111122
941019992129200019
920012321029200011

18 18 78 board_18x18_78_159653_none
910000000199299939
122321000122239449
139992111100012921
299559329101122321
395949922211929391
394293222912232932
494211029532922391
999100039992129211
394210139433232311
222910192119929392
921111232113443593
920113939112993992
121293942119434953
019334391011292299
011299322121222222
000124921929229210
121102921122394910
929101110001939210

19 19 97 board_19x19_97_159741_none
1102939291111012210
9313932321192239921
9393221911349299329
1212911122994433232
0002220129459922939
1122922394399439249
1929393999324942139
1121213999302992129
2333211369301349222
9999911299211393393
2444211932129492299
0192222221139311233
1222991191192100192
1911233322233221229
2332119922939949322
9399112339239499491
1495200192111223932
1399311332000124492
1949911991000199939

19 16 45 board_19x16_45_159858_none
0112911221192239291
0192111992212992211
1322001349223321111
9391000192299111291
9311000111133229311
2210111000129129200
2920191000192122200
2920122100111019100
1122229101221011100
2229932201992000000
9933229101392000000
2493111100111000000
1399211221000000111
1933922991111000191
1122392221191000111
0019211000111000000

16 8 27 board_16x8_27_159906_none
0191191001929210
1232211002343910
1939321112993110
2249929229492000
1933433392211000
1129292932111000
1112444392392000
9101999212992000

8 6 7 board_8x6_7_159940_none
11000191
92000111
93100111
29222291
11299211
00122100

6 10 9 board_6x10_9_159948_none
911110
233910
199210
123221
001929
001132
111019
191011
111111
000191

4 19 19 board_4x19_19_159960_none
1910
2331
1991
2432
9392
9339
1129
1111
9210
4931
9991
2321
2210
9920
3931
1239
1292
1921
1110

5 18 13 board_5x18_13_159980_none
11100
19100
11100
00011
11229
19394
11399
00233
00191
00111
00000
00111
00191
11222
29329
29921
23310
19100

9 10 19 board_9x10_19_159996_none
111000139
192110199
123911232
129322910
932292110
392123321
292029991
111029931
012222321
019910191

17 5 12 board_17x5_12_160017_none
00293100000000111
00299210000001291
11123910111001921
92001121293211110
92000019229910000

19 10 33 board_19x10_33_160030_none
9210019213991000011
2911232293932110019
2211992222222921011
9211222910192291011
3920001111221233119
2920111001921199111
1121393111291122100
0019494910112110000
0012939431112910111
0001122991192110191

19 18 89 board_19x18_89_160065_none
2993210000292129100
3959911221393193211
2944432991394239329
3349929321299129392
9949321101232111211
2392100001910000011
0222000001221000139
0191001232291001299
0122212999311123959
0019393499201299492
1112939345422949421
9102242399993244931
2222939449532929949
3949349933922233931
9992294923942922110
4952213223969491000
2939322923999311122
1122992292232100199

18 19 59 board_18x19_59_160177_none
000199211002932249
000122291113992999
000011322192222232
000019392111111000
011233492000191011
019399322100222019
011399219100191022
111122112321111019
191000012991111022
122222119432192129
129299111293333921
193333211229939420
129229119112239910
132393221101233321
929212910112991191
122211121292232211
112910019211019100
293111121111111100
292001910019100000

14 14 34 board_14x14_34_160242_none
99101929292111
22101121349219
00000000199311
00001110149300
23211910029310
99911121124931
39310019119949
11211022224459
00293129119939
00294921112221
00129321011111
00011291019119
00000222011111
00000191000000

10 8 21 board_10x8_21_160279_none
1992001932
2492001299
1921000249
1110000293
0111011392
0293249422
0395999592
0299349492

4 5 3 board_4x5_3_160304_none
9100
1100
0011
0129
0192

4 10 8 board_4x10_8_160308_none
0019
1121
1910
1110
2221
9929
9321
2321
1991
1221

5 18 22 board_5x18_22_160317_none
12910
19320
12910
01121
00019
00011
00122
00199
11149
92239
29292
33311
99111
44219
99233
33399
29443
29929

7 19 23 board_7x19_23_160343_none
2932210
2939910
2232210
2931011
2991019
2321011
9100000
1100000
0000122
0012399
0019932
0013320
0012910
0019221
0011119
1221011
2991111
9532291
9911921

9 19 23 board_9x19_23_160374_none
001110000
001910000
001110000
122100000
299200000
299200122
122100199
012210122
019910000
123210111
291000191
921111111
221192111
292129229
292011292
111000111
122100000
399210000
994910000

17 6 25 board_17x6_25_160402_none
01921292991029999
12129212221029432
93132211101121111
94939119101910019
93394221112332222
11293910019299291

19 4 10 board_19x4_10_160429_none
0001992011101911110
0001392019101111910
0001221012210013320
0001910001910019910

19 6 21 board_19x6_21_160441_none
1993291000000001129
1393921011111101921
0112221019119112221
1233391123221119119
2999921192910122222
9333210112110191191

17 16 65 board_17x16_65_160467_none
00191019392211111
00122112949493291
00029212349494931
11129329393323931
19333922922911291
23993221111121333
29433922221019399
92294493992122499
11129923949229222
12134421233392100
93949921292932211
13993229212129492
01332011100023992
00192222122229432
00123993939932291
00019339239491111

12 19 33 board_12x19_33_160546_none
123210000192
299910000129
933210011222
110111019291
110191122333
920111292199
920000394239
110000299211
000001249311
111222921291
923992121211
294941019100
113921121100
001111910000
000001110000
012210011100
019910019100
122210011100
910000000000

11 19 31 board_11x19_31_160583_none
91111192119
11191129122
00111022229
11100019129
19111223221
11119294920
00011229920
00012222210
11119910000
19113320111
11101910191
00112121333
00191019299
00111012459
00000112992
00011293321
00129229100
11292111100
19211000000

9 16 30 board_9x16_30_160616_none
122112210
299219932
959433399
293991122
112221000
012210011
129921119
933229111
291011100
112111221
111912991
911112931
111123320
002939910
125942221
199920019

4 5 3 board_4x5_3_160653_none
1111
9229
2921
1110
0000

4 4 3 board_4x4_3_160657_none
1291
9211
1111
0019

7 12 22 board_7x12_22_160661_none
1992019
1393121
0112921
1111291
1910233
2331199
2991122
9322110
2223931
1939993
2394599
9229222

9 16 30 board_9x16_30_160687_none
192100292
129211292
011292221
000113920
122103941
199113939
233119343
192111299
239211249
932911932
922232391
111929211
002231100
001910000
113343210
192999910

11 19 31 board_11x19_31_160722_none
00111000111
11291111292
29321191292
95932211122
99499100129
34932100192
19442100111
12999100011
01232100019
11000000011
91111000000
11292001110
11292002920
91111002920
12121101110
12939200000
92139200000
11011111111
00000019119

17 16 65 board_17x16_65_160759_none
12910293912931100
93211394323939100
49322949494242211
99929349595939119
23333922939931222
00193211122221292
00239111100019229
22292119100011111
99212122210111000
96423922920191111
99993922942211192
39422122399111229
22111119223349211
92129222212999211
24931393293332119
93920299229100011

19 4 11 board_19x4_11_160835_none
0191000299100192910
0222000295310112121
0191011229910000019
0111019112210000011

14 12 40 board_14x12_40_160849_none
00019494392100
11012999949210
91001399943910
11011223229210
00019211011111
01122493110019
01911993922232
01233433249929
01299392399432
01933949599339
12111139933939
91000012211121

6 19 23 board_6x19_23_160895_none
192910
112110
110111
911291
111932
002239
222932
994593
239999
013959
001232
001291
001921
013320
129910
923320
222910
192110
111000

5 18 22 board_5x18_22_160922_none
91191
22322
19291
23421
39910
99410
39200
12221
12929
19343
11299
11133
92129
92293
11393
00292
11222
19119

4 16 19 board_4x16_19_160949_none
0111
1292
9339
2943
2399
1949
1243
2399
9942
3920
1221
1291
9322
2392
2949
2931

4 6 3 board_4x6_3_160970_none
0000
0000
0111
0292
0293
0129

6 4 4 board_6x4_4_160974_none
001910
112220
922910
129210

9 6 15 board_9x6_15_160979_none
111029311
292039592
292029592
222134932
293399229
299393111

16 18 38 board_16x18_38_160995_none
0029910111000019
0139420191000022
1294920111000139
2933920000000299
2921110011100293
1110000019100111
0000000011100000
0000001221000000
0000012991000111
1121119321011291
1939122200019211
1393119210012321
0292012910001991
0111001221001221
1100112393100000
9100192999100000
2210112243211211
1910000019119291

17 19 46 board_17x19_46_161035_none
99200191001110019
39201221112921222
11101921192129291
00113392211022311
00192939100019100
00112121100011111
00000000000111019
00000000011291011
11001110019222100
91001910011119222
12111121212132399
12921129393939233
92139339324953229
11029921119399129
00012210011222111
00011101111110000
00129102921932100
00192102921299100
00111001110122100

19 12 49 board_19x12_49_161083_none
0193923931001139200
1349394993101939321
1992229599101122929
1221012932101111121
1110001110001910000
1910000001122211121
2210011101939112939
9211019112493129593
2492022229493139492
9493019129422933432
1392122123911294992
0111191019210129992

17 5 12 board_17x5_12_161138_none
11292111019100111
91293292111100191
22129349200000111
91012939200000011
11001121100000019

11 6 18 board_11x6_18_161151_none
99210000000
45922322221
99229992992
22114953239
12212992022
19911392019

7 14 14 board_7x14_14_161171_none
0011291
0019211
0011100
1122210
1929910
1233210
1292110
9212910
1112210
1119100
9122211
1119229
0012392
0001921

5 18 13 board_5x18_13_161186_none
19910
12210
00122
11199
92232
13920
02920
02220
02920
02920
01110
01110
12910
93110
92000
12110
01910
01110

4 14 14 board_4x14_14_161200_none
9100
1100
0111
1291
9222
1119
1132
2939
3931
9442
2999
2359
2931
2920

6 10 9 board_6x10_9_161216_none
000000
111110
922921
129492
011392
110111
920111
920191
111221
001910

9 5 7 board_9x5_7_161226_none
000111000
000191111
221112392
991001992
931001221

12 4 13 board_12x4_13_161235_none
000192399229
011223995921
129129439321
192129211291

18 14 36 board_18x14_36_161250_none
293110000000011100
293910000000129210
123210000000193910
129100000000113220
931100111000012921
930000292000029329
920000292000029211
110111111000011100
000191000000000000
111122112210000011
291139229920000129
931299349920000193
920395399310111129
110299222100191011

19 18 59 board_19x18_59_161292_none
0000011112922210111
0122129329229910191
1299229921123322321
1959212210019129910
1293321000011129420
0112991000000012932
1101221000000001299
9111211011100000122
1229291019321111111
0193311023991294391
1339210019321299921
9293921112211234320
1212239113921922921
0000193219932129229
0111129112492123332
1291011100292293991
1921001110222293221
1110001910191111000

17 14 41 board_17x14_41_161360_none
11111199291000292
91191122211000293
11233100001111349
00199100001922992
00122100012349432
00000011119299219
11012229222222122
92129921393211019
12933210299291022
01291000122211019
11111122111100011
92110299119100000
12921395212211110
01291299101911910

15 10 20 board_15x10_20_161405_none
000019111100000
111011119100000
191000011100000
111000000000111
110000011100191
910111019111211
121392011129200
129494211139310
192399392294920
111139329213920

7 5 8 board_7x5_8_161427_none
1910129
1232292
2399211
9933210
2211910

6 6 8 board_6x6_8_161437_none
012221
019939
012392
123321
199920
124920

4 18 14 board_4x18_14_161447_none
9119
1222
1392
1992
1332
0191
1221
1910
2210
9100
2210
2910
9332
2399
2942
2920
1110
0000

8 16 22 board_8x16_22_161464_none
11019910
91012210
11000111
01121291
13949321
29993921
29932291
12210111
00012210
11019910
91123210
22292110
19223910
22219210
19222100
11291000

16 4 17 board_16x4_17_161489_none
9310112992111399
9910193339119493
2211239112223942
0001921101912991

17 4 17 board_17x4_17_161509_none
12993932322110000
19434959992910000
12912995932122221
01111393110019929

19 14 47 board_19x14_47_161529_none
9292110012921229100
1213931129329493111
1102959339212993019
9101299933311493011
1100123229920292000
0000000024920111000
0112221029311111110
0194991029311911921
0129931123912232391
0012210192111929211
0000000112111132311
0000122101910019291
0000199223210133322
0000122299100199119

16 19 74 board_16x19_74_161584_none
2332101991293921
9999101232394391
9542100129212921
2910012394322210
1221019949929100
1291013494331100
1922223932910000
2222994932220011
9229544932911239
1394993129321992
0293393112923342
0111139201394959
1211029200294999
9492132200123493
9922929100129321
4532121100193910
9993101110123332
2499323910129299
0139399210192222

8 8 13 board_8x8_13_161670_none
91129100
22192111
93321019
29910011
23432100
19399100
22394200
91129100

6 5 7 board_6x5_7_161688_none
000019
011111
029311
139592
193992

5 4 5 board_5x4_5_161698_none
29910
39410
39300
29200

4 12 10 board_4x12_10_161705_none
0191
1211
9211
2391
2931
3920
9210
3310
9920
4930
2920
1110

6 16 23 board_6x16_23_161716_none
292929
933221
239211
921291
110111
111000
191000
233111
199219
139432
012992
113359
194949
239953
922399
110122

9 19 42 board_9x19_42_161742_none
001922110
002494920
222995920
992494110
343392111
199211191
122100111
110000000
932100000
299322110
245993910
949994220
399433910
395329210
939932200
244559311
939999492
294432493
129100292

11 19 37 board_11x19_37_161789_none
00019101221
11112222992
29201939549
29212239921
22119223210
91123391011
23393942029
19934992029
12229593011
11011493000
91000292000
11001221000
00002921121
11103932939
19102922931
11101222110
01110191111
02920111191
02920000111

15 14 31 board_15x14_31_161831_none
001910002942100
111110002999210
921101111495910
129101921293110
011101291111000
011100222000000
019100192110000
011111212921000
000029312291011
000029391112129
000011211012921
112111110139310
393911932299200
993111299222100

18 6 30 board_18x6_30_161866_none
993993991112911910
359439432193222321
949312492239119392
139201994292111392
023322499311111122
019929239200191019

19 4 19 board_19x4_19_161900_none
1112391029201929100
9239921029201233321
1399431122311193991
0294929119291113931

17 12 43 board_17x12_43_161926_none
22101921100011211
99112349200129391
22119299212394931
00011222119934931
11100001133329391
39311112939322222
99492292139392239
39312944232312992
11101299929112432
22101233343229391
99101921199129311
22101291122111100

15 16 62 board_15x16_62_161972_none
920011229939100
942119394494200
299321392299211
249922344349439
932393999923992
921223959423952
221912233922992
911111913943349
121212235993921
019292399959210
011339496941211
000193934921291
110112293232932
910000224939391
110000193942311
000000112129100

9 19 25 board_9x19_25_162041_none
921211000
129291000
011211000
112111110
192922910
112239210
000192211
110111192
911111239
112922942
002923949
001112931
000112110
000293100
111299111
191123229
111001932
000112129
000191011

5 12 13 board_5x12_13_162068_none
01110
01910
24431
99991
39421
11111
00129
11193
91139
11029
11222
19291

4 10 11 board_4x10_11_162086_none
9229
2392
3931
9942
3499
1932
1221
0191
0222
0191

4 6 6 board_4x6_6_162099_none
2920
3930
2920
3331
9929
2221

5 5 3 board_5x5_3_162106_none
01991
01221
01110
01910
01110

11 16 48 board_11x16_48_162110_none
01910012929
12111129221
94211922210
99922222910
96592293221
94992293291
93222222921
22001911121
91112233229
12393399953
01999395999
23493212249
99321000022
34922233229
19493999921
11393249310

16 19 45 board_16x19_45_162169_none
1392112110001992
9392192910002349
1211112110001932
0111000111001291
0192100191000111
0129100111000000
1232211000111000
1991292111191000
1221393192211000
0111292129100000
0192221011101110
0112921000112910
0001291000192121
1110111000222019
1921222222292121
2229299299212932
9222233323322399
1291019102991299
0111011102931122

19 10 51 board_19x10_51_162218_none
1229229929921111100
9393922333239219211
9312110293129223592
2211211299112239993
9329291122212939793
9494421111193244992
3939932292222929931
9333599312911233321
9319399212210192392
9211222119100129392

19 6 29 board_19x6_29_162285_none
9223910000191111111
2399331222211192292
1945939299322233949
1294942323992939339
0129239312222259322
0011129391000199219

19 5 19 board_19x5_19_162316_none
9100019112323992392
1101121119995959392
0001910023595952422
0001110019213939292
0000000011101121229

15 6 16 board_15x6_16_162337_none
019211191000011
011291122100029
122332119212139
949929111292932
993221100123229
221000000019111

11 12 36 board_11x12_36_162355_none
11193991011
91114953139
11113992959
00192344399
00111299332
00000396932
00000299699
12110249999
94931195952
96991113920
29932111110
12211910000

7 19 22 board_7x19_22_162394_none
2210000
9920000
9932110
3593921
9393392
1222392
1119321
9223920
3922920
2921110
1110000
0001110
0002920
0002920
1111110
1921000
2392100
1939100
1121100

6 19 17 board_6x19_17_162420_none
019291
011211
000000
110011
911139
111939
002231
001921
001291
110122
910019
222121
293921
294391
223921
292110
921000
110000
000000

4 10 11 board_4x10_11_162439_none
9329
9492
9422
1393
0299
1232
1910
1110
1221
1991

10 5 8 board_10x5_8_162452_none
0111000191
0293221111
0293993210
0123339910
0019112210

14 10 36 board_14x10_36_162462_none
12110019921122
94921123491299
49921911922494
99311123321992
22100139943321
00111199999200
11191235699310
93321192994910
29910113343221
12210001929119

17 16 57 board_17x16_57_162503_none
19101293993101129
22112939499212921
91019221222292110
11011100000111000
00001111221111000
11013932992191011
91019992392222019
11013931122292111
11102220029329100
19112932129333200
22219399112499100
29322234422994210
39491019992333910
29423123432294320
23493911911949921
92993111111293391

19 16 75 board_19x16_75_162565_none
9100019100000019921
2312121100000123229
9493921111122292132
9594292292299322939
1393339339223911139
0139392293212221243
1129421234911922999
9123910299211293443
1119321393100139391
0024921921111029311
0029932210191011100
2239439210111012210
9942293922211129931
9991123349912933949
9931139399424953239
2210199322293999111

18 12 58 board_18x12_58_162651_none
929921102939392111
234339213942392191
192921294492332222
112221129933993393
000192123933995999
001344912239599432
002999211934969200
002942101129993311
001232100135949291
110299210199233421
932394921134339910
299212291019939310

12 4 7 board_12x4_7_162718_none
191019322910
122112992221
019101221191
011100000111

9 6 13 board_9x6_13_162728_none
993921199
496491122
299932000
123391000
000223110
000192910

6 12 17 board_6x12_17_162743_none
291129
932292
922931
112920
002220
001921
012229
139432
939991
134531
129910
193210

4 19 13 board_4x19_13_162764_none
9910
9410
9300
9311
1291
0111
1100
9321
2992
1239
0011
1110
1910
1221
0191
0111
0000
1100
9100

6 14 22 board_6x14_22_162779_none
910000
332110
992921
334392
294949
299239
232111
920000
920000
110111
001392
123993
199793
139992

9 8 12 board_9x8_12_162805_none
991012321
221129991
001294431
001922910
001122210
000129100
011293200
019229100

16 5 19 board_16x5_19_162818_none
1291012911991292
9211129211221393
1111394322100393
0019499299201392
0012932239201921

19 16 46 board_19x16_46_162838_none
0000001292929100191
0001111922121100111
0001922110000011100
0001291001221019210
0012321001991013920
0019910001221113920
0012221101122392110
0000029311929921000
1121129911122211110
2939322321011102931
9249921291019214959
1129329211122293992
0022211100192333221
1119100111112993221
9221100191001239929
2910000111000012221

18 19 74 board_18x19_74_162890_none
112129129391012939
293921129312129349
394110122223933921
493111192299493121
994492129332392019
459993123920111011
994445922920111000
393399921110292000
239399410001392000
921349201222921000
110194311993111121
000129922492123929
000012229211199332
110000122100123492
931000191111112992
991000111292192221
221111111292112110
000192292211124931
000112939100199939

15 14 51 board_15x14_51_162973_none
019399229322100
011399229499100
000234222933221
000193932211939
000113939212293
000012222392239
000019212943943
111134922992299
911929921343333
111244421199291
122299394332211
399222399931000
996310124992110
999910001222910

10 6 8 board_10x6_8_163030_none
9291000000
1222101110
0019212921
0011292291
0000222122
0000191019

4 8 8 board_4x8_8_163039_none
2999
2969
1149
0029
0122
0191
0111
0000

5 19 17 board_5x19_17_163048_none
19222
11399
00293
01232
02949
13949
92232
11191
00111
00111
00191
00111
00000
00011
00129
00193
11239
19239
12921

9 18 41 board_9x18_41_163068_none
111910191
922110111
392111111
494293391
993939932
333123349
192112939
349119332
992111393
343100399
399100299
993100122
942111000
392192121
292112939
222223249
911993921
111239210

15 8 16 board_15x8_16_163113_none
920000111001910
931000191001110
291111111000000
111191000011100
110111111019100
920011291011100
931119323121111
129111292929119

17 5 14 board_17x5_14_163130_none
19992992991199211
12322222221122291
00000011101110111
00000019212910011
00000011292110019

19 6 29 board_19x6_29_163145_none
2922991139399910111
9239543499323221291
2239929994100029322
1922333593000039439
1121291393000029399
0019211292000011222

16 19 62 board_16x19_62_163180_none
9210000000019999
2911222111122332
1122992912920000
0019323222931111
1111101911291191
9201111110223232
9202920000192939
1113921110223149
0019212920192139
1121102921234931
2920002221929920
3931112933332321
2932912949911291
2239212393211921
2932222921112121
2921929210191129
3322342111333292
9923991019299321
2229931011223910

11 18 48 board_11x18_48_163254_none
19929211029
12221392039
00000294239
00012339932
22119922391
99112321111
22101291111
00001921292
00112110293
00293100239
22399200192
99339200111
39211101121
12322111929
12992912242
29544343949
94993999499
13993233949

8 12 14 board_8x12_14_163311_none
00001910
00002220
11101910
19322110
12991000
01332000
11292100
19229100
11111211
12110192
93920239
13920192

7 10 9 board_7x10_9_163327_none
1111121
1911929
1111121
0001110
0112921
1292129
9211022
1100019
1110011
1910000

4 4 4 board_4x4_4_163339_none
2391
9931
3920
1110

8 16 22 board_8x16_22_163345_none
11129392
91193492
11223921
01292110
01932100
12239310
19129921
11123491
00019222
00122119
00191133
00111199
00000249
00000293
11100292
19100111

10 19 46 board_10x19_46_163369_none
1293929100
9339331100
1294910011
0129221119
1111119111
9211012210
1291012932
0111129399
0011292239
1139323343
2949319999
9449212332
9393211121
1223911939
1249311393
1999311392
2344921932
2923942229
2922939111

18 12 29 board_18x12_29_163420_none
193910011211000000
129321019492001110
122291012992002931
292222002332234939
292191012911999221
111112129211232100
000001921211012210
000001110191019910
011100000111012210
129100000000000000
921100001110112221
110000001910192991

19 5 23 board_19x5_23_163452_none
9202991191011101110
9203953221019101921
2324994921132212229
9299339943939119111
1222112399392111100

18 5 19 board_18x5_19_163479_none
112299311001292211
293959492001949291
934942593001293311
129229392000139200
011111211000029200

14 14 34 board_14x14_34_163502_none
11101911910000
19212122221100
11291129239200
11122292299200
91129211122111
11193210011119
00123910019111
22129532122321
99129992912992
22112322112949
00111111112121
00192292291000
11129339211111
91012921100191

12 16 42 board_12x16_42_163541_none
222929921232
993223932999
239101129332
122100011100
393122210122
994949911399
335959323999
194931119953
129211133592
011101929493
000001121392
000001110222
112111922492
192911129992
112221012321
000191000000

8 19 37 board_8x19_37_163593_none
00011299
12349339
19999321
34434920
99102920
34322221
93991191
93222221
11001910
12211110
19921111
12391192
00111129
12210133
39932399
99599493
94959411
12149300
00029200

4 10 7 board_4x10_7_163635_none
0000
0011
0129
1292
9322
1393
0399
0293
0111
0000

4 4 5 board_4x4_5_163643_none
1110
2921
9492
2939

11 12 24 board_11x12_24_163654_none
00001939920
00001294920
00000113342
00001122999
11101929332
19101121111
11211001129
00191001921
00222002231
12492001929
29993111132
94932910019

14 16 53 board_14x16_53_163681_none
91191000000292
22222123221392
92191199939311
94211123359300
99222100199311
93399100122392
22494100000292
19492001110122
24942001933339
19991001299993
13542001249693
01991012921392
01332019331211
11192234939211
91123994943491
11019493129921

18 19 60 board_18x19_60_163743_none
922110199992910000
293920123323331000
124920011101991000
019322129101222110
023492932100002931
129932292100002991
295920129100001221
294221111100000111
129229100011211292
123921101129291292
193211112942211111
349101912991001110
993211112342101910
332910001929223320
922121101133929910
291019211019333210
111123391011293210
121293931000129910
929213920000012210

19 18 49 board_19x18_49_163810_none
0000000012911921100
0000111129222229100
0000192292119111111
0000223932011100019
0122292291000111011
0299222212110191000
1494119211910112110
1992134922322122910
1332199229292939310
0191122111212139200
1222110000001121111
2932910000002920019
2993210111113932121
1249200191192393910
1129200111111294231
9111100000000112929
2322100000000001121
9299100000000000000

18 5 23 board_18x5_23_163862_none
922910191029312910
129320222149492121
122921191199423129
922293332222393932
291129929100293291

17 4 17 board_17x4_17_163890_none
29921112931000111
39933922992000192
93229921393212239
11012210129292921

11 8 13 board_11x8_13_163908_none
99100112910
33211292221
19119211292
11234311392
00199911921
00123211110
00111000000
00191000000

4 19 19 board_4x19_19_163923_none
0299
0395
0299
0122
0011
0019
0011
1111
9229
3921
9221
1119
1111
9211
2392
9349
3939
9331
2910

4 19 14 board_4x19_14_163943_none
0292
0394
0299
0139
0011
2210
9920
3931
1129
0011
2210
9910
2210
1110
1910
2210
9111
1119
0011

5 10 12 board_5x10_12_163959_none
00011
01239
01993
01494
00299
01232
12921
19229
23432
19991

12 5 8 board_12x5_8_163972_none
000001139200
000002949200
000113931222
000192121299
000111019222

15 8 20 board_15x8_20_163981_none
920123210000019
931299921100022
921933229101129
222221011223932
192291111199391
112921191233322
001110111191191
000000000111111

18 16 77 board_18x16_77_164003_none
911911239922393991
111111993393993221
111112221139532111
392292122129492292
994393399333923959
394939395992112949
129221339433123331
011111293393939910
000029433939394320
122129929333323920
199323221292923931
139391011212139591
123321019211249921
393911245921993221
993112999932233229
221002943391019921

19 19 75 board_19x19_75_164092_none
1101139392921000019
9101939433392100011
2202343929239311000
9112993231129391000
2349422921222222100
2999422139493129100
9443992129493932200
2911239111323129111
1221012211292122219
1291001911949219233
9321001123359421299
2911110019939921122
1112920013444491111
1123920002992932192
1939210113932291139
1292100193220111029
0111000112932101121
1100112123499211921
9100192929933911291

19 19 55 board_19x19_55_164174_none
0111012211129399910
0192139911923944320
0112939311123921910
0112121211019211121
0191012391011100019
0111019921112110011
0011112211293931000
2229100012924991000
9922211129212931000
2211911921101110000
0001112220001111110
0011101921001911910
0019112391001112220
1121119332111101910
1910012939229101221
1110112294931100191
1233391114930000122
2999921002920111019
9333210001110191011

16 10 41 board_16x10_41_164235_none
0029910013921992
1259410029932249
1999311129593249
3459329111393992
9933392211223221
9493933291191000
3439392921111000
9942334211110111
3991299101921291
1221293101129211

10 4 5 board_10x4_5_164286_none
0191029491
0111029921
0000012210
0000000000

7 6 7 board_7x6_7_164292_none
9100011
2200019
9100011
3310000
9920111
3920191

4 19 13 board_4x19_13_164300_none
1100
9100
1211
2391
9921
3321
9129
2229
9122
1229
0192
0111
0000
0111
0191
0111
0111
1291
9211

4 19 12 board_4x19_12_164316_none
0000
0000
0011
0129
0192
1221
1921
2249
1949
1139
1121
1910
1110
1221
2991
9321
1100
0111
0191

8 14 27 board_8x14_27_164329_none
00000111
00001292
00112949
12292149
93922139
29322932
12392291
24931122
99920139
23321199
00292139
22393222
99339291
23921211

15 4 9 board_15x4_9_164360_none
191112921100000
221192129100111
942211011100191
999100000000111

17 4 10 board_17x4_10_164370_none
91122100000111191
11199100011291111
00133200029423110
00019100029392910

19 8 37 board_19x8_37_164382_none
9921929119929100000
4922342112232200111
9322992111119100191
2392349119112333321
9222293221101999931
2339212911112496949
2993202222921934931
9339101912921129210

19 16 65 board_19x16_65_164434_none
2221100192101929991
9939100139312232332
3593211029921910019
9392293113921110122
1222399101110000192
0129332100000000249
0193910000112221199
2433121101293991249
9993129101939431192
9694932211244910111
9313921911399321011
1101111111993291129
0001110001221111192
1112931000001111221
1924991111112922932
1293931191192292299

14 16 53 board_14x16_53_164506_none
01929211000139
12221291112399
39310111192993
99921211123432
24339392229391
13943949393921
94992139312110
29553111100000
13999211121111
13943923959219
92112239999322
11001924963391
00001112949321
11211012394910
19291129339210
11211192292100

6 4 3 board_6x4_3_164565_none
000000
000000
001232
001999

4 10 10 board_4x10_10_164569_none
1910
1121
0129
0193
0239
1292
2921
9310
9411
9391

6 18 15 board_6x18_15_164582_none
110019
921122
239119
921111
110000
001221
001991
001221
011100
019210
012910
001221
000191
000222
000192
000239
111292
911921

10 19 40 board_10x19_40_164598_none
1229929211
9295553391
1239999211
0029432211
1222101291
9291001932
1211001129
1100111133
9100192299
1100112943
1110001129
3931000022
9991000019
3442111111
2939219210
9239213920
2211102931
9312122391
9392929211

18 6 16 board_18x6_16_164641_none
012211110000019210
129922922110013920
193392292910124920
111122212121299310
000019111119239200
000011119111111100

19 6 32 board_19x6_32_164658_none
2931119949100111011
3959323993211392019
3969921333922993111
3959931293229349311
9349329339122339391
1292112921119292211

17 14 41 board_17x14_41_164695_none
11191199211110000
91111134911922210
22000019211239920
92111111100194920
29119211111123221
11122391191019229
11119211111013931
29233201110002920
93399223910001221
39322399321000191
29310293291000111
34910111111001110
99210112110001932
22100192910001299

11 19 46 board_11x19_46_164740_none
00012929321
00019222993
11222102499
19291001932
22211001110
91111011211
11192139392
00112949539
00012239393
11229234549
19293399992
11324954432
22293939119
99223343211
22119399211
00012943492
11012229494
91029211399
11029200122

7 14 24 board_7x14_24_164793_none
9299399
1335953
0193939
0112121
0111000
0292000
0292000
0111122
0000199
1122349
1929932
1133592
2239493
9939329

4 6 3 board_4x6_3_164824_none
0191
0222
1291
9211
1100
0000

4 4 4 board_4x4_4_164828_none
0139
0199
1222
9100

10 16 22 board_10x16_22_164833_none
9100000000
1100000000
0112221000
0192992000
0112393110
0111113920
1291002931
1921123391
1110199311
0011239200
0019332111
0012992129
1101222921
9210001121
2910001129
1110001921

11 18 29 board_11x18_29_164858_none
93229910000
29922322221
24420192991
19910113331
23311111921
19101911129
22101110011
92000011111
93110019119
13920022211
02931119100
12229221100
19112910000
12211110000
01910000111
01110000191
01221001221
01991001910

16 19 78 board_16x19_78_164889_none
1101911911910011
9212111222111129
3492110191112932
9922922221293292
2223493910292129
1239949431222011
2994495992291000
9322939959312110
1102343239201910
0012992223222210
1229349492929100
9493239934442100
2993295439993100
1392299294999222
0222234333443299
0191192929392139
0122224342594111
1139219949599111
1939213949932119

19 8 21 board_19x8_21_164976_none
0000111000001939921
0000191000001139492
0122212110000011339
0199212910000111192
0234392221000191111
0192932192211112110
1212291129291001910
9100111011211001110

19 6 18 board_19x6_18_165001_none
9102931000000000199
1102992101110001232
0001349101910112921
0011293212220192291
0019212912920112332
0011101112920001991

18 4 19 board_18x4_19_165023_none
192991000029201992
112222121139533492
000012929239999322
000019222923959219

14 10 24 board_14x10_24_165043_none
11111191191000
92291111111000
12921011222100
01121119299100
11119111222211
29222210011393
93911911129399
23111122932449
91011119229292
11019111111211

6 19 30 board_6x19_30_165068_none
911232
111999
222393
992233
392199
122222
019211
022392
139439
949921
932221
220019
921111
139321
029949
012399
001232
222921
992129

4 8 5 board_4x8_5_165103_none
1110
1932
1299
1232
2920
2920
1110
0000

9 5 11 board_9x5_11_165110_none
292393100
922999100
223342211
193910192
129210129

15 14 31 board_15x14_31_165122_none
000193920001991
000114930001221
000002920000000
000112110000000
000191111000000
011211191001221
029200122101991
029200019211221
012321123910011
123992192110019
939993222000011
932492292000111
331223392000191
991192921000111

18 19 80 board_18x19_80_165156_none
000139494911910000
111199499211221011
192344322100191019
139399321122322011
139323991199391000
931223321123921111
931199210001221292
291123921100192494
122213249322223999
019292949599119593
232212139932112921
993111133310001110
993911939211000111
443111293493211292
991111123999291292
931193229333321122
233339932212922129
199923592192393921
139311992111293110

19 16 54 board_19x16_54_165250_none
1110011111100019100
2931019239200011100
2992123949301122321
1239119239202959991
0011122211113999942
0112129210019344491
1293932921011119211
1923921291000011100
1111110123221100000
0001110019939101110
1102920013493211921
9312932211923921291
9943229911112932332
3999112210001239939
1232100000001294931
0000000000001922110

19 12 31 board_19x12_31_165309_none
9100000000199392000
1100000011222392000
0000011119100111000
0000019233311012210
0001232399391019910
0001992495921012210
1101222994210111000
9211001239100192111
1393111111111229119
0299329100019111111
1239392100011100000
9111211000000000000

15 4 16 board_15x4_16_165344_none
911299229391191
111944494921111
001294994221000
000129992191000

7 12 12 board_7x12_12_165366_none
0111000
0292000
0292000
0111000
0001121
2212939
9912931
2222210
0129100
1292111
1932019
1291011

5 16 17 board_5x16_17_165379_none
00011
11119
29222
92392
12393
01939
13231
92932
12299
11139
92111
29100
23321
19929
12221
00000

4 18 13 board_4x18_13_165400_none
1291
2921
9321
9219
1111
0000
1211
9292
1239
0029
1232
2991
2942
1129
0011
0000
0000
0000

9 6 13 board_9x6_13_165418_none
001239291
001993432
123322991
199213442
122393992
000293392

17 8 18 board_17x8_18_165433_none
29322291011101110
39599211019101910
29494200122101110
12339100191000000
01921101221000000
01110001910000000
11101112221111110
19101911911911910

19 14 56 board_19x14_56_165452_none
0011100001910293921
0019210001110293129
0012911121100112132
0002232939111101939
0012939392119101292
0019394532012221222
1111229992101929229
9221112349201122393
3939100029310012939
3942210012922339221
3933920001139992100
9329930011139522121
9324942229129313939
2912939921111293931

19 19 76 board_19x19_76_165517_none
0011211112910029322
1129291193210139499
1921211129100192393
2211110122100111222
9101910191001110191
2211110111001911221
1910111000001111910
2231393223210113220
2929399399920294920
9222344934920295920
1101949311221139310
0112399211292139200
1292494229212921211
9229392294212332291
2211211394923993931
9100112494394945941
1211192992294393992
0191124431139424459
0111019910029392992

12 8 24 board_12x8_24_165603_none
000299311000
221299492011
992223493129
239101933921
132201293220
949200112921
399201233492
293101999392

10 5 13 board_10x5_13_165631_none
0111011211
0293239392
0294994939
1239494242
1921212929

7 4 5 board_7x4_5_165645_none
1100111
9100191
2321222
1991191

4 8 5 board_4x8_5_165651_none
0019
1121
1910
2210
9210
2910
2210
9100

4 19 21 board_4x19_21_165657_none
2221
9939
9339
1111
0111
1291
1932
1239
0192
1221
2920
2931
1239
0293
2493
9939
3331
2932
9399

10 14 25 board_10x14_25_165681_none
0001991019
0002442022
1113991029
9119942029
1112492011
1111392000
9239311000
3949200011
3932210129
9222910192
1129310111
0039300000
0029200011
0011100019

11 12 29 board_11x12_29_165712_none
29999200011
29449311129
11123492293
00019949229
00012494211
00000299100
11100133200
19100019321
11222112991
11399112321
19494329210
12939293910

17 4 14 board_17x4_14_165747_none
11292910192100111
19212232239310292
22200199229920292
19100139213920111

19 6 18 board_19x6_18_165764_none
0000019101910000019
0012221101110000011
2339910000000111111
9993221100000192392
3421029201232229392
9100029201999111211

19 8 27 board_19x8_27_165784_none
0000111001111929100
0000191001922121100
1211111002391000000
9393111102942000000
1499239203992100011
2494399302949111129
9949449201121119129
2239921100000011111

18 16 77 board_18x16_77_165817_none
001291129100001291
112933394321012932
292292994991129229
942224434942393233
939119923921992199
232223349422331122
191191199923921110
333332234229921921
992991293112223491
333333499211129921
191294994922922321
343399445492110191
999233399932001221
342119224592001921
920134311994233391
920199911393999211

12 18 32 board_12x18_32_165918_none
000000000191
000011100111
000019100000
000122101110
001292102920
112949102920
192393101110
112392001121
112932112929
192139229431
222029229920
192121125930
113920019931
002931113349
001129101939
110011101121
932100000000
299100000000

10 14 30 board_10x14_30_165956_none
9291000011
2311001129
9321001921
3991112221
2932291292
2232932293
1929391249
1122321199
1112931139
1912991011
1222232211
0191019292
1221123339
1910192921

8 10 21 board_8x10_21_165989_none
12492199
19993239
24959211
92139311
22233391
19299211
11333100
22291000
99423110
39392910

4 4 3 board_4x4_3_166013_none
0011
1119
9211
9200

5 12 16 board_5x12_16_166018_none
92921
12129
01232
12991
94432
99292
33439
19292
23321
93910
94110
92000

11 19 30 board_11x19_30_166038_none
92000001110
93111101910
29119101110
22322100000
19292100000
11229100000
01121100000
01910011100
02331019100
01991133200
02342299100
01929443100
01122992211
00013459392
00019939439
00123334931
00191294920
00222293110
00191111000

18 8 36 board_18x8_36_166075_none
111000123222211239
192111399929922993
113922994223449449
013933931001994921
129349421112349210
292299592291192100
921139932921234210
110013921110199910

18 6 24 board_18x6_24_166114_none
929112239201139491
232119939201939921
191012221101244432
122100012321199299
129100019991244333
921100012321199119

11 19 31 board_11x19_31_166143_none
19291011211
22311019392
29211012493
92291002959
11111002992
01110012321
12911129100
92111921211
11002220191
00012921111
00029491000
00029312221
11111101991
19210001332
12911110192
01111921129
00001291011
00112221000
00192910000

4 12 15 board_4x12_15_166177_none
9939
9459
2939
2231
1910
2231
2949
2959
1139
0011
1111
9119

4 4 3 board_4x4_3_166195_none
2391
9921
2210
0000

5 4 3 board_5x4_3_166199_none
12110
92910
13220
01910

10 12 30 board_10x12_30_166203_none
0000019299
1121111222
3939100111
9942200292
9329221393
1112939439
1112239921
9329113320
9493212921
2949329392
1139493339
0012922921

11 14 34 board_11x14_34_166245_none
19119949492
23323949592
19922233921
12339129420
00293129910
12493112210
29939100111
39421100292
29321100393
13939100292
14963200111
29999100000
93332211000
11000191000

17 19 56 board_17x19_56_166283_none
19119100191001129
11233200122101932
01299210029201129
02943910139310011
13921110193921100
29310000124339211
29200000129932391
12210112293229211
02920192921011100
03941212232100000
02949100199210011
12392100234910129
19211000192110192
11101111221000111
22101912920111000
99212112932292232
22292112393943999
00112911923994453
00001111111393991

19 10 41 board_19x10_41_166347_none
0191000011101929999
2443112339112222332
9999229992119223321
2459229421022499991
1293221100019499421
2922921000012932100
9322392112111110000
1392293292921111100
0292129213349119211
0111011101992111291

18 4 10 board_18x4_10_166394_none
011212991000001221
129293321001222991
192229100001992221
111011100001221000

12 8 26 board_12x8_26_166405_none
991001999299
232112332239
239119100011
992111100122
332001111399
192122922999
224949492249
193949311011

11 10 27 board_11x10_27_166437_none
01233949200
01999499410
01394959910
11212394221
19100393019
22211392011
19129422011
23339391139
19933421199
12229910122

7 18 16 board_7x18_16_166467_none
1291000
9211000
1111100
0019100
0011100
1100000
9201110
9201921
1101291
0000111
1110000
1910000
1110000
2210000
9911110
3432921
2992292
2931129

4 14 13 board_4x14_13_166486_none
1239
2993
9593
1393
0129
1232
1991
1221
0000
1111
9219
9311
9200
1100

4 10 8 board_4x10_8_166503_none
9222
1299
1343
2991
2931
1110
0111
0191
0122
0019

6 6 5 board_6x6_5_166512_none
000011
000019
001132
001929
001243
000199

12 6 20 board_12x6_20_166518_none
113992129491
193959229932
113249213449
113931212992
293921292332
922111921191

14 8 26 board_14x8_26_166543_none
11100002921910
29100013921110
93211129211110
93292394202920
24959399213930
95992334912931
29931192233391
12210111199211

16 12 33 board_16x12_33_166571_none
2221111293931229
9929119213939292
4431111101133532
9921100000019991
2229212110124931
0011292910192110
0001222221111011
0012910192100019
0129321249201121
1293911939201932
1922111121101299
1110000000000122

18 18 47 board_18x18_47_166607_none
111129100001121211
911933210012939392
222292910019492493
191112110012921292
112221000013320111
002991012339921000
002942019993391000
002391012322221000
001932000001910000
001291000001121100
110111000001129100
921000111123921100
392100191199210000
939100111122101110
121111100000002942
000029200000124999
121129200011299332
929111100019222100

19 19 95 board_19x19_95_166656_none
9921239111101111991
3944994239212911221
2399994949429333321
1959593139392299992
1293311133322236992
1249310299129339931
3949921393239939431
9933449321195543939
9411994910139992292
9302493232129422332
9201921199211101992
1101110149300123459
1100000029312399299
9100001232393994322
1222101992393249311
0199101223931139391
0122211003930193311
1121291124920129211
1929211199210011291

18 14 55 board_18x14_55_166766_none
111292299223929222
921939332299221299
921133911343100139
220019322992000011
920011293492000000
930000129212111110
920000011223922910
111110111199493231
001910192259533929
111221112949939221
931292112394942200
939339119433129100
233921113991023421
192110002931019991

14 5 12 board_14x5_12_166829_none
12911929921119
93111233229111
92000192111100
11011229111100
00019111119100

11 4 10 board_11x4_10_166842_none
11113921910
91194921121
22239211129
91192101921

9 5 11 board_9x5_11_166855_none
111012910
192119320
359323921
999493129
232392011

4 16 10 board_4x16_10_166872_none
0000
1111
9229
2921
2210
9100
1100
1110
1910
1221
0192
1229
9111
3310
9910
2210

6 16 20 board_6x16_20_166883_none
029219
139321
922921
111139
011239
019292
011222
011119
029332
029929
122221
921000
291000
111122
012399
019932

7 14 17 board_7x14_17_166907_none
0001910
0001110
0000000
1121100
1939100
1292100
1211011
9100019
2333232
1999929
1369421
1299200
1933321
1111991

9 10 12 board_9x10_12_166925_none
019100000
011100000
000001121
122101929
199201121
259421111
939929119
122221222
000000191
000000111

16 4 17 board_16x4_17_166938_none
9992911221199111
3932111991122119
3321122321122222
9911929100199291

19 10 28 board_19x10_28_166961_none
0122292921000001910
0199313391111001110
0139201921192100000
0011213232339210011
1110192929922910129
1911222122222321192
1111921000019291111
0001291000011222111
1101222110000129119
9101911910000192111

18 19 89 board_18x19_89_166993_none
221001222939291129
992112992294532192
222924941239992122
002394942494493129
001923939992124942
111222124952129991
922492013939139532
129992019331139329
123322134931129229
191113939939221111
123393954444932100
019922399299499111
023310293222495339
019100122223493993
132322239399922392
929499299439432211
122993239211299222
001221011212233399
000000000192911932

16 18 59 board_16x18_59_167098_none
9100193910000000
1211129211110011
0293223323920019
0299292993920011
1333213332110111
9293211932101291
2439922399102942
9393229222102991
2921011101112331
2210000112922910
9211110192293221
2922921211129239
1129229101121299
0122233201921244
0192299201392199
1229459200293222
9113993211129211
1102992191011291

8 5 9 board_8x5_9_167162_none
92121100
24939211
19963391
13999211
01232100

4 5 4 board_4x5_4_167173_none
1110
2931
3991
2931
1110

5 18 22 board_5x18_22_167178_none
12129
92921
24320
19921
12391
00122
01139
13969
19999
12332
11000
92111
39219
29322
12492
01993
01249
00029

11 16 27 board_11x16_27_167201_none
00122119211
11299332291
19334991111
11393221000
00292000000
00111111000
00000191000
00111112110
00191012910
01221019210
13931011222
29991000299
39521111294
39301291129
39201921011
92101110000

18 4 20 board_18x4_20_167233_none
993910191111199421
393232212392249992
111199312992193492
000139912931111111

18 12 39 board_18x12_39_167257_none
910019101929100292
110122212121211292
000293392001291111
110293992001932100
910112332012229111
110000191019122229
011211111011119249
239291011101233939
992222119222992121
343129213939321000
199129312942200111
122112911129100191

15 19 73 board_15x19_73_167300_none
293923920000111
293293931111291
122212129119211
019222343333200
123949999399100
933995953943111
939435931291019
232293920222022
191112110293229
233222100399392
399499210295921
995995921129221
234959491122129
019495931191139
011394920111193
001333121111239
013992119229129
019959222393211
013932911939100

9 16 20 board_9x16_20_167382_none
000000000
000000000
011100000
019211011
011293229
000129932
001123491
001911921
112221121
922910019
293220022
112921239
112129299
192121222
222910000
911110000

4 4 4 board_4x4_4_167403_none
9119
1222
0292
0292

6 10 10 board_6x10_10_167409_none
992910
222110
000000
221000
991000
232100
029310
039910
029420
012910

11 19 51 board_11x19_51_167421_none
01910113942
13320193999
29920234494
39920199549
93210139992
12110024942
01921129491
01129129322
11022212339
92239201992
29299311332
22323910191
29202231222
29312929119
12392121111
01932011111
01291139219
11123399332
91019933929

14 19 46 board_14x19_46_167487_none
00001922921111
11001129229119
92110011111111
23910000000000
93211222121100
29101992929100
11213444342100
00192993992000
00112494494211
00000292299291
01121322133311
02939291019111
13931333111119
92222399100011
11192993100111
00223232101291
11291129211932
29322293911291
29219212110111

18 12 47 board_18x12_47_167538_none
129910000122101121
294321100199213949
939129201232294949
232349323911359431
911992299211999921
111232344201245449
000019299111119939
111122222119222221
191292000012922210
222392012211129910
932921019910134310
939210012210199100

19 8 40 board_19x8_40_167590_none
1119229931119223991
9111396949333399321
1100299349499333210
1111233944933911932
2911911299222223499
9222210233119339964
2229100292012994999
1921100292001222232

17 6 15 board_17x6_15_167635_none
91001929100293211
11001232100399291
00012391000293211
00019932011223210
00012391019119910
00000111011112210

12 14 46 board_12x14_46_167651_none
129229292291
193493339321
129392193910
023532223110
129991191122
195952111199
234993101232
929699101921
234993101291
193954210111
112299910000
111245532232
932929992999
992122322399

11 16 48 board_11x16_48_167702_none
02931112210
03949119910
24931113442
99210001999
33311001232
19392232100
23923999211
92123999219
33129694232
99129922949
33323323399
29291293949
94311293121
99112443100
22229999321
00193333991

10 18 43 board_10x18_43_167761_none
9100000000
1100123210
0000199921
2210134492
9920019239
9932121239
2494932292
0295994942
0113949939
0001244432
0000199291
0111122222
0293111129
0394912931
0294213941
0139203969
2239203999
9921102942

5 18 13 board_5x18_13_167817_none
01110
12921
92291
11111
11000
91011
11019
12121
92910
13220
13931
19939
12221
00011
00019
00011
11000
91000

4 10 10 board_4x10_10_167832_none
9229
2393
1939
1132
1229
9292
2332
1929
1121
0000

4 6 6 board_4x6_6_167844_none
0019
0133
0199
2349
9921
2210

7 4 3 board_7x4_3_167851_none
1910000
1121111
0019119
0011111

14 14 51 board_14x14_51_167855_none
02994991112121
13999321293929
19593211293132
13942192211129
02992139310192
02492029921222
01922133592191
23222949492111
99219399323210
39211222119932
23321100023499
29949200129332
94949211294931
12121119213991

19 19 52 board_19x19_52_167913_none
1991000000000192929
1221112111232212121
1100193921999100000
9111324932332112210
1119493129111119910
0023992011119123321
0019321001121129329
0011100001910029392
1110011101110122211
1921119100111191000
1139212210192221000
0029201922433911110
0023422129992112920
0019993223931002920
0012339911110001110
0000013331100111111
0000001929100191191
1110002232210111111
1910001911910000000

19 16 65 board_19x16_65_167970_none
0129221129910019100
0194929129311122221
0239221222212922929
0192101291192294453
0112111921234339999
0001911221199934953
0001111392234229592
0111012992191135994
0191019321222199999
0112121100292123343
0001922110293110019
1101292921112910011
9112334592001110011
2329929993110000129
9393223543921100293
2921001992129100292

17 5 14 board_17x5_14_168047_none
11100019112210191
19101232229910111
22101991194320000
92101333222921100
29100192911129100

14 4 8 board_14x4_8_168062_none
00000191000129
00011212221293
00019212991292
00011292221111

10 8 19 board_10x8_19_168071_none
2910199100
9320123221
2921001939
2492112292
2992293221
2931394921
1110395229
0000299111

8 12 25 board_8x12_25_168093_none
01911910
01111110
12110000
92911221
34211992
99211239
96943332
39999992
29954339
13492111
01949211
01292291

7 14 24 board_7x14_24_168125_none
1222110
1993921
2449229
9393222
1393291
0129322
0011291
2210111
9922321
3349991
2939532
9431392
9910293
2210129

4 19 11 board_4x19_11_168153_none
1991
1232
0129
0192
0111
1100
9100
1211
1393
9499
1494
0292
0111
0000
0000
0000
0000
0000
0000

4 18 14 board_4x18_14_168165_none
0000
0000
1121
1929
1121
0000
1100
9210
3920
2920
1221
2391
9932
9329
1122
1129
1943
1299

6 10 14 board_6x10_14_168181_none
192111
129229
122921
923220
292921
334493
993999
239332
011100
000000

7 8 11 board_7x8_11_168201_none
9210191
2921211
1239100
0193210
0223910
1292110
2942211
2939291

11 4 6 board_11x4_6_168215_none
19392000000
11392000000
11122211000
91019291000

14 5 14 board_14x5_14_168222_none
01911991011100
01222221019211
12492111011291
19993292121322
12339212929291

19 18 50 board_19x18_50_168239_none
0111111000001110000
0191192100002931100
0111129100002939100
1110011100112232100
2920000011291191000
3941000029322222100
2991111029219119222
1222291011112333499
1111932000002993993
1911292221002949321
1110112991001121111
0000001221000000019
0011211000001222121
0019391001233993910
0123921001999494210
0293121101343229100
1392019100191022322
1921011100111019299

18 18 78 board_18x18_78_168292_none
001992192299101291
001393239344311932
000224944939911291
110193994932222321
931113349320019921
993112932921123339
394933933349219139
113949449939223339
002249939321119921
001933332311012210
001129119291000011
111132334433222339
932929299929939993
949333444233494949
942292992019212121
291223392012221100
222191111001929221
191111000001122929

18 16 74 board_18x16_74_168381_none
019291001111110000
011211013922931100
001122229933939222
111929923492122499
912232211933222994
111911112239949439
002221911922399322
013932111111359229
139992110012993139
939422921139694139
122222492199493921
012929594232323110
239223994921292111
992113994129339119
342229594123933332
929292399119392991

10 4 6 board_10x4_6_168472_none
9101221000
1101992111
0012339119
0019111111

8 4 6 board_8x4_6_168479_none
11019100
91122100
12393100
01999100

4 16 9 board_4x16_9_168488_none
9119
1111
0000
0000
0000
0000
0000
0000
1110
1910
1121
0129
0193
1349
9299
1222

7 18 32 board_7x18_32_168498_none
9312921
9493391
2944921
1399321
0399229
2493129
9921022
2210019
0000011
1221122
1993299
2493932
9323321
9219291
2232311
2929100
9333210
1292910

15 5 11 board_15x5_11_168534_none
000000112121100
110000193949200
933210113949200
299910112121111
123210191000019

16 4 11 board_16x4_11_168546_none
0191019293931111
0111011224991191
1100000029532111
9100000029391000

18 4 17 board_18x4_17_168558_none
122921000129920000
929491111194931111
122932292334391192
001129229299211129

19 6 31 board_19x6_31_168578_none
2211121101910191000
9911929102220233100
9421233322922399210
3910193992293996921
9432325941129599239
9399293920011393129

18 19 58 board_18x19_58_168614_none
191001299222223229
343101932299299931
999101110122236941
344210000000019939
192910000112122221
123210011293911121
019210019339211939
023910012932101149
019210001393100029
022211100299210011
019119101233933210
122122201922299921
292019101292233229
293222100223910011
139492100192110000
029939100111000000
012221100000000111
000001121111211191
000001929119291111

16 19 74 board_16x19_74_168676_none
1929392129119100
1123933942223210
1112923992292921
1922212932933291
1129223322291233
0022499492111199
0129399594100233
1294554499211292
1949999333292392
1293443292233921
0112292223939210
0001922923931100
1222111139421000
3991112259492100
9941192999329222
4920123343222399
9310029329119233
9301249392122219
9201992211019111

10 12 21 board_10x12_21_168761_none
1100000000
9101111110
1101922910
0001129431
0001133991
1223939321
2993932210
3942111921
2932211129
2229921011
9112391122
1100111199

4 4 4 board_4x4_4_168784_none
2921
9391
2311
9100

4 4 4 board_4x4_4_168789_none
9100
2221
2929
9221

4 5 5 board_4x5_5_168794_none
1291
9322
2391
2931
2920

4 10 7 board_4x10_7_168800_none
0000
1110
1921
2239
9129
2332
1991
2331
1910
1110

9 19 42 board_9x19_42_168809_none
019332211
012999291
012454322
019399329
123959393
292393229
932393132
239212929
193333332
223999291
912993211
112342111
002939119
113942211
293129100
393011111
394122229
294929921
129222210

15 14 37 board_15x14_37_168855_none
221111192100011
991191129321129
222221012991294
001921001232399
002391000029432
001932101139910
012229211922210
029213933442100
139202939999210
192101122494910
111000011212110
000011129211100
011129229329100
019129212921100

18 8 21 board_18x8_21_168896_none
011101139911921000
019101939311291000
011101132200122100
000000129211129111
110011294911921119
910029339322210011
110029229329210000
000011111293910000

19 4 21 board_19x4_21_168920_none
9129392212299292991
2239329293942223332
1932223323920129229
1291192911110192292

19 5 23 board_19x5_23_168947_none
0001939119922929111
0001292223239333329
1100111191029219931
9211112432123234920
9219119991192929210

14 18 51 board_14x18_51_168973_none
00193210191019
11229931111122
19124991000292
11119332100292
11011119212332
93210011293991
29921100129542
24339321023991
92922992119321
12223459123432
00293992119999
00293221013953
00123210112139
00019910191039
00012210111029
01232101121111
02999101929221
02942101122929

7 16 19 board_7x16_19_169030_none
9292111
1229229
0012392
0001932
0012229
1119222
9332391
9939311
2349200
1292100
9211000
1100000
1100000
9100011
1111119
0019111

4 4 4 board_4x4_4_169051_none
9291
1211
1211
9291

4 4 4 board_4x4_4_169056_none
1939
1149
0029
0011

9 12 16 board_9x12_16_169061_none
019112391
011229921
000194431
111222991
911922221
111291000
000111111
000000191
112110111
193910000
239221100
921119100

17 19 66 board_17x19_66_169078_none
19931011229100000
13993229394221211
01499393393939491
00293392224249921
00122222292922321
11119239323221291
29333399319119332
29399249422112939
11222129391002392
00000011211001921
00000111011101110
00000191029312110
00011211029392910
11119222122313220
29111399129311932
92100293129912399
23110223244312942
93910192999313920
93110112249392110

19 8 32 board_19x8_32_169150_none
1129921119100001139
2943239322321112959
2992129911992293399
1239223321349339239
1112911921194933321
9101111291129339910
1100000111122293210
0000000000191111000

19 6 29 board_19x6_29_169191_none
1921101991293291199
2229101222393932122
9111211001933291011
2212493223391111029
9119994992933122239
1112323932292929921

14 8 15 board_14x8_15_169227_none
00292029311910
11392029911110
29421012210011
39920000000019
94920111000011
12121291000000
00019212110000
00011101910000

7 19 34 board_7x19_34_169243_none
0011392
0019493
1132492
1939222
1292129
0111029
0001121
1213920
9494931
9949439
3459492
2993932
9422129
9421111
9949200
2399300
0139322
0022399
0019222

6 19 28 board_6x19_28_169282_none
222221
994991
239953
123499
932949
993221
239100
121100
910111
221291
911932
122492
019392
022311
019100
023310
129921
295491
299211

4 10 9 board_4x10_9_169313_none
1110
2921
9239
1129
0011
0111
1292
2959
2992
1221

9 4 6 board_9x4_6_169324_none
991000191
221001221
110012910
910019210

17 16 71 board_17x16_71_169332_none
29100001392191019
93201123992222011
29211929942191000
12911134694322110
23210029999923920
99211139444329931
23922933239323339
01393293949492292
12594239349323932
19993932293219449
13433391139212993
12922921029212492
19339221122219322
22494339219232392
19399499212929229
11239493101121111

18 19 83 board_18x19_83_169419_none
129993910001999939
294449221102354349
292293239201929129
332393199201132211
991292122222119222
931112111299112399
110002921954201932
001112921299311221
001911233349920292
112221199934920292
192291123392111332
359311000111112991
999311111211192221
259539119392111011
029992122492122119
233321019323399222
991000122394994492
931000192399334993
110000112932119949

19 14 47 board_19x14_47_169521_none
0000000000001221000
0000012221101991011
0000129939212222239
1100193393391001992
9311111139311001221
9392100039311100011
1229101249219222229
0022201992223939932
0029212321293295549
0029219211392129993
0011112911932224449
0000001233229292921
0112110299211212110
0192910299200000000

15 5 18 board_15x5_18_169579_none
222110019920000
992921113931011
223239112393229
111922229339942
911111921294991

8 8 11 board_8x8_11_169603_none
01922921
12292129
91111011
23110000
92911110
23211910
19212220
12911910

5 14 19 board_5x14_19_169616_none
92019
93232
23993
93499
12943
12492
19492
23921
93321
29292
11229
00011
11011
91019

4 19 13 board_4x19_13_169641_none
1921
1291
1211
9100
2311
9392
1392
0111
0111
0192
0129
1222
9291
1322
0191
1211
9211
1291
0111

8 10 21 board_8x10_21_169656_none
19119100
33222311
99219292
99222339
23229139
01921249
01110199
11100122
39312121
99392929

10 6 15 board_10x6_15_169678_none
0001993111
0001399239
1101232399
9112910394
2339310292
9299200111

17 6 18 board_17x6_18_169695_none
11129291192129100
91192212234943221
11111001939992939
11000001293322139
92100000111011111
29100000000019100

19 12 60 board_19x12_60_169716_none
2229910029219932119
9922321029212399111
9421291011222333111
9329212111299291019
2393201911933321022
9229211122333921139
2212921119299593299
9222349433349495959
3929299992921229942
9221234422122333229
2312129223229991011
9292921299922321000

19 19 53 board_19x19_53_169783_none
0000191001110191019
0001233211922221011
1101929911292910122
9101133310224220199
1100019100192910249
0000011211112121292
1110011291000019322
1910019321000023491
1110013920000129921
0000113920000295421
0111193220000299391
0191223910000123932
0111192110000112129
1100111000000192111
9101111110000129100
1112922910000012210
0139329321110002931
0199212912932112939
0122101112992911121

17 18 52 board_17x18_52_169841_none
29391111122100191
29312292299100111
22102943932100000
91002959310111122
22112399200192299
19119222111212959
11111222119102249
00000199211101921
11100139201111121
19100022213920019
12210029219930011
01921129214941100
01139212212949200
00029201911149300
22222112210029311
99291029212332291
22211029219991111
00000011112321000

12 10 33 board_12x10_33_169897_none
392001922991
992001292221
343100223232
199100192999
134311222359
139922942292
949923999311
944422999300
129922399200
012391122100

10 6 13 board_10x6_13_169936_none
0192291111
0112922392
1233211993
1999212339
1249219221
0011112910

4 8 8 board_4x8_8_169951_none
2949
2992
1221
1111
9119
1222
0192
0129

5 19 14 board_5x19_14_169962_none
00000
01221
01991
13331
92910
12110
00000
00011
11129
19129
22111
92121
23929
93231
12910
01221
00191
00122
00019

8 19 26 board_8x19_26_169977_none
12110011
93921019
93291011
11233111
00199119
00122222
00000192
00111129
00191022
00123229
12129921
92922221
12111129
00002931
00114930
11193931
91234229
11199211
00139200

9 18 33 board_9x18_33_170005_none
192110111
112910191
112121322
191019392
111011392
110000222
910111192
110191129
000122111
000029200
111029310
192122910
333933221
994499119
459954333
993499299
331293249
910111029

15 8 25 board_15x8_25_170043_none
921939201129221
922359312923949
221992293344949
922232212999221
291019101232211
111011100000191
001222110111111
001992910191000

17 5 12 board_17x5_12_170070_none
19119211000019222
11111291000011399
01110112110000293
01933211910000111
01299911110000000

18 4 10 board_18x4_10_170083_none
013932910019100000
019992110012210011
012332100012910019
000019100019210011

19 12 55 board_19x12_55_170094_none
0139229311129939200
1299239911922349200
1932129421110193200
2210012910111139421
9111212110292039991
1119292100293239421
2343339322229494200
9999229399322999200
9549222339911249200
9212229112210012321
2333921101111223991
1999210001911993931

18 16 49 board_18x16_49_170154_none
001110192122339100
222910223939993200
992110192293339100
332000111123221100
292111110019932100
944921910012399200
939931221000139200
233920192101244310
911121229101999921
110019111101244329
110011211111019111
921111191191011100
291293221111011100
221293910000019211
910112221012221392
110000191019910292

12 19 49 board_12x19_49_170208_none
921100000011
359310000019
999921100011
395329211000
129233492110
122929933931
911123922949
110012211139
000029201243
001139201999
001921212393
001111291111
000001921000
112112220000
193922932100
239459599100
296999495310
399942229931
294210013939

5 6 4 board_5x6_4_170264_none
02939
03941
02920
01110
00000
00000

4 5 3 board_4x5_3_170269_none
9119
1222
0191
0111
0000

4 4 3 board_4x4_3_170273_none
1910
2321
9291
1211

4 8 9 board_4x8_9_170277_none
1291
1943
1299
1359
1993
2492
1921
1110

