15 12 47 board_15x12_47_113410_none
929910013931011
233210019993339
291000023449993
932100129129549
239212293344921
292394934999321
931299393993392
921232323332292
221921293392221
911129349922921
110122299411291
000191139200111

19 4 14 board_19x4_14_113461_none
0002931002931019100
0002992102991022322
1102459101221019299
9101992100000011222

18 12 52 board_18x12_52_113477_none
192299322910111000
129334993342291000
233392222999332100
993931001344939210
223920000192295920
002220011211129931
012910029200024692
019222239310129993
121229922910194969
932394322110112299
993994292211011222
223993939291019100

16 16 44 board_16x16_44_113536_none
0112129119101921
0192921122202391
0123210019101921
0139200012212220
1299300001912920
9239200001223920
1222211122292110
0293392199212110
0293992123323920
0112332001993920
0001292212223220
1213949291002920
9394932321002920
1394332921112110
0112993391191000
0001239211111000

12 19 35 board_12x19_35_113586_none
000001222991
000001993321
011102349111
029201921119
029201110122
122100000191
191000000111
232100000111
929222211192
121299392129
122222393111
299100129211
932111111291
110019111211
011111129311
129212139391
932392921211
239212110111
192100000191

11 19 38 board_11x19_38_113625_none
92911129100
12223943321
00193949939
00112294942
01111333292
01911991129
01111221011
00112122210
00192929921
00112122492
00000112392
11011292932
92029323339
92029219292
11022211322
00129100191
00192100111
11111012221
91000019929

6 12 17 board_6x12_17_113668_none
929920
123920
111221
922291
294931
239930
194920
333110
992100
949100
121211
000191

4 4 3 board_4x4_3_113690_none
0019
1121
2920
2920

5 6 8 board_5x6_8_113694_none
11199
91233
11191
00222
12492
19992

11 18 27 board_11x18_27_113704_none
00019291000
00011322000
00000191000
00001221000
00001910111
11001222291
91000192932
12110113391
01910001921
12110012210
92211029322
39391029499
29422232394
12911991129
01222221011
00191000000
11212110000
19101910000

18 14 63 board_18x14_63_113734_none
199391011100012939
123932139200129392
111291199411193432
921221149491223991
931922249312292232
953392993323931019
999322223995930011
394921213949930000
222239292234920011
910294322293231229
221399119334939293
191293224949931229
221111193949310122
910000112121100191

19 10 33 board_19x10_33_113803_none
1910000199100000011
1110000122100000019
0000000000000123221
0012210000111199910
0019920111191235320
0024920292111193921
1119211392011229229
9233202943239322221
1399113949949911910
0293119393393211110

17 5 22 board_17x5_22_113838_none
19111112911910191
12229239432221333
12922939929239499
92222123442299943
11191001991123391

15 8 29 board_15x8_29_113862_none
113920199291000
193921354322222
112111999119399
012212353212954
019922929211299
012339333921359
000192292139399
000111111029339

11 14 23 board_11x14_23_113895_none
91000000000
11111000011
00191111019
00222191011
01292211011
01949211019
12292291011
92223321000
39119921100
93213339100
29211922321
23911111991
92110002331
11000001910

4 18 21 board_4x18_21_113922_none
9929
3321
9211
9219
2222
9229
1293
0129
0022
0019
2221
9910
9521
9592
2993
1493
1392
1921

5 5 4 board_5x5_4_113947_none
91000
11011
11119
29211
29200

8 4 8 board_8x4_8_113954_none
91000111
23210191
19942322
13999291

14 12 24 board_14x12_24_113964_none
01110000000111
01910000000191
01110111000111
01110292000000
12932392111111
19399321292192
11334910292129
01292110111011
12921112110000
19322292921100
22393923239100
91293111921100

19 19 94 board_19x19_94_113989_none
9299112999292119910
1222119333339112221
1100011102942200019
9210111013949311022
2910191029449391019
1121222139932322121
1129129339953911910
1932239935999211232
1291193393993100299
1322222223222110294
9291191192111911249
2422123333911222939
9493229949310294242
9959923499200293939
3993212953211113392
2331002994391123921
1921013599942399210
2391029949949595200
1921029322239499100

19 18 83 board_19x18_83_114104_none
9910019391129292991
2210012921294423221
0000001122499292221
0112111129932212991
0193922934320112221
0129349492910191122
0013959313220223299
2212994223920293932
9912493929920295431
3444932133311239992
1999920019101933492
1259421112211292322
0029229201921339292
0011129311139492229
1211013920029921011
9392113931113442211
2939229449102999292
1122922992102993229

17 6 18 board_17x6_18_114201_none
00019101110123910
00022201910199310
00019212231239310
00012922939324920
00001139339494931
00000029211393129

11 5 13 board_11x5_13_114222_none
19949219291
23399211211
94332100000
99910011100
94210019100

6 14 12 board_6x14_12_114239_none
922332
129999
122443
911291
111921
001121
000019
000022
000129
000192
000111
111000
191000
111000

5 16 14 board_5x16_14_114253_none
91019
11022
00019
11111
29210
95920
29920
23310
29100
92111
11129
00192
00111
11011
91019
11011

4 18 17 board_4x18_17_114268_none
0019
0011
0000
0000
2210
9931
3992
1239
1132
1939
1249
0193
0129
1222
9592
9992
3421
9100

4 16 13 board_4x16_13_114290_none
1910
1110
0111
0292
0394
0399
0293
0111
0000
0000
1111
9329
9392
2321
2931
2991

7 10 10 board_7x10_10_114306_none
1110019
2921011
9392221
1212992
0002492
0001921
0112110
0191000
0112110
0001910

8 8 11 board_8x8_11_114318_none
01111110
01922910
01139310
00149300
00199310
00123910
12223220
92992910

9 6 12 board_9x6_12_114331_none
191199119
112232222
112921291
292239322
921192292
110111129

11 4 12 board_11x4_12_114344_none
11011223221
94239399949
99939323399
23221100122

14 4 13 board_14x4_13_114358_none
12321000199910
19991000124320
24553100012921
92999100019229

18 10 24 board_18x10_24_114374_none
292000000192921111
293100011212291192
129100019100122229
011100011100019221
000000122100012910
000001299200002220
011101949311112910
019212121392192110
121291111292122100
910111191111019100

19 16 65 board_19x16_65_114400_none
0001921029201910000
0002492029213321110
2322992011119911910
9992222121235421110
3942101949499920000
1239102399934920000
1293201944311110122
1939101129100011299
1233210012221119332
1292921102939123910
1933129323942219331
1291123992129233939
1222292233234949693
9219322239929949992
9212911993222223931
1101111221000001110

19 19 88 board_19x19_88_114473_none
9999111211019101921
4953119392011112349
9392111493000019299
1239211393222121222
0029329212992921000
2221394201223391011
9911499333211921129
2222995999911121293
0019324953321019339
0011102932393243393
1110112292993999339
1910192233323343392
1221112939212911932
1292101249219322129
9339111293221292111
2494219212910129100
9399232212210011211
2456939339100123392
1999932992100199939

12 8 21 board_12x8_21_114574_none
939200011291
249200019322
931100011393
920000011399
110012339222
110139993100
920199793000
920139492000

7 4 6 board_7x4_6_114601_none
1939100
2392100
2932100
9229100

6 5 5 board_6x5_5_114610_none
111910
911121
221019
191122
111191

4 16 15 board_4x16_15_114617_none
0191
0111
1110
2920
3941
2991
1343
1399
9393
1222
0019
0022
0019
0133
0299
0299

7 19 22 board_7x19_22_114637_none
9293920
1213920
0001110
2210000
9910000
3310000
9200000
9321100
2929111
2231229
1911292
2211932
9202239
9201921
1212121
0191019
0112121
0001921
0001291

8 18 20 board_8x18_20_114663_none
00000011
00000019
00000011
11111100
19119100
11122311
00019291
00011211
00000000
11000000
92111011
94291019
94933121
29494910
11399421
11139491
91012921
11001110

12 10 26 board_12x10_26_114685_none
000192399391
001222999422
002921232292
112931000129
933392100022
299229211129
233112912931
292001112931
393110001392
922910000292

17 4 17 board_17x4_17_114716_none
29211192292991000
92392112934432221
11293112239923991
00112911922393931

19 5 13 board_19x5_13_114736_none
1100000000019101910
9200000000122101110
9200000000192111111
1100001110129239439
0000001910012939992

19 12 49 board_19x12_49_114751_none
0012911110293100191
0019321910299100122
0012912232454200019
1223332939999100022
1993992149532212129
1345931029200192921
0199321022311113220
1233391019492002920
9229211013993113941
3922211112954912991
9312921911399212331
9202921110293101910

15 19 50 board_15x19_50_114803_none
911992000001239
112492111001992
113932291001332
194921921011392
139422110019392
039593100011211
039599100000011
139444212321019
921299119991011
121222112432011
019100000191129
122101110111192
192112920001221
123912931001910
129222492001110
292119492001221
921012932101991
221111129101221
911910011100000

12 18 30 board_12x18_30_114858_none
019910011100
012210019210
000012222910
000019911110
000012210000
000000011100
011211019100
019393132200
132493929100
949323221100
959219100111
293221101291
222932101921
911299112221
110122119229
000001233921
001111992110
001911221000

6 6 10 board_6x6_10_114891_none
000129
001393
013993
129949
934331
292910

4 4 3 board_4x4_3_114903_none
1910
2220
1921
1129

4 8 6 board_4x8_6_114907_none
2229
9932
2229
1121
2920
2920
1110
0000

8 18 34 board_8x18_34_114914_none
99100000
33201221
19211991
12912331
02232921
01929391
01132311
00029322
00029399
11022322
91129210
11193910
12434231
19993949
25943992
19932332
12494492
00299992

9 19 35 board_9x19_35_114950_none
001292211
001939391
012344921
019399442
011394999
110112259
910011129
331019122
991022219
221019111
000011111
111122129
292199129
293232122
113921239
003942992
002992221
001232211
000019291

12 19 32 board_12x19_32_114991_none
011101921100
019102349211
011101992291
110002342322
910002939291
110013931211
001139311121
001939311929
123222911232
199101110192
122211011229
122291019111
199211011100
133211100011
019229211019
121292291011
920111111000
920000000000
110000000000

18 8 38 board_18x8_38_115027_none
299322212929119211
969499394331111291
992399539911121211
332149934532929100
191139339992132200
111193349421129100
011213993322393100
019102932992992000

19 4 11 board_19x4_11_115070_none
0000002920011100029
1101112920029212239
9101911110029219931
1101110000011113920

18 6 20 board_18x6_20_115082_none
293939291192121100
939392211113949310
121222101112949910
000129112912232221
000192229211910019
000111192101110011

16 12 50 board_16x12_50_115106_none
1922991000193992
2392343211129492
9321199292232211
3921232334992110
3931921299334920
2921129443239930
2231224991199931
1939293931124339
1293323332101921
1239229299102331
2933932333212991
9392291191192221

8 19 22 board_8x19_22_115162_none
91000191
11000111
00111122
00191199
11111122
92100000
29111211
12229291
12922321
92122910
12129221
01921119
01110122
01110192
12921229
19229111
22211211
19100191
11100111

5 14 18 board_5x14_18_115186_none
00111
12392
19949
12393
01249
01939
12221
29111
93119
94121
94910
49310
99300
39200

4 8 7 board_4x8_7_115206_none
0000
1121
2929
9332
9219
1122
1119
9111

4 5 3 board_4x5_3_115214_none
0111
0191
0111
2210
9910

7 6 9 board_7x6_9_115219_none
0019910
1123321
9129219
2229211
9232200
2929100

15 19 41 board_15x19_41_115229_none
000292191011211
111293211019291
291139211111322
922249219112391
122992111119921
129321011223210
192100019292110
111000012434920
000000001993931
000000001222291
011100000000111
129211000000000
193391000000122
124942000000199
019991000000133
013431000000019
111910000122111
923320000299100
129910000293100

17 19 48 board_17x19_48_115275_none
91192910112922129
11223121292292932
11293129211234339
91394921100299392
11293222110294921
00122293920112221
01129213921110191
02931212111922221
02932291002392910
01292932001922110
11112291001110000
91111111000000000
12291001110001110
01921001910001910
12210001110001110
29212321000000000
29329991000000000
11394321000000111
00292000000000191

19 8 32 board_19x8_32_115326_none
1939311001111291000
1139391002921932100
1121333102932129100
2931199202391022311
2992139201943119391
1392022201399213931
0111019223499314930
0000011299932293920

15 5 15 board_15x5_15_115360_none
001929229211011
002231292292119
001910111239122
123210112393119
199100192992011

10 12 30 board_10x12_30_115377_none
1299101910
1932102220
1110013931
0001239939
0123994332
0199449119
1232293343
1910112999
1221012499
1291129222
9432293221
9929212929

8 16 22 board_8x16_22_115413_none
00113920
01293931
01934491
01129932
11112229
19111111
11119211
00012492
12322992
19993331
13433920
01912920
01111232
01110199
01910122
01110000

4 19 16 board_4x19_16_115437_none
1921
3339
9932
3339
9129
2322
9292
1339
1292
2931
2920
1110
0000
0111
0191
0233
0199
0122
0000

5 8 7 board_5x8_7_115455_none
22100
99200
39211
12229
01921
01110
11211
19291

8 4 4 board_8x4_4_115465_none
00122211
11299291
19222211
11100000

15 10 36 board_15x10_36_115470_none
001912921921191
001112932293321
001222392139910
123991293139531
399532113932993
999493112932499
232393911239333
011224431192291
019119992111111
011113992000000

18 18 44 board_18x18_44_115512_none
000001129111119100
011101932219112210
019101129111112910
122101121111119210
191001910019122211
111112121111119129
001291019210122129
001922122910191022
013321911111221019
019921121101910011
013921129212110011
123211921291000139
199102220122212299
233112910019392932
292019221112922110
393011229101110000
292000192100000000
111000111000000000

19 19 88 board_19x19_88_115560_none
1129920129291000000
1923920192223333321
3321110112129999992
9910001222922444449
9310001993210191193
2323211249200112239
9299932129311113931
1239499111291194931
1222234421123459449
9292129991019999939
2322922332113454321
2943322249323929211
2999493999399221291
1359949332222101232
0194492100000001939
1229333211110001249
9213949922910000192
9203994593110001232
1102932992000001929

18 14 63 board_18x14_63_115660_none
011100122392001921
029200199493233229
149521149424999111
199993349339943332
123459994399323999
000199894943129999
000139993293349942
001123431139994320
001911910029942910
111111110124921110
921122221393110000
921929929393110000
222123332433910000
191001911992110000

16 8 18 board_16x8_18_115730_none
0191001110019100
0111002931111100
0011213939112210
0019393121119910
1111393110023310
9211112910129210
1291002220193921
0111001910112291

15 6 12 board_15x6_12_115751_none
000111112929991
110191192122321
920111222000000
920000191001110
231100111001910
929100000001110

7 8 13 board_7x8_13_115765_none
9292121
1212929
1111243
2932299
9399222
2322111
9100129
1100192

4 14 9 board_4x14_9_115780_none
0000
1111
9119
1111
1110
1921
1291
1222
9129
1129
0011
1211
9291
1211

4 19 12 board_4x19_12_115790_none
9291
1211
1100
9111
2229
9239
1292
0222
1291
1932
2239
1921
1110
0111
0191
0111
0000
0000
0000

4 19 16 board_4x19_16_115805_none
0000
0000
0000
1110
1921
1292
0129
1243
1999
1249
1232
1991
2331
1921
2229
9111
3321
9939
3931

6 16 23 board_6x16_23_115822_none
012221
129929
933321
129100
121100
931100
939222
243399
199343
233939
911292
222221
192921
123229
239222
992291

14 4 12 board_14x4_12_115846_none
00001129229111
11101932292119
29212392122222
92291292019291

19 12 34 board_19x12_34_115861_none
9119100111191001129
1122200292111001921
0019100293211001110
0011211129291000011
0001291023421001129
2323931019910012921
9993920012321019210
2322110000191022200
1121211000111019100
1939391000000022200
2239421111011129310
9112910191019129910

19 19 74 board_19x19_74_115898_none
9299321000000001992
1223991111111002492
1212332193391113942
9392191239921294939
1392111294221394332
0233100292019239391
2499101232111129311
9994212929101232100
9649129321112992100
9392129200019339111
2321012210011111129
1911111921001110139
1222911291001910294
0293110111001110399
2492111001110000294
9921191013920001349
9420111019931112993
2910011113922922949
1110019101112921121

18 19 89 board_18x19_89_115992_none
012999911139200139
019594222959311299
013942119499329359
003949111393292299
013942100122211122
019493111249201121
122493911999301939
911933111249212349
232392100122119392
959329212292112932
999211393959323339
232211294499499392
011292249499324942
129322949334312939
922911293339922231
222233433994921910
191199992222111121
221123432000011129
910000191000019129

14 14 34 board_14x14_34_116089_none
01991199100019
12232222100122
92019222211292
92012399291393
11001943422292
01111129292211
12910011339210
93210012495921
29100019999339
22111112332293
91019111100129
11011119100011
01110011100000
01910000000000

10 8 12 board_10x8_12_116126_none
0011392000
0029493100
0029339200
1132229200
1929111100
1121101221
0011101992
0019101392

6 4 6 board_6x4_6_116141_none
129291
193321
333910
992110

4 8 5 board_4x8_5_116148_none
9100
1222
0199
0122
1110
1910
2210
9100

5 18 19 board_5x18_19_116154_none
01921
12392
19339
12921
12110
91111
11191
11122
92129
92192
23321
29910
93210
22011
92139
12939
02231
01910

9 19 41 board_9x19_41_116178_none
129221399
194939399
239594322
193999210
222395921
910239391
110192222
011322019
019292233
011229299
011111222
129100111
192111291
222129211
192393100
112993000
112494210
911949921
111139329

16 8 22 board_16x8_22_116222_none
0191000019210011
0112111233921229
0001912992139392
0002234941029422
0012929921121292
0019233311910129
1111119212110122
9100011291000191

19 6 21 board_19x6_21_116246_none
0000000191011119119
1110000111129122211
2921101221294339100
9239213991294992100
1129229931139531000
0011129310029910000

19 10 26 board_19x10_26_116268_none
1910011112210001110
2210019229910001910
9100023922211123320
1100029310001929920
0122129311112123920
1299111291191001110
1932100222122100000
1110000293129100000
1110000293933310111
1910000112129910191

18 12 33 board_18x12_33_116298_none
001111910002999100
001911111223942100
001110001993110000
000111001392011100
000192100233119100
112239212299111100
192921292932100011
112110123210111019
110001129101293221
910001932101939910
110124492122233310
000199922929119100

12 19 59 board_12x19_59_116337_none
012229339100
139933993111
949592493019
139433494122
134499599229
199949493292
234453422222
933999291292
993954421292
444249911221
993949422910
224941292121
002920111019
223221232111
993921999100
334921343100
192110191011
111011323139
000019292939

8 14 15 board_8x14_15_116407_none
91000000
11000000
00000011
00000019
01110011
01911110
12211921
29212229
29339211
11299322
01232299
12921222
92129100
11011100

7 12 12 board_7x12_12_116425_none
9100019
1100011
0000000
1110000
1910000
2331000
1991000
3431000
9911110
2212931
1123939
1929221

5 8 9 board_5x8_9_116440_none
01910
12221
19129
22129
92111
39100
93311
29291

4 4 4 board_4x4_4_116454_none
1221
1992
2349
1921

4 4 3 board_4x4_3_116459_none
9910
2221
0019
0011

6 10 9 board_6x10_9_116463_none
000000
110111
911291
111921
001110
122111
199119
122222
111292
191292

10 18 47 board_10x18_47_116474_none
9299921011
1346592139
0199933939
1249693121
1922994100
2332399210
1991123910
1221013320
0012239910
0139939321
0299542119
1496992111
1999339210
2344322910
9129932221
1129949119
1113931122
9101110019

11 19 55 board_11x19_55_116533_none
19992993992
13432223949
01911111121
01123920000
11019920000
92233210111
12991112393
01333394999
00192999359
01233332129
02949100122
14992211192
29942291129
39921921122
95311110292
99200000292
49422221211
49939939211
99933931291

12 19 59 board_12x19_59_116602_none
910199910111
110123210191
000111000222
000193221393
112359939499
192999493932
222232212221
931001221191
992223993232
932993995939
232322249931
959311029421
999492243391
259524999322
029494959339
022493122939
129333101121
293299211000
292122291000

19 10 39 board_19x10_39_116670_none
0001110001910193939
0001911111121214952
1112332922129214949
2921992293922394941
2933442229212944920
1129929221102939332
0012233910012222499
1101129210029313993
9212921100029393931
1292110000011212110

18 5 13 board_18x5_13_116718_none
292119100199321000
939111100123991000
121100000012321000
111000122119210000
191000199112910000

14 12 35 board_14x12_35_116732_none
39399111119939
99433119113931
33291022201121
92222029200019
92192249311011
22213993392121
19213949333929
11292122939321
00111112139200
00001291011100
22101932111000
99101291191000

8 19 32 board_8x19_32_116774_none
02920111
13920191
93210222
29100192
11111229
00019122
00022219
11029332
91029939
23222239
19910011
23421111
29492291
39933921
29449310
23499310
19945920
12229920
00012210

7 19 23 board_7x19_23_116813_none
0191011
0111129
1100192
9100111
1100000
0111000
0292000
0394100
0299100
1233200
9239310
1299910
1259520
2959920
3994920
2932110
1110000
1121100
1929100

4 12 10 board_4x12_10_116839_none
0122
1299
1954
2399
9233
1119
0011
0111
0191
1221
2920
2920

4 6 7 board_4x6_7_116851_none
1993
2499
9239
2221
1910
1110

7 4 4 board_7x4_4_116861_none
1221000
1991111
1232291
0019211

11 10 24 board_11x10_24_116866_none
92122921222
24939229299
95941222239
95931191011
29391111000
11212110000
12111910000
94912331000
99222991011
22119321019

18 19 59 board_18x19_59_116894_none
129992921119119100
922322129122211100
110000011229100111
111000000193210191
192212110113931111
139392921002991000
149412291001221011
949200111000011129
393200111001129239
949100292002931292
393200292002920222
939212222111110191
232292911910001221
191113221121102931
112111922129213939
001911292922493121
001110123322992011
111110019293331029
911910011212910029

18 19 52 board_18x19_52_116954_none
001910000019101910
001111110123211110
000001910192921111
000002220113239119
122112910113942211
299329210194949111
949392100113931119
121211000001221122
000000000000191191
111001110011322111
191001910139491000
223122211299943100
192929112933399221
112121119320123929
111001133910001121
191013949321100000
221019969329200000
920013949229200000
920001121111100000

19 12 56 board_19x12_56_117014_none
9100191129333993100
1100111194999599111
1111221129493395439
2921991122222229992
2943432192119113542
2399291239112211991
2932333293222923453
9420199322929392999
9920134912232322232
4931019211912920000
9591011101223921110
9921000000192111910

15 4 8 board_15x4_8_117076_none
910012210001921
221029910001291
192129310000111
129111100000000

12 5 9 board_12x5_9_117085_none
000000000000
011100111111
129101292292
921213949229
110193931111

8 12 25 board_8x12_25_117095_none
91192100
22249200
92299321
29345939
22299493
91133493
11019339
11012932
92112391
39119332
92223929
11192121

4 19 10 board_4x19_10_117124_none
0000
0000
0000
1121
1929
1232
0191
2321
9931
4939
9221
1100
0000
0000
0111
1291
9211
1100
0000

4 16 14 board_4x16_14_117137_none
0122
0199
0122
1111
9229
9439
9492
9421
2910
1110
0000
0000
0000
1121
2949
2992

8 6 10 board_8x6_10_117153_none
93921100
29239200
11129311
00012391
11213931
19293920

14 5 12 board_14x5_12_117164_none
91192111100000
12239229222210
01921293929921
01110112244491
00000000199211

16 8 31 board_16x8_31_117177_none
9292211192119210
2439392229113920
9294939111102920
1229222211122221
0011112923939229
0012339393953392
0019993313399311
0013949101949200

18 14 63 board_18x14_63_117210_none
221199932293211110
992233399229923942
932910122235449999
232221100199949443
929119100124932229
121111100001111921
011100001110001110
019100013942211122
121211019999393299
920192123443594932
941213921923994220
949424931139942921
149994930029932239
029933920012229129

18 18 68 board_18x18_68_117284_none
000000113992299210
122212294942944910
299393934932292110
294493292291111111
239222212221000191
192119101921100111
111122112229101121
000191019221212939
110223133910293139
921192929321292011
291112244491222000
223110299922292100
292910299322949200
923221233239349300
221922911949329200
911129222249322200
111121239229339310
001910199211299910

12 6 13 board_12x6_13_117362_none
112939100000
913941100111
112920000192
002220000239
123922210192
199229910111

9 4 5 board_9x4_5_117377_none
000293910
000293121
000122119
000019111

5 8 11 board_5x8_11_117384_none
11111
92192
93239
24931
29930
29920
12332
00199

4 14 11 board_4x14_11_117398_none
1932
2399
9222
2200
9211
3491
9921
2210
1100
9100
1100
0011
0129
0192

6 19 23 board_6x19_23_117413_none
129910
193221
111129
111192
191111
111122
121299
929222
121100
111000
291011
922129
222921
293221
392192
921129
122221
019932
012399

10 12 30 board_10x12_30_117442_none
0012911110
0019322931
0023923959
1239339399
1993922332
2332111932
1910001299
1222111232
1393933910
2993399321
2943394391
1292939211

15 5 10 board_15x5_10_117476_none
111011229101121
192239292101929
112992211001121
001332000111000
000191000191000

17 4 11 board_17x4_11_117488_none
00000012210299210
00000029911395920
11100029312933920
19100011102921110

19 12 49 board_19x12_49_117501_none
9911910019911129100
3322321012211921111
9329291000012210019
9393432011129200022
1212992119129312129
1101249211222293932
9421139201291129229
9991192101922232222
2321122102221992291
1100019211933322932
9101244912399311291
1101999211949910111

15 19 67 board_15x19_67_117557_none
959932129911392
999992934321992
494322393911221
942000293110000
991011211011100
233229332119321
019933999113991
124934952102931
293249920012210
922939422249311
333243492999391
992929922243311
223354311129100
001999322921100
112394993121100
191123492019100
111129211011111
000192111111129
000111019119129

7 6 6 board_7x6_6_117631_none
0019229
1122921
1911110
1110000
1121100
1929100

4 4 3 board_4x4_3_117639_none
0191
1211
9200
9200

4 5 5 board_4x5_5_117643_none
1119
9111
2210
2931
2991

4 6 6 board_4x6_6_117650_none
0292
1393
9239
1139
0029
0011

4 12 10 board_4x12_10_117657_none
0000
0000
0011
1119
9221
2921
2492
9392
1211
2332
9999
2332

7 18 18 board_7x18_18_117671_none
1110000
1910000
2211110
9212910
1292110
1211011
9100019
1111122
0019119
1121111
1910122
2220199
2921232
2921921
2332291
1991111
1222110
0001910

12 18 58 board_12x18_58_117690_none
191001991019
222001333132
191000193939
233100249593
199200199492
139211223432
022329322992
019396992392
011399942122
000234492029
000293393129
110294959111
922435994200
129993999111
122433495339
911292499399
222939393494
192121211292

18 6 17 board_18x6_17_117754_none
111929129992110019
911122239422910122
110001921101110191
011101221000000122
019321191111000019
012991111191000011

19 5 16 board_19x5_16_117773_none
0191122100000000000
0111299100111012210
0123494201291129921
0199949101921193492
0124931101110111292

19 6 29 board_19x6_29_117790_none
0001921129991111191
1112391193322292322
9439321222001949392
9994920192112393493
9424930129229229339
1102920011292111292

14 18 42 board_14x18_42_117826_none
00111011100029
00191019100029
01221011111111
01910111019100
12210191011100
19210112111110
23910001922910
92221113393220
22291192933910
29322213239210
39329101921100
92394202220000
11299113932210
00233119949910
00191012249521
11211111029491
29311392012921
29911992001110

10 19 51 board_10x19_51_117873_none
0000019292
0000012449
0122102992
1299103941
9222102942
1111113499
0129119949
1292223221
1921191000
3443321000
9999910111
9969432391
5953929942
9993223992
3439222593
9112939492
2212359322
2922993119
2922992011

8 18 34 board_8x18_34_117932_none
29311292
29922949
12392292
12322221
19921921
24933349
92393992
11294332
00239239
00294949
01393393
01921292
13220111
92911221
12222991
00193321
11129100
91011100

4 8 5 board_4x8_5_117975_none
1110
1910
1110
1232
1999
2332
9100
1100

4 6 4 board_4x6_4_117982_none
0000
1100
9100
2210
2931
2991

6 6 8 board_6x6_8_117987_none
992000
992000
222110
112910
293221
292191

11 16 32 board_11x16_32_117999_none
00001129921
00001923339
00001222921
11001293210
91002959200
33113949421
99119222991
33222101221
91292000000
22392000000
19222100122
22119100299
91012321293
12111991233
01911233399
01110019932

12 18 46 board_12x18_46_118035_none
299239201991
956949212432
299942119291
123392232211
000113993221
000002949929
011112222332
019229210191
011293933332
000112299949
000011335499
012229292949
019921212132
123321000019
191191111011
111112292110
011101923931
019101112991

19 14 39 board_19x14_39_118083_none
0000000191129292121
0000000222192323929
0001110191222192121
1111921111191122211
1922391000111019291
1239211000000011222
1292100000000111019
1921000000011293332
2210000111129229991
9101111291294212443
2201911921299210199
9101111110123910122
1111211001122321000
0019291001929291000

19 10 28 board_19x10_28_118124_none
0000001232100001910
1121101999201122210
2929211249201939200
9333910011223239310
2393211110199223910
1939211911232292110
2222911222910111000
9112210192110001221
1119100111000112991
0011100000000192221

19 6 25 board_19x6_25_118155_none
0000019112210011111
0111122239921129329
0192292399439239932
0112922994392293229
1111123449333321011
1910019922929910000

18 4 17 board_18x4_17_118186_none
019212112920199939
011293923920123249
000239393211111139
000192229101911921

16 5 16 board_16x5_16_118209_none
1239129211100000
1993249329201110
2323949229212921
9212931111119239
2911110000011129

14 8 16 board_14x8_16_118226_none
12210000000000
19910000000000
12321001122210
00192101929910
11139201122221
91039411001139
22129392101939
19111229101121

7 19 34 board_7x19_34_118248_none
2211110
9911921
2212359
0001999
1123453
2949929
3949332
9433239
9493939
3949221
3931100
9321000
2494210
9399910
2333210
2911110
9321910
2911232
1110199

4 18 13 board_4x18_13_118289_none
1110
1921
1239
1292
1932
1291
1221
2910
9210
1100
0011
1119
9432
9991
2321
0000
0011
0019

4 16 9 board_4x16_9_118304_none
0292
0293
0129
0011
0000
0000
0011
0029
2239
9921
2210
0000
0000
0000
0122
0199

4 14 7 board_4x14_7_118314_none
0019
2221
9910
2210
0000
0000
0000
0011
1119
9111
2321
1991
1221
0000

4 8 7 board_4x8_7_118323_none
0000
1211
9493
2999
1249
1121
1910
1110

11 6 10 board_11x6_10_118333_none
19210001910
12910002220
01110012921
11001139329
92001939211
92001121100

15 12 31 board_15x12_31_118344_none
111000192100191
291111129100111
942191011100011
991222000011239
221191011129499
000222019239493
011291012921222
029311001232119
029201221299111
023311992393111
019911239211129
012210011100192

18 18 81 board_18x18_81_118377_none
991019111101233949
222121119112999499
002920022219442494
002921239112932393
111111993101299439
910013593111249921
221029945932944310
291139599949399221
933393934942323929
239934332229322121
934439929112991000
349923331112432000
993211910139492111
332001111299492191
192111224953433211
349119299939299100
992233324331233200
221199101910019100

19 18 50 board_19x18_50_118468_none
1110011100019101910
1910029201121112210
1121139312910019210
0129129229420012910
0193221129920002220
0112910013931101910
1101222112239101110
9223392911921111111
1299922111110139219
0135420011101299211
1129910129101943100
1922210192101292110
1121100111000112910
0019212111121101110
0011393911929100000
0111394112242200000
0192393111939200000
0112922911139200000

16 6 26 board_16x6_26_118520_none
1249200001129119
2999212334943321
9543129999949921
9491039534932239
9421139212210029
2910192119100011

12 4 10 board_12x4_10_118550_none
991000000199
331000122233
911110199219
111910139211

6 12 15 board_6x12_15_118562_none
012921
019391
022433
129299
921239
111243
001999
111232
921111
129119
022211
019100

4 19 13 board_4x19_13_118579_none
1221
2992
3959
2931
2220
1910
1221
0191
1211
9210
2921
1291
0111
1110
3920
9920
2210
0000
0000

7 12 17 board_7x12_17_118595_none
0011100
0019100
0011111
1222239
2992992
2932221
2210000
9311110
9922920
3933920
1139431
0029929

12 4 11 board_12x4_11_118615_none
000199310129
111249911293
911922322939
111110192121

16 5 10 board_16x5_10_118630_none
2210000000000000
9910111000000000
2210293121100111
0000293939210192
0000112293910129

18 8 24 board_18x8_24_118642_none
000011119991192992
001129112321112392
001932211101111332
001129229112922991
000122393229229431
000191292192112910
000222112221012210
000191001910019100

19 14 71 board_19x14_71_118668_none
1111292911233229229
9119212122999921292
1111100019596332432
1122210011494929991
1929920111395243532
2244921291394929392
1949311921396443949
1299212221399992139
2443229129324431022
9991294239312932119
9931293922392399122
2210124443943393229
0111019999399211294
0191012493222100299

18 19 45 board_18x19_45_118747_none
019210191000000000
023910111111011100
019320011291019100
012922229211011211
001129921101110191
000012210112911221
000111000192111910
000191000111001110
011211000122111111
019100000199119229
122210112232233493
912920192910199393
112920112221233229
002331000292292011
013991111292293111
029931191111129119
139321211000011111
921229100000000000
110192100000000000

14 12 40 board_14x12_40_118797_none
99910122299421
23211299239992
12322932113992
19993110012432
24993000029392
92393110149549
12222910299939
13921222394232
94920193931019
93110124920011
11000019320000
00000012910000

10 6 15 board_10x6_15_118845_none
9229100011
1293211129
0112911921
1122322110
3949393210
9993939910

4 6 5 board_4x6_5_118864_none
0292
0393
0292
0111
0122
0199

4 18 17 board_4x18_17_118871_none
0191
0111
0122
0199
1232
3920
9920
2210
0011
0019
1232
3992
9992
3442
1929
2332
9391
2921

8 19 22 board_8x19_22_118895_none
00199129
11222129
39200011
99200000
22100011
01110029
01910139
01111292
01111932
01933391
01399311
00299200
00122100
00000000
00000011
11000019
91001232
11001991
00001221

10 16 34 board_10x16_34_118919_none
0111191000
1293321000
9229920000
1125952222
0019999399
0134449333
1299332129
2943992139
2932322921
1129101221
1122210191
2921910233
3932210199
9229100139
1122201121
0019101910

12 12 40 board_12x12_40_118963_none
911110011100
111911239221
111122994939
911249549349
111999493932
012349423249
249212922939
999312229221
359219223210
192111395931
111012499959
000019949499

19 4 11 board_19x4_11_119015_none
9100192100000199119
3310129100000123221
9910012210000002920
2210001910000002920

19 6 25 board_19x6_25_119027_none
0000129292911921100
1221192324232229221
2991111193939223929
9321000249339229432
1100122299212239392
0000199222101921229

16 19 44 board_16x19_44_119054_none
1991000000111011
1332001110192119
0192222921339111
0112993349292100
0112233992211011
0191019432000019
0122122391000122
0019119211000191
0011111100001221
0000000000001910
1100000001111221
9100000001921191
1100000112291122
0000000191111139
2222210111011299
9929920111019222
3334920292011100
9329211393111110
9921101922911910

8 12 25 board_8x12_25_119102_none
29210000
93921222
23229399
19232493
12939211
12495321
19399929
23444221
92991000
12344210
11299921
91294391

4 4 3 board_4x4_3_119132_none
9100
1100
1121
1929

8 16 22 board_8x16_22_119136_none
00139392
11199329
91133211
11019100
11011100
92000111
92000191
11112232
01292949
01922299
01110122
00000111
22100191
99200111
39312110
11292910

16 16 67 board_16x16_67_119161_none
0139399100019949
0199322100135959
0234210000199593
1292910012459493
2943110029992229
2991012249642222
1333129939939391
1292922223932932
2923231101233339
9322939101299493
9219392213954992
1222211193993332
2492000223239229
9992001291123921
3543111932293220
1992911129212910

19 4 11 board_19x4_11_119236_none
0000191112110191292
1110111192910111292
1910000223233210111
1110000191199910000

19 4 13 board_19x4_13_119248_none
2211939100111000000
9911292100193321000
2210112232229991000
0000001999113931000

17 8 35 board_17x8_35_119262_none
01911992921291111
01222234339223492
00294229944329993
11399933499922593
19223391399421493
22100112399229492
92110001932239322
12910001110192119

11 18 27 board_11x18_27_119301_none
29200000000
29311001110
11292111910
11323911110
29292110011
92212221029
11001991029
00001222121
11100001910
19100112110
11100191000
00011211111
11019100191
92022212321
92019119921
11023322392
01129910129
01922210011

4 14 16 board_4x14_16_119329_none
9299
2332
2910
9321
1291
0111
1110
1910
1121
2339
9993
2593
2493
9939

4 4 3 board_4x4_3_119348_none
1110
2910
9321
1291

5 4 4 board_5x4_4_119352_none
22100
99111
22229
00192

11 12 24 board_11x12_24_119357_none
99100129221
33100294939
92100293292
29211111111
11392000000
01392122100
01921199222
12210134499
19100019954
11101133499
00001929222
00001121100

16 19 52 board_16x19_52_119385_none
0193910011100000
0129210029312110
1222100029392910
9291000022312110
2311000029200000
9200000139322100
9421000192299200
2993121223459311
2493939219992292
9212249212432129
1100293111392011
1100292019392011
9221222111211019
3939219100122111
9349212321199211
2921101991139219
1110112332011111
0000191191001121
0000111111001929

18 19 90 board_18x19_90_119442_none
110129293932929100
910193325992133432
110129129942019999
012232229591023432
019939222933129210
123394912392934920
192239321922139941
123922911111139959
019211110113933949
011100000194942243
111111000113992399
292192222101234993
293239299222229941
223921233399395920
293110029449339542
392012239921139999
921019944421139593
121114959923932432
019102949329921991

18 6 17 board_18x6_17_119542_none
111191019211011111
291111011291019229
921000011211012392
221000019112222921
293100011119939210
299100000013931100

12 6 19 board_12x6_19_119563_none
012229922232
129934492999
922392933332
121323129210
129392124920
192392193920

8 14 15 board_8x14_15_119590_none
92910000
12221011
00191019
01221122
02920192
02920129
02221121
01922910
01292110
00111000
11100011
19101129
11212921
00192110

5 19 20 board_5x19_20_119608_none
00000
01110
01910
13220
94920
94931
34239
99129
22111
12221
19939
24931
92121
22029
91029
11022
00019
11022
91019

4 12 8 board_4x12_8_119631_none
1291
1921
1110
0011
0019
0011
1100
9211
1291
1222
9229
2921

7 6 7 board_7x6_7_119641_none
1291000
1944210
1299910
0123321
0011291
0019211

14 6 18 board_14x6_18_119649_none
11019239311191
91011399491111
11001399421000
00012956942100
00019499999100
00011394332100

15 8 20 board_15x8_20_119672_none
000192293910000
000139439210111
000029922211392
011112211922993
029200001292392
039300000112221
139200000002931
921100000002939

17 12 28 board_17x12_28_119694_none
02931001911129929
02991001222922332
01222221192110191
11002991111000122
91002942000000019
11002391111000122
11001933392000191
91001292992011211
11000112221019210
00000011211012910
00000019392001110
00000011392000000

19 19 98 board_19x19_98_119724_none
2210192129392910111
9921239129312233391
2392395321111399932
0129399910029499429
1121239310029339432
3942222100133324992
9999393232299394992
3543393999445933931
9391223244994922220
9312291029695322921
2211921029499392129
2912221243323932122
9333932999201249219
4939949459201299321
9953393392101944910
3992213931001292121
2459113931111111019
1993219391293221011
1239111211293991000

18 16 51 board_18x16_51_119835_none
000001921111019111
000001291191012229
000000111111001921
000111000000012321
001291011100129392
012921129332293939
129211293999223221
192212934453119211
223393292991011291
393992123443101343
993232119399312999
221019111499493232
110012210294493110
921101921323922910
129101129292111110
011100011211000000

14 6 18 board_14x6_18_119890_none
19911121101110
23433929211910
19299344912220
22323399332910
19212944929210
11292292121100

12 5 15 board_12x5_15_119913_none
001910129119
123210192122
199433322139
139999922939
012333229221

9 4 9 board_9x4_9_119931_none
001129321
013932992
019933349
012392921

4 16 13 board_4x16_13_119942_none
2910
9321
2392
9339
2932
1292
1229
9222
1291
1211
9100
2200
9210
2910
1110
0000

4 18 16 board_4x18_16_119956_none
0299
0395
0299
0122
0011
0019
2332
9992
2349
1139
1921
1221
0191
0222
0191
0222
0192
0129

6 18 18 board_6x18_18_119975_none
129100
921100
220000
931000
992000
493011
292129
222192
291222
922291
111921
012210
129100
192100
112110
012921
019229
011111

14 5 18 board_14x5_18_119995_none
92222222299992
13992993933493
02943393110139
01292222100029
00129119100011

19 8 21 board_19x8_21_120017_none
0000011100000191191
0000129100111112232
0111293101291002939
0191292001922112931
0111122101122923220
0000129332119392921
0000193999111212129
0000112232100000011

19 10 28 board_19x10_28_120042_none
1101122222210000000
9213949929910000000
1395993222210012210
0299321001110019921
0122101112920012229
0000001912932210011
0011212111249911110
0019291001299311910
1222211001932212110
9291000001110191000

18 19 90 board_18x19_90_120072_none
939949211100113920
394949219100194941
923232343312224959
111912999292924959
111113952324239931
910013920192923431
111129210113221991
111922210002921332
912343921102931191
111999239202391122
112343139301922129
193393349312123931
139959992291019920
029997963322123221
235999999291192129
993955942212239239
332129211111921393
931022201933210394
991019101299100299

12 14 26 board_12x14_26_120175_none
199100111000
122101394210
000001999910
001111244310
112920019100
912920022200
112220019100
222911121100
992111910011
942013320019
291019911121
111024421910
011119922110
019112391000

5 4 4 board_5x4_4_120206_none
19399
11393
00111
00000

4 4 3 board_4x4_3_120211_none
9200
9200
1211
0191

4 5 3 board_4x5_3_120215_none
0019
1121
1910
1221
0191

4 12 10 board_4x12_10_120220_none
1910
1110
0122
1299
9332
2921
3339
9921
2210
2210
9910
2210

6 18 28 board_6x18_28_120234_none
392191
993232
343929
939332
942291
291111
221000
910000
111232
002999
114952
293942
933299
291122
332000
992221
334991
193931

7 19 31 board_7x19_31_120269_none
0129992
0294492
0292222
1221191
2910111
9321211
9219291
1234432
1299939
9346942
1299493
0133599
0019393
1121211
2921110
3942910
2939210
1232100
0191000

14 14 34 board_14x14_34_120304_none
99101392000192
22101992000129
00002331000011
00001911232100
11212222999311
19292292249491
11239311012932
00029201112239
00011212912942
11000194322949
91000129921293
11000013920249
00000001110299
00000000000293

15 12 38 board_15x12_38_120340_none
929322110000019
232995921111121
933499932911921
299333392111291
123910111122322
111110000299492
910000001399492
222222123953211
192992939992211
222222149539291
910000139211211
110000192100000

18 5 22 board_18x5_22_120382_none
112910111000011129
192110293110139239
111123494932299339
112399923993933921
192994211393111110

19 4 16 board_19x4_16_120411_none
9310199212992932100
9910233293332299210
2210191112910235920
0000111001110193920

19 8 26 board_19x8_26_120431_none
0129101921292910000
1292101139433210000
9211000029929101110
2200000012221102920
9221101111110002920
2929101923920002220
1244322339920002920
0199929293210002920

15 18 63 board_15x18_63_120460_none
991139493394210
332199599499921
192222399323229
129100122100011
011101121211000
000012949391000
111029599532111
192139944992191
234943393593122
939991129392129
293322132312292
112111929212921
123934442292110
299399991111111
933333332101292
221911129101939
911112932211232
110002921910191

9 18 23 board_9x18_23_120529_none
000000029
001110029
001910122
002220191
001911232
001222929
000192232
011211292
029200292
029311222
011292291
000139322
000029219
000122122
000191029
001221039
001910039
001110029

5 10 14 board_5x10_14_120555_none
00000
12221
92992
23239
92132
13949
03959
03963
02999
01393

4 5 3 board_4x5_3_120571_none
1110
1921
1291
0222
0191

7 10 17 board_7x10_17_120575_none
1111111
9219229
9313931
9202931
3422129
9991122
9531192
2910239
2210192
9100111

15 19 39 board_15x19_39_120595_none
000000019100000
001110011100000
113920000000000
193920000000000
123221101110000
019119212921000
022211293391111
019111212932292
011119211139439
001122921129932
113932229112391
193949212210111
113249312911221
001921292111992
001110111012492
000111111019321
011292291012921
019229321001129
011112910000011

19 8 38 board_19x8_38_120639_none
9992999929210011119
2433496434920019221
0192399293942113920
1212943323299102920
9322291192333101110
2993211129292100000
1399210133329211121
0123910199112911929

19 4 11 board_19x4_11_120688_none
9321019100001291019
2992011100002931022
2492000000002920019
1921000000001110011

14 10 36 board_14x10_36_120700_none
29920019932392
29931012499392
24593101394321
92999202932910
12359202921110
00192101110000
11323110011111
19392921239339
12922139499959
01110029934949

6 19 17 board_6x19_17_120748_none
000000
001121
001939
001292
111111
191011
111019
121111
929211
231291
911332
221991
912342
111929
111121
910000
110111
001291
001921

5 19 17 board_5x19_17_120769_none
91029
12249
01992
12321
29421
29991
24431
92910
12110
00000
00011
00029
01139
01921
01121
00139
00199
00122
00000

4 18 17 board_4x18_17_120788_none
1100
9311
9491
9311
2200
9322
9399
1222
1100
9100
2211
9119
1111
1110
2910
9331
3949
2949

5 5 3 board_5x5_3_120811_none
01910
01110
11000
92110
12910

7 4 3 board_7x4_3_120816_none
9111100
1119100
0012210
0001910

10 6 15 board_10x6_15_120820_none
1232100129
2999432292
3969999322
2943449219
2239111111
1921100000

12 10 33 board_12x10_33_120838_none
011119339100
239234992100
993939942011
233249592139
239239312939
994931212121
445930191111
994920111192
994322110239
239292910192

18 19 52 board_18x19_52_120877_none
110019910000000000
910012221211000000
110000019291011100
011100011333119321
129100000199212992
921111100139202492
220019100011101921
910011112210001232
110000129910000199
000000193211110122
122100111012910011
199211001129210019
234391012921111222
292921129321139392
943211293911939329
939101933212242211
121101239101929100
111012393201232100
191019939100191000

19 19 63 board_19x19_63_120935_none
9210192291129112210
2910139312292119921
2331029323942012492
1991012929991000394
1222111133421111299
0002920019322291122
1113930013993932100
3922931002993129100
9921292111221011111
2321223921000000019
1291293291111000011
9311292111292000000
9200111011392000111
1100000019212110192
0111000011101910129
1291111000002220133
9211192100002921299
1211129100014931949
0191011100019921121

19 12 55 board_19x12_55_121006_none
9223911910000011292
1399322110000129349
0395391112111293939
0294931192911933121
0114931222111291011
0113943910111123229
1292399310293119921
2931299311399112321
3921359329333111292
9211992293392129339
1213454334932922921
0192999929921111110

12 4 11 board_12x4_11_121067_none
922211910000
139923221110
029593912931
011393112991

9 8 19 board_9x8_19_121081_none
012910019
129210011
933333321
293999991
114964432
003992191
002995321
001399910

4 19 13 board_4x19_13_121105_none
1121
1939
1292
0111
0000
0000
0000
0000
1121
1929
2221
9111
1129
0029
1111
9100
3310
9921
9491

7 10 12 board_7x10_12_121119_none
0011211
1129291
1921222
1232119
0299111
1394221
1922939
1111139
0011111
0019100

14 4 13 board_14x4_13_121136_none
23939921921299
99494921129222
34922110011100
92110000000000

19 14 39 board_19x14_39_121151_none
0019211191000019100
0011291111000011100
1121211111001111221
1939311292001922991
1139492393001292221
0011392393001232111
1100111394122929119
9100001393929232211
1100002943121119100
1221002991000011100
1991001221000000011
2442000111001110019
1992110192101922121
1222910129101292910

18 19 90 board_18x19_90_121191_none
931002999299229291
991002994333932422
221001222934349391
000123211399949411
001299922495349200
113943229922933421
194920123211239991
129211392111295432
232101994391299119
992223339932233211
239299333339229211
012456992294921292
001999994393110129
012334999222211022
239101232229292229
993200012393349493
349100019932939949
194310024921133492
129910019210019211

11 6 10 board_11x6_10_121304_none
00019321000
12222991000
19911222121
23310112929
29200192121
29200111000

8 4 7 board_8x4_7_121315_none
00129910
11294331
19212939
11101292

4 12 7 board_4x12_7_121323_none
2321
9991
2321
0111
0292
0292
0111
0000
0000
0000
1211
9291

6 19 30 board_6x19_30_121332_none
112920
934920
399320
955910
399321
293291
112232
002949
124992
199321
133211
129129
942339
939292
132311
029200
039300
039521
029991

12 10 17 board_12x10_17_121373_none
911110000000
111910111000
112110192110
292122212910
394299212210
293949219100
112121111211
000122101291
110199101921
910122101110

17 4 17 board_17x4_17_121392_none
11019119229212999
92111111293393359
29100001333933932
11100001992129391

19 8 27 board_19x8_27_121411_none
0193910001110113920
0139420002931293942
0139911112949312299
0193211912249432222
0111012211922999100
0000019212112453100
0001132391001992100
0001929211001239100

19 12 32 board_19x12_32_121442_none
1110129910001929100
1910194320001121100
2210112910000000000
9211001121211001232
1292110019291001999
0113920022322101343
0124921129119210292
2399211932212910292
9932112229101110111
3310019111100000000
9200122101110000000
9200191001910000000

19 14 39 board_19x14_39_121477_none
9311191011291000000
9391112129211111111
1211001921101291191
1110002331001921111
2921001992001110000
9391112392000011100
1211294332111119321
0000399949229112991
0000296994932212331
0000113933932912931
0000001111292113991
0011100000111002931
0019211000000001110
0011291000000000000

15 19 75 board_15x19_75_121520_none
011392000000011
019392111111139
123321191191199
294910111112232
299222332101921
122239999213392
000199432393949
012332100293249
129910000112292
954421000123932
999392111199229
994593192333233
349393339391199
192229495931133
221024994931119
922229932239222
129943432294492
014959299449949
002992223994931

9 12 15 board_9x12_15_121604_none
111111000
193391011
129932029
233392129
991129111
221011100
000111000
000192110
122212910
199101110
133200000
019100000

6 6 8 board_6x6_8_121621_none
110292
911393
222939
294221
299100
122100

4 4 5 board_4x4_5_121630_none
1119
9222
2492
1992

4 8 5 board_4x8_5_121641_none
1910
1121
1239
1992
2331
1910
1110
0000

7 16 23 board_7x16_23_121647_none
9211100
9219111
1112349
0001999
0012332
1119222
9222299
2493233
1999119
1394221
0112910
1111110
1910122
1110299
0111293
0191111

15 16 35 board_15x16_35_121675_none
012910001110000
019210001910000
011111212110111
011119291000191
029211333211222
029200199291191
011100134421111
000000019911110
011111113322931
129119222923991
922222939439321
111911149492100
001221029322100
000292012229100
111293111932100
191112911291000

18 10 31 board_18x10_31_121715_none
999210111019911921
233910191012211291
012221211011100111
129119210019100000
932212910011100122
139201222110000199
149422392910001243
199939933210001939
123349329100001292
000192111100000111

19 4 18 board_19x4_18_121750_none
2211993920112932100
9921335941192299211
4931194991111122291
9391113931000000111

16 12 33 board_16x12_33_121771_none
0112110000192110
0193910000112910
1229221100002231
9223229111101929
3492932119101132
9922291011100139
9420111000000199
3910000011222233
9322110019299229
1292921111223921
1233229100112121
1929111100191019

9 19 36 board_9x19_36_121812_none
911992129
122322943
019323399
023993942
139434920
299229310
942129200
931111100
139200000
139312121
943392929
299423121
249391000
931211000
930001110
920001910
111111110
012921000
019391000

8 19 26 board_8x19_26_121851_none
00292000
00292000
00222111
12393492
19939992
12222332
00000129
00001393
11112992
19229321
22392111
19211019
22100011
91001110
23223920
93993920
93222110
22000000
91000000

5 14 11 board_5x14_11_121878_none
91129
22292
29311
29310
12910
12221
91191
22211
19100
11100
11000
91000
22100
19100

4 8 7 board_4x8_7_121891_none
1111
9219
9311
9310
2910
1121
0029
0029

4 4 4 board_4x4_4_121899_none
9221
3939
2931
1110

9 10 15 board_9x10_15_121904_none
911111139
111911939
122211232
929101291
122222921
112939210
912931100
222110000
192100000
129100000

10 12 26 board_10x12_26_121921_none
1291192921
9211112129
1211000011
2492000011
9992001129
2432001921
0292001221
1392000191
1943100111
1299311111
1259593492
1939939992

14 18 63 board_14x18_63_121952_none
91019391000129
11013931001393
12112942101993
94911299112339
99321233349211
34922911999410
94239211399910
93921101233332
34221101921299
99119112392393
23222229339322
13921921393393
19953211493299
13999102992122
01495323942000
00293992291000
00123433221011
00019292910019

19 14 47 board_19x14_47_122024_none
0199392001291191191
0122392001932211111
0000111002239100000
1110000012932200000
1910000139329100000
2231211199421100000
1929291139910011100
1233322123442119210
0193932911999113931
0113939211244434939
0112232100029999332
0192291000139432392
0223921000294210293
0192110000293910129

17 4 11 board_17x4_11_122075_none
00111199313920000
01291249393920111
01921192223210191
01110111019100111

9 14 33 board_9x14_33_122087_none
111111000
191293211
111299292
123333339
199922921
234229321
292133492
934949959
293995949
224359321
293949211
933942119
922391011
111921000

5 19 17 board_5x19_17_122126_none
00019
00011
11000
92110
12921
01292
00129
11122
91191
11111
01232
02999
02993
12232
92119
29111
11111
11019
91011

4 12 12 board_4x12_12_122144_none
9222
1299
0122
2210
9910
2210
0000
1121
2949
2993
1359
0199

9 4 5 board_9x4_5_122159_none
000191122
111111199
191111122
111191000

16 12 50 board_16x12_50_122165_none
2999212211911921
2959339911112239
3333959311222921
9923992101993221
4593331123494391
9922922399449921
9521239945993321
9921294393931191
3491292123210111
2931223129100000
2920293921111211
1110293110019291

18 16 69 board_18x16_69_122224_none
111110019101991191
922921022323322221
293391019399101910
139533232394211110
039992992333910111
029953434993222492
234939294969119993
992121213994323339
221000113499392011
000000192943392000
000122324391112121
122299293942101929
399334435949102231
994392993943222921
333922333292929391
192110191112121211

19 19 51 board_19x19_51_122306_none
0001222933210111192
0112994499910192229
0192239933210129222
0111012210000011393
0111001121100000299
0191001929211000122
0111001232392000000
1121100192493111011
1939200129392191019
1139200011211111011
0011100000000001232
1211011100000001999
9291019101110002493
1211011101921101921
0000001222139311221
0000001991029920191
0122212221013920111
0199392111112110000
0122392191191000000

18 12 56 board_18x12_56_122365_none
199392112910012391
123593193231119932
112994222929113592
293494922132313992
292294492129293931
222249693293334210
933939992294399111
299223931239943229
122102220193239229
111001910233139532
191002220199249991
111001910123939421

16 8 31 board_16x8_31_122436_none
1239949393100000
1994993399111100
1333392233119111
0191111293133339
0122101394939949
1129212924953493
2932292112991292
9391111001221111

10 4 6 board_10x4_6_122469_none
0000011119
0111019232
0192122929
0112911121

4 14 16 board_4x14_16_122476_none
9499
9942
9931
2391
0111
0011
0019
0011
1111
9329
9493
2593
1992
1221

4 19 15 board_4x19_15_122496_none
1221
1991
1221
0000
1221
2991
9321
2200
9310
9910
2210
1100
9311
9391
1211
1110
2920
2942
1299

7 14 25 board_7x14_25_122514_none
0123991
0299332
0395229
1394931
9423931
9921392
3920293
1233339
0199953
0135999
0019332
1121100
2920000
2920000

15 4 8 board_15x4_8_122544_none
112110000000019
293910000001232
293121100001992
111019100001392

19 14 58 board_19x14_58_122553_none
9929210000019111393
2222921122122219399
0001292299239432222
2221213964399993100
9929212999433499211
3332911359922443291
2911110193229991111
9210000111024931000
1100001221129211221
1110012991294202991
1910019433399102942
1122221293932101129
2229911239320000011
9922211922910000000

17 19 66 board_17x19_66_122624_none
01910139392991199
01110199422222232
11100123910001910
19212122211222110
11292929322992111
00223122992393292
11191112221139339
92111292001139339
93100292113932921
29100222294921221
22322393495231292
19299499494929339
22323932393233921
19102221332193210
11212911991129111
00192111222133329
00111011101929921
22100019102243310
99100011101929100

14 14 51 board_14x14_51_122696_none
99921110019119
95933920022222
12129920029329
00123210029921
00191011113320
01332019212921
12991122294491
29333493339921
94239999394442
94949994922999
13934953222243
12112993291019
92101399321011
29100123910000

12 12 37 board_12x12_37_122752_none
999939931191
959596992122
121399592019
121223921122
949102220293
993201910299
249201110133
139200000019
943321101121
939929101921
122222322291
000001991111

9 6 8 board_9x6_8_122797_none
191000000
221001110
931112921
991192291
332111111
191000000

4 6 7 board_4x6_7_122807_none
0129
1293
9239
1129
2221
9910

4 10 9 board_4x10_9_122818_none
0000
0000
0111
0191
1221
1932
1399
0399
0395
0299

6 19 16 board_6x19_16_122829_none
000111
000191
011322
019292
011229
110011
910000
110000
111000
293100
299221
123929
001232
000192
000239
011292
019222
121119
910011

9 19 41 board_9x19_41_122846_none
019993391
013959932
222293492
991112392
931001932
110112139
011292129
029329332
139433992
945992392
299953221
235993910
292394331
921112991
110002331
111002920
191002920
112111110
001910000

11 16 48 board_11x16_48_122893_none
99399499291
39459594332
12939312929
01133311121
00029921100
00029449211
01122949329
01911294932
01121339229
00129393122
01293493119
12934949122
94249931119
93949411232
23139212993
91011119499

18 4 13 board_18x4_13_122945_none
000000001110000129
011222101921211293
129299112229291394
921222119111211299

19 5 25 board_19x5_25_122961_none
3991111292019999210
9931191292012334931
2210112221111124949
0001111921192399459
0001911291129394992

19 6 32 board_19x6_32_122994_none
1939111119211922999
2392229223911239493
9422193493110192333
9392339393223322299
1229493229399911932
0012992011394211110

16 18 41 board_16x18_41_123036_none
9211001911910011
1291001111110019
0111011212110011
1100019392911110
9100012934322931
2200002249912991
9201111939311221
9201922232200000
1101129119100122
0011222111100199
0019391001110233
1122932101910191
1911129102331111
1111121101992110
0112910001333921
0293111110192291
0393001910111111
0292001110000000

9 16 35 board_9x16_35_123080_none
011399321
019495991
013934941
223933931
993349339
333993921
912944220
123492921
019933349
024921992
019333432
122399291
191294311
111129100
011111100
019100000

8 14 23 board_8x14_23_123123_none
01110000
01910000
01122210
00019921
00012392
01111239
24921943
99921399
34321394
92393393
12995949
01239931
00012321
00000191

6 10 9 board_6x10_9_123150_none
111000
192110
112910
002220
001921
002249
001939
111243
910199
110122

4 4 4 board_4x4_4_123162_none
2920
2920
1232
0199

5 8 9 board_5x8_9_123168_none
11111
92291
29222
12349
01999
02359
01921
01110

9 16 21 board_9x16_21_123178_none
000000000
000011100
000029211
000029219
000023321
000029910
111029310
191022311
111139491
011299921
019234421
011119392
111011392
191011211
222029311
191029391

17 16 57 board_17x16_57_123204_none
00000001991000000
12210012321012210
29921129211019921
29493494493112229
11339999499211011
00193349434391000
11111122393933121
91000191394292929
22211122393333132
19291019322992129
11212233922249349
01222992292129499
01993331129334942
01222921112994930
00001239102333920
00000192101911110

19 5 20 board_19x5_20_123267_none
0191191112939329211
1221222193249932291
1910191123934693211
2220111019339999100
1910000012922332100

19 4 19 board_19x4_19_123291_none
1239100011112221291
1993100129229939311
2492000295933459321
9211000294921993929

18 5 21 board_18x5_21_123319_none
910000192229929211
332122349393221291
993929949522001221
239332239492101910
012910012939101110

10 18 37 board_10x18_37_123345_none
9292929211
1212121291
0000011211
1110029200
2910029200
9320122100
3910292000
9211393100
1102949210
1224943910
9499449221
2994994229
1333399129
1392123332
9393111991
1212911221
1111121100
1910019100

4 16 13 board_4x16_13_123388_none
1110
1921
1291
0111
1111
9229
1292
1232
2939
3941
2920
1221
0191
1222
9229
2921

4 12 6 board_4x12_6_123404_none
1110
1910
1110
0000
0000
0011
0029
1149
1939
1121
1100
9100

7 4 7 board_7x4_7_123411_none
0191019
0222122
0293292
0293939

14 14 34 board_14x14_34_123420_none
99239200112929
22299311192121
00122291122111
00000111019119
00000000011111
11111001221011
91192111991019
22323911221011
19292111111110
22222101911910
91129101122221
22293200019229
19339111113953
12921119102999

19 19 74 board_19x19_74_123460_none
1239100019291011291
1992100012321019321
2331011101910012910
1910139312331001121
1111299921993211129
0112934933559911921
1292111129993211110
9322000023422111110
2391111029313933931
2932292149593939939
3921945959934243432
9332399993393929291
4939334321239331211
9942391000193922110
2229211000112292910
0011100000112222110
0111111011293921000
0192291019339492000
0112921012921392000

19 16 46 board_19x16_46_123543_none
0002949200111112910
0002949201291192110
2211121101921112110
9921100001110013920
2229100000000019920
0012221212122222221
0002939292929910029
0002931212122322149
0012210000000192939
0019111112210112121
0011119119911110000
0000011112211910111
0000000000113231291
0111000111193939211
1292100191139694211
9229100111029999119

18 6 27 board_18x6_27_123601_none
949100029329100293
992100029593101499
232112233992001993
019119939321113442
122124592100293991
191019921000293221

12 5 11 board_12x5_11_123631_none
910000193920
121100114930
019222213930
012929923920
001122392110

9 10 13 board_9x10_13_123643_none
122100000
199310000
139910000
012210000
111011100
291029310
921029921
220012391
920000222
920000191

7 14 20 board_7x14_20_123658_none
0000019
0000011
1111110
1922921
1139491
0029311
1111211
9332292
2999339
1244492
1129942
9129949
1113931
0001110

6 16 23 board_6x16_23_123682_none
199299
122333
110191
931211
949200
249311
394492
994992
949432
121291
000111
111000
191111
332192
991129
221011

4 19 19 board_4x19_19_123710_none
1100
9310
9921
2229
1111
9222
2399
9322
9200
2210
2931
3991
9321
1100
2221
9939
3339
9221
2910

4 14 9 board_4x14_9_123734_none
1999
1232
0000
0000
1110
1910
2231
1929
1121
1100
9200
9310
2910
1110

5 12 11 board_5x12_11_123745_none
01992
23339
99211
39311
11291
00122
00019
00011
01110
02920
13920
92110

10 4 10 board_10x4_10_123757_none
0199994991
1233494931
1910123210
1110019100

17 10 29 board_17x10_29_123768_none
00000199100001910
11000122101123320
92101111122939910
29101911929393221
11101111133421129
00112110019910293
00193910023310292
11229210019100111
19122200123333321
11119100192999991

19 19 88 board_19x19_88_123800_none
0000000012211992111
0112110019921249329
0294931113932149492
0295969312292939432
1214999493222233929
9202942393922393342
9301232335349922991
9411299399939312331
9392393399432211921
1229211246932911129
0011100199992110011
1211001249531000122
9391001922910111299
9311001123321291293
2200001129922942322
9210012923945959392
2921129212399992392
2392292101933432233
9229211001110191199

19 19 79 board_19x19_79_123895_none
0199399311001239100
0249449392101992100
0293294449313331011
0394239939494920019
0299129333939920133
0123221129334531199
0012932129329992133
0029499112923592019
0029433113332922232
2221392029929332991
9910292039433929321
2322333139229321100
0192992932139411000
0112233391139491000
0000019211193943211
0001133310112299492
0001929910000123992
1122222221111101221
1929100019119100000

19 19 65 board_19x19_65_123987_none
0019119101921100000
1122322101139200000
9229291000029311000
2392322000122292100
9211191011291129100
2200111019333221100
9100000123929910011
1100000193223320019
2211110129212922332
9923920011292249991
2229920000111199542
0012210001232234929
0111001111999119221
0192111912343221222
1223921122923921299
1912931119339932943
2333349122495329229
1992993219399111111
1222239111222100000

14 8 29 board_14x8_29_124061_none
19111223221211
11119499939392
00023995392392
12229693222222
19934993293393
12229993299499
11012492139322
91000111011100

8 4 4 board_8x4_4_124097_none
01911110
01222910
00192121
00111019

4 10 9 board_4x10_9_124103_none
1992
2459
9299
1333
0191
1211
9100
1211
0191
0111

4 12 12 board_4x12_12_124113_none
1921
2239
9129
1111
1221
1993
1399
1343
1991
2321
9111
1119

5 19 15 board_5x19_15_124127_none
00000
00011
11119
19122
11119
00011
00000
11100
19210
23910
29210
93211
93292
94492
29921
12221
11119
19111
11100

11 10 30 board_11x10_30_124145_none
92122399200
23939949311
94394443492
94923992993
93223932392
23293220111
93923931111
29334991191
22299321111
91122100000

14 6 21 board_14x6_21_124180_none
12233493121211
92999993929391
13359533122921
12932291001110
94392332000011
93922991000019

17 4 9 board_17x4_9_124207_none
00002931119100000
00002949211101121
00112139310001929
00191012910001121

19 10 47 board_19x10_47_124217_none
2321111192929911932
9991191112134532299
9631111011119993454
9921100019123439999
3339111123339223443
1922229229939219129
2211921395331222239
9213220294920192293
1293910224921222939
0129210192111911121

18 19 58 board_18x19_58_124273_none
931112910000001110
991293221111001921
942292191191001291
392222111111000111
392191000111000000
932211011291000011
129100019321001239
233210023932213992
993910029499293931
239211259533333321
011101999911929291
111002343211121211
192111910000000000
123911110001110000
129211111122921000
921212911929391011
121292111132311019
139311111029310011
199200191029910000

14 18 42 board_14x18_42_124334_none
00000019211122
01111132391199
02921929322122
02921121292110
01111121212921
01223939112391
01994942219211
01494239233310
00293293939910
11212933393210
19102239433110
11102932992910
01112921333221
01922221291192
01129129421129
00011129910011
00011112210000
00019100000000

11 14 39 board_11x14_39_124382_none
12332299119
19999333221
13994911921
01333122349
11392029499
19392139493
11333292333
00199211199
00122222239
00000199221
12111244932
94921929399
94943221222
12299100000

10 12 32 board_10x12_32_124428_none
9910019929
2321134432
0293299491
1399239931
1932235942
1111299499
2211933932
9922111121
3491122119
1932299211
1129249411
0011129391

6 5 5 board_6x5_5_124464_none
192110
234921
199229
122111
000000

4 5 3 board_4x5_3_124470_none
0191
0111
1110
2910
9210

4 8 7 board_4x8_7_124474_none
0191
0222
2392
9939
2232
0019
1111
9100

4 12 15 board_4x12_15_124482_none
9499
2994
2493
2939
9331
2910
1121
0019
1232
1991
3431
9910

7 18 21 board_7x18_21_124502_none
0113920
1394920
9495210
2499111
9333219
9219122
1111119
0111011
0192100
0249200
0299311
0299219
0122111
0000000
0000011
0000019
0000122
0000191

14 16 53 board_14x16_53_124525_none
11000001921000
94322111292100
99992910239210
99423220193910
33101910112110
92111221000011
12922392000139
01293993111299
00129449119443
12122393222991
92911934943321
23212494999211
19212993394391
22292221249322
92111111299429
92000191299921

17 10 41 board_17x10_41_124586_none
92191000019291191
94321001232212221
39921113991012910
29339329952119320
33229944939222921
99235939222911129
33299343201110011
91122299111100000
12122333229332211
01929911922999291

19 4 11 board_19x4_11_124633_none
0012210000112121100
0029921000192929100
0139592000113231211
0192392000001910191

16 14 47 board_16x14_47_124645_none
1292910011100000
9212110019100011
2200122111100019
9112399111211022
1119944229293239
1122392921349949
2920113220299449
3952101911393292
2999323222933332
1249499119393991
1121393222213931
1921222292002220
1291191393002920
0111111292002920

9 19 35 board_9x19_35_124697_none
999394399
343499969
911945993
111292359
000112299
000112932
000192110
110111000
921100111
129211191
022391222
129321191
922921211
221139211
910139229
110192129
000111011
110000000
910000000

5 12 15 board_5x12_15_124738_none
29399
29322
11100
11000
92110
23921
93239
23932
29692
29992
12332
00019

4 4 3 board_4x4_3_124757_none
0000
0111
0293
0299

8 10 19 board_8x10_19_124761_none
19101299
12223942
01929920
12344310
19399100
23943100
94391122
99211299
33100293
91000111

12 18 30 board_12x18_30_124783_none
000019100192
111121100129
922910000011
129210000011
011100122119
001110199111
001910122100
001111111110
001111911921
001911112249
002220001939
012921001121
029491111000
029311192100
012210139211
112920029329
923920022392
129210019211

19 14 65 board_19x14_65_124814_none
9211000122119999929
1291000199223334342
0223121222292101929
1292929112349201132
9444221129949200019
2999200029931100011
1249211123310001221
0012229119111224991
0001922232229399942
2212332929239559449
9921992232293993399
3943321192334322932
1299310139399223321
0139910029322299291

18 4 14 board_18x4_14_124896_none
193910111000000011
239331291122100019
194949311199210011
129399200123910000

17 4 17 board_17x4_17_124912_none
19921100013992910
23329223229942221
29211299934920292
29200123229210292

12 10 26 board_12x10_26_124932_none
192129111111
333933339329
992129939392
221013331211
000001910111
011101110292
129212121392
932493939532
921994249991
111222922321

10 14 21 board_10x14_21_124961_none
0000000191
0000000111
0111111000
0191191000
0122222100
1129339211
2933994391
2922993921
1111222110
0012210000
1129910111
2922222391
9320019921
2910012210

8 18 20 board_8x18_20_124984_none
00000299
00000293
11000111
92000111
93110191
23910233
92110199
11111122
11191000
91111111
11000191
11111211
19119111
11111119
11211122
19291192
11211129
00000011

4 19 23 board_4x19_23_125006_none
1299
1932
2220
1932
1399
1399
9349
1292
0122
1119
9333
9399
2339
9332
2991
1332
0292
1392
1921

4 8 5 board_4x8_5_125032_none
0191
0111
0000
1110
2942
2999
1232
0000

9 4 9 board_9x4_9_125038_none
922993210
292249910
111139321
000192119

17 16 40 board_17x16_40_125049_none
93921291191000111
24921921111001291
19212220000001921
12211910111002220
13921222291001910
19920192922111221
12210112111910191
11100011101110222
19101239100000191
22201992100001332
39201221000112991
99200000000193453
22111100011213999
00019210019113942
00123910011129310
00192110000029200

19 19 95 board_19x19_95_125092_none
0001292111294992211
1111922911939959291
1922111222122393443
1292100294333322999
0249201399999922349
1299212934469429232
1943119333939212949
2391022399442202399
2922129349949102942
9421922934994212920
9912221129494923320
3432910012339229910
1993220012921223332
1222932119210293299
1101299232200299333
9311123929101354391
9591002242323999211
9931001929299453322
3920001121223929299

18 10 24 board_18x10_24_125200_none
293910112991000000
293111292221122100
222113942001399100
191193991001993100
123322221113331000
019910000192911110
012321000112111910
000191111001122210
000111191001929100
000000111001121100

15 5 15 board_15x5_15_125227_none
929100111001992
232100191001493
191111111011392
122291111139421
019211191199910

10 5 12 board_10x5_12_125244_none
0019211221
1122912991
2911112931
9221224331
1119299929

7 10 10 board_7x10_10_125258_none
9100000
2210000
2921110
3921910
9322110
1392000
0294210
0139910
0029310
0011100

6 12 10 board_6x12_10_125269_none
110019
931111
959200
949200
121211
000191
000111
000011
111019
292011
292000
111000

4 16 13 board_4x16_13_125280_none
1399
2994
9339
1111
0000
0011
2229
9942
3991
1221
0000
0011
0019
1121
1910
1110

5 16 14 board_5x16_14_125294_none
01910
01221
00292
00393
11292
93332
39929
29321
22211
92291
29211
11100
00000
00000
11111
91191

7 12 11 board_7x12_11_125313_none
1110000
1910011
1110029
0000029
0000022
0000019
0111122
0292191
0293221
1223920
1923920
1129210

8 10 11 board_8x10_11_125329_none
91001139
11001939
00001132
00000019
11211011
29391000
39521000
29921000
12391000
00111000

11 5 13 board_11x5_13_125342_none
39992299100
99932932100
94211110111
22100000292
19100000292

16 5 16 board_16x5_16_125357_none
1291001910000192
2932112110000129
9592292100111011
9959339200191000
3949229200111000

19 14 47 board_19x14_47_125377_none
0000019100122100000
0001232111299200122
1111991029339201399
1922321029211101994
1129101244310002349
1111223999921001921
9100299349592012221
2200293111392129119
9223321000223292111
2399910000192922110
1944310000123211910
1129100001129101232
0011101112932321199
0000001912921991122

19 19 95 board_19x19_95_125430_none
0124932912931112210
1299939322939129921
9235432912231129329
2219932211911232122
9114949211111991019
1113944920112233232
1239393932392229939
1993212129939496942
1392000013332999339
2321000112923495921
9931000192293949210
4992100111113942211
9339211110001139339
1235921921111029949
0199932392291012349
1356932933932100192
1999339329339100111
1399339432394322321
0139229929229929991

14 12 24 board_14x12_24_125549_none
01291019929100
01921013442111
01121101991129
00019101232292
00022200019321
00019100023910
00011111119210
11000019122311
92221011119392
12992000011392
01392000001332
00111000001991

8 4 8 board_8x4_8_125578_none
11011100
92249311
12999491
01394921

7 4 6 board_7x4_6_125587_none
1222921
1992129
1232122
0019119

4 14 11 board_4x14_11_125594_none
0000
0111
1291
9211
2332
2999
9542
9910
2210
0122
0199
0122
1100
9100

5 19 26 board_5x19_26_125607_none
29910
39431
95929
99321
49300
39411
29391
22211
91000
23110
94910
99210
22111
00029
11239
29393
92493
22393
19229

12 12 26 board_12x12_26_125635_none
292111223992
949119299592
942212349311
129211921211
023911110191
019221100222
011119211191
000011392111
001111392011
002921921019
003931111121
002920001910

19 4 13 board_19x4_13_125665_none
0122299101292110000
0199222112923920000
1232101129323920111
1910001921292110191

19 5 14 board_19x5_14_125681_none
9100111001111910000
1100191002932110011
0000111113993232119
0000001292393999211
0000001921112249200

19 8 23 board_19x8_23_125696_none
0012210191191191019
0019910111111111022
0013320001110111019
0002931012910293121
0002992239210294910
0001233992100129210
0001129542000122100
0001922991000191000

17 18 78 board_17x18_78_125722_none
19101911393223391
11101111999299932
11100124443344329
19100199911949322
22223333333399491
91199942299334932
11124999322293391
00112359200112921
00293395310012210
00394999921129210
00293394391193921
11322111222224239
19393101292394921
12599211949599321
13995932239499229
19943939122433239
24932121119292292
19391000011212921

9 14 22 board_9x14_22_125815_none
000011292
000019239
011112249
019323949
012994931
012339210
029222311
039319292
029322229
011291011
110222000
921191000
292221000
112910000

4 4 3 board_4x4_3_125842_none
0111
0191
0233
0199

6 12 17 board_6x12_17_125847_none
110191
932333
399399
393394
921129
110011
110111
920192
931229
139211
029211
011119

14 19 35 board_14x19_35_125870_none
99100000192221
22100000112991
11100000001221
19100001110000
11211001910000
11191001110000
92221011100111
12910019101291
01110011102931
00000000124931
11100111199329
19100191139211
11100111011100
00000111000011
11000191000019
92000122211022
92001129391019
33213932921133
99293921110199

19 8 39 board_19x8_39_125909_none
9392000129111101910
3693111192119213220
9993292221012493921
3949323911122995229
2221293322929599211
9221339292121399421
2929293433100123993
1121229299100001399

19 4 14 board_19x4_14_125952_none
9211000019102920011
1291011111103930129
0122119101123932292
0019111101929392921

19 4 11 board_19x4_11_125967_none
9201992110191001921
9202332910112111129
1101911110001921111
0001110000001129100

18 6 19 board_18x6_19_125980_none
192110111001921129
223910192111292293
193221212910112949
249219112210001139
299211119101110011
293100011101910000

17 8 28 board_17x8_28_126001_none
00000000019100029
11111000023311139
92292111229922943
29239329293229399
12249921323121222
23939311292910000
99321223923220000
39200199211910000

10 19 33 board_10x19_33_126032_none
1922910000
2229331100
9222929211
3922231292
3922920129
9212920011
1101222221
0000193992
1100113992
9210001221
2911122210
1111929921
0001122229
0001110122
1101921191
9112391111
1119432000
0012992211
0001239291

8 19 21 board_8x19_21_126069_none
91193931
22113991
91012321
11029200
00039300
11029200
91011111
11011119
00019111
00011100
11100000
19101110
11102920
00013920
00019210
00022200
22119100
99123310
22119910

4 10 10 board_4x10_10_126096_none
1910
2210
9100
1211
1291
9322
9329
2932
2392
9229

5 4 3 board_5x4_3_126108_none
29119
92111
11000
00000

6 4 3 board_6x4_3_126112_none
000000
221000
991000
931000

7 5 6 board_7x5_6_126116_none
1291000
1932000
1291000
0123221
0019929

12 14 43 board_12x14_43_126123_none
999911139211
344223959429
291029949392
921039532211
110029392121
001121212929
111921001121
932493212121
949499292929
931394323332
220129229391
920011295931
931111229931
129119112391

14 16 46 board_14x16_46_126171_none
92101921192910
29112393433110
22119229991011
92012222332119
93001921119111
92112129111100
22291122111100
19211292019100
11100294221111
00000139910029
00000029431239
11123333939293
91199992293439
22124931129292
91001221123443
11000191192999

15 18 45 board_15x18_45_126225_none
291113920293110
921193931293910
110123492123221
111019392019119
191022311012232
112239100001929
001992100112121
111221000191000
910000000122100
111111121119100
001912939123421
001223942239991
001292392199421
001921293232100
001110112921000
000122223391000
121299499211000
929223993100000

17 19 44 board_17x19_44_126273_none
00122292929910019
11299212122221111
29322100000019210
49301111110012921
99201911910012229
22101111110019122
11000000000011119
91011100000000011
12129100000000000
01932100000123210
12291011211199921
91111019291139591
33100011211012921
99100000011102331
22100000029201992
00000000029201493
00001121111101392
00001929112211921
00001121119911110

18 19 50 board_18x19_50_126321_none
110000123229100000
910111199932210000
110191125931932100
000111013921299100
000000129210123210
000111193201111910
111191129102932210
392111012212939100
992000001922221100
221000001129100000
000000000011222100
001122321000199210
001929991000123910
001123431000001110
110113920011111100
931293942129449200
939323299129999200
132392222123432211
019229100019100191

18 19 60 board_18x19_60_126377_none
192232291001991000
223999211001332111
193353212222391191
234929119949921111
199321114959310000
139310002931101110
123921102342101910
192129322999211110
222024992233922221
293229931001292992
939933210000112239
122492000000001121
000292000011101910
123321111019101110
199910292023311110
234210292019911921
191000111024421291
111000000019921222
000000000012229119

19 18 70 board_19x18_70_126444_none
0000000129212139910
0111000193494959410
0191011212999399200
1222239201232234310
9229499411000019921
1294999392100024591
0113954339101129943
1122392921112934499
1929212121119394964
1121100139222329999
0012210199219112349
0019932222111100011
1223399100001232100
9292333100012999100
1239391000029432100
1129311000029311221
9111100112122911992
1100000192911111392

19 12 62 board_19x12_62_126525_none
1911249200000002992
2332999310012323949
1992395922229992121
2331129239933932221
3920122239921111991
9931392295310001221
9329394599311000000
1123449999492222121
0129939544933993939
0193221292393496349
1223321222292299932
9119991191111123229

18 5 13 board_18x5_13_126602_none
191000199292100000
111000122229210000
122321000012921100
929993100001129100
122499100000011100

10 10 26 board_10x10_26_126616_none
0011101393
0129112999
0192119459
0111022392
1232129311
1999449311
1249992292
0134422359
0299212999
0293292232

6 18 15 board_6x18_15_126648_none
011100
019100
122100
191000
233100
199100
122100
000000
000111
000191
000233
000299
122494
299492
294921
112110
110111
910191

5 19 13 board_5x19_13_126666_none
00000
11000
91000
11011
00019
00011
00000
01110
13920
95941
94949
12259
00199
00122
00000
00000
00000
11111
91191

4 14 15 board_4x14_15_126682_none
0000
0011
1239
2993
9592
9322
1119
0011
2210
9920
9920
4431
9929
9321

7 6 6 board_7x6_6_126699_none
0019100
1111111
9100029
1101139
0012921
0019210

11 4 9 board_11x4_9_126706_none
91191029991
11111029421
00001132211
00001929119

15 8 31 board_15x8_31_126717_none
000192119211019
011229112391011
129112223942000
192212929993110
233393243594921
929944929229229
233599342212232
911994929101929

19 18 45 board_19x18_45_126754_none
1110112111911910000
1910192911111110000
1111222221000000000
0001910292111111011
0001110292292292019
1100001222392292011
9200001911921222000
9200001111221191111
2210000000191111191
2921100000122111222
9229101110129229129
1233312910294921129
0199492111393110122
0139932001921111191
0012391002231291111
0000222001929211000
0011291012221100000
0019211019100000000

19 19 79 board_19x19_79_126803_none
1939329299312991000
1149933359493342111
0029492939312939219
0022312121101139321
0019210000011223932
0012910000129293499
1101110111192212993
9211011292232224442
3491129213939299929
9921192213931223221
2321111193332211111
1392000129299391192
9393121233339312239
1223929299332212921
0019232323993292110
1244329101394931122
1999922221324931299
1233211929292129349
0000001121211011292

19 18 87 board_19x18_87_126890_none
9101111933939100000
3422923499392100000
9994349943223210000
9949949592129910000
2345449312923320000
0199931112212920111
1225930029202921292
9113921249201111939
2219211992100012221
9333312233322139200
9499291029993959200
9322211029943994221
1101232113944593929
1112999212299934331
9129433492139449920
2249302992012399920
1949313941001949431
1293912920001122929

16 10 27 board_16x10_27_126991_none
0000192292999292
0000113932343229
0000002920192121
0000001110112910
0000000000012210
0000000000029311
0001221000039592
1101992001139493
9224592112921339
1299921192110192

14 6 12 board_14x6_12_127021_none
11100000000000
29200112121100
29201393929100
11101993121100
23212332110000
99911911910000

9 4 9 board_9x4_9_127035_none
192299119
112943322
012229292
019111229

8 5 10 board_8x5_10_127048_none
12992392
92239392
11133311
11299111
19222119

4 12 10 board_4x12_10_127062_none
9992
2493
0129
1222
9291
1211
1100
9100
1111
1119
9111
1100

4 18 10 board_4x18_10_127073_none
0000
0011
0019
0022
0019
1111
9211
9219
1111
1111
9119
1111
0111
0292
0292
0122
0019
0011

4 19 22 board_4x19_22_127084_none
9391
9411
9310
2921
1291
1211
9100
1111
1129
2932
9229
1122
2229
9931
9952
4999
3952
2931
1291

10 10 15 board_10x10_15_127111_none
9292911110
1212111921
1100001129
9210000011
2910000122
2210122299
9100299322
1100299200
1100122100
9100000000

11 8 12 board_11x8_12_127127_none
01911910000
01111111110
00000001910
11101111110
29201910122
29312232399
12911929932
01111122210

18 6 28 board_18x6_28_127140_none
911111121100019119
221922939210134321
922392295931299910
139311239949335320
139212394492393921
921119939211293291

19 10 33 board_19x10_33_127175_none
1939219392001299219
2249211392001959311
1921100111001139211
3320000000000011229
9910011100000000193
2211129100000000129
0002931100000000011
1102921221000001232
9112211992111112999
1119101222911912999

17 19 85 board_17x19_85_127211_none
91199399101910011
11149422223321129
00029310299393392
12122910294949942
92911110113394992
12221001222933492
11191001992129211
92222113542123210
49219119991192910
99322223542235320
95921912993499920
13921223959995920
13321394495944231
19912999394392929
23335963439323121
92299939293391011
24943221212932119
19942212111239111
12399292910192100

11 12 20 board_11x12_20_127315_none
00019910000
00123210000
00293121100
00396939210
00299932910
11123322110
91000292111
12110292191
01910222111
12321191000
19392222000
11392191000

7 5 7 board_7x5_7_127339_none
9111291
2219211
9221100
3921110
2921910

4 4 5 board_4x4_5_127347_none
9292
1339
1292
9211

4 6 5 board_4x6_5_127353_none
9100
1211
0191
1333
9299
1222

4 8 5 board_4x8_5_127359_none
0019
0011
0111
1291
9311
9311
1291
0111

4 12 7 board_4x12_7_127365_none
0011
0029
1139
1921
1110
0111
1291
9311
9311
1291
0111
0000

8 19 40 board_8x19_40_127373_none
99494910
24999210
02953311
01129291
23221211
99921000
23391111
22211293
99210299
23921239
01239221
00295931
01394949
12922139
93222243
92192999
11113594
01111993
01911239

15 12 24 board_15x12_24_127417_none
129100000000191
192212232100111
111193999201110
122229499201910
199111222112210
122100000019211
111012210122291
192129910191111
112922210112110
002220000001921
001911110001129
001111910000011

18 5 22 board_18x5_22_127442_none
911299119211192129
221932111291113942
922111110123212991
392213931019911232
939293991012210019

19 8 22 board_19x8_22_127472_none
0000012929111100000
1221019342219221100
1991023929112939211
2331019221101139219
2920011100000011111
2931111101110000111
1249219102920000191
0199211102920000111

12 19 63 board_12x19_63_127497_none
192293322299
233939992959
939323943292
139322493333
012949499399
002399449322
113942393100
195930293211
129930129493
013942112999
001299112494
123444229229
299992921111
944322110000
391000001121
942111001939
993292112392
493922911932
922111111129

10 19 40 board_10x19_40_127575_none
9392000029
2594112239
1999229931
2343394920
1923933342
2229921999
9212211243
9200111029
2211291029
9229322011
1293392110
1239212932
1921102399
1110112932
0012393210
1119939100
9112221100
1100011100
0000019100

5 10 9 board_5x10_9_127619_none
11000
91011
11019
11022
91029
11139
00193
00139
01139
01921

4 4 4 board_4x4_4_127629_none
1991
1232
0129
0192

4 4 3 board_4x4_3_127634_none
0191
1211
9111
1119

10 16 39 board_10x16_39_127638_none
1912932232
1113993999
0002969443
1122399329
1929223921
2242202342
2929322999
9222992232
3322321122
9929111299
2332119222
1292122321
1934921991
2393921221
9323220000
2911910000

18 16 39 board_18x16_39_127681_none
910000000000001910
110000000000001110
000000001110000000
000112111911110000
012392912221911110
019944212932112920
012399103992124920
111122213993299210
192100192344932111
129100122299321019
011111119222393222
001129111100299291
001921100000123321
112110000000001921
193221100000001129
129929100000000011

19 6 32 board_19x6_32_127722_none
0001139310112921000
0012959910193493110
0139599321224994931
1399493229339934949
1994211194994213952
1392000113992002939

18 4 12 board_18x4_12_127760_none
110199100111001932
910133211392001299
221019129492000122
191011129311000000

15 8 17 board_15x8_17_127773_none
000012929100019
110129221111111
911293200019100
111939100022200
002231100019100
012910000011111
029310111001239
029200191001992

12 12 32 board_12x12_32_127793_none
199291000111
344321000292
992910112392
222110294931
000000395942
110001393299
931001922369
992001222999
493100192354
939100111199
231100011233
910000019119

11 14 39 board_11x14_39_127829_none
01911110019
01111910011
01111121100
12910019100
19320012221
23910012929
93211249431
49202999921
99313955449
39219339959
11124944699
00139949999
01299494432
01932229100

10 16 43 board_10x16_43_127870_none
9223399391
2399959422
9334942391
3933239322
2993922391
1393112942
0222113991
1291193443
1921129299
2220011222
2920001110
3920001910
9322123442
3593929999
9993134653
2321019991

4 16 10 board_4x16_10_127917_none
0129
1292
9211
1211
1291
9211
2211
9229
2392
1921
1110
0000
0000
0111
0191
0111

4 6 7 board_4x6_7_127929_none
1991
1343
0199
1239
9222
1291

8 4 4 board_8x4_4_127939_none
01110011
01910019
12321011
19291000

10 6 9 board_10x6_9_127944_none
1211191011
9391111019
9312110011
1101921100
0112129210
0191012910

16 16 67 board_16x16_67_127956_none
9119221399119210
2212939393112910
9213493432001110
9319934991000111
9224439931000192
1239944310000129
0199599311221122
1234599943992291
9229949999339222
9349433443211129
1299329119100029
0122293222212232
1100129119229939
9211121124933492
3932921119922931
2992129112212920

19 19 49 board_19x19_49_128038_none
1911111110111293910
1111911921291293110
0012212349322111000
0019101993492000000
0011101239392111000
0000000012321191000
1100000012910111000
9100001129211121211
1211001921101929392
0191001232102232939
0111000199101911121
1211001232212110111
9391012910192211191
9322119210129492222
1119111100012992191
1111100001122332211
9200000001929129200
9200001111232129200
1100001910191011100

18 10 48 board_18x10_48_128092_none
129292100002943210
193339211002999931
113942492112396939
123939392191249321
949322443211199310
299301999221223910
249311234939101221
922933213952200191
222299923949112443
191124922931119999

15 4 10 board_15x4_10_128149_none
001221000001910
123991000012210
299332101129210
932119101922910

12 4 7 board_12x4_7_128161_none
910019210000
122222910000
239911110000
993210000000

6 14 22 board_6x14_22_128169_none
019929
012332
000191
011322
029391
139311
932221
931939
942292
992332
223991
114952
194949
113931

4 18 17 board_4x18_17_128197_none
1119
9111
1111
1129
2931
3931
9492
1392
0122
0019
1121
1921
1129
2332
9992
3549
9292
1211

4 19 11 board_4x19_11_128218_none
0019
2232
9929
2221
1111
9119
1111
0000
0111
1291
9211
1100
1100
9111
1119
0011
0000
0011
0019

4 16 15 board_4x16_15_128230_none
1910
1221
0191
0111
1121
2939
4941
9930
3920
2342
2999
3952
2920
2220
2910
9210

11 4 7 board_11x4_7_128248_none
01221001921
01993211291
01239921211
00012229100

14 4 8 board_14x4_8_128256_none
00111292000000
12392393110000
29922922910000
93211111110000

16 6 21 board_16x6_21_128266_none
0123239910001910
0299949421001110
0295943492100111
1212129949212291
9211234931292921
2911992110112110

19 19 53 board_19x19_53_128289_none
0029310000199421011
0139910000139991029
0193221100023432129
0111019100019119111
0001121100011111211
1111910111111000191
2921110292191122211
2920000292222199100
1110000111191122211
1110011100111011392
1921229100000129392
1129293200000193432
0011229111100123991
0000011129200019321
1211000029200022200
9391000011101249211
2921000000012999219
2332101121119332222
9299101929111100191

19 19 53 board_19x19_53_128346_none
9100000029910019100
1111112239310122100
1129229932100192100
1922934592000129100
1111294993100011100
0000129949111100000
0000012221119211011
1110000000011392019
1910001110000292011
2220012910001344210
2921119320001999910
9229112910001394321
1111101221001232291
0001111392112929211
1111911992192132311
1912221221111019291
1111910000000011322
1111111110122101291
1910001910199101921

15 12 47 board_15x12_47_128402_none
012910000019291
139321211011211
199449492100122
234999939100299
294343221111393
394932211139311
939499391299422
232399421299399
291123911243349
932001112949129
391012212992222
921019911221191

9 4 5 board_9x4_5_128457_none
910029200
121129200
029211100
029200000

8 4 4 board_8x4_4_128463_none
19100191
11211111
01291000
01921000

4 12 11 board_4x12_11_128468_none
0293
0299
0122
0000
1100
9210
2921
1129
1121
1921
3492
9939

6 19 20 board_6x19_20_128483_none
000000
110000
910000
220000
921221
921991
111221
000111
000191
011211
239321
995991
949931
122321
111191
191111
332000
991011
931019

8 18 34 board_8x18_34_128508_none
00019100
12232100
93992221
49422991
99212321
93229100
34392100
99932000
34492100
19449100
12994421
13459992
92994449
13332921
02921121
13920029
19321029
11291011

14 8 19 board_14x8_19_128545_none
01121100019100
12939211112321
19249319211992
11129212912492
00011101111921
12210000012210
29910122119211
29310199111291

19 5 22 board_19x5_22_128568_none
9293493102920112921
3439999113920193349
9932332119211222992
4942100011101911221
9399100000001110000

19 14 47 board_19x14_47_128594_none
0191000001221191000
1211111112991122211
9100191193321019291
3321322129111111211
9929291122119100111
2343311192111100292
0199200239101110293
0149311393101921229
1139229493223229222
1932229439299211291
1129112922459200222
0011101111992112391
0000000001232239932
0000000000019299491

15 19 60 board_15x19_60_128650_none
293910000001910
394110112111110
292000193922210
111001239229921
000123932112391
012399592100111
019949949212110
122233492293920
921029312224930
292149312924930
112949219349920
112394432299321
911949992244329
222394492199393
191292111139439
221112221012392
910001991012932
110001221019391
000000000011211

14 19 62 board_14x19_62_128716_none
01129291011211
12921322019292
92121291011239
23239311011129
19959411019221
23399493122921
92232393922129
35931112292121
99992221223910
35932991193210
93221221239210
23910000194921
29210011229229
93100019122211
93110123229211
12910192933493
12110223293999
94210192239454
99910112921299

12 18 58 board_12x18_58_128787_none
000192111139
012323921939
019923932232
012349491292
000199311292
111232223332
912931199939
123991249593
019321293493
023432494393
019999399349
023594334959
019223912959
011119212493
011111101993
129221101493
943949200393
939399200292

6 6 5 board_6x6_5_128854_none
191122
111199
110122
911110
111910
001110

4 5 5 board_4x5_5_128860_none
9920
3920
1110
0122
0199

6 14 12 board_6x14_12_128868_none
019211
132492
939392
931211
110000
000000
000000
110011
910019
111232
001991
001232
000129
000192

9 19 29 board_9x19_29_128882_none
011291000
129211000
922221100
111939210
013595931
019995991
024794221
019993100
012339100
000011100
000000000
012210111
129932392
932499392
921393211
221921000
911110000
111110000
001910000

14 18 63 board_14x18_63_128915_none
99991019100292
39421022200393
12211129100292
01911922210122
12212333920019
19112993932221
22219322139910
19122201249420
22119112994910
92122229449320
13922942294920
13922992223931
92112443912391
12112992111932
23912931012493
99212221239399
96422911994543
99992111239991

18 10 26 board_18x10_26_128988_none
011112929291000000
129119331222100000
921112910019111100
110123210011119211
000199100012221291
011222101239910111
019111101993210111
122119101221001291
191123321000123921
111192991000199210

19 6 17 board_19x6_17_129019_none
0000001111221111000
0000002932992191011
1111102949593221019
9129201149413931011
1129211129202991000
0011119111101221000

19 5 24 board_19x5_24_129038_none
1100012399101922910
9212239944322392110
2493994339929211000
9594344944432100000
2992199399291000000

14 16 32 board_14x16_32_129067_none
99100000112110
94210111293921
12921191293291
01291111111122
00111111001129
00000191001932
00000112111292
00000001921229
12221101139211
19929210029200
23322910011100
19222221100000
12929229101110
12223931101910
19102931112210
11101129119100

10 19 47 board_10x19_47_129102_none
1293929111
9229222229
1233201921
1299322221
2954992291
3993449211
3969293210
3992323910
9542192221
4991122291
9942229211
4439292111
9921211019
3320111133
1910192399
2210113993
9310002931
9910001221
9310000191

6 16 20 board_6x16_20_129156_none
111110
932910
939321
132492
129392
193432
223991
192332
111191
000122
011119
139332
959929
949321
121100
000000

4 10 5 board_4x10_5_129177_none
0111
0191
1332
1991
1221
0000
0000
0011
0029
0029

5 4 5 board_5x4_5_129183_none
00139
11299
19233
11119

11 14 23 board_11x14_23_129191_none
19910000111
23322221191
91192991111
23333221000
92991111011
12221191029
11101221029
19101910011
11112221100
00129119100
00193211100
01239211111
01921292291
01110129211

14 18 51 board_14x18_51_129215_none
12910000001991
93110112111221
93110192921211
12922334449493
01129929993999
00013334954442
01122912939910
01929211123320
01121223211910
00000199922220
11100135921921
29211019222391
92292111119211
11139211222100
00149429392000
01299932392011
01944492222129
01129212911921

15 19 67 board_15x19_67_129275_none
000122119100011
001299211100129
002969410001292
124959932101921
929932399224442
234320233299999
192921392134543
112139492139391
001139421199311
012944911232100
019399321921000
011223922391000
000112129223221
232393111229959
999499211194999
233493291223393
122932111293211
939491000399321
139311000294991

17 19 85 board_17x19_85_129351_none
11291000000011100
19222100112239222
11229101394992299
00192101999432232
00222001244922921
12291122119239339
93932299221239339
29229224932293932
11111102994932291
11222113459920233
29399219949410199
94959434349211233
13933992932229329
12234955349339594
91199499939494999
23249323222493343
92921223222932292
23110199939439339
91000123239922921

19 10 28 board_19x10_28_129451_none
1910001111232102920
1121101911999312920
0129211122349933210
0194920019112399100
0113931011100233100
0001292100000192110
1110129211001222921
1910011291002921291
1121100122102921221
0019100019101111910

16 4 16 board_16x4_16_129480_none
0112999910000122
0193495310112399
0112939101293994
0001121101939339

15 5 15 board_15x5_15_129499_none
194931291191111
129939211111191
134432101121211
299291012929100
293211019221100

9 14 22 board_9x14_22_129521_none
221000111
991011291
221019211
000011111
000000019
110000011
911110000
112920011
013931119
019339122
023932119
239391022
993423129
949292921

4 18 12 board_4x18_12_129548_none
1921
1139
1129
9332
9939
2392
0222
0293
0299
0122
0000
0000
0000
0011
0019
0011
0000
0000

5 8 9 board_5x8_9_129561_none
00111
00191
11222
19129
22239
29339
29492
12921

12 6 11 board_12x6_11_129571_none
019911110000
122211910000
911111110000
111910001221
002331012992
001991019339

18 18 85 board_18x18_85_129584_none
993299202949211100
499449202949219100
299931112332111111
357941019391111129
999993112921293292
344499323321299322
192259499291123391
234939323432123932
299221102991199392
954201113941123339
399211912931001943
295922221292123499
113922920113939949
112123931102944431
293129239212239932
294921129219239499
129320012222921333
012910001911110191

18 14 38 board_18x14_38_129688_none
001922110139200019
112392910199200011
922934431133200111
129229991029201392
121112322139201992
922110001932202331
292921101129212910
112139201121293321
001139201910129391
001921101110012921
002220000000124320
122910000000199910
929210000000123210
121100000000000000

18 12 37 board_18x12_37_129729_none
292110112991011211
943911292222129291
993112932111922321
992002932922211921
221001292129101291
000000122222222211
000001129291199310
000001922321139921
000001112920023592
000000002920019392
000112122222221211
000192929119910000

14 5 18 board_14x5_18_129769_none
12321199991111
19992124931191
13693112221111
12992192393100
19321129399100

6 10 10 board_6x10_10_129792_none
011100
239100
992100
942100
129100
122100
292110
933921
292291
111111

4 19 14 board_4x19_14_129806_none
0000
0000
0000
0011
1239
9399
9322
1211
0292
0292
0111
1111
9119
2322
9391
9422
1291
0122
0019

6 16 14 board_6x16_14_129821_none
110000
910000
220000
910000
121100
019100
122100
292111
292191
122211
029200
149311
199329
123932
112291
191111

12 5 15 board_12x5_15_129838_none
292191192111
393222249219
292191199421
112222249921
001911922391

15 4 10 board_15x4_10_129856_none
221192101112939
992229101912931
239111101112220
011100000001910

17 5 11 board_17x5_11_129867_none
92911910192100000
13221110139321100
01910000029929100
01110011112221211
00000019100000191

19 12 56 board_19x12_56_129881_none
9299439932100111191
1239994499222291222
0135943932299334391
1299329221234499921
9349311129219944210
9229321239323391000
3322929393391111000
9912232939321000000
9411911122910112110
9422111122210194920
2992122929112339920
1222929221119922210

18 19 50 board_18x19_50_129947_none
929299100000000011
121333101110011119
000192111910019111
000123911110011100
000019211110111000
000012212920191000
111002933931122211
291013992291129391
921139421111193921
220199200000112110
910122100000000000
110111000000122100
011291000000199100
129212110111233211
192223921192291191
222199491129211111
292245922121100000
293299222910000122
129222119210000199

11 10 30 board_11x10_30_130003_none
93932111910
13993922321
02349229391
02942223932
02939119592
01121112992
00112222221
01293992011
13944994239
93992393992

6 4 3 board_6x4_3_130038_none
111291
911921
111110
000000

4 8 6 board_4x8_6_130043_none
9210
2910
2220
1921
2391
9211
1111
0019

4 10 9 board_4x10_9_130050_none
0129
0192
0111
0111
1292
1939
2232
9219
9321
2910

6 19 19 board_6x19_19_130061_none
011292
019339
121292
910111
331000
991000
332000
192110
224920
193920
223110
292110
933910
129210
122100
192121
112929
111121
910000

14 12 43 board_14x12_43_130082_none
29432291001929
29999211002231
24542100124931
19920111199992
13921291246993
01111921199449
11102220244392
29212921299321
39229439224931
94229394312939
99222339911121
23911922210000

19 4 11 board_19x4_11_130131_none
0000112911929112910
2210293111121119210
9921292000011111100
2391111000019100000

19 5 17 board_19x5_17_130143_none
0292000000192110292
1493000000112910292
2992111011101110222
2943393119100001291
1292999111100001921

19 6 25 board_19x6_25_130163_none
9101992292293332211
1101239212949999393
0000012212369642399
1111111911999932222
1911911111344399100
1111110000191122100

17 16 57 board_17x16_57_130193_none
11000199292991000
91000123323331000
11000001911910000
12110112111110000
92910293101232222
24320299211999299
19921334922443239
12229393139391011
00122392029432100
11292211012929100
39329111212121211
99211229291011291
33212395433239311
91192999929949310
11113369544494910
00001939399229210

11 19 37 board_11x19_37_130258_none
92001299100
92001943100
12222292221
01991112992
01221001392
00000111111
12210191000
29910222111
93321191292
11191112493
01333111993
01993911349
01239210293
00012221392
00001929432
01222122991
02991001221
02931111011
01110191019

7 12 22 board_7x12_22_130302_none
2210000
9921111
9429229
9211393
1100292
1100111
9100011
3432239
9999399
2499439
0139432
0012991

4 4 3 board_4x4_3_130326_none
0192
0239
0192
0111

8 14 23 board_8x14_23_130330_none
11019291
91022311
11029311
11029493
92111399
29212249
33493932
99393129
33211122
92100191
39211111
92291000
11112110
00001910

14 19 46 board_14x19_46_130356_none
99200011100191
39321119100111
24949211100122
94949200011299
93244310019222
11199910022200
00123210019100
00122100122211
00199100191191
00122222211111
11111199100000
92392122100000
29392001221000
22222102992000
91019323992000
11023992221011
22119431000129
99112921112493
22101129119992

16 18 68 board_16x18_68_130411_none
1911221019291191
1112992121322122
0114953910191019
1294949321211122
1939349339200191
1121293939201343
0122323132201999
1399592019101399
1999992011212343
2459421111192992
9393101291223239
3693112922291022
9995392111921019
9599921012210011
1334210019222211
0191012332299291
0222029993332211
0191029439910000

18 12 54 board_18x12_54_130490_none
000000191293999291
111112221294342211
191293910124921221
111293111129922991
222222123943312942
993922929959312239
959392122499491192
292323110295921111
122292910239321122
129212232292393299
944311399211293932
299911993100112110

19 6 18 board_19x6_18_130551_none
9991299100000000192
2321295310000000129
0000129910000111011
0011112211110191122
0019100001911333299
0011100001111992932

16 8 33 board_16x8_33_130570_none
0199921119112910
1223339111119320
9210194310013920
2932339911124930
1299293212939931
1333323123933492
9391193949312949
2921113949202931

12 14 31 board_12x14_31_130609_none
012210011299
019922229233
012239921119
001139310011
013932210000
129921910011
193211121119
111000019332
112121112991
292929101221
934342211000
494991191111
994931111292
222110000292

10 18 24 board_10x18_24_130644_none
0293910192
0294221229
1239119111
1921111100
1110000122
0000000199
1110000122
1910000000
1121100000
0129100000
0192111100
0111019100
1110122111
1910191019
1121322011
1229291000
9294422110
1229911910

4 16 19 board_4x16_19_130670_none
1100
9211
9219
1122
0029
0139
0193
1239
2942
2939
2332
9491
9921
3432
9499
9493

4 10 6 board_4x10_6_130695_none
1910
1121
0019
0122
1291
9321
2910
2210
9100
1100

8 5 10 board_8x5_10_130703_none
29949200
94959311
12139219
00122222
00191191

14 14 28 board_14x14_28_130715_none
00001110000011
01111910111019
01912220191122
01122910122292
00029310129229
00139200192111
11192100112110
91111000001921
11000000001292
22111211000129
99129493100011
94239499101110
12932322101921
01129100001129

18 19 71 board_18x19_71_130746_none
112110000299291199
292921001393223349
932291001932119932
920122112229112239
332129119111101139
992932111100001921
932291111000001110
221111192101110000
192111249201921000
112923949213491000
111395942119921000
910299591012210000
221139921111112110
393234332392293931
993992929939214949
222334232221113931
111393921211019210
911995339292232100
111239921212991000

19 19 92 board_19x19_92_130826_none
1221019292100111192
2992132329100192239
3933949322211223932
9213959492191192291
1213931394322222221
1292111239911911921
9321112933423221239
3932293229293920293
2993959211213931293
1349499200113492129
1292494101292992022
9212494101922221019
2201999212110000022
9212493291001121119
9219332212222929122
1112929112992244329
1112342119332399943
2922993234329596499
9229499299922993932

19 12 40 board_19x12_40_130932_none
1921291192910192111
1129211124431139439
0011100019991139993
0001110013542193493
0001921101991222129
0002239211221191022
2211922910001221029
9911112220002921149
2210001921102921939
0000001129211111121
1221000024920111000
1991000019920191000

16 4 13 board_16x4_13_130976_none
1110001932100192
2920001299111349
2931000122129499
1291000000029493

11 6 17 board_11x6_17_130990_none
01929392921
02343922239
01992233392
24431199921
99920124320
24920001910

4 19 18 board_4x19_18_131010_none
1129
9239
3931
3930
3920
9221
1129
0139
0293
0393
0292
1343
1999
1232
1211
9391
2921
1110
0000

4 19 19 board_4x19_19_131032_none
1119
9111
1211
2492
9993
2492
0222
1292
9229
1233
0299
0294
1349
1992
2321
9211
9219
1111
0000

5 12 9 board_5x12_9_131055_none
12921
94391
93921
12110
00011
00019
11111
39200
99200
22100
00000
00000

6 10 8 board_6x10_8_131066_none
910019
121111
129100
921100
111221
001992
001239
000011
001110
001910

7 8 8 board_7x8_8_131075_none
1911910
1122321
0019291
1111211
9311000
9391111
1211191
0000111

15 6 19 board_15x6_19_131084_none
221001992212110
992123339292921
392299212333229
221299201929111
911243312121100
111929291000000

18 14 38 board_18x14_38_131108_none
191011119100019100
222019222100011100
191011292110000111
112110112921000191
001910001291000111
012210001222110011
129212111922911129
292292911393111921
932112110393112110
392000000292192110
292001110112333910
111112921212992110
111294339293321111
911939921229100191

19 19 88 board_19x19_88_131151_none
2920029211119392000
3930149319222393100
2920199322392239332
1110139439323944999
1110123994924995953
1922394494349999491
1393995959399665921
0293239959323999210
0112123931101343100
2211922210001292110
9943229100001933910
4999112211111239210
9494223932910192100
2322939949210122211
1912394931212129392
1122923220192922939
0019211910112111232
1122212221211111191
9119119119291191111

19 19 97 board_19x19_97_131253_none
1299211191029310029
9234492222139920149
1119949229139920199
0012393943339422359
1100112399393394992
9211111394492295941
2911911922932113931
1111111222392001129
0012321192392012221
2229991234933129921
9933422299492922229
3349212944933232222
1939329239592199592
1232293239593249993
1392239129533923993
9392192224993222359
1212332193993191199
0112992113492222122
0192392001921191000

19 19 86 board_19x19_86_131370_none
9100191019101222292
1111212121112993949
0029322910019334942
0039929210123349439
2359531100193999593
9999921100239349492
2445449100194321211
0193994322239921100
1234995992923459200
2939339944321999300
2942213339932349311
1129211923939112391
0012911112231101932
2322110012910012391
9992012229211129211
4993019921101921211
9493123431112111291
1213933992291001921
0002993949211001110

17 14 35 board_17x14_35_131465_none
00000000000000000
11100000111000000
29200111191011100
39200191123229100
93112332119921100
92019949212210122
11013959410000199
01122239910000139
12929223210001121
19222392101111910
11112949101912220
11119493102332910
19221392001992110
12910111001221000

10 4 11 board_10x4_11_131504_none
9201110292
9312920293
2913942339
1112939921

4 12 7 board_4x12_7_131517_none
0000
1100
9222
1299
0139
0011
0122
0199
0233
0191
0111
0000

6 19 23 board_6x19_23_131526_none
001110
111910
911110
221000
392000
993111
392191
122211
019210
013942
223999
992243
221129
111192
191111
222000
293121
293949
112299

12 8 21 board_12x8_21_131553_none
122239200199
949939211239
949321119221
231100013920
921100003930
239112212920
921119921121
110013920019

18 4 15 board_18x4_15_131580_none
129492129211000019
922994392392000011
123449921292011100
019922210111019100

19 10 28 board_19x10_28_131597_none
0001932223322221000
0113399299992991111
1292932223322221191
1922111232100001221
1110112999200112910
0001292249200192110
0001932111100122100
0001129100000139200
0000011100012399211
0000000000019932119

16 19 64 board_16x19_64_131630_none
1921001992292029
1292112492293139
0112911921223932
0012211110192291
0029311000223221
0029393210193920
0022339921113920
0019129593222121
0122112493992019
0192123943593011
0234939939393100
0199494233439210
0244492129932910
0199311194933320
0139201222129921
0012211910013449
1101922110001993
9101292223211239
1100129299910011

9 10 19 board_9x10_19_131704_none
192991000
112221000
221122100
992299100
349234310
292119921
921012229
110011111
122239311
929939391

4 5 3 board_4x5_3_131728_none
0000
0111
1291
1932
1291

4 6 3 board_4x6_3_131732_none
1910
1221
0191
1221
1910
1110

7 18 32 board_7x18_32_131736_none
9239432
3949999
2954432
2399100
9233311
1129492
0029593
1112492
9112932
1119491
1113931
9212920
2912220
2222910
9219320
9322910
2923320
1129910

14 16 32 board_14x16_32_131775_none
00000191000122
01110122111299
01910019119332
01110011123921
00001111129492
00001912931393
00001112920139
00000001221029
11000111292011
91000191293110
11011211223932
00019100192299
11122200111122
29129200112110
93129200192921
92011100112291

18 6 30 board_18x6_30_131810_none
993991001111993910
249531013921394220
029922229921233921
023329954311949329
019234999112499211
012929332119393100

19 4 13 board_19x4_13_131842_none
0199101121119211232
0122112929113921999
0111019221102932332
0191011100001129100

19 6 17 board_19x6_17_131857_none
3992922910000111019
9942129211110191011
3932121101910111000
1292921101122210000
0112239100019910000
0000192100012210000

15 16 62 board_15x16_62_131878_none
199992211192100
235949393239310
194331399239932
129921249439499
122229139944432
921011139599910
291011129323210
222129343200111
933922999211191
499212342292211
993101922449211
932122229993292
111929223593239
013332911922921
019922223221221
012391192910191

12 19 49 board_12x19_49_131962_none
000292199949
111293223399
292129100122
493011112210
992000019910
233322234320
019993993920
233494335941
992239119992
393292223493
112922291239
001111932192
011112391111
019119322000
122221292100
912920129100
112920022311
222110019291
991000011211

8 18 20 board_8x18_20_132018_none
19999929
23599321
19333100
11291000
00112110
00001910
00001110
00000000
00000000
22111100
99119222
22222299
00191133
00111019
00111011
11291000
19211000
11100000

5 12 15 board_5x12_15_132039_none
00000
11100
19332
13999
02969
12293
91129
22222
19392
12949
01249
00192

4 4 3 board_4x4_3_132056_none
0122
0199
0233
0191

7 8 11 board_7x8_11_132061_none
2210000
9911121
3432929
2992232
2931191
1122321
1119910
9112210

8 10 19 board_8x10_19_132073_none
92921111
23239339
92293992
23923342
39421929
99922221
39329100
12221100
12910000
92110000

10 14 38 board_10x14_38_132093_none
0012992129
1129432932
1922911291
2222220222
1912931292
2212959549
9101299992
2210234432
1910192291
3432349432
9993994991
9534949443
1293222399
0129101932

14 19 45 board_14x19_45_132134_none
00192910129929
00112121293332
00122229432293
11299293992399
19443213492294
23991001921129
19332101110011
11229100000000
11294422110011
19229992910019
22112333210011
91000019100000
11000011111100
00000000029200
00001121129200
00013939221111
00019932910019
11023312220122
91019101910191

16 19 42 board_16x19_42_132185_none
9311019221100000
9391012929101110
1322001121102931
0292011100114949
0292029200193931
0111029211212110
0000122229100000
0111192292211000
1291129323291000
9211022392921000
1100019322110111
0111013931000191
0191113991000233
0111192222110199
0000111012911343
0011100019211992
1129100022201392
1921101129100111
1110001921100000

17 19 46 board_17x19_46_132235_none
11000019392100191
91001122939100111
11002921121100000
00002920011100111
00123221229100191
00199219292100111
00139222311111000
00011119210293100
00000012910299100
11000012210122100
93100019100001232
99211121100113999
34922921212394942
19229339292993110
11112922322343100
22102221910199100
99212911110122100
23392110000000000
01921000000000000

19 10 51 board_19x10_51_132283_none
1999211211129921999
2459219292294932232
9392112334932392011
3942101929931293119
2949113332391129111
1394219910112232100
1399113432222992100
1933322993993239100
2222994449594111100
1912999292399100000

18 4 11 board_18x4_11_132338_none
110000001122210111
910000001929911291
221111122222211932
911911929100001291

12 10 33 board_12x10_33_132350_none
929100193931
233210114992
193920002993
225931111493
295922942494
399312999499
959301394932
139311222221
012912931191
001112991111

5 19 15 board_5x19_15_132389_none
92000
92000
11011
01129
01921
01110
11111
92291
23921
92110
11111
00191
00111
00011
11019
92121
23932
92299
11122

4 16 15 board_4x16_15_132406_none
2920
2920
1221
2391
9921
9310
2221
1939
2392
2931
3920
9310
9322
1299
0122
0000

4 14 14 board_4x14_14_132424_none
9310
9921
9591
3931
2931
1129
1111
9111
1129
0039
0029
1122
9119
1111

4 8 7 board_4x8_7_132441_none
9119
1222
1392
9493
1493
0292
0111
0000

8 4 4 board_8x4_4_132449_none
11011211
91019291
11022311
00019100

10 5 10 board_10x5_10_132454_none
9112392299
1119922932
1233322110
1991191000
1221111000

14 10 36 board_14x10_36_132467_none
01292111991000
12934933431000
94229949922321
99213943449991
39201129299421
23211233332211
92911993931191
13221223993211
01921012599221
01291019394929

18 18 46 board_18x18_46_132509_none
129321129100111000
194991192100192211
129321111000239291
011211000001292211
000192232101932000
000112999112392121
000001393119212939
000011211011101139
000129111211111011
000192119291191111
000111022422111191
000000019292121322
000111022434939491
000191019299449931
000111011249494920
000000112139312110
000000192932200000
000000112129100000

19 18 83 board_19x18_83_132559_none
9491000192933399391
9921123433299959421
9520199991149932921
9921223321039422391
2229222222239219321
1132499299292124920
1929394322322019931
3331229101292112229
9911132201949201121
3321929101139201910
2922121100011223210
9391011211000199100
1333119291111122211
1399211212293221291
9499200002959949422
1394311003995499491
0129291013999334932
0011211019332292129

17 8 23 board_17x8_23_132648_none
00001991001111110
11101222111911910
19211112934321110
11293393399910000
01239933934320000
01922239533921110
01110029994921910
00000012339211110

11 4 9 board_11x4_9_132673_none
02931113939
02991193942
01221123229
00000019111

5 14 13 board_5x14_13_132683_none
01110
12910
29221
92129
22129
29111
92100
11000
01110
01921
12391
29311
39311
92291

4 18 10 board_4x18_10_132698_none
1929
1121
2210
9910
3320
2920
2920
2210
9100
1100
0000
0000
1100
9100
3310
9910
2210
0000

4 19 13 board_4x19_13_132710_none
0129
0192
0111
0000
1100
9211
1292
0129
1121
1910
1110
0000
0011
1239
2993
2993
2492
9211
1100

7 12 17 board_7x12_17_132725_none
9929100
3442211
2991191
3931111
9420000
9920000
3920011
1110029
0000029
1121111
3939100
9931100

14 4 11 board_14x4_11_132745_none
00019222119910
22111299223331
99100123912939
22100001112931

19 14 40 board_19x14_40_132758_none
1112921222910001932
1912932992110001299
1111129432110001232
0000012912942101910
0111001112999101232
1291000001232100199
2931000000000000122
2920000001110000000
2322221123910001110
9292992199221101910
1323392123229112210
1291111001921239310
1921000001222299910
1110000000192933210

18 19 86 board_18x19_86_132801_none
110001392192112991
931102992139219431
949314941139322910
149595931395912231
029599339399311929
122494393459201121
922922933992100111
393111293332111291
292122239339219222
222299139499212349
911933249422113999
222221939200019942
911923332221112221
221129911929100139
921223211232100299
239293210191123493
292229910112399921
922122321001999421
111910191001249219

17 18 78 board_17x18_78_132896_none
00199321029211119
00124991029219232
00003963233213949
00113999399213959
01393232394393249
01992001223943932
02342102922993391
12939102932222921
29393211293222210
92223921229949311
22119229114969391
29212221102992211
29201922112332110
11212293932922910
11293213939393231
92399202343322929
39349323993933231
92293929933992910

14 12 29 board_14x12_29_132988_none
00001910000191
23211232100233
99910199100199
23321244311133
00192299291019
00223932211011
00293110001110
11393111111921
19212934921291
12212399920111
01911944310111
01111129100191

11 8 12 board_11x8_12_133027_none
93910000000
39420111000
29910191000
12211221000
00001910000
11123210000
91199111111
11122119119

10 6 9 board_10x6_9_133040_none
9101110111
1102920192
0002931129
0001292122
0000129229
0000012921

4 8 7 board_4x8_7_133050_none
1110
1921
2391
2931
2920
2210
9311
9391

4 16 10 board_4x16_10_133059_none
1910
2210
9100
1100
0122
0299
0293
1322
9391
2932
1129
0122
0191
0111
0000
0000

7 19 35 board_7x19_35_133071_none
1392111
1992191
1221233
0001299
1112969
1913992
3433931
9993110
9693011
2493119
2939122
9431239
9910199
2210122
1100000
9211011
2391129
9333392
2929921

8 19 39 board_8x19_39_133110_none
00012910
12129210
94943321
95992991
14942221
13932321
93249991
92199532
22139219
91011111
12122321
01939992
01394339
11293122
93339239
29943939
14949221
02942200
01129100

14 10 19 board_14x10_19_133153_none
00192929101121
01222121101929
01910000012221
01110000019210
00000000023921
11000000029329
92111111139322
23911912931291
19211112921221
11100001111910

19 5 23 board_19x5_23_133175_none
0293910112923921921
1393110193393921292
1933221139534220129
1292991029994931111
0112221012339939100

19 8 27 board_19x8_27_133200_none
0000199101910019100
2210122212110011111
9920111192101110019
4920192239101921011
9210112922211291000
3310001111922343100
9921100123392999321
2229100199212233991

19 12 31 board_19x12_31_133229_none
0000000001110000000
0112110001921000011
0192921212392000029
0112129291292001139
0111122334432002931
0191191199993112920
0111111124593911110
0000000001922110000
1111211112221011211
9229291191191019291
2392222211111011222
1921019100000000019

15 19 75 board_15x19_75_133264_none
232100199100019
999100233101132
394221291001939
124939211001292
129942200111222
922239200293292
110029201399239
000011113954249
000111029993949
000191139549349
111112394493293
192111994993229
333922393249211
993393322029200
994399392011100
494933593111000
395322993293111
399493493299329
299492292139392

12 19 57 board_12x19_57_133358_none
001299210000
001934920000
002222931000
111912391122
912222943399
122912939969
139312234969
299411912993
959923333449
139439939932
013932349491
112920193311
922321129100
129292133310
132313939920
939202955920
139312399210
012922943211
001129229119

5 6 7 board_5x6_7_133425_none
29910
93321
11292
11393
19229
11111

4 4 4 board_4x4_4_133435_none
9391
9421
2910
1110

4 6 4 board_4x6_4_133440_none
1211
9391
9311
1100
0011
0019

9 18 38 board_9x18_38_133446_none
001111121
112922939
193392139
129432011
013994210
002999921
123333391
199100122
122211029
000293129
000399111
001393211
002942293
113991399
293342494
933929392
239332322
192291191

10 19 50 board_10x19_50_133497_none
1111999991
2921355421
3931299221
3932955939
9229399393
1111234439
0111129932
2391193229
9932233111
2392399211
0112994291
0112393332
0191124992
1211019949
9222223331
3939912920
2932323920
2322292110
9292921000

17 14 33 board_17x14_33_133559_none
91111000011101221
11191122119102991
00111199221102931
00000123910001110
00011101110000000
00029211101110000
00029219102920000
01121222103930000
12910191014941000
19210122119992110
22200139433322921
19100199992113239
11100123492193931
00000000111113920

19 5 25 board_19x5_25_133597_none
1292392192111221292
2949494212912992392
2942499113322955931
2249322119921299920
1939200013920123210

17 8 18 board_17x8_18_133624_none
01910019101110019
12110122101910011
91000191001110000
11012321001110000
22129910002920000
99139410002920011
93129200012210029
11011100019100029

9 19 42 board_9x19_42_133643_none
011102920
029203941
139213991
193229442
222933939
922229459
129112992
011101332
000012392
000019949
000123349
011291193
129223339
942229932
992194329
492129221
922123931
112922949
002921139

6 18 15 board_6x18_15_133697_none
910111
110191
000111
000000
111000
191111
332191
992111
992000
221000
001110
222921
993349
222992
001221
111000
191000
111000

4 8 7 board_4x8_7_133713_none
9100
1100
1221
2992
9492
2321
2910
9210

7 5 5 board_7x5_5_133723_none
0011100
0129321
0194991
0129321
0011100

9 8 10 board_9x8_10_133729_none
929100129
121211192
000191111
110111000
911110111
111911291
001122921
000019210

17 19 68 board_17x19_68_133742_none
19493392011223210
13994994239499921
13933949949596491
92222122392394921
23391000222129320
19922110292013931
24421910292114992
29922331222193992
49921992292212221
99312333959100000
93101912992100000
11112111221000000
11291012321111000
19211019991191000
22211013931111000
91192212111221000
22129292101991111
92122329101221191
29119111100000111

18 19 50 board_18x19_50_133821_none
000111019100019100
000191011101232211
221111000001991293
991011211001232399
233229392112239333
019931392192993391
013931223222333932
001291193920192129
000111113920111011
000011112211110111
000019229212910192
001121292293220129
001910122212921111
001121119101129100
000019111101121100
012221100001910111
129910123211110292
193210199910000293
111000123210000129

19 16 45 board_19x16_45_133880_none
1111922129292110191
1911292922322910111
1111223221911110122
0002921911221000299
0002932110191001394
1111292221222001939
2920112992291012221
2931101333921029200
2229111292110029200
9233219322000022200
1399111291000019100
1394200222000011100
9339100191000000000
2921222211000000000
1121299100011211000
0019222100019291000

19 8 39 board_19x8_39_133932_none
1101999329929292110
9213459494221212910
9339932393110002220
2939491223921223910
1121211293239499321
2221223492193993291
9939399931112221122
2239339920000000019

12 6 11 board_12x6_11_133977_none
921111910000
932922110011
292291000019
111111001121
000112111921
000192911291

7 16 29 board_7x16_29_133991_none
1992291
2359311
2969421
2999929
2359332
1921119
1111132
0001929
1212232
9292292
2339229
2943211
9399310
1239921
0123229
0191011

5 19 20 board_5x19_20_134025_none
00000
00000
01121
13959
95999
94994
12239
12232
92992
23239
91022
11019
00011
11000
91000
22211
29391
29311
11100

4 19 15 board_4x19_15_134048_none
0019
1111
9100
1100
0111
0191
0111
2210
9910
2221
2339
9993
3592
1932
2391
2931
2931
1291
0111

4 19 12 board_4x19_12_134065_none
1921
1129
0011
0000
0000
0000
1110
1910
1121
0019
1111
9200
9311
3491
9932
4439
9921
2210
0000

4 19 10 board_4x19_10_134079_none
0019
0011
1211
9291
1211
1221
1991
1221
0000
1100
9210
2910
1110
2210
9921
2391
0111
0000
0000

5 10 14 board_5x10_14_134091_none
99119
22233
12399
19943
24592
19939
23321
29200
39200
92100

6 8 12 board_6x8_12_134108_none
993910
495210
299211
233291
392111
994210
239910
012210

11 4 6 board_11x4_6_134123_none
00011100000
00019222210
12122929910
92911122210

18 14 66 board_18x14_66_134131_none
193992129992221129
113933944543993393
222123993993594993
991019323932995459
332011212122339949
292011393139212239
292019494939310122
112232494244911291
002991292199211932
013953212232212392
129499223910191292
921393399321111111
220122395491011100
910019229921019100

19 19 53 board_19x19_53_134205_none
0000191011129311910
0000111019249911110
0000000012939310000
1100000001121222111
9211000001110299119
1392011101910293111
0293239201110111000
0239299200000000011
1292222100000001129
9211012210011101921
2200029911129112221
9100029311932219119
1100011101129111111
0000001110123222210
1111101921192929910
9229102391113343210
1292212921001992110
0223293221112333920
0192922911911912920

16 10 41 board_16x10_41_134264_none
9399229310299310
9339229910299931
1222112210124992
0292001111111393
0293112932921129
1212912939593111
9423233332999200
9992939923459200
2433293229932100
0191111012391000

12 5 11 board_12x5_11_134310_none
000011100000
222139310000
993939931111
239223949119
011101292111

7 6 9 board_7x6_9_134322_none
9100011
2210029
1910139
1233392
0199932
0123229

6 8 11 board_6x8_11_134333_none
110191
920111
941211
949291
393321
923920
113930
002920

4 19 11 board_4x19_11_134349_none
0000
1100
9100
2200
9210
3920
3920
9210
2200
9100
2210
1910
2220
1910
1110
1100
9111
2219
9111

10 10 24 board_10x10_24_134361_none
0112110199
0194931122
1239992111
1933693192
2229392239
9111211192
1111222211
1229399100
9295953200
1229939100

14 5 10 board_14x5_10_134389_none
29991000000019
29531000000133
12910000000199
12110001110122
91000001910000

15 4 8 board_15x4_8_134401_none
111029200000000
191039411001221
111029492001991
000011392001221

18 5 18 board_18x5_18_134410_none
199200000192110293
249311011323910399
921393229292110293
110299293311111111
000122229100191000

19 18 49 board_19x18_49_134433_none
9101921000000000192
1102392110001111239
0001922910001912942
0001111110112112939
0000000000191001243
0001121101222110199
0001929323921911249
0001233993921222932
0000192333110192291
0000111191111122322
0000000111192119392
0000000000249211392
0012321000199311232
0019991000123911929
0012321001111111121
0000011101921111211
1121129201129129391
1929129200011129311

15 18 63 board_15x18_63_134487_none
192993229129311
112249932229492
000039439322393
122129239693239
199111129993921
243200123433232
929212291292199
121292933393354
000112293922999
232101239211343
999113931100293
233229920012499
001922210019959
001110001233349
011111101991192
029219212331233
029322911911299
012911111111932

11 12 33 board_11x12_33_134554_none
92291192993
24942212499
93959200293
12299200233
00122101299
11211112949
29392292232
29312922393
11112322999
00019292394
00122211139
00191000029

7 5 4 board_7x5_4_134593_none
0111000
0192121
0113939
0002931
0001110

4 8 8 board_4x8_8_134598_none
1392
9392
1322
0293
0299
0139
1121
1910

4 10 9 board_4x10_9_134608_none
9910
9421
9219
1111
1211
9392
1392
1211
9100
1100

5 16 12 board_5x16_12_134619_none
11000
91000
22111
91192
11129
00011
23210
99910
23210
12210
19910
12221
00019
11222
19291
11211

11 18 52 board_11x18_52_134634_none
29921939299
39931394433
94931299391
23392359311
19212992211
22101221191
92100012332
39200019929
29200013442
22200001991
29221101232
93939432119
12149999211
11129979311
29213994491
39201359932
92101299491
11001932211

18 5 13 board_18x5_13_134695_none
911921100000001121
111129100111112929
011111100191294231
129101110112393910
192101910001922110

19 4 13 board_19x4_13_134712_none
0112111910000000000
1293933333210000000
2949499299910000011
2932932223210000019

19 8 37 board_19x8_37_134727_none
9200191292293229910
9311222394399394320
1291192399349313920
1211235944931102920
9211199922932123320
1291124332494929920
0111001929399324930
0000001121239202920

14 19 45 board_14x19_45_134774_none
13992921113931
29943391193992
29439211112239
11294310000011
00129910000000
01122210012210
01921100019921
12129101123491
91011101911921
22001111234320
91001910199921
12222110123391
01991112110222
01221293922391
00000294229932
11111239112229
91191193211121
11111112911910
00000001111110

11 19 53 board_11x19_53_134824_none
91019910019
22012210122
92000011392
92111129392
11191293211
00222292011
11392111139
29494100299
92499211293
11294492222
11113992192
93102932359
99212332999
35932992393
29993332222
39693291191
39522921222
39921110191
94920000111

7 14 20 board_7x14_20_134888_none
9210000
2910000
2332111
9299119
1222111
1100111
9101291
2201921
9212221
1292292
0123959
0019399
1122339
9119111

4 6 3 board_4x6_3_134910_none
9200
9211
1119
0011
0000
0000

4 5 6 board_4x5_6_134914_none
2339
9993
2339
0022
0019

7 10 12 board_7x10_12_134922_none
0001221
0012991
0129332
0192119
0122111
0019211
2221292
9910129
9310122
1100191

14 19 64 board_14x19_64_134935_none
00001910192100
00112121229100
00192229123432
01249593119999
12939994123432
92122499119100
23210122111100
19920001110000
14942333921011
02939999391019
01133443311022
00129239310139
11293399910199
19239323210233
22229311121392
29124933939393
92119993942329
34344533239233
99999291192299

18 16 59 board_18x16_59_135006_none
019910000000001929
133310000001222121
949323221223992100
959599939399339100
932995349545432100
111349129399991000
111193222324931000
191129229101221011
111011293210192119
001232213931129111
002999103992122100
002942102993191000
111110112393221111
910122291223922392
111299311192292992
001949200111112221

18 14 45 board_18x14_45_135073_none
000111000000012221
111191000000019939
291122111222223239
921129229299291011
121292292222211000
019211222000000000
121211191000111111
932292333110191191
299223993931112221
133219444992212910
129112929339393110
293322233221393110
933992292910112910
922949212110001110

19 4 19 board_19x4_19_135122_none
1910000292139921000
2232322392199592000
2949993921123593000
2949593110001992000

18 4 19 board_18x4_19_135144_none
000192291000192110
000235931012323931
012399920139923949
019949310199492139

10 16 28 board_10x16_28_135171_none
9910000000
2211221111
0012991191
1119321222
9222100191
1393110122
0293921119
0235349222
1299939219
9323221111
9300000000
9311110000
2923920000
1129921221
1122211991
1910001221

4 18 17 board_4x18_17_135204_none
0000
0000
1121
1929
2231
2921
9339
1292
2321
9910
3421
9291
2443
1999
2332
9222
1399
0293

4 16 11 board_4x16_11_135224_none
1910
1110
1100
9100
1211
0192
0129
1121
1921
1249
0199
0122
0111
0192
1239
1921

5 5 6 board_5x5_6_135237_none
99291
33311
19211
22291
91111

12 10 17 board_12x10_17_135245_none
000001111110
111001911910
292001111221
392000000191
933322110111
249992921100
199422129211
232101121291
910001921211
110001129100

14 12 24 board_14x12_24_135263_none
00019211111000
00011292291011
00112239321019
00192933910011
00223292110000
00192211000011
00129100111019
00133200191122
01299100222191
12943100191222
29491012321191
29311019910111

17 18 72 board_17x18_72_135291_none
29310019101221191
29921132201991222
13933939112333392
02239932239229939
02932211959329432
24920001299223491
99332100123229943
93399100001922399
11293100001110122
01222222221001121
12911993992102939
93211239349213942
39200011139439693
39300001149499999
29322112949424999
11299119239201232
00233122212211110
00191019101911910

19 16 46 board_19x16_46_135376_none
0000000129100000000
0000122393101111110
1100199492012911921
9211239311019211129
9219111100011101121
2211101110000112910
9100001922221192121
1100012392991122119
0001129212221019221
0001921111101123920
1112220019101912931
1922921122212111129
1394393391191000011
0399229921111000122
0294233421000000199
0112929291000000139

17 6 25 board_17x6_25_135425_none
29313920000199921
39494920000123391
92393111222111221
22211001993911910
29322223349433210
29399299129399100

15 4 16 board_15x4_16_135454_none
019393910011100
133594110029421
299494210029991
933939910013931

12 4 11 board_12x4_11_135473_none
192929229921
112121293391
111111223221
191191192910

6 14 18 board_6x14_18_135488_none
012499
129994
295992
924941
112931
001291
000222
000192
111129
191011
221000
910000
111121
001929

5 16 20 board_5x16_20_135509_none
11011
91029
11029
12221
29910
39421
39329
93392
12921
23332
99399
23932
01232
00199
00244
00199

4 19 20 board_4x19_20_135532_none
1999
1232
0000
0011
2239
9959
3599
9393
2322
9119
2211
9111
2229
2921
9320
2910
2210
9200
9200

6 12 12 board_6x12_12_135553_none
012210
019920
024920
019210
022200
019100
011100
000000
123221
199939
124493
001939

8 8 15 board_8x8_15_135567_none
94949392
94959439
23139239
91011129
11001121
00001921
00112291
00191111

10 5 13 board_10x5_13_135589_none
0011399991
0129499532
1293943291
9323291111
1291111000

15 5 11 board_15x5_11_135604_none
000191011100192
000111029311249
011100029911939
019222112211121
011299100000000

19 16 81 board_19x16_81_135616_none
1993931101129100191
2323949112932211211
9324492129329229100
9499932039311293200
9449593139432339221
3932494933999293939
9449439393342213359
9949943312911122992
3349699212323939332
9129949219394931239
1223222222494211299
2492001912969201932
9993101113999323210
3449100002942299100
2942100001111233210
2991000000001911910

18 18 43 board_18x18_43_135712_none
000000001110000191
000111002931000111
111392002992111110
922992012322911910
292221019112212231
221000011119212929
910001110011292121
110001910000111000
000001221000111000
000001291112291111
110002931192921292
921002920112110292
291001110000000111
222111111001110000
291191191001910000
932211111113342211
129111111292999491
011119119212249921

15 12 38 board_15x12_38_135758_none
110293212922321
910299393349992
331139312994492
991011101392111
932232100111111
112999210001291
013943921012932
129322391019492
193911922121393
123211111910129
129100002220022
192100001910019

7 4 4 board_7x4_4_135801_none
0192910
1222110
1921000
1291000

4 10 9 board_4x10_9_135806_none
1129
3942
9939
2221
1110
1921
1239
0293
0292
0111

6 19 17 board_6x19_17_135819_none
921000
392111
292192
122229
019221
012910
001110
111111
291192
921129
110122
001291
001921
001221
000191
000111
011100
239100
992100

11 12 33 board_11x12_33_135838_none
91001111291
12234932921
01999994331
12333494992
19211239492
11292394322
11223999239
19129695399
22239593932
91194922110
11129210000
00011100000

15 6 22 board_15x6_22_135879_none
000111111192910
001291192323221
013932239293391
139922942449932
959312939299329
992101121222111

19 8 32 board_19x8_32_135905_none
0001121119910111000
1112939123310293100
9119394329223499211
1111229921299942291
0011223321135921221
1119292292139311921
9212339323939201392
9201921292121100292

17 19 55 board_17x19_55_135943_none
00011291000193999
00019211000129332
00011100011111100
01122321029321100
13949992239929100
93949449393221100
12121129311000011
00001232100000019
00001992000122222
00001392011399291
00011211029593322
00019100029932291
11011101123921921
91000002932222210
22100124939129200
19112399232239300
11119943119129321
11012391122123929
91000111191019221

16 19 45 board_16x19_45_136002_none
0000000000000011
0011100001110019
0129100001921022
0192222112391019
0222299229222111
0292294932219100
1493112129111100
9392000122101110
1223211291001910
0019912942124320
0023313991199920
1119212932234920
9112911111922110
2322221001291011
1991192111332019
1221112912991011
1100001112932221
9100000001111991
1100000000001221

10 14 35 board_10x14_35_136051_none
1211002920
9391003941
9411003992
9200002949
2210112132
1921292119
1129349222
0012949429
1122349494
1949392499
1299422394
0139219229
2333221111
9992910000

4 4 3 board_4x4_3_136092_none
0000
2210
9921
2391

4 4 3 board_4x4_3_136096_none
0011
0019
1122
9119

5 12 16 board_5x12_16_136101_none
12929
93121
92111
22393
19399
11222
12121
92939
13259
01939
13331
19910

10 19 27 board_10x19_27_136120_none
9991000011
2321000129
0000000192
0000111111
0122291000
0199211000
1232211000
1910192211
1221129291
0191012321
1211112910
9100194320
1100129910
0000012321
0011100292
0129111392
1292239311
9211299200
1100293100

16 14 59 board_16x14_59_136150_none
9211939299939391
3911292223239311
9221212110011100
1119101910012321
1111112221119991
9311029439223432
9492029993492192
1394223959492129
1229933494933221
9224993993129931
9329593332014949
1294931191003941
1234931211014930
1929229100019920

19 4 11 board_19x4_11_136229_none
0199321111001110000
0123991191001910000
1101221223122321000
9100000192929291000

16 12 47 board_16x12_47_136242_none
2912920111192221
9433931192212991
2994391139324431
2493921029399910
9212110011239321
1111111100012229
0129339100112921
0194992111394210
0139422129499111
0029322932496329
1123929592299921
9119222992139310

12 18 32 board_12x18_32_136300_none
199100000000
122111100011
111019100019
191011101121
111001111910
000012911110
000019210011
001232100139
001992110199
001222921122
122101392000
199210292000
344911221000
993112920122
993002920199
392002331122
223111991000
192911221000

8 19 31 board_8x19_31_136335_none
11229991
19293321
11211011
00000019
12221022
93991029
95331139
95920192
95921221
94111921
95211249
99910199
39310122
12210000
02921121
02921929
01111121
00000000
00000000

5 14 19 board_5x14_19_136367_none
01910
12221
29229
29239
22129
92011
93110
23910
29420
29921
24491
94942
39939
29321

4 12 13 board_4x12_13_136394_none
2391
9932
3339
2932
9229
1122
1129
2932
9239
1129
0122
0191

5 4 4 board_5x4_4_136411_none
99921
23229
00011
00000

12 16 29 board_12x16_29_136416_none
921000192910
391001233210
932102939222
129102931299
122101110122
192100000000
129100011211
011101129292
011112933339
019119493931
011112923920
000002221221
232212910191
999292110111
232211000000
000000000000

15 19 41 board_15x19_41_136449_none
191129119239200
111192111399200
111221111294210
921910191123910
921110111019210
111121100012210
112929100001921
294221100124339
299100011299921
122100019223210
011101121100011
019212910001139
012392110001939
233921000001121
999210001111221
232100001911991
122100001111221
199210000000000
123910000000000

17 19 68 board_17x19_68_136493_none
00122100029201121
01299100029201929
01932211134311121
02220191299931000
02920111296991000
02920011229433110
01221019111292910
11191011100112110
92333100000001232
39399200000001999
39549200012211249
49492211029911121
99411191039523920
49310233139493931
93910199449423392
12110149993392392
11101249423932932
19212993323922239
12912932992111921

18 18 85 board_18x18_85_136568_none
129910002920199111
934320013921343229
292921119222992292
233229112349559422
949122312999399492
992119393232233492
343111393110019211
299210123921133211
395921019592199229
394292233993233392
292112994339119211
222012499223222221
192129332395921929
123922921299942221
019323392245949200
022495932929349200
019399932342395310
011224921991299910

19 8 22 board_19x8_22_136665_none
1100000191000011211
9100001232101139492
1100001929112939492
1110001121229222321
1910011101393101910
2210029201992001121
9211139201221001129
1291192100000001921

19 6 16 board_19x6_16_136695_none
0000112110000000129
1111393910011100192
9119393111129100111
1111333112921211011
0111199129310191019
0191122129200111011

16 4 16 board_16x4_16_136712_none
0000012211232100
0111139922999210
1291299329454932
1921293112929399

12 8 24 board_12x8_24_136730_none
932922399229
992293994292
222235992111
012939931011
019394421019
011229292111
111022329100
191019111100

9 14 19 board_9x14_19_136756_none
911910000
221110011
920000019
920000022
110012229
012229932
129922391
922221211
110019100
000011100
111111000
191292111
112493191
001992111

6 19 19 board_6x19_19_136777_none
191199
112243
111939
921393
920292
110111
000000
000111
000191
000111
000111
000191
110111
921232
932999
249432
939200
121100
000000

4 18 18 board_4x18_18_136799_none
1229
9292
1211
1232
1999
1399
0139
1111
9210
2921
2239
9139
1239
0193
0129
1111
9100
1100

4 14 11 board_4x14_11_136824_none
0122
0299
1393
9211
2311
9291
2332
1929
2232
9229
1292
0111
0000
0000

4 12 9 board_4x12_9_136836_none
9211
1291
0111
0000
0122
0199
1222
9211
9219
2322
9291
1211

7 5 6 board_7x5_6_136846_none
9292110
1223910
0019210
0133200
0199100

8 4 6 board_8x4_6_136854_none
12221111
19939329
12239392
00011211

9 4 8 board_9x4_8_136861_none
921000191
291123321
222299910
911933210

11 5 14 board_11x5_14_136870_none
11100129391
29200193932
39411344391
39911999322
93211232291

18 18 56 board_18x18_56_136885_none
000011212110000019
012229292910011122
129921212111129129
922210111001932239
110000191001129129
000001232111111122
222122939219112229
993939349321119921
349392293910123210
932321113220191122
932911111921111199
129211911292111222
011112210239229222
000019100193921299
000022200112121233
000019211001239119
001132391112993111
001929211192392000

18 14 45 board_18x14_45_136945_none
299211111100001921
949219229100002391
122222493100001932
002921993001111291
002922593001910111
001111993001110000
001111493000000000
002942393100000000
113999329332211111
192249213999292292
221011102942212949
921000001111111149
291000012222921029
111000019929391011

17 10 23 board_17x10_23_136994_none
00001111110112139
11112911921192949
91192222291123392
11111192232119211
00000112929111100
00000012221100000
00111129211001110
00192293492112910
00112939392192110
00001121211111000

15 6 16 board_15x6_16_137019_none
931211001910019
939291112110011
133421191000011
139910111111029
949310000192139
931100000112921

11 4 11 board_11x4_11_137038_none
22119101110
99222223910
33392399310
19212999200

6 10 9 board_6x10_9_137053_none
910111
221292
293492
949921
933320
111910
001110
000000
000000
000000

5 12 8 board_5x12_8_137065_none
00191
00111
00011
00129
00192
00111
00111
00192
12349
19939
12221
00000

4 19 21 board_4x19_21_137076_none
1921
1392
2492
9931
9941
4939
9321
9311
9219
1122
0029
0029
0022
1119
9222
9229
1129
1111
9100

11 6 15 board_11x6_15_137100_none
99229211000
34921291011
19431122129
23992029229
19492039311
11211029200

16 4 16 board_16x4_16_137117_none
0111293949202931
0192393299202939
0112932234222232
0001291192929119

19 16 65 board_19x16_65_137137_none
9111101110112991000
1229212920192343100
1294923921221199100
1939229323931233211
1232123493949229219
0191019933239229211
0111024449332333200
1121119939939299222
1939212223931222299
2259300001111122343
1949310011113959929
1293921119129999431
0112129111129544921
0000023321111292291
0123229929111322111
0199922221119291000

18 19 93 board_18x19_93_137207_none
001999911939100122
111233222493211299
911110019392191293
234931022422222222
299992019392293291
396695221392399211
294999921332294210
334955922991124920
993359312931019920
344999433211123431
399334999213932991
995223953394993331
595939329434932910
999239223992111232
343234339421000299
191299949311101394
221294239219212939
920111011112493121
920000000001992000

16 18 49 board_16x18_49_137312_none
1999291002920191
3442211002920222
9920112112331191
4920194922992111
9210139922993100
1101249322339111
0001992229111119
0012332292100022
2239219211000019
9939211112210011
3331100019921000
2910000012392110
9210000000112921
2210000011101239
1921211019100192
1129391011100222
0012922221000191
0001111991000111

14 14 26 board_14x14_26_137365_none
13921910000019
94921111121111
29321001939100
11291001292100
01221000111000
12910001111110
92121101912931
11019101112939
00011100001121
11101110111000
19224920191000
11299920111000
11123210111111
91000000191191

11 10 20 board_11x10_20_137399_none
91011101929
22129313231
19129392932
11111212399
00000000293
11100000111
29200111011
29200191129
12222432192
01929991111

9 6 13 board_9x6_13_137422_none
000293239
011393993
129212392
193200122
239212129
921292921

8 5 10 board_8x5_10_137438_none
02991292
02931292
12110111
91112232
11192999

4 6 3 board_4x6_3_137450_none
0011
0129
0193
0129
0011
0000

4 12 8 board_4x12_8_137454_none
0292
0393
0292
1221
1910
1110
1110
1921
1129
2221
9910
2210

4 16 18 board_4x16_18_137463_none
0192
1359
1999
1399
1343
2991
2931
2210
9200
9410
9932
2399
0122
0011
0029
0029

6 19 29 board_6x19_29_137485_none
029910
139421
192291
123432
029993
249599
992349
221192
000111
011100
139211
299329
943921
932210
139322
029399
133322
199211
122291

14 12 29 board_14x12_29_137524_none
19291199100191
11211133201221
00012239212910
11119949229310
19113931129200
11101232111111
00111199310019
11291249921222
29211193229291
92211222011211
11191292000111
00111292000191

19 4 14 board_19x4_14_137557_none
2229100111192111291
9922221291112922921
2212949211002392110
0002992100001921000

19 5 14 board_19x5_14_137573_none
0012921102949100000
1119229102992211000
9222112211332191000
1392001910191112110
0292001110111001910

16 18 73 board_16x18_73_137588_none
1239221119100191
2993939111100111
2944493101110111
1293994322911392
1359449993111994
1999339594322399
2444392339993343
9292922294439929
2424221939113342
9293922242201939
2434943939102249
1992299493211932
2321124933932391
9200002923949321
9300002223943920
9200001934933920
2200001299392110
9100000122211000

8 14 19 board_8x14_19_137674_none
19100111
22111291
91129211
11192100
11111011
91000029
22000029
92222111
29299200
23449200
19933310
13339910
01922221
01110019

5 8 11 board_5x8_11_137696_none
91000
22211
19292
12339
13953
29999
94432
29100

4 5 3 board_4x5_3_137711_none
9111
1119
0011
0011
0019

9 16 38 board_9x16_38_137715_none
921192939
291112149
112121129
112929222
192121392
223221393
193992393
129559339
024992293
019931129
012222221
111139920
912949920
223944420
292139920
921029920

16 18 41 board_16x18_41_137756_none
1292910199100000
1922110122101110
1110122100001910
0000299100001110
0011393212110000
1129432292910111
9129929323110191
2222221291000111
1910000111011100
1222110011129211
0192911129239219
0112111922921111
0011101111110000
0019111211000000
0011129392110111
0000039522921291
2221139911129322
9929129310011291

17 16 47 board_17x16_47_137801_none
12910029211101139
92110029229312939
11000011129392121
11100001121211111
19211012910111292
11392019321293492
00292024932949932
00111019959393229
01110013992211011
01910001333110000
12110000192921211
91000000234239493
11000001399129499
00001111993111239
00001911221112232
00001110000192991

18 14 52 board_18x14_52_137857_none
123211911991000129
399921111221000192
999920000001121211
354310011101929210
939421019223223920
139993121299202920
013594921249201121
001923932921111229
012211129320019392
019211123931123921
123922923939119332
192293392121222299
122229211000192249
019111100000112921

18 12 54 board_18x12_54_137924_none
001394921193911949
001999392249312399
001243424969301932
110019394999312232
910133493232291199
110199311000112354
122349311012211999
299394391129912342
395493922394212931
299312122992013991
139200129322129321
011100192101921100

19 4 10 board_19x4_10_137983_none
9100122111119100000
2211299119111101110
9119222122311001910
1111100019291001110

16 8 27 board_16x8_27_137995_none
0019119129921229
1121111139439392
3920011129229422
9931129222111291
9932933592000111
2239329994110000
0029212494910000
0011100129210000

12 14 46 board_12x14_46_138026_none
000292019119
221293243333
991224999299
221193994349
011212233932
129210019492
293910012492
944220123921
993921299210
495392393100
399439432000
959494992121
139423933939
012911112931

8 19 22 board_8x19_22_138089_none
01393110
01994920
02333920
12911221
92110191
22100222
19210191
12911221
01111921
00001291
00000111
00000000
11011100
92029310
93139910
12922210
12210111
19100192
11100129

7 19 18 board_7x19_18_138113_none
0012991
0019321
0011100
0111000
0191000
0122100
0019100
0022200
1129100
1921100
2331111
1991191
2331111
2910000
9431000
2991000
1221000
1222221
1992991

4 14 14 board_4x14_14_138132_none
1992
3592
9932
9492
1229
0011
1100
9111
1119
0133
0299
1393
1921
1110

4 10 10 board_4x10_10_138148_none
1910
1121
1129
2921
9210
1100
1121
2949
3959
9392

8 5 6 board_8x5_6_138163_none
11000292
91000292
11001221
12111910
92911110

14 14 47 board_14x14_47_138174_none
91129391199311
23293932259492
92922291199329
34210122222111
99221119211122
23929221392199
01122922492122
01222139921000
02992029431100
02992123929210
01232293344931
01129324993959
01921394932299
01110293110122

16 18 49 board_16x18_49_138230_none
0012921212121119
0019229393939111
1222111394392100
9291111239212121
1212392193212949
0001992123912992
0001332019211332
0122393121100191
0199393921111211
1223444229119100
9212999111111100
2912942100000000
1112220000111000
0112921100191000
1292129100122100
9222122200029211
1119119210029339
0011112910011299

17 19 46 board_17x19_46_138286_none
19100029200001910
11100029310001221
00000012921100191
00000001129100111
11000000011101121
91000111012211929
22000191019922221
92211111012339211
29291000111192291
22323210191111111
39219921222100000
99223449219100000
93129399211100011
12139322111100029
01921100019100029
12111110122101121
91001910292002931
22101110293102992
19100000129101239

19 18 71 board_19x18_71_138335_none
9391000192112920029
9312110112913931249
1212922111112943992
0192292910112299431
0112334220191124931
0001992921111003991
0112222291112112931
0191000111193921110
0222001121324942111
1291001929293399119
9321123221324942111
3910199222294930000
9222332299213920000
1129910234323221221
0029422292992911991
2232494944333211221
9949399399119100000
9992222222111100000

19 10 46 board_19x10_46_138413_none
9332111100292000019
2999119210394222121
1232123910295993920
1110019320249954920
1910012911299993220
1232102221945932921
0299112923492111291
1393119349922221111
1932024959311992221
1291019992101222991

18 6 19 board_18x6_19_138470_none
001233210000000000
002999910000000000
112944320001121211
921111910012939391
932211221019349432
129910191011293929

17 5 12 board_17x5_12_138493_none
29219100000001910
29321100122101110
12910111199211121
01121291123911929
00019211001111121

11 6 17 board_11x6_17_138508_none
92000112929
92112293221
11293949311
11294259491
92222939432
12911122929

10 8 21 board_10x8_21_138526_none
0000012999
0000019569
1110123993
2942293593
3999333993
2954929492
1139321211
0029200000

5 18 13 board_5x18_13_138551_none
00011
12229
19921
12210
11100
19211
11291
11211
19100
11111
00029
11029
91011
22100
19111
22219
19221
12910

4 14 17 board_4x14_17_138567_none
9910
4542
9999
9432
1211
1291
2942
2939
2231
2920
3931
9493
1399
0122

9 5 6 board_9x5_6_138587_none
019100019
122100011
191111000
112392000
001992000

10 4 6 board_10x4_6_138594_none
0000000000
1211000122
9293210199
1229910122

17 10 41 board_17x10_41_138601_none
01991019211000122
01222232291000199
00002993232100133
12213995939211129
19912999339329129
12211399222393222
00122233219229229
12399129321113931
93994339911112920
29339293211911110

19 16 45 board_19x16_45_138651_none
0000293929210000111
1100293122911110191
9101332113221911232
1101992192912221929
1101393222111911121
9100112910012210000
1111101221019100000
1129210293121100000
2922921293910001110
9211292233210001910
3310112939101111110
9921001292101910000
2392111332013320000
1212911991029910000
9101111221139322210
1100000000192119910

19 19 86 board_19x19_86_138702_none
1929101922932100000
1121101292299111100
1100000111234229100
9200111111193931111
9200192292223920019
1100239323923331111
1222292294349939210
9399432129949695921
2494992122349499391
9312222921192222322
9410112291111000191
9910192232100122222
2211223949323399329
0112923949399959493
0293394342224943949
0293393992223493293
0129334433992993229
1121399292333249222
1910293211191029219

18 16 74 board_18x16_74_138792_none
110029310001949211
920029921101299319
931124449310139211
239129939910022200
192239433321019100
111294392292122221
000299439323922939
110149594923933931
920029495339493220
952111239945944931
999100139499949991
232100294449694432
110011399293993291
921129432212223931
139229921100013931
029212229100019391

11 5 8 board_11x5_8_138886_none
22100011100
99200029311
39310029391
23910011211
19210000000

5 8 10 board_5x8_10_138895_none
19291
11222
00139
22299
99349
22292
01221
01910

4 18 10 board_4x18_10_138906_none
9920
3920
1110
0000
0000
0000
1211
9291
2433
9299
1222
0000
0000
0000
1100
9100
2200
9100

7 18 32 board_7x18_32_138917_none
0123921
2399392
9954329
3499332
9335991
1294941
1213920
9223210
1399200
1399200
2953311
2939291
1132311
1129200
9239200
4931100
9921221
2211991

10 12 21 board_10x12_21_138952_none
9201939200
9201139200
1100011211
0000111192
0000191129
0111111011
0192221000
1323991011
9392332029
9322291139
2229321192
1922910111

12 8 13 board_12x8_13_138976_none
111029200011
191029201129
111011101921
000111001121
110192101129
910139202931
110029203930
000011102920

16 4 13 board_16x4_13_138990_none
9212910000199291
1292222110133422
0111294920129291
0000294920192211

19 12 34 board_19x12_34_139006_none
0192111910111000000
0113932211291111000
0002939112921292000
0001121119210293111
0000000011100129229
0001110000000012932
0123910112110123229
0299210192910199111
0295310223221233100
0129933391192291011
0013499932112921019
0001933391001110011

15 19 73 board_15x19_73_139043_none
292101992191000
949211393223210
933920249439910
124942399994320
019939955422910
122222399112210
920011223349421
931119101999991
249432212394321
939992291223221
133422933393991
019212129923931
011392123222221
001394392129229
112959922923942
922959411112949
922249311123349
111921292299392
001110129239311

8 8 9 board_8x8_9_139121_none
00001110
00124920
00299920
00295310
00129100
00123321
00192991
00112221

4 4 4 board_4x4_4_139132_none
0011
0019
2332
9991

4 12 7 board_4x12_7_139138_none
9100
1100
1121
1929
2221
9100
2200
9100
1211
0191
1221
1910

11 19 51 board_11x19_51_139146_none
01992193332
13593239999
92992294343
12222493019
00001992011
11012432011
91019291019
12132433111
02939299100
13942222100
93291000111
93211001292
29211002959
12393224992
23949929942
99493223491
95932001932
29391001292
11211000129

18 6 24 board_18x6_24_139204_none
112932239101910000
923992993101122210
249422393221129910
939200112991194320
122332101221224931
001999100000193991

19 5 20 board_19x5_20_139233_none
9221292239211112991
2929213993911923931
1122212943111393110
0002921291000293221
0002920111000112991

19 6 20 board_19x6_20_139255_none
1139311921100122100
1939922239201299111
2222239229311932119
9100139322912220122
1100193911111910192
0000112110001110129

15 16 50 board_15x16_50_139278_none
000122101111991
001299113921221
001943229920111
001292294332392
011212933929939
249212229222232
999329332100139
234932991001299
014931232112949
129931129129321
922392293239310
110239223922910
001292119322110
111921011392111
911121100292191
110019100111111

12 19 61 board_12x19_61_139338_none
121119393939
949212934931
299322392110
134949422011
019399391019
121334321011
933392910111
399922110192
969420001349
993921101992
333239211221
293396921110
495999932910
999333229431
232111124991
000019119931
000012333210
012333993221
019999339929

7 16 16 board_7x16_16_139413_none
9210011
3920019
2931111
1139200
0029311
0011292
0000129
0011222
0029391
0029311
0011100
0000000
1100000
9211121
2911939
1111292

4 10 8 board_4x10_8_139432_none
9291
2311
9100
2311
9392
1392
0111
0011
1129
1921

4 8 7 board_4x8_7_139441_none
0000
1100
9222
1299
2443
9992
2339
0011

4 4 4 board_4x4_4_139449_none
9100
1211
1392
1992

6 6 5 board_6x6_5_139454_none
111000
192221
113991
002931
111110
910000

12 18 58 board_12x18_58_139460_none
001129112921
001932219493
112129234599
292232299959
922991124931
221221002220
920011101910
920129102231
110193322939
123322992394
199932232399
235992129222
193492294221
359322393939
999339422139
394949921121
344394922920
999212112920

17 19 55 board_17x19_55_139527_none
19292991000000000
11213332110111000
00001922921392000
11212129229393100
29292222122329111
92229291029212229
22011211029311921
91001110012922321
22101911112239291
19212122922932211
11291019492291000
00122112932222111
11119101291293393
19111100111399399
22200111000293333
29210192110111191
94910112910001221
29221112221102920
11119119119102920

18 18 46 board_18x18_46_139591_none
920000001110000000
920112111921111100
111292912239129211
001933222921249539
001129119320199992
000011123910123332
001110029310011229
001910029200019392
001110011100012921
122100000000001121
199100000111000129
232100000191000192
910011211123321111
110019391019991000
000135943122322110
111199992910001910
191123433110112110
111000191000191000

19 14 39 board_19x14_39_139642_none
0000019100192291111
0001121100129332291
0001910000012939211
0001110000001293210
0000000000001222910
0000011111112922110
1110129119119492110
1910192111112933921
2231211111112129391
1929100192291012332
2332100129332112939
9492001122929119239
9492001922121111222
1211001291000000191

19 10 41 board_19x10_41_139683_none
2322121100294229292
9992939100399932329
9422393100395229222
2210293111493011291
1911239119392011211
2221921111211029200
1922111121111129200
2391112929129323221
9321192132229394939
2910111019111229931

18 4 14 board_18x4_14_139734_none
011101911129393921
019322222921394229
013991193210129111
002931129100011100

15 6 12 board_15x6_12_139752_none
000192101392011
011229101992019
129223211221011
921292910001110
110112110002920
000000000002920

14 8 16 board_14x8_16_139766_none
00011100000000
00019211000000
00011292110122
11211123921299
29392129391293
92392192211222
11122222100191
00019119100111

11 12 29 board_11x12_29_139784_none
22100001291
99221212921
23939493121
12239493129
19332239229
12993129211
12399111211
93233221291
93911929432
12111122991
11011101232
91019100019

5 19 17 board_5x19_17_139815_none
12910
92121
22129
93393
99392
33222
91029
22029
91011
22100
19100
11211
00191
00111
11011
92129
12921
01110
00000

4 16 9 board_4x16_9_139839_none
0011
0129
0193
0129
0011
0011
0019
0011
0000
0000
1100
9200
9200
1111
2229
9921

7 4 6 board_7x4_6_139851_none
2211292
9911939
2222221
0019100

15 12 43 board_15x12_43_139861_none
129111212921000
932219494391111
129113999333391
121113943939931
931119211149920
949122200029310
395329211122221
499922922912949
994322129212992
221191133202331
000123499101910
000019993101110

19 19 55 board_19x19_55_139910_none
0000000292000199111
0000000292111122119
0000000122291001121
1110111019211112910
1910192111211193220
1111349211192224920
0001992291139339920
0012321111029949410
0129100000013359411
0192100000001939391
0111000000001121222
0000000000011100029
0001110000019101149
0012910000123211939
0139310011292911232
1299211229212221192
2943119293210191129
9591122323921111011
9921191192291000000

19 19 50 board_19x19_50_139971_none
9311910191000019111
9921110222012332119
3920111293139991011
3320292294939421011
9910292129221100029
2210111011211011129
0000012210192129111
0000019910112921100
0001122210002220011
0001921100001910029
0001239210113220039
0011294920192910029
0019213932222110011
0011101292910000111
0001110112221111192
0112910000192291129
0192110000112932111
0111001110001129100
0000001910000011100

18 12 54 board_18x12_54_140025_none
000191199910019299
000111139421012349
110111122291001932
910292292234212392
221393393399922939
912949212995493221
222942201239339211
921129100123392392
921233210192922392
233993931213333931
199544959201993920
123992299201222110

14 4 10 board_14x4_10_140086_none
00029311019920
01139392113931
01932329101129
01129111100011

10 5 7 board_10x5_7_140098_none
0001111221
0001911991
1222122321
1991019111
1221011119

9 6 10 board_9x6_10_140106_none
110000019
921112221
239339921
922994491
111239211
000011100

7 10 17 board_7x10_17_140117_none
0001299
1101932
9222210
3939311
9239391
1112321
0001932
0113399
0293959
0293139

6 12 19 board_6x12_19_140139_none
922392
394992
299432
249329
294921
295320
249921
939492
121229
000011
011100
019100

4 18 15 board_4x18_15_140161_none
1910
2331
2991
9321
2200
9200
9311
9219
1111
1110
1910
2331
1991
2432
9291
1322
0292
0292

5 16 17 board_5x16_17_140178_none
00191
00111
00011
00129
00294
11299
92122
92111
22191
92211
29100
22211
39219
99422
39492
11392

10 6 13 board_10x6_13_140199_none
0199991019
0139432111
0011119111
0111012339
0191012993
0111019339

15 4 9 board_15x4_9_140215_none
000019101110139
000011212910299
001110192111393
001910111001921

19 14 66 board_19x14_66_140225_none
0019932210191000191
1113939942212110111
9201235999101910122
9211293994101111299
2229213492011112943
1932202942019129592
2249324992121239949
1959699322910193493
2399993101232211393
9234433211299201392
3339329922949201932
9949394339221101291
3943422922210000222
1129911111910000191

19 16 65 board_19x16_65_140303_none
0129910011100011100
0193210139211119100
0111000199319222111
0000122239211392019
0000199112210292122
0000133313942323291
1211029495999392921
9391029949954934320
9422012393339229910
1291111222193234420
0122291192323929910
0019322129293223320
1232291122229223910
2992123391011399332
3992019932121393399
9321013921929211293

19 19 53 board_19x19_53_140376_none
1232100000000199949
1999100000111123399
1233210011392011233
1101910019392019339
9101233221211012992
1100199920111001221
0000124920191001110
0000001110111001910
1100011111101122210
9211119119101929100
9219221111101121100
2222910111001110000
2911221293101910000
9210191299212110111
1211122233391000292
0192129219212121392
0129239211101929211
0012932100012232200
0001291000019119100

15 14 55 board_15x14_55_140436_none
939239422910000
943939992110011
294344543221119
239929939929332
944324953333991
299225992292221
122399949322000
110294332291011
921322292111029
139494492011129
139599922129111
193933212942100
222222113992100
910192912949100

9 5 6 board_9x5_6_140502_none
019211000
011291000
000112110
012222910
019929210

8 4 4 board_8x4_4_140509_none
19101110
11101910
11112110
91191000

6 4 4 board_6x4_4_140514_none
001910
002331
001992
001239

4 10 10 board_4x10_10_140519_none
0019
0122
0191
0111
1211
9492
2993
3593
9939
2221

4 12 11 board_4x12_11_140531_none
1100
9200
9411
9391
2432
2992
9349
1129
0011
1110
2910
9210

8 19 31 board_8x19_31_140544_none
01221019
01991011
01332000
00191111
00122392
11019493
91012593
22102992
19102931
22101121
92000139
92111199
23392232
19922910
12211110
00111122
01292399
12934993
19393931

9 18 38 board_9x18_38_140577_none
002920011
013920019
029310022
139200019
293211011
394292121
399323929
959319221
249211211
295421292
299992292
245592111
199322110
123911921
002222392
123912949
299213941
932102920

12 12 37 board_12x12_37_140621_none
019223339210
132399993921
939449433339
139394339392
012449939422
112994332392
912993192493
111392129593
000222012992
110191002331
910112122921
110001929229

19 4 16 board_19x4_16_140664_none
1991192129119921110
1332223921113922920
0191192110013333931
0111111000019929391

18 14 45 board_18x14_45_140683_none
002921121113942100
002921939219999100
001111249322493100
011100193911221000
019101233211910000
011101939202220000
000112139313920000
110192121293921121
911222910113222939
222933222211923942
293299129911293392
493122129310239229
992000022311192111
221000019291111000

17 18 40 board_17x18_40_140733_none
11001910191001110
91001110112122921
11111000001929391
01291001111233321
01921001910192921
12110002220112291
92000001910111122
92000001121291019
11011100129211011
11019100192100111
93111101221000292
99100012921000393
33200019491011392
19210012921019211
12921002231111111
01291001929100019
00111012332100011
00000019291000000

15 19 50 board_15x19_50_140778_none
111011212110011
292019393910019
493013949210022
993103942210019
349212921933332
933911122399991
292110129223321
122100192100000
029211322000011
029219292110019
232111212921111
991000112249311
931001291299391
331001932494222
991001129393119
221000022329222
000000019222291
001110011291111
001910000111000

12 19 57 board_12x19_57_140832_none
193911921111
249311292291
949300129322
249200011393
192111100299
111029311122
000029391000
000122212121
012391112929
129921294332
194421399292
139493393339
149594921192
949439210122
943921100129
129221223392
012239599942
012949996949
019239593292

11 18 52 board_11x18_52_140892_none
00000192291
00011229443
01129222999
01933922343
12393393292
92394393949
92299224593
34443119992
99992123421
45449329211
99339493391
49393922921
93312111121
29111112229
33229219921
99129322321
22123910192
00019210129

9 14 31 board_9x14_31_140954_none
001921000
001293321
111239991
922934942
129339391
012922432
122211991
929101332
243200292
199200292
259311211
199429100
259943310
199939910

4 4 3 board_4x4_3_140989_none
1291
2921
9210
1100

4 8 9 board_4x8_9_140993_none
9910
3431
1991
2321
9200
9322
1299
0139

5 10 11 board_5x10_11_141009_none
00191
12221
93921
29491
12932
01129
22222
99291
33211
91000

6 12 12 board_6x12_12_141022_none
910000
111110
001910
012210
029200
139200
942311
939291
133532
019991
123321
191000

7 14 14 board_7x14_14_141035_none
0000000
0111000
0192110
1223920
2922920
2921232
1110199
1221133
1991019
1221011
0111011
1392019
9392011
1211000

9 18 23 board_9x18_23_141051_none
111911910
921111110
931101110
129212921
011293493
000129399
001121222
002920000
113920000
192221000
111192222
000129299
000011233
000000129
000000192
001110122
001911129
001111921

15 18 68 board_15x18_68_141078_none
239229399933210
994932394399910
394391222123321
124931294211291
019920299912931
122321139312920
910191011101110
220111122100000
910111199100011
233393333211239
199959911922993
235969422229593
923969319222949
292299212933349
343223211299293
999101910233229
493212110191022
921191000111019

19 8 21 board_19x8_21_141157_none
2322910000000191000
9992110000111122100
3422122210191029200
9201929921211029200
9201233229100011100
1111293221100001110
0019229921001111910
0011112391001911110

19 4 20 board_19x4_20_141179_none
2991012391192119910
9432119943229233421
9229323399112939291
1129391122101292211

17 8 28 board_17x8_28_141204_none
00000001222911910
01222111993211110
01993912359200122
01394232959300299
01222929399200293
02921232233200122
13920193229100139
92110129921100199

14 14 26 board_14x14_26_141237_none
00112221012229
00192991019931
00112332013931
01111291112291
12912932291111
92113931921000
11002932111110
00123391001910
11199211012210
91122100019100
12110111012210
01910191002920
01110111002920
00000000001110

11 18 35 board_11x18_35_141267_none
39391000191
99311000111
33200112232
19100193999
22211239543
19119129391
11111111211
00000111000
11211192100
29292229100
93239321100
92029921000
11023491000
00129211111
00193200191
00239222333
00192399299
00111293222

6 18 26 board_6x18_26_141306_none
191191
221222
932391
939943
133599
129393
932433
129299
011349
000192
000111
111110
922921
139592
029492
121211
931000
991000

4 8 4 board_4x8_4_141334_none
0000
0000
0011
0029
0029
0022
1119
9111

5 4 5 board_5x4_5_141339_none
19221
12929
01243
00199

12 14 26 board_12x14_26_141346_none
000000191191
110011212221
910129101910
221192112210
293222239100
293911992100
224332222110
192991001921
112221001239
111011101292
191019101932
223232101129
192991000022
112221000019

14 16 38 board_14x16_38_141373_none
01932392192100
23399392129211
99233423121291
22119292910122
11122213220019
91192111922221
11112911129910
11112210012210
19229223210000
11292299910000
11211123221222
19111100019299
11119100022339
11111100129111
19211110192111
12911910111019

19 16 54 board_19x16_54_141419_none
1110001910112110000
2931101110192921100
2949311000113349100
2249391000001993311
1921211000001239292
2210001121100011239
9101111929111100029
1212912231119100011
0193322910011100000
0239393221011100000
0192392191019332100
0223221223122999310
0192921293922249921
1213239339592124491
9312932394992193931
9392291293221113920

17 4 18 board_17x4_18_141479_none
11011291129922921
91019223394594391
22011229922999322
91000193211249219

9 12 16 board_9x12_16_141501_none
001991011
001221019
000111011
000191111
001222292
001922949
012239492
019129322
011122219
000019222
000011292
000000129

