11 19 44 board_11x19_44_284157_none
11111111100
19119229211
12222921291
02921110222
02920000192
12110000239
92111211293
29229392292
12392392111
23922221000
99322931000
34912992111
19322349119
11392193211
23492139310
99921029921
96421012239
99391000139
39311000192

16 18 68 board_16x18_68_284206_none
0012911910002959
0019211110003999
0133200001112979
1299100123922299
2933210199391122
9321921222222100
2911129101239210
2210011101993910
9321111102332221
9939119102931392
4952111213939494
3993100193231399
9499223445920233
1222299999952291
0000149944999222
0000039521233229
0001139922112931
0001922392912920

19 10 26 board_19x10_26_284286_none
0001111129910000011
0001922922210000019
0002392111221000011
0001932002991000000
0001392113931000000
0000292293110000000
1100111393000011100
9100111293100029321
2211291139201139929
9119211029201922221

18 4 20 board_18x4_20_284315_none
000011291192139310
001139322212939921
123959439312232392
199399939911910129

11 16 32 board_11x16_32_284336_none
00000000000
01110000000
02921110000
13921911110
94332111921
93992101239
12249200193
11029200239
91122100192
22292001232
91293111939
12222911292
01911122321
12333229910
29299933310
92239329100

10 18 37 board_10x18_37_284371_none
0000000129
0111000193
1292110129
9223921011
2229492121
2932922939
2932122239
1291019222
0112121291
0001933321
1223399910
1993933210
2449332100
9294499100
1339932100
1293221100
9212139311
1101939391

4 14 8 board_4x14_8_284415_none
1110
2910
9210
2210
1910
1110
1121
1929
2232
9119
1111
0000
0111
0191

6 4 6 board_6x4_6_284424_none
910000
221111
392292
992292

10 8 12 board_10x8_12_284432_none
0292001110
0292001910
0112111110
0013920000
1119931111
9112229119
1111112232
0019101929

11 10 15 board_11x10_15_284445_none
00191019100
11111011100
91001110000
22101910000
19211110000
13920000111
02920012392
12210029939
19210039421
12910029200

14 14 34 board_14x14_34_284463_none
29291019101110
92211011102931
11000000003959
01221000002993
01991000001493
01222110122392
11101932299311
29211299239321
93910122112929
13221221001121
01912991001110
12112931112910
91001121393221
11000019392191

15 16 50 board_15x16_50_284499_none
001239211139200
112994391199311
192399433222292
221139499111229
910023593129211
110019933239311
221123229922493
991192112322999
453239200193359
999239311233921
233922911929210
001112221122210
110001910112910
910112111292121
110191001922129
000111001111921

17 19 82 board_17x19_82_284556_none
92119119111292921
29111112229212292
11100001933321129
01121223392993111
23929399323499332
99432394911933999
39391113232212342
22422001939102931
19291013492224991
34421019931199321
99921134932343111
95932929392992119
23294331223339221
91129910029322921
11124320029933492
22293910013992993
99239432112333492
33239499119229321
19129322112922910

18 19 89 board_18x19_89_284659_none
111191292019100129
192211292011112392
249200111111129921
199311001393293210
122291001995921111
000122101499320292
112239322395931292
192995992934992122
112239943493393119
110012229392129111
921121122312132311
933939119112939492
294953333329594993
113949939943993493
111139933993432292
921133311239291233
942939210022322299
993495921239219222
932999229299211100

18 19 86 board_18x19_86_284758_none
029322223991001929
029399599321112132
011349993111292239
000296931019323992
000299431011293321
012334992111239100
139923993291193221
939493459322123949
121335993292119399
000199994229122322
000245599111119100
001299233311122222
001932129392392199
002332139439393243
111993942293423949
922323992239292399
349101223932321293
993211102921910122
239119101111110019

19 19 74 board_19x19_74_284854_none
1221000112911910019
1992100294212231111
1239210299101929210
0023910233101233921
0019331291111193229
0013949321193339122
1112993921339921229
1911334239293321192
1110192932212293321
0000112292101939910
2321011229101122221
9992229122200000029
2339292119100000029
0134422132200001121
1399911939100112910
9394223492101293210
1322029933112959210
0191029492935993932
0111011212299932299

18 6 27 board_18x6_27_284942_none
000000019100000111
000001122332211293
011113943999292399
129119999454423959
193223954939924941
112911129393229920

16 4 17 board_16x4_17_284972_none
0019223939929321
0012939932234992
1101249311129949
9100192101922221

9 10 13 board_9x10_13_284992_none
929100000
121111100
000129100
111192100
291112110
921001910
342101110
999100000
394221100
112929100

7 14 20 board_7x14_20_285006_none
9222291
3499211
9932222
3310299
9221393
2929211
1132200
0019100
0011100
1100000
9211000
2392100
9449210
2993910

4 19 19 board_4x19_19_285029_none
1232
2999
9459
2393
9239
3339
9931
3931
1292
0239
1292
2931
2920
1110
1221
1991
1221
0000
0000

4 16 9 board_4x16_9_285054_none
0000
0111
0292
2493
9949
4931
9210
1100
0000
1110
2920
2920
1110
0000
0000
0000

10 4 10 board_10x4_10_285064_none
9932212221
2499292991
1394322221
9212910000

15 6 12 board_15x6_12_285078_none
111123910019119
192299210011111
129333100000000
011291011100000
110122119210000
910019112910000

16 8 18 board_16x8_18_285091_none
1101911911929211
9211111111121291
2921222101110111
2239299101911121
1932322101111929
1129210000001232
0012910000000192
0001110000000129

19 16 79 board_19x16_79_285112_none
9329211123999100191
9493392299454322222
9312939343499399339
1101122929495944992
0112222122939393321
0192992001121339211
0124694100000192291
0029999100001222332
0029942223223921992
1112321199939921493
9100191149549422392
2200112259933492932
9200001999329922129
9311013442112321122
2391019931012392292
1921013991019939229

18 18 44 board_18x18_44_285209_none
011111101110000000
019119102920011111
121111102920019339
910011101110012992
111129101110001221
233922211910000000
999321911110000000
234921221000001110
002920192100112910
001221129101294431
000191011101949991
000111001111295931
000123212931129210
221199912992222100
991123211239392000
221000000011393110
000000001110123910
000000001910019210

14 8 29 board_14x8_29_285254_none
92212291191111
29293921111191
23339320000111
92922921111100
34322239119221
99493393112939
99499593012493
22223992019392

11 5 13 board_11x5_13_285286_none
01910191129
01111332193
12212992129
19922992022
13921221019

5 8 7 board_5x8_7_285303_none
12210
19921
35439
99921
34310
19100
11100
00000

4 10 9 board_4x10_9_285311_none
2910
9210
1222
1299
9222
2321
2991
2931
2210
9100

4 19 16 board_4x19_16_285321_none
9111
2329
9293
1339
1292
1921
1121
1129
1932
1392
0292
0122
0129
0192
2321
9910
2210
1110
1910

9 14 27 board_9x14_27_285343_none
000002920
111002931
294211291
299910111
355310000
999100000
243200122
019210199
123931249
922939139
943222239
299322921
123993220
001222910

16 4 11 board_16x4_11_285381_none
1910122111101110
1221199119101921
1291122111212249
9211000000191199

17 4 9 board_17x4_9_285393_none
11100000012910111
19100011119321191
22200129122391111
19100192119211000

19 10 47 board_19x10_47_285404_none
0124949201299291011
1299949201944422129
9323222212249934931
9200001911939499920
1211112233233544221
1291191199219992239
2922221139213559299
9223920022201992222
2219930129112332100
9113920192119119100

17 19 48 board_17x19_48_285466_none
01232100012339111
01999100129992119
01243200295942122
00019100293293391
11012221211129921
91002939100012332
11002932210000299
00112111910000293
00191012321001232
11111019391001929
92100012921001121
39200012321000000
29200019292110111
11100011212921191
00000000001291122
00000111001332019
01110191113991011
01921222293942000
01129119212291000

16 19 42 board_16x19_42_285523_none
0001922110001291
1101292921113931
9200112239119920
9311011393113331
1291019392001929
0111011323222121
0111000192991000
0192111233321000
1323911939100000
9292122392111111
1211019211019119
0000011100011111
0111000000111000
0292000011291000
1392000019211000
9211001232211000
2200113991192100
9100193931129210
1100112110012910

10 12 32 board_10x12_32_285569_none
2399100019
9954201243
2499101999
1495212464
1993911999
1333112453
0192111991
1223922332
9329229119
9492111222
2943101291
1299101921

5 4 3 board_5x4_3_285607_none
00293
00299
00122
00000

4 4 3 board_4x4_3_285611_none
0111
1392
1992
1221

4 10 11 board_4x10_11_285616_none
1110
2931
3993
2999
3442
9921
9329
2221
1910
1110

10 19 29 board_10x19_29_285632_none
0000001121
0000002949
0000113949
1110192121
3931211011
9939100019
2221111111
0122229111
0199392129
0139311029
0011101232
1100012991
9100019321
1100011100
0000000000
1110000111
1910122291
1221199443
0191123999

12 18 46 board_12x18_46_285667_none
192222911221
223993221991
193322922432
139201139391
139323239311
921299921111
110124331119
000001929111
000002232210
001122922910
002949339221
002995921119
122599320122
939494910192
249312221129
931211192232
920191224991
110111193931

15 14 55 board_15x14_55_285720_none
911929293921392
123442213921992
129991002221343
193321001910199
233100001121222
199322122239421
235993939939991
193994395432332
223223949910019
292234932321011
932999332291000
944453399321011
399929234922129
933221119392921

16 12 50 board_16x12_50_285785_none
1991001932101921
2332111299312139
1923931249392139
1129992292224942
1123422921029991
9219211121239432
9212910129394229
1112210192494921
0029200122393121
0039422229323239
1249499393394992
1992393392294931

19 4 14 board_19x4_14_285841_none
9299100000192991199
1223210000123321122
0002931111129200000
0002939119129200000

18 10 46 board_18x10_46_285857_none
992222101991001129
959399201332112921
394979410191192110
934999910111222000
292233210122291000
112110112299211111
123921292944333492
929922943494999992
122334949499334431
000199239322101910

10 19 34 board_10x19_34_285912_none
0029311000
0029392221
0122212992
0191001349
1211000193
9200000129
9312110011
1292921000
0112291000
1100111000
9211012210
2391019910
9311012210
9300012221
9311119949
9339213992
1299311221
0234911221
0192111991

8 18 34 board_8x18_34_285950_none
91001221
12123992
12929949
29322232
29200029
22100139
91012493
23129992
93933321
39692000
29993221
24643992
19992392
12321111
11111111
92292191
92292111
11111000

7 16 29 board_7x16_29_285989_none
1121291
2939543
9239999
2335694
9399939
2494221
1921000
1221000
1291000
1932211
1129391
1112921
9112321
2219292
9322339
9391192

4 6 3 board_4x6_3_286025_none
0000
1110
1921
1291
1221
1910

7 8 14 board_7x8_14_286029_none
9221111
2929229
1233393
0194949
0129931
0012221
1211029
9291029

10 14 25 board_10x14_25_286044_none
1111100000
9239200000
2399211100
2933229222
9211921299
1212110133
0191111019
0111192222
0011229392
0129123693
0192119992
1222112432
9129200191
1129200111

15 19 50 board_15x19_50_286071_none
011100000012921
019100011129591
132211119129921
929119111112221
232122311000029
191019293211139
112132439921921
001949495921110
001299493111110
000122212111921
111000002921129
292001123920011
292001929321011
111001121393129
011111100395931
239119100294920
992111111212110
453111119111111
999119111119119

16 19 64 board_16x19_64_286126_none
1299100001392192
9343200012994249
3939100129695959
3953210193995993
2992921123493392
1234491019321111
1119921013920111
9112210002920191
1100012211221222
0000019910192291
1101122211239322
9201910001921291
9301111111222221
9300002932392910
9411112939933210
9912922233449111
2212922921992229
0001123921232292
0000019210019211

19 8 23 board_19x8_23_286200_none
0029211211002939100
0029339391013931100
0011299311129321011
0000122100192291019
1212110000111111022
9393910111000000019
9329321191000001132
1111291111000001929

18 4 13 board_18x4_13_286226_none
911910000011299210
112220000129223910
122921100193222210
929229100112929100

15 6 24 board_15x6_24_286241_none
239211299100000
993923943210000
332239932911110
921294493222910
392392394293321
939211293939291

12 10 26 board_12x10_26_286272_none
113920292122
293931292199
933291112343
391111112992
932221192249
921992111029
343493110011
999313920000
249202920000
011101110000

5 19 24 board_5x19_24_286304_none
91000
11000
00011
11119
39322
99491
96931
49920
99310
33200
19111
11129
00139
00293
11392
29322
94491
29942
13939

4 12 8 board_4x12_8_286333_none
9100
1100
0111
0191
0111
0000
0000
0000
2221
9929
9442
2929

4 10 6 board_4x10_6_286342_none
0000
0000
0000
1110
2931
2991
1332
0192
0239
0192

9 4 9 board_9x4_9_286349_none
122992221
929323991
232213931
191192110

17 16 40 board_17x16_40_286360_none
99100011129491011
33211119129921019
19119111223321011
11111100191191000
00001110111222000
00001921100191000
00001129212221111
00000011292910191
11000000112221111
91001121211191000
11001929393343111
11102242493999219
29101929212249211
93102231100011100
93112931000111111
12912991000191191

19 16 65 board_19x16_65_286403_none
1293910192101993121
9339211239101393929
2921102931112434231
1110002921129993921
0000002221922459329
0012211912220199211
0019943333921222100
0013999399449212210
0001249559499229910
0000012993493129420
0000002349211012910
0112222921100002220
0293992221112222910
0395433291293992110
1399392921394221122
9223922110292000199

16 6 17 board_16x6_17_286474_none
2210019321000019
9910012992000022
2211122493110129
1212939212910192
9292394201110111
1211299100000000

15 5 15 board_15x5_15_286494_none
011119299100000
129221222222211
932921100199392
921129211343392
110012911991111

10 5 12 board_10x5_12_286512_none
1222222991
2992992232
9323342129
1102939129
0002931111

5 14 11 board_5x14_11_286527_none
12991
19431
23910
19210
22211
29219
39211
92100
11000
11000
92000
92000
11000
00000

4 18 15 board_4x18_15_286539_none
0019
0022
1139
2939
9321
9200
2210
2921
9491
2921
1110
0000
1121
1929
2242
1929
1232
0191

4 19 18 board_4x19_18_286555_none
1929
1121
0111
1392
9492
9311
1211
1292
1949
1292
0111
0000
1222
9399
2932
1221
2392
9939
2221

4 19 20 board_4x19_20_286578_none
2210
9931
5991
9931
9420
3920
3930
2931
1291
2321
9931
3992
2492
1921
1110
1100
9211
9219
1111

8 10 11 board_8x10_11_286602_none
00019111
00122119
11292011
91293110
11123910
00019320
12122910
93911110
29210000
11100000

15 4 15 board_15x4_15_286616_none
019119299939200
022222323239322
029219100133499
029211100199393

18 8 21 board_18x8_21_286634_none
000011100012991000
000019212239332211
000012392994229291
000001922393933321
001112231212393910
001911929100293110
111111122221211000
910000001929100000

19 18 83 board_19x18_83_286657_none
1121299392929212291
3959569523231292932
9999999911910124593
2444495311111239999
0192239210001993594
0113944931012332392
0003993991019119211
0002933453112222210
0112111999212911910
0293123453394432110
0293929939349991000
0113232494399421011
0012910399333211019
1119321293291192122
9122392211122339119
1119229222119292111
1122222499232311000
9119119394929100000

16 16 37 board_16x16_37_286756_none
1100019239211211
9223222939219291
1299912231111211
0234211910000000
0191001110001110
1322111000001921
9292291000001291
2329211000000111
9111111111100000
2211119119101110
9129222211102931
1139329322102939
1139229399101121
3931111333100000
9920000191000000
9310000111000000

10 6 15 board_10x6_15_286797_none
1221191011
1993211139
1499421299
0299991293
0234321122
0191000019

4 6 4 board_4x6_4_286814_none
1110
1910
2220
2910
9321
1291

4 14 11 board_4x14_11_286819_none
0000
1110
1910
2231
1929
2231
2910
9321
1393
0299
0233
1291
9322
1291

7 19 28 board_7x19_28_286831_none
9100111
2211291
2943921
3999210
2942100
1111221
0001991
1122332
1929129
1133339
0029921
2239310
9921100
9310000
2210000
2932321
2939992
1133693
0019392

15 8 29 board_15x8_29_286863_none
000111299119129
001291394111239
113931292000192
194931221011322
124921921019291
129223592011222
943349992000029
992999421000029

19 5 14 board_19x5_14_286898_none
0001921119100001110
1111129111100112910
1921023310012392110
1291019910019933121
0111012210012392929

18 14 63 board_18x14_63_286914_none
110191029219393991
910111149433924941
221001399929323941
291012995332923992
922129322933229492
222922222399222311
192111929349219100
221113342293322100
921393991139391111
129495321039521191
121399201139920111
910149312934920011
121239219393222339
019292111229119992

14 19 46 board_14x19_46_286986_none
91001110191029
11001910111029
11101111110122
19100112911291
22212292223931
91192921193920
12222110112110
01910012322110
01110019992910
11211013543121
19391123992019
12932199592011
12291139311000
92122111100000
92029311000011
22129391001139
19111211001939
22112332212121
91019999291000

6 8 12 board_6x8_12_287037_none
112920
924930
129931
012229
001132
113949
293992
922221

4 6 3 board_4x6_3_287051_none
2221
9929
2221
0000
0000
0000

8 16 33 board_8x16_33_287055_none
00011100
01139211
02959319
13949211
19332100
22492000
29593000
94994211
24999291
29442222
95932229
95939931
93123931
11112292
00293239
00299129

16 16 44 board_16x16_44_287095_none
0011100000111000
0019111100191000
0022229310111000
1119129920000000
9221113920001110
3921001111122910
9592000001939320
3993011102393910
9594129101922121
1393921101221019
0113232222492133
0001929929992199
0112123334942343
1291001912921991
9211002233321221
1100001929910000

18 10 48 board_18x10_48_287142_none
111123391011100000
192399953229100000
333996999293211100
994349343449219211
495942119399212493
395991013942102999
949422112932335963
139212933229999939
011119499223444221
000012932291191000

19 6 29 board_19x6_29_287196_none
2911921111012211910
9211292291019921110
1212223942124920011
1395923949229210029
9499922943394311139
1394211292939911921

19 5 20 board_19x5_20_287228_none
3993100012992000000
9999100019493110000
2494210122212910000
2333910192102331000
9929210129101991000

19 4 10 board_19x4_10_287250_none
2210012910000111000
9910019320011291000
9310012911129211011
1100001111921100019

12 16 49 board_12x16_49_287262_none
999129329210
942239943921
110195959349
000124992299
110019321133
920022211229
920019119392
111132212921
001939223431
112294949991
191129399931
111022339310
112129112210
293921102942
394110113999
292000192249

6 18 18 board_6x18_18_287325_none
111910
911110
110000
011211
019291
011211
112110
294920
949931
294329
129111
011100
000000
110111
920292
920292
111332
001991

4 10 10 board_4x10_10_287345_none
9100
1211
0292
0393
1493
9492
3921
9210
2221
1929

6 4 3 board_6x4_3_287357_none
001999
001232
000000
000000

7 5 6 board_7x5_6_287361_none
0111111
0192291
0223932
0192139
0111029

14 16 46 board_14x16_46_287368_none
19211000000000
11291000000111
00112233210191
00113999933332
00294943499929
00294220294332
01222910112392
01933221223993
12399239399339
19223939322111
22212221100000
19229100112110
12932100193942
13391000124999
93932121129593
13921929129311

19 18 70 board_19x18_70_287422_none
2921921100011129200
3921239100019129311
9221292212132211291
1119322192939200111
0011393323139200000
0001399492011100111
1112944993232101291
9229594332999101932
9229493911494212139
1123422110293292139
0019921011334933921
0012391129299492221
0111111192234921192
0293121212239321129
0294939101992291011
0113942112332323110
0002392239119392910
0001922992112922110

18 5 13 board_18x5_13_287503_none
299101991111001110
393101221191001910
921000011211001121
110112129100001129
000192921100001921

15 4 10 board_15x4_10_287518_none
111293910011100
191293121119210
221112129223910
910001921292110

10 10 26 board_10x10_26_287529_none
1100123392
9100199939
1112333332
0029931192
0029991249
0023432299
1129239322
2932399310
9229224942
1111102999

5 19 13 board_5x19_13_287561_none
01221
02991
03941
02920
01110
00000
01110
01910
01110
00011
00019
11011
94321
99991
34321
91000
11011
00019
00011

4 19 14 board_4x19_14_287576_none
9499
9932
2210
0000
0000
0000
0011
0129
1292
9211
1100
1111
9229
3932
9229
1222
0191
0111
0000

4 14 15 board_4x14_15_287591_none
0000
1110
1910
2210
9111
3329
9932
9592
2959
1299
1232
1921
2349
1992

4 12 13 board_4x12_13_287607_none
2931
2991
1221
0000
1110
2920
3920
9331
2939
2494
1999
1393

8 5 5 board_8x5_5_287627_none
11211111
19291191
11211111
01121100
01929100

16 10 38 board_16x10_38_287634_none
1993299329921000
1399239922391000
0123333222321000
1122991029921000
1929322139692000
1121101922993100
0011101234449111
1129101299921119
1933323954321233
1292993939119299

19 19 65 board_19x19_65_287679_none
0192921019221100019
0112291012929100011
1110234211121100000
1922299910000111111
1292944210001392191
0113391001122995321
0123921013939499932
2399210019953323399
9933210012399100233
2222910000244311191
0019210000199391111
0011100000139311111
1100000012221211192
9100111019911291249
1100293122211921199
0000293910112111232
2210112110293222910
9921000001495992121
2391000001999321019

18 16 77 board_18x16_77_287750_none
129102939321011129
192113943992129249
112139592222921299
002959932012332333
113994592129399291
293332993393393211
922911344993221122
111221199322910199
221191244202342333
992211199113999291
459111222239993211
993219100199532111
979322112349329229
999392239933933932
393212993229493291
111001221011392111

16 10 27 board_16x10_27_287842_none
0129100019211000
0193200011292211
0139201110239391
0029201911293932
0122101112943229
0191000002939233
0112121113331299
0113949229910122
0193992293210111
0112221111000191

10 4 8 board_10x4_8_287874_none
0191019119
1333122221
1992922910
1222129210

7 6 11 board_7x6_11_287885_none
1911939
2211393
9200293
9311239
2391192
9211111

4 19 13 board_4x19_13_287897_none
1119
9211
9200
2210
1921
1129
1121
2921
9229
1111
0000
0000
0011
0019
2221
9910
3421
9291
1211

9 12 19 board_9x12_19_287913_none
191000019
222110011
922921122
393291199
292111133
112110019
001911121
123211921
199101291
122101221
001223920
001993920

10 10 15 board_10x10_15_287934_none
0191000293
0111000299
0011100122
0029321100
0029939200
0023339200
1129222100
1932492000
2239392000
1921211000

12 6 11 board_12x6_11_287950_none
000019222100
000022399221
110129223939
910192223239
110111199111
000000122100

16 4 14 board_16x4_14_287963_none
0000199293392910
1110122229944320
2921001123939910
9391001911122210

18 5 23 board_18x5_23_287980_none
932102921910112291
299102922331192921
122102221992333121
110013922344991139
910019921929931199

19 14 38 board_19x14_38_288008_none
0111192910019111100
1292323111121119100
2939291001921022200
9221211001291019100
3422110112221011100
9992910193921110111
9523220113932910191
9201921223392110111
1101129399211000000
0011123943100000000
0019119391001111110
0122111211001922910
0191000111001239210
0111000191000192100

16 19 78 board_16x19_78_288049_none
9100299392999129
1100295922233249
0011229210001949
1129222210112393
1933911932393392
2229211299399211
9222222454322211
3911939999111291
9222393332129433
3339312111139399
9939201912931222
9321101113930000
1111101123920000
0139422939221211
0299993293339393
1396694333992499
9229949929321394
2223349442200292
1911922929100111

12 14 31 board_12x14_31_288137_none
999291000000
243422000000
129292101110
192229101910
111122102331
121291012991
939421029531
249920029910
294920123321
922121291191
110019321122
001134921129
001929921921
001122211110

9 8 10 board_9x8_10_288174_none
910191122
220111199
910001259
220001939
910001121
110000000
000001110
000001910

4 6 5 board_4x6_5_288185_none
2221
9929
3321
9210
2910
1110

4 14 9 board_4x14_9_288191_none
0191
0111
0111
0191
0233
0199
0122
1221
2991
2931
1110
0011
0029
0029

5 16 14 board_5x16_14_288202_none
01129
02931
13920
92110
12121
01929
01121
11211
19292
11229
00011
11111
29329
39392
92211
11000

11 18 42 board_11x18_42_288217_none
29291001991
92211012321
11000029200
00122129200
11199111111
93233200029
99129321129
22139949332
11129995991
19113696931
22201999210
19101232100
33201232100
99102999100
23212993100
01934431000
01399910000
00294210000

17 8 23 board_17x8_23_288263_none
00019222100011129
12232299100029239
93991122101249229
39442211001993322
94929291001239291
93121211000011222
22000000000000019
91000000000000011

18 5 22 board_18x5_22_288289_none
110129393932393292
910193949399599229
110112393239953322
000111292013939291
000191111001121211

18 10 25 board_18x10_25_288318_none
299910001111911110
944210001912221910
291111001111912220
111292000112111910
110393000292001110
921293111494100000
291129119399200111
222012221239200191
191001910011100111
111001110000000000

12 19 63 board_12x19_63_288344_none
932101123931
299212939992
232292293349
921111123239
291000129921
221011293221
921249422019
931999391011
921232334210
121100199921
019223344439
012399939494
001949349699
112121129594
292110011393
934943321249
129999993399
012499549943
000139229491

5 10 9 board_5x10_9_288420_none
00000
11111
19119
11222
11291
19321
12921
23229
99111
93100

4 6 6 board_4x6_6_288430_none
0192
0129
1111
9221
2939
1292

4 4 3 board_4x4_3_288439_none
0011
1239
1992
1221

8 12 16 board_8x12_16_288443_none
11100019
19100011
11100000
00000111
12121291
93929322
29221291
11211111
22291011
99333119
22399122
00293119

12 19 61 board_12x19_61_288463_none
399299100000
993333211000
932392293221
111992293991
012443323221
019499393210
012999549921
113343993392
294922232239
399591139229
399921199332
396321355939
293912999493
112113952392
232113931111
999219391000
399211222100
232100129100
910000192100

14 19 64 board_14x19_64_288540_none
12939212921100
19349219229100
24931122223310
29952119119921
29999222113592
12332393112992
11111399129542
19229332129939
11394921112239
00293139310011
11211039910000
19211139310000
11291294332100
01221394999222
12922594233399
19349993212959
23399949292249
92933222321192
12110001910111

15 19 60 board_15x19_60_288615_none
011292101129100
129229101933210
921111101393910
220000000293110
921110011222100
932922139219100
292292939322111
221112232292129
931000192222921
994210223911221
999920194331291
249941229939433
013949112239399
001394211121222
011394911910000
019229334442100
011233399999211
001299234593292
001932119211129

19 8 38 board_19x8_38_288682_none
0112949321119929920
1292299929112223920
3931123332111101232
9931121292129310199
9932939439129911243
9439239921112211939
2493112321000001249
1992000191000000192

19 6 32 board_19x6_32_288723_none
0199119912921121100
1243323212921949211
2939493101222299329
9394999322292233392
2313999599322911921
9101249933911111110

15 8 17 board_15x8_17_288761_none
112921910000000
922921111221122
932110012991199
291111019321122
111192122200011
111129119100019
191011111111111
111000000019100

12 12 32 board_12x12_32_288780_none
011393992110
019594344921
013993199491
002992245943
112221199399
191122222222
221199111100
921222229210
139200194910
029200129331
011211012939
000191001292

5 19 14 board_5x19_14_288817_none
01110
01910
12210
29200
29200
22200
19211
22392
19229
11111
00000
22211
99391
49411
29200
12210
01921
01129
00011

4 18 11 board_4x18_11_288833_none
1229
9292
1211
0000
2321
9991
2321
0000
0000
0111
0191
0233
0199
0122
1100
9100
2200
9100

5 5 6 board_5x5_6_288847_none
91019
11011
11011
93229
29921

6 4 5 board_6x4_5_288855_none
000000
011211
129393
921399

12 10 26 board_12x10_26_288863_none
111002921291
192113931921
112912933220
111123493910
932119959420
399113499910
932112944210
110129392211
000192239391
000111029311

19 19 53 board_19x19_53_288891_none
1101910029311112110
9101111259492292910
1100112999422922110
0000192395922110000
0000111239391000000
0000000192211000000
0000111111011100000
0111192111119221211
0191139219112929291
1232129322211121211
1939212911911122221
1149312211222939929
0029449311293293221
0012999491292111011
0001249421111001239
0111012910000012992
1291112110000019321
9211191000000011100
1100111000000000000

19 14 57 board_19x14_57_288951_none
2339921001234992110
9993391001999932921
3442211112233322249
1939211291001291299
2249219212223931293
1921223322995941122
2322393992239992139
9393993221012322939
9539321000000001232
9931100000000111191
3931212221000191111
1129393991000111000
0123924941011100000
0192112920019100000

18 10 48 board_18x10_48_289016_none
000019111292100011
011111119229211129
129100011112911932
921100123211122391
331011299921139311
992119345921949411
959123949543359592
293329499999399592
349493395943499322
993992112111932119

17 6 25 board_17x6_25_289072_none
91029493110012221
22249694922239929
29399493139949321
39322212139931111
92211001944310019
11191001299100011

10 6 11 board_10x6_11_289103_none
1939211100
1139219111
0012221229
0012921192
0019491222
0012921191

6 14 22 board_6x14_22_289116_none
221191
991111
221000
000111
111191
293222
299339
139949
135953
299499
293394
111239
111292
911921

4 19 10 board_4x19_10_289141_none
0292
0292
1211
9100
2210
1910
1110
0000
0111
0191
0111
1221
1992
1392
0111
1121
1929
1121
0000

6 12 19 board_6x12_19_289152_none
129119
193221
223931
934991
939942
122391
012321
019920
125930
294920
394210
939100

9 6 12 board_9x6_12_289173_none
992192119
392129222
122111291
129101221
931212910
920192110

12 4 6 board_12x4_6_289186_none
111000000000
191001110000
333111910011
992911110019

16 6 21 board_16x6_21_289193_none
1393101991001910
9499322221123221
1394991000299229
0113331000399239
0001911110293139
0001111910111029

19 19 53 board_19x19_53_289221_none
1910019291111000111
2210122211191000292
9100191000111000394
1100222011100000399
0011291019210000293
1119332234910000111
9222939399221100000
2911139323229211000
1110011101921291000
0001110012221211000
0001921129129312110
0001291192129392921
0000122222111323239
0000029329101291192
0001139921101921111
0112922221213231100
0192110019294939100
0111001122349932210
0000001911939311910

15 12 47 board_15x12_47_289278_none
193993119111119
239499211119111
921249300011211
220039311223492
942239219299994
999393122325999
943494229213952
111939923933920
001133312993110
001129212593000
112923921993110
192112921222910

8 4 4 board_8x4_4_289343_none
00001910
01111121
01911129
01111921

4 14 11 board_4x14_11_289349_none
1910
2342
1999
1249
0011
0011
0019
0011
0011
2229
9921
9410
9200
1100

7 19 27 board_7x19_27_289361_none
0192992
0112349
1101292
9102931
1102920
1222110
1991011
1221019
1100011
9100000
1101110
0001921
0013339
1239921
2994210
9593232
2923999
1223993
0192221

15 6 13 board_15x6_13_289393_none
011292912920111
019223212920191
012229112210222
112921119111291
192110122119211
111000191011100

19 6 32 board_19x6_32_289407_none
0192129101293229939
0234921113959934952
1299210019959922939
9222100025943332232
1101122339921929339
0001929993211122992

19 14 47 board_19x14_47_289443_none
0029391000002920019
0039411001112920022
0029200001922110019
2221100002391000022
9932111101921122129
2499129311111299339
0293239910001949921
0122293321001122210
0019211293110012221
0011111393921119929
0011229212129333221
0019293210012991000
1132423911111333110
1929292111910192910

18 18 43 board_18x18_43_289499_none
019292910112910000
022312111292110000
019100001921001110
011100112110001910
001122392100001221
002939949211001291
002932392291013931
002220122211019941
001910019210025991
001222122921019942
001292911291012391
001922110111000122
002221110011100019
111911910019211022
911111110011291019
110000111000111122
000000191111000292
000000111191000292

14 19 62 board_14x19_62_289548_none
11000011100019
92111119111222
39219122219292
39322339112339
94911992212932
94211332193229
29221392129111
34929494121111
99433493910019
39393922233221
12339332399910
01932399599431
01129334994929
00011393234442
00000393019991
23210293113431
99911239211910
23322933911121
00192129210019

9 12 23 board_9x12_23_289627_none
992122222
993299299
932932222
111111110
000001910
000012321
011229392
019292493
022322392
129119322
921123491
110019921

4 4 4 board_4x4_4_289652_none
2932
9399
1222
0000

4 10 9 board_4x10_9_289659_none
1921
1129
1111
9310
9921
9491
1333
0199
0122
0000

9 19 29 board_9x19_29_289671_none
011119119
019111122
122100129
192121292
112929211
001132211
000019119
000011111
122100000
199322210
259949910
939599310
121393100
000222111
000191191
110111222
910012492
111129992
001922321

16 14 47 board_16x14_47_289703_none
0000011111100000
0112129239200011
0293921299200019
1394220122100011
1922922221000000
1111292992111111
1110113492191292
2920112943211292
3931293399101232
3921944943112939
9322299492019239
2494344592011111
9499939921122111
9323393210199119

19 4 17 board_19x4_17_289757_none
9100002922932210292
2201112933939910393
9201911129344311392
9201110011299101921

18 8 30 board_18x8_30_289777_none
019211000000000000
011393110012210000
011394910019910011
019339210013321129
132493222101922932
959493399112349491
999422994229299422
233911222921222291

16 12 28 board_16x12_28_289814_none
0000000193920000
1100000225930000
9101110194941000
1112911223991000
0019211922321000
0011112229100000
0000019111222111
0000122100199229
0000191000123932
0000112221001129
2322122992011111
9992929492019100

9 19 45 board_9x19_45_289844_none
000001110
232101921
999213339
399219921
233112221
291123239
933299949
394949492
499221211
994222211
392199291
222344321
911992910
223332121
194931129
129991293
133433492
929229921
122922210

7 18 29 board_7x18_29_289896_none
0019332
2222999
9911359
3421192
9392222
1393291
0113931
1213920
9292110
1211000
0000111
0011291
1129211
2942111
3991129
9553393
2999492
1249311

4 5 4 board_4x5_4_289927_none
0011
1129
1932
1292
0129

6 5 7 board_6x5_7_289932_none
920000
930122
931299
921932
111110

14 18 51 board_14x18_51_289941_none
19100000000019
11101221000011
11124992111110
93299933921921
99323324943491
39200193939921
22101222233210
93112910292000
99229320293100
22293910129221
00112111122929
00011212922121
11119293392111
19111339239219
11223392129222
12299921011129
92933222211139
12110019911921

18 19 80 board_18x19_80_289996_none
999392933992112910
369412299695393221
199200234999939119
233321293233343222
933991292000199239
399322221000233299
954201911110192343
399201111910234991
399321101110199321
294939100000122100
112292112210000000
011322019911110000
129291012323920000
921211000193920011
221000111223110129
292122392392012392
944949922992019931
949969412342113920
293399201929101110

19 16 53 board_19x16_53_290094_none
0113921299292110011
0193932932223910129
0112129321019210192
0001121392122100111
0112910292192100000
0293221111129100000
1392191000133200000
2953211000199100000
2999321012443100122
2344991019991001299
1913941012432001943
1123920000191012492
1119211110111019492
9212212931000013931
9301912991001223920
9201111221001992110

19 12 32 board_19x12_32_290151_none
0011100000029391191
0019211000039411122
0122291000029311019
2391111000011291122
9921000000111111191
2210112110193210111
1100192922239910000
9100112292923320000
1222100223222910111
0199100292192110191
1232101392112121211
1910001921001929100

16 4 16 board_16x4_16_290186_none
1122911929102939
1929323343212931
1122493992912231
0001993222111929

8 16 26 board_8x16_26_290206_none
12392000
92992111
23321191
19101221
33201910
99211110
24932210
02939931
12124949
91002942
12111291
23911232
99211939
22101249
00011292
00019211

4 19 16 board_4x19_16_290237_none
0199
0133
0129
0192
0111
1121
2939
3941
2931
1239
1394
9399
2433
9291
1211
0011
0019
0011
0000

4 12 7 board_4x12_7_290257_none
0000
0111
0191
0111
0011
1139
2939
9332
9219
1111
0000
0000

6 6 9 board_6x6_9_290266_none
295920
399931
944391
291122
111019
000011

8 4 8 board_8x4_8_290277_none
19299291
11334432
00193991
00129321

9 4 8 board_9x4_8_290287_none
011101910
239101110
994201110
999101910

12 6 11 board_12x6_11_290296_none
000111191000
000191112232
000122101999
110129101359
910192100193
110111000129

14 8 15 board_14x8_15_290308_none
01929399100111
01122933210191
00001222921211
00000192129210
00011322123910
11019391192110
91012921111000
11001110000000

19 19 90 board_19x19_90_290325_none
0011212921292922992
1239494239212129449
9299594932201233921
1222393139311993210
2321111029922239210
9991000013593113920
3421000002999213931
9200001113952293391
9211101912931129321
1239311111392013920
1299931001392003930
2969991113931002931
4994543293931112129
9953994943492193221
4939339939493339910
9232213332949394321
1119211922393492192
0012911239212932339
0001110192101129292

17 10 35 board_17x10_35_290429_none
29201993119112939
29201399111229349
12210133200193921
02920019211123210
13942122492019100
19399119392011100
12332111212110111
01921123211911291
12392199911111932
91292139310001129

11 4 9 board_11x4_9_290470_none
91012922210
11129229910
01292113431
01921001991

5 12 13 board_5x12_13_290480_none
19211
11291
00122
12129
93931
24931
29491
94921
93121
22119
19111
11100

4 16 17 board_4x16_17_290496_none
1110
2910
9332
2399
9333
1291
0122
1129
1921
1110
0000
2221
9949
3499
1969
1299

4 19 14 board_4x19_14_290514_none
1910
2220
2910
9210
1100
0000
1111
9229
3942
3991
3931
9320
2921
1129
0011
0000
0011
1129
1921

10 8 21 board_10x8_21_290531_none
9211222232
2911992999
2222344453
1922939929
1129495453
0011393999
0112333232
0192991000

12 5 15 board_12x5_15_290554_none
111993111222
922399119499
292232123993
113931119321
002939111100

14 4 12 board_14x4_12_290572_none
91001111911910
23322922222121
19993391191029
12322921111029

18 6 16 board_18x6_16_290586_none
112129100000001991
292921100000012321
922110000000019100
221122101110011100
192299313920011100
129239393920019100

19 10 39 board_19x10_39_290604_none
1291292123929391000
2942292199222922110
3992332122101112931
9423991000000002939
9312931000000001121
2922110001110123221
2391000001932299949
9211000001299239599
2222211110123222932
1929911910001911110

18 19 62 board_18x19_62_290645_none
000199200019119211
000139321111122391
000023929100019211
111139321222233200
921939311299299100
921122912942223210
110001112931001910
111001111291001121
192101921222100029
129101129229100139
122101133921100192
192123939210000122
112929942211100029
012333229229112349
129492012392119992
295992001921012321
399431001110011100
395911222110019100
939211992910011100

15 16 41 board_15x16_41_290710_none
002939211000191
003952392111111
002992392191011
002349211111019
012921100001132
129210000001929
932201110112121
239211910294210
922922121499910
122392119494221
019229112933229
011111101129931
123221100024920
199929100019210
124331100022200
001910000019100

7 4 5 board_7x4_5_290759_none
0019221
0012929
2211121
9910000

6 4 3 board_6x4_3_290765_none
001110
112910
192221
111191

5 4 3 board_5x4_3_290769_none
01910
12210
29200
29200

4 10 9 board_4x10_9_290774_none
0000
0000
0011
0129
1293
1949
2392
9222
2229
9129

7 19 19 board_7x19_19_290784_none
0000122
0000199
0001243
1101929
9101232
1100191
0111233
1292299
1939332
2222921
9211129
2910011
3320000
9910011
2210019
0000011
1100000
9100000
1100000

15 10 39 board_15x10_39_290805_none
110019399100000
922334964212210
239993999119921
944944554222493
939229993921299
121112339492249
000122112922932
000299222223491
001395939119921
001923931112210

17 6 22 board_17x6_22_290852_none
00019112399911129
00011119933211943
00001134420001299
01111949910001243
01922299422122929
01291122292929221

18 4 11 board_18x4_11_290876_none
019119101291000111
012221101932100191
012910001139312221
019210000029392910

18 12 58 board_18x12_58_290888_none
011119112910011392
019111119222339392
122223221119994311
392199911122499111
993139422921222119
392022393229100133
111129339333211399
121293922994921994
939422111394921493
359921111223121393
994491293392139549
239211293992199992

17 16 57 board_17x16_57_290959_none
93391001112932110
29921001912993931
12210112122445991
00000192129399443
11211223922932299
19291193322110122
22433229492123210
39399112993299932
99322101249324499
33100000029201932
91000111012322110
22000191002991000
91111122102942000
11191019212392111
11223122911949229
91192911111139229

11 19 37 board_11x19_37_291027_none
29392939200
94922139310
93110013931
22111013992
92291019493
39222111229
93229100011
12921101110
01110001932
11100012399
29100019443
92100012991
12110001221
02920000011
02920001129
12210001932
19101112239
11101922921
00001129210

8 14 29 board_8x14_29_291071_none
11399111
29594219
49949232
99932929
49411121
39300011
29322229
23939921
19349420
22393910
19322110
23921100
93229100
29111100

5 8 9 board_5x8_9_291103_none
02920
24920
99210
23210
13920
95930
94920
12110

4 4 3 board_4x4_3_291113_none
1110
1910
2231
1929

4 4 3 board_4x4_3_291117_none
2910
9321
1291
0111

8 14 23 board_8x14_23_291121_none
93911129
94332921
23992221
92343292
11299229
12393111
92932100
12129100
00022211
01129129
01922239
01112931
00002931
00001129

15 19 58 board_15x19_58_291146_none
000011292910000
001139312110000
001939310122100
112123931199100
393112992133200
993912493139200
332112932949300
911113931139421
221913941012991
911124992112321
232119959119100
199234931111211
123949421001291
001299391124931
111233222299920
191191019223210
332222011101221
992291011112991
949211019119321

17 16 71 board_17x16_71_291216_none
00000001929113949
12221112132329992
93991192119294432
13931239123439119
01221193229921122
00192239129542119
00223932112999343
12394492112343999
29939934921923442
29333494932229910
12339229229123310
12994232212239200
29694949212939200
29946993293221100
12399994229222111
00123499111299119

18 14 66 board_18x14_66_291302_none
121129911292129329
939139411949139942
392239212393229991
943392239449322321
959921199949910000
299321234339421000
233119339111393110
191012993211393921
333111239239312139
992910013949312139
222110113931292921
012332292110123221
029999222101139329
029942119101939392

18 12 54 board_18x12_54_291372_none
910019292291019292
221243323933121239
922999239492921039
129344939423291029
011129321292221011
011139300112910000
129239323322221111
933932399992191191
292129223493233432
122111100235939991
129112332299953432
921119999224991191

19 5 13 board_19x5_13_291432_none
0000000011100111029
0001110029200191039
0112921129311222039
0193229111291191029
0129111100111111011

16 8 33 board_16x8_33_291447_none
0192129920191019
0235934942222132
1399933992911939
2994229432111139
9321012910001232
2211112210001991
9129329210124442
1129393910199929

14 12 35 board_14x12_35_291486_none
00111199910019
11392139311121
29492011101921
93922110112291
13221921193321
01922292229910
12392229223321
39439233391191
99922399211111
95311932100000
39312110011100
29391000019100

12 14 31 board_12x14_31_291529_none
000000019111
000111133219
000192299232
111129234929
191122229342
232393293929
939499433121
393394991000
292112232100
222000129100
291000193200
921000129222
111110011299
001910000122

10 18 24 board_10x18_24_291564_none
0122100019
0199200022
0139200029
0022200139
0019100192
0011111211
0001129100
0001921111
0001121119
0001129111
0001922210
0001222921
0111192291
0191111222
0233111291
0199119321
1222123910
9100019210

7 19 28 board_7x19_28_291591_none
0129391
0294921
0294210
0239321
1294991
9239421
2239200
1921100
1121211
1129291
1921211
1221111
0192291
0112921
0002231
0013939
1119952
9214949
9202931

4 12 10 board_4x12_10_291623_none
9100
2200
9311
9492
1392
1211
9210
2910
1110
1111
9129
1129

4 6 3 board_4x6_3_291635_none
0000
0011
0029
0139
0192
0111

5 4 3 board_5x4_3_291640_none
19111
11119
11111
19100

6 4 4 board_6x4_4_291644_none
910011
121119
129111
192100

14 14 28 board_14x14_28_291650_none
00000001112920
00011112912920
00019129311110
00023339200000
00019921211000
00012322291000
11001394921000
91001999211221
11001343112991
00112292119321
00192939122200
00112121119111
11001122221119
91001929910011

18 19 86 board_18x19_86_291683_none
112921939100193929
912922392100239332
221222921000193391
922394332100129332
292999499111113959
222249943129312999
931112392139911232
959201359229422121
299323999211292949
234499553100123399
192994992000029349
112222393111149439
011100112912949392
239210001113953421
994920000002949910
334920111002259520
192111293211949910
112111939911139531
001911122210012991

18 8 20 board_18x8_20_291788_none
000000000191011100
121100000111029200
939310000111029200
249921100191012210
395449100111001910
993992111100002220
222332019211112910
000191011291192110

15 4 14 board_15x4_14_291810_none
001921000139310
123492001299921
199392001949692
122211001122992

12 5 16 board_12x5_16_291828_none
139399292291
299323322932
943101911129
291123211232
111199101991

11 6 17 board_11x6_17_291846_none
00011101991
23229112432
99932219291
39439112432
34922212991
99211912931

8 12 14 board_8x12_14_291871_none
00013920
11119952
19113999
11101232
01110000
01910000
01110000
00001110
00012910
00029421
00039591
00029921

4 19 19 board_4x19_19_291887_none
2221
9929
9432
9339
1299
1222
9100
3432
9999
3593
9211
2200
9210
2921
1291
0111
0000
1110
1910

4 19 20 board_4x19_20_291909_none
1993
1399
0122
1110
3920
9930
9920
9321
1229
0192
1222
9119
2211
9111
1239
1299
1932
2220
1910

4 18 17 board_4x18_17_291933_none
0019
1232
2992
2992
2331
1910
1121
1119
9321
9910
4420
9910
2221
0019
2221
9921
2492
0292

5 12 9 board_5x12_9_291951_none
00192
00129
00011
00111
00191
01232
01939
12249
19239
11292
00111
00000

9 5 9 board_9x5_9_291961_none
910000199
220011222
911129332
111922999
001111232

10 4 10 board_10x4_10_291971_none
1112239311
9229939492
1394221393
0292000129

11 4 11 board_11x4_11_291982_none
01933910000
12399431000
29234991122
92119321199

18 14 38 board_18x14_38_291994_none
929100191000000029
121100122211011129
000000019291019122
110111012332122219
921292013939119122
291292019931111119
111233123310000122
000199119112210292
111232111119910292
911921000024531122
112391001129991019
001921001922321122
001110112221000191
000000191191000111

19 18 71 board_19x18_71_292036_none
0191292292191000000
0112392292222111000
1112943222291192100
1912992911932139322
1111222112492029499
1100000001992012932
9200123211221001110
9200299910000001110
1100399521011101910
1100399492019101110
9222394492023311110
2399313942119923931
9249302939123495992
2229322221129449949
9212939100029939321
9201292101122232211
1211111012921119239
0191000019229111299

18 16 49 board_18x16_49_292115_none
112949201910111011
193399323211291029
129223399201922249
011102959313222992
112223931292923931
192993220124493210
112222910019939100
001111110012222210
012910000000001910
019320000011101110
012910000019100000
002220111122111100
001921292292119210
002239229339113920
012921222292102942
019210191111001299

17 14 35 board_17x14_35_292169_none
19210012210000191
12910019910000111
02220012211110000
01921100002931100
01139312112939100
01139393921121111
01932324931001129
01239119391012921
00294211322129210
00299112391192100
00233119921112121
23391012210001929
99921000000001121
39310000000000000

9 4 9 board_9x4_9_292208_none
291001929
922122232
221929129
911121129

5 8 6 board_5x8_6_292220_none
00293
00299
00122
11000
91111
11191
11111
91000

4 19 23 board_4x19_23_292228_none
1929
1121
0000
1100
9321
3992
3969
9499
3949
9321
9421
2991
1221
0122
0199
0133
1139
1959
1299

5 19 24 board_5x19_24_292254_none
22119
99321
49921
94491
29211
11100
12110
93910
94221
39229
94921
49420
99921
23391
00111
00111
00292
11493
19392

8 16 18 board_8x16_18_292282_none
19210000
24920011
93920019
12110011
00001110
00001921
00113391
11192932
92212291
29100122
22200019
19211122
11291191
12321111
19910000
12210000

15 5 19 board_15x5_19_292301_none
292221029229200
922992029339211
233593133493119
199393299492011
122229239311000

19 8 21 board_19x8_21_292322_none
0192121119100000129
1222929112221100192
1911121113949200111
1110111139949201110
0000191199432101910
0011211122393101110
0019100000299211000
0011100000122291000

19 14 57 board_19x14_57_292345_none
0000192229210122129
1111239495910299249
1911922999311393299
2221111259301922249
1921112149424322931
2492192939399912920
1993223222333211221
1249329101921000192
0029493113491000239
0011392019921001293
0011211012321012939
0029200000191129221
0039411011211194310
0029391019100129910

17 19 79 board_17x19_79_292407_none
00129100199939321
01292100139933991
12921000012334942
19321112222299592
12492293994933992
02992293499211343
03941223394210199
02920193932922232
01121224932392910
00129119229334321
00294212221299291
01399211921233211
13943912391192232
94921122932113999
95431019392103952
29992121229103930
23433922121103941
19119392922223939
11111212129929221

12 16 27 board_12x16_27_292498_none
911110112910
111910192121
001110111019
000001121111
111002939100
192223953200
112992299210
111332123921
910192101392
110129211394
000011291299
011100111122
019100000000
011111100000
011229210000
019293910000

7 6 11 board_7x6_11_292526_none
1112492
9229992
1294542
0124991
1119931
9112210

4 8 4 board_4x8_4_292540_none
0199
0122
0011
1129
1921
1110
0000
0000

4 10 7 board_4x10_7_292545_none
1100
9100
2311
9291
1211
1100
9100
1100
2321
9991

4 12 12 board_4x12_12_292553_none
1910
2210
9111
2339
2992
3941
3941
2949
1139
0022
1119
9111

6 16 25 board_6x16_25_292569_none
992111
359219
299222
944339
239949
933339
129221
233910
992110
442000
991111
232291
129211
293222
292199
111122

10 19 34 board_10x19_34_292597_none
9211123210
1393299910
0299333210
0135920000
0129920000
0193221100
0111019100
1110011222
1911110199
1111922332
1112229921
9119223391
1222291222
0191122291
0122239311
0019299200
0011233200
1111129332
1911922999

18 8 37 board_18x8_37_292635_none
222910129129219391
992221193239224931
943492112932219920
129992112129123321
013931292011119119
001111393101232233
221002949211993399
991002932911239949

19 5 13 board_19x5_13_292681_none
1112210011211000011
9129910019291000019
1129310012321001132
0011100001910123939
0000000001110199239

19 6 17 board_19x6_17_292695_none
0019920112910001110
0013920293110001921
1212121392011101291
9291019223229100111
1211022329931100000
0000019294920000000

16 14 59 board_16x14_59_292714_none
9391000019939329
9311111013359921
1101292212939531
0001939292133991
0012221212239321
1119321113994310
9112991194959910
2211332239495320
1921292293493910
2239312922933210
9229212334339222
9211229299922399
1223393449312969
0199939292102992

10 19 29 board_10x19_29_292788_none
1101921000
9102391111
2212931192
1912920239
1111221193
0111191129
0292111011
0394221011
0293991019
0113331011
1222921000
1992291000
1221111000
0000000122
0000000199
1100011344
9100019299
2210011239
1910000011

6 14 18 board_6x14_18_292819_none
019100
022311
029392
029339
011139
001149
002959
003993
002992
122321
939210
942910
921110
110000

4 6 6 board_4x6_6_292839_none
9291
1211
0122
1299
1949
1121

4 5 4 board_4x5_4_292847_none
0111
2391
9921
3320
1910

4 4 3 board_4x4_3_292852_none
9100
1211
1291
9211

7 8 11 board_7x8_11_292856_none
1999100
1232100
1110000
1910000
2220000
3931111
9949329
2239921

9 12 28 board_9x12_28_292870_none
139329100
939932200
122339321
001293992
002954449
013999292
139432211
949300011
149423229
029399932
122349329
191192111

12 18 46 board_12x18_46_292903_none
000001299210
011101933910
129211222110
922911393110
232211994942
949201224999
399322212953
294929911129
123333210011
139391122100
939421299100
355931295310
999991129920
246952013920
019991001110
012322110000
000001911110
000001111910

18 16 62 board_18x16_62_292956_none
000293111101910000
233499119112211110
999944343219101932
943392999212211299
220112399202920139
921100133202931111
239221239201129221
193939499201123949
112293994201913969
221112239211113959
993121223910002931
393929292110001110
234221211000000000
299100111001110111
293211192233910192
111191112999210129

19 12 61 board_19x12_61_293027_none
1299211912999310191
9223912233959932321
2201122939334939920
9111229239219333920
1119494332112923331
0012995991001249929
0002359964221299432
1112949999929223391
2922943434332211921
2933449211911911121
1239994933221221019
0193323992910191011

17 4 10 board_17x4_10_293103_none
93100111000001910
99100191122102220
22100111199212921
00000000122292291

14 8 26 board_14x8_26_293114_none
00011292921111
00019213393391
00122212949932
11292193393492
91293323943392
11129394399311
11233493949200
19299212121100

12 10 33 board_12x10_33_293142_none
992910001221
233221113991
019229229941
012932497941
112139499949
291039424942
944239312492
399933921992
295933921221
112292110000

10 14 35 board_10x14_35_293182_none
0111002939
1293323942
9229993249
1224432939
0193921232
1324931292
9394392392
1499324931
2493293942
9932212299
2229222233
0011299219
0000139322
0000011291

4 18 15 board_4x18_15_293223_none
9310
9921
9329
2222
9119
2222
9219
9222
1119
1222
9291
1222
0019
0011
1100
9100
1100
0000

5 6 5 board_5x6_5_293240_none
11100
19100
11211
00192
11239
91192

6 5 4 board_6x5_4_293247_none
910011
121119
019122
011119
000011

7 4 3 board_7x4_3_293252_none
0000292
1100292
9100111
1100000

10 5 10 board_10x5_10_293256_none
1101299100
9201932111
9201110019
3310000133
9910000199

12 8 26 board_12x8_26_293269_none
111911233210
922334999920
239399996930
923955933920
112949312220
112139202931
192222103991
129291002931

19 19 53 board_19x19_53_293301_none
0000192119101291011
1110129122202931019
1911132219102920122
1111939322101110191
1111139391000001221
1910022422012211921
1232119291019911292
0299222211012210129
1393291001121100011
1921112111929210000
1121212912233920000
0129393111923920111
1292393122229210191
9421112939211100111
9910012239421000000
3320019112991000111
1910011102332110191
2210000001911910111
9100000001111110000

19 19 65 board_19x19_65_293358_none
0122119291011211000
1299221211019291000
9323910000011211000
9301121100000001110
9310029200122112910
2911139322299229221
1111932399223932219
0001129233312129111
1100022219292233210
9210019222223992910
2911121392019322110
1111910293121223210
0001110112932299932
0000111012399235599
0011392019233219942
0019492022329113931
1123942119292212239
1912949212321192393
1111139201910129392

18 10 37 board_18x10_37_293434_none
011100000001991011
129101111122332129
921112911939219249
111129322139212949
001921291022212392
001221112129229321
000191002931293921
110234323931223129
921299993391192222
129239439211129291

14 4 8 board_14x4_8_293474_none
00111191000000
00192211000122
11129100001399
91011100001993

9 6 15 board_9x6_15_293483_none
999101929
942223221
220199100
932222211
299222292
122299229

6 12 15 board_6x12_15_293500_none
139391
299322
394119
394221
949920
934930
112931
001129
000011
000000
000011
000019

4 19 11 board_4x19_11_293519_none
0019
0122
0191
1211
9100
2221
1929
1121
0000
0000
0000
0000
1110
2921
9339
1292
0222
1291
9211

4 19 19 board_4x19_19_293532_none
0000
1111
9339
2992
1332
0191
1232
1939
1292
1322
9392
1393
1239
1921
2220
2931
2992
2449
9292

9 8 10 board_9x8_10_293555_none
019921000
012391000
000111122
000000299
011100394
019210292
123910111
192110000

15 4 15 board_15x4_15_293567_none
192999101939222
223393101393399
192211000393293
129100000292111

17 6 28 board_17x6_28_293585_none
22101939292291011
99223392223921019
94299421019210122
94349910023322391
29933321129949921
13921911922399310

19 19 63 board_19x19_63_293615_none
9100000000000111000
2211100000000292000
9229100000000394110
2921100001110295931
1121111112911239939
1119229119222944321
9223921112229399321
1393110012922444991
1392000019322992221
9321001122392221000
3932112912931000000
9399119212920000000
2322123311110122100
9223229910111199321
1399933332292233991
0294391199533922321
0111111139992129222
1110000012321122299
1910000000000191122

18 19 86 board_18x19_86_293686_none
299100294939210011
294200294932911139
139200113333222949
139212211992924941
921119911222139920
111245531011129420
002999992019223920
112994593013934930
911232493124993920
111129393299443332
013942229224939299
019991011113931249
122333332119211149
910019999111102959
220024542112212992
910129910129911221
110194310294222221
001359311394129939
001999391293922392

10 6 9 board_10x6_9_293788_none
0001291000
0001921122
0012321299
0029491293
0029921111
0012210000

6 4 6 board_6x4_6_293799_none
002931
112991
921232
920019

5 5 6 board_5x5_6_293807_none
12391
29921
93210
33100
99100

4 6 7 board_4x6_7_293814_none
0019
0011
1221
2991
4952
9939

4 14 7 board_4x14_7_293823_none
0000
0000
0111
0191
0111
1110
1921
2391
1921
1110
0000
0000
2221
9929

5 19 20 board_5x19_20_293832_none
92921
12292
11129
91011
11000
11122
91199
12249
01932
12391
19322
11392
11393
19339
22293
91239
11192
00111
00000

9 18 38 board_9x18_38_293856_none
110111000
910191000
220112110
910002931
121102939
019222343
023929299
139321222
299201110
293102931
233103991
199202931
249423220
394993920
994345930
333939930
292149931
921029491

14 10 19 board_14x10_19_293902_none
19100191000000
22111211011100
91029200129100
22029201292111
91011102931019
22000003930122
91000002920292
11122101110393
11199100000292
91122100000111

19 4 20 board_19x4_20_293924_none
1221192292100012993
2992239229100019599
9544931111111122499
2993920000019119222

19 6 25 board_19x6_25_293947_none
0011292100000001291
0029339422110002942
0029229992910124949
1121123544210199493
1921119299321244492
1129111223991199211

18 14 38 board_18x14_38_293975_none
000199931000000000
000124991011112210
111001221019119910
191001121111112210
223222929100011100
192992121100019210
113331000000023921
113920011111119391
294920019119221322
293121122212910191
111019229102221232
110012921101911939
910112121212111149
110191019291000029

17 18 62 board_17x18_62_294016_none
00001911129129910
11112211922239310
29329322111921100
29944991001110000
24993953100000000
29423399101110011
29201932101911129
23311110112111932
19910001291124491
12211112942399921
11001913959495432
91012212949329299
11019112232212359
00011129219101939
00011129333202231
01129232399201910
12945939239202220
19399931111101910

15 19 75 board_15x19_75_294083_none
111111939299221
911911292234929
223331111019342
192991000023929
123443222119221
019399299222200
012493239219211
122932011123491
939391011229931
393323239394931
949129969533239
293239999939239
222944445931293
921399119210129
931395321100022
239229921101239
292113349202992
932111949202942
921911292101291

12 19 57 board_12x19_57_294167_none
011111119100
019119112210
022211101910
019100112221
132200293291
929210399332
122921395949
112292393399
191139421294
111029922349
000012239939
001110039432
112910039319
395431149422
999992299692
359422959993
193222394949
223939434221
192139399100

6 8 8 board_6x8_8_294238_none
001910
111121
922239
129949
012392
110111
910000
110000

4 5 5 board_4x5_5_294247_none
1991
1221
0011
1239
1992

5 10 7 board_5x10_7_294254_none
12229
19932
12229
00011
11100
19100
12210
01910
02220
01910

11 19 57 board_11x19_57_294262_none
00002920139
11013932299
92229494932
29292399542
11211139999
11111013942
92292122321
34922929391
99532234931
39992293931
24543934592
19929339992
23332395931
93392393110
39949321000
29594932100
22394399100
92212932100
29101110000

14 19 54 board_14x19_54_294333_none
11299101922110
19233201292910
11119100112110
11011100011211
91000011119292
11001129222229
11223921392011
19399431393011
12934992292139
01112992123399
01111222129942
01910001945920
02342212299321
13999292239329
94952229111292
13920011100111
02231111100011
12929239321119
92122939929111

19 8 32 board_19x8_32_294392_none
1129229129311000199
1932292129392101249
1291111022329101921
0122111119111223210
0019229111111299211
0124942200019332291
0294949211023921233
0293292291019391199

19 5 25 board_19x5_25_294431_none
9119291111000294921
2211323292100399391
9100192959211495321
1211112399439594910
0191000294993993110

16 10 23 board_16x10_23_294460_none
0019292119119211
1111339233322291
9200192299291111
9211211122322000
1119100011392000
0011101139492000
1100001939311000
9322111121100000
2992910000000111
1222110000000191

12 16 49 board_12x16_49_294484_none
113949432119
193949999122
112233494349
112292212999
293939212232
293132392100
111139549222
000199992399
110123443399
910000199343
110000235939
001222293931
001993922110
233493110122
999321011299
943910019222

10 19 50 board_10x19_50_294545_none
0192100019
0129100011
0022201110
1239101921
1993222493
1223959599
1112999594
1912494949
1112932249
1223932493
2993229993
2949123439
2232229222
1912931291
1234920111
1299332211
9234499393
3329932399
9922210139

5 16 11 board_5x16_11_294601_none
00019
22111
99111
22119
11011
91000
11000
00000
01110
13931
93991
12221
00011
00019
01121
01910

4 4 4 board_4x4_4_294613_none
0122
0199
0249
0192

8 6 6 board_8x6_6_294618_none
00000111
11100191
19211111
11291011
00222029
00191029

14 16 58 board_14x16_58_294625_none
11101922210019
19213239910022
22292922322139
92112121292939
93100139422121
39212399932121
39319956994939
39534939994931
29993122323231
24992001111939
29542113921249
29929119920192
23233333310111
91139939100122
33299931100199
99223210000122

18 19 50 board_18x19_50_294691_none
000000019112929920
110000011119223942
910000000022201299
110001121129200122
110123939129200000
910199392111100000
110133311000000000
000019211000001110
011122391000001921
019239311000001129
011299312110111011
000122294920192100
122101239920129100
299212933310011100
944593129100000122
139993022311000299
029693029391000293
011393139311000111
000112921100000000

18 6 30 board_18x6_30_294743_none
139999100293100029
949432100299421029
952100000139992133
991111000013594499
932292100113949993
111939100193932321

12 6 11 board_12x6_11_294779_none
000292191111
111292111191
191111111222
343100191191
999100222111
232100191000

11 8 16 board_11x8_16_294791_none
00000292122
01110293299
01910112943
12110001239
92000111294
93110192399
12911239222
01111921100

6 18 26 board_6x18_26_294812_none
199392
122393
221129
991011
233210
129910
923320
221910
922231
942929
993231
222910
012321
129292
922339
332921
992110
931000

4 18 10 board_4x18_10_294842_none
1910
1121
1119
9111
2321
3991
9931
2321
0192
0129
0011
0000
0000
0000
0000
0000
1100
9100

4 14 12 board_4x14_12_294854_none
1119
9111
1100
1100
9200
9300
9311
1392
1493
2993
2992
1221
1100
9100

5 10 14 board_5x10_14_294867_none
01921
01393
11399
29249
93249
13949
02931
13320
19921
12229

10 4 5 board_10x4_5_294882_none
9101111910
2211911221
1911110191
1110000111

15 8 25 board_15x8_25_294888_none
000011394939921
000019495954329
110122393299221
920191111123921
920111000002391
231222100001943
929399100001399
121393100000293

19 19 55 board_19x19_55_294914_none
0000191199101921000
0000122222102391000
0001129212111921000
0001921292911110111
2211110112110000192
9910000001110000239
4532110001911110193
9992921001111911239
2433291000002221921
0192222110001912220
1224932910001111910
9229992110000002331
2923553101110002991
2221999223910003941
1922393299210002931
2391111122111223391
9211111000019299211
2311191000011222100
9291111000000000000

16 10 41 board_16x10_41_294976_none
2392939201399921
9923249201995392
4421921101493129
9912221121393111
2211934939339100
0002399932921100
0123944323221221
0199492293921991
2349313934931221
9921102922920000

14 6 18 board_14x6_18_295026_none
92291019321129
29211012993292
11211001499321
00191011495910
00112129594110
00001922992000

7 6 9 board_7x6_9_295048_none
3920000
9930000
3920000
1232111
0199229
0139229

4 14 14 board_4x14_14_295060_none
9310
9920
9930
3931
2392
9339
9229
1122
0019
0011
0000
0000
1121
1929

4 19 11 board_4x19_11_295077_none
0000
2321
9991
2332
0019
1111
9211
1291
0111
0011
0139
0199
0122
0000
0011
1119
9111
1100
0000

6 18 22 board_6x18_22_295089_none
123920
949920
399321
932119
110122
111191
191122
221129
910192
110111
011100
019100
011100
122332
939999
294543
129291
011211

9 12 28 board_9x12_28_295113_none
221011100
991019100
931022200
221029310
293249920
949939920
943444331
921995949
122599959
019399931
011223221
000000019

16 4 9 board_16x4_9_295146_none
0011119100000191
0019122311000122
1121119392000029
1910011392000029

19 12 57 board_19x12_57_295157_none
2920299912921910129
2942394334921110293
2399432199211232494
2944992222223999499
2922959310199344599
1122239922243329932
0019123492929393221
0133219433233932019
0199212992293391011
0139201222949311111
0011111212139310191
0000019291012910111

19 16 54 board_19x16_54_295222_none
0299101110193239211
0293223910129939219
0223299221112233321
0192932229211019921
1223221293492012239
9329119212992111029
9392222101232292111
2422191000019229111
9391111111011222119
9311012392100191011
2210029939210112110
1910139322910001921
1110193201110112129
1100139211100191022
9100029219210111019
1100011112910000011

18 19 50 board_18x19_50_295278_none
000122112210029329
000199119910029392
000122112222221211
122101110129932100
199102920194499100
133202920129222100
029312110011100000
029391000111000000
011212121291011100
000112929322019100
000192121291011211
110111000222011291
910111111192129322
122391192212921292
019921129211111239
012211122922123942
011101911292929949
019101110112234931
011100000000192110

12 14 46 board_12x14_46_295332_none
123910192291
299210112932
393111212291
943119292211
399223339210
932292922921
122445432129
019999992132
012495443929
012445949432
129999949492
932494221392
932222121222
292911929119

7 5 4 board_7x5_4_295390_none
0000000
1100111
9200191
9300111
9200000

6 4 3 board_6x4_3_295395_none
000199
000122
111000
191000

4 6 6 board_4x6_6_295399_none
1119
9111
1100
0122
2399
9932

4 8 8 board_4x8_8_295407_none
2210
9910
2321
2391
9932
9429
9211
1100

4 12 10 board_4x12_10_295418_none
0000
0011
1229
9393
1393
0239
0192
2321
9920
3920
2220
1910

8 19 26 board_8x19_26_295430_none
00192921
01222129
02920011
02920111
13221392
92911992
12111332
11000191
92222211
29299200
22239200
91122100
22393110
29494931
29313949
11101139
00000011
11000000
91000000

15 12 38 board_15x12_38_295461_none
011100011101292
029311029201959
139391029202399
192211022202942
122101129212920
129112933911110
293119493110011
292012594211019
112223999391022
111994943921019
911239321121233
110012910019299

18 6 15 board_18x6_15_295509_none
000111001110000000
000193211921111111
001239912392291191
002943311922921233
002939212111110199
001121291000000122

19 6 32 board_19x6_32_295526_none
1912992101129299100
1112949212921222211
0112121293221211293
0192101239339493399
0139311933995999349
0029911292394994921

18 10 38 board_18x10_38_295565_none
001992129119101921
002492192112211291
001943211113920111
002399111294942100
001932229229499100
112221293124953100
191191292129991000
111223221194432111
011292922339119239
019212129921112939

16 16 35 board_16x16_35_295611_none
0000000000111000
0122100000191000
1299100000111000
9222101111110000
1101222911910000
1101992122210000
9212221029322222
1292211029499299
2339291011395432
9921211011229921
2210000139212391
1110000199312221
1910000123392910
1110011102932110
1111119102920000
9119111101110000

9 18 41 board_9x18_41_295651_none
000122100
000299210
001395910
012939210
019233310
011119910
011113331
029213949
029339969
012949599
001394594
110394993
910394392
111392122
124931139
199921399
344322993
991192221

6 12 12 board_6x12_12_295695_none
000192
111129
193221
139910
029310
121100
911110
111910
012321
129291
193311
129100

4 4 4 board_4x4_4_295708_none
1100
9221
3929
9221

4 5 6 board_4x5_6_295715_none
1392
9492
2932
1139
0029

9 14 17 board_9x14_17_295724_none
000191111
000111191
000111222
012492191
019993211
012349200
111029211
191011129
111112149
011292939
019212121
011100000
000000011
000000019

15 19 75 board_15x19_75_295744_none
000112999929929
111193499444321
191129222399210
111011111497931
000123339599992
000199994996592
110249434999222
931292119442129
939323123920029
132394933920011
019339959420000
122922499922321
911110395229991
232101493023421
299212992029311
932394321139391
121399100192211
129345310122100
921299910019100

16 19 78 board_16x19_78_295830_none
1922392129292999
1129943921212494
0014993211122492
0002949212949942
0001132393399991
1100029559323332
9101139999311119
2211923459219111
2933232921111100
2994929210000000
2499321112321111
9249311119992191
2339329222492122
9593294910111019
9993249310001121
9993299300001921
9433949201112391
2339222211922921
1992101911292110

19 10 26 board_19x10_26_295922_none
0000000000000000000
0000000000000000011
0000000000000000019
0001110000000122222
1102920000000199393
9225931110000122399
1399943921000011333
2495499491000019291
9949239311000023421
3931111100000019910

19 6 21 board_19x6_21_295949_none
0199101911110139219
0123212221910199211
1111911911121223210
2922221232119101910
3931911299111101232
2921111932100000199

15 8 20 board_15x8_20_295974_none
111001129100011
191112921211019
232292221192132
929212292223929
121112939119221
000029432123310
000029392129910
000011212922210

11 14 23 board_11x14_23_295998_none
00000000000
01111110000
01922911110
12292111910
92122101121
92019100019
11012210011
00001910000
11001232211
92112499291
29119995311
11112499100
00012333221
00019911929

7 19 35 board_7x19_35_296023_none
1123931
2929991
9224952
2212991
2933442
2959929
1299321
0122111
0000019
0112121
0294920
0294942
1213399
9212932
9219221
3443329
9999392
2333932
0001291

5 19 24 board_5x19_24_296067_none
13931
94939
49431
99921
23239
01249
01992
02331
01910
01110
11100
19111
11229
01393
12993
93492
13931
14930
19920

4 16 11 board_4x16_11_296093_none
0292
0292
0111
0011
1119
9111
1100
0000
0111
0192
1239
1932
1291
1322
9391
9311

4 12 6 board_4x12_6_296105_none
0191
1211
9100
1100
0000
0000
0000
1110
1921
2492
1992
1221

6 4 6 board_6x4_6_296113_none
111139
932939
939221
121100

9 5 9 board_9x5_9_296125_none
000112991
000293332
111493191
922992111
292221000

15 14 37 board_15x14_37_296135_none
112999210111019
292344922292121
921192292922910
220111234322110
910000199291000
221112232333100
191293910299210
111293110294910
001222110112110
112911922210000
193212239910000
139202932210000
039303930011111
029202920019119

19 18 60 board_19x18_60_296182_none
9211001910000193921
2391002231100129391
9211013939222111211
1100019931399200011
1221012210399200019
1991112232494100011
1222292999492012210
1111922249311019910
1912220011100012210
1111910111000011100
0012210192221029311
0129100235991039491
1292211199941029322
2942291139930011119
2949211013920001121
1292212111221001910
0223292910192222110
0192922110112991000

19 16 46 board_19x16_46_296247_none
0019111102942292291
0122229103999349311
1291193212942299200
1921113933320122100
1121102939920001110
0019211134931101921
1112910029439101392
9311111249931100292
9910001994920000122
2210001333221000019
0000011291191000011
0000019211122100000
1100011100019100000
9100000000011112210
1100000000001239921
0000000000001993229

19 12 33 board_19x12_33_296296_none
0001929392101299211
0001122949211932292
0001111394911111249
1101910394110001939
9101110292000001121
1100000111111000111
0001110000293110191
0001910001393910111
1101110012933110000
9100000129493221000
1101110192393992110
0001910111112222910

18 8 30 board_18x8_30_296331_none
019911910000011119
012211122211129122
011222119921933339
019299324922239949
011249593332922239
001139922993121111
001933423492019100
001129292921011100

16 5 20 board_16x5_20_296363_none
9921910001991019
5942221001222121
9992191000123932
2593112111299399
0292001911932222

9 8 10 board_9x8_10_296386_none
011100199
019111222
011119321
000012991
000124431
001299910
001933210
001110000

7 12 14 board_7x12_14_296397_none
0000000
0111111
0293291
1399332
9333929
2911121
2220000
1921100
1129100
0011111
1221129
1991192

4 18 21 board_4x18_21_296412_none
0011
1239
3992
9931
9421
9439
2992
2432
9291
1322
1291
1943
1299
0122
1221
2993
9499
1222

4 18 11 board_4x18_11_296440_none
0000
1100
9100
3421
9992
9449
1129
0011
0000
0000
0000
0011
0019
0011
0000
1110
2931
2991

4 16 10 board_4x16_10_296454_none
0000
0111
1392
9392
1322
0192
1239
1921
1110
0011
1129
2931
3920
9210
1100
0000

7 10 14 board_7x10_14_296465_none
1921000
2492000
1992000
1221000
0111111
1292292
9349329
3939211
9233310
1119910

10 5 13 board_10x5_13_296482_none
1102921999
9102921232
1223211121
0199322939
0123992292

15 5 11 board_15x5_11_296501_none
920191019921019
920111012492122
110011100393191
000019100292111
000011100111000

19 18 90 board_19x18_90_296513_none
9101111110000001249
1212911910112112999
2392234320193934979
9943299921324939959
3599334339392123492
9493393294921012921
2921299229222349421
3321232112229999492
9921921102943334949
3921249312992013953
1111399912494339399
1101994222939992239
9311233339223942111
9910019992223229222
2211122321199221299
1111910001344910233
1911110123993220192
1110000199322910129

19 19 78 board_19x19_78_296613_none
9399393100191001929
2933499200111002242
1111949211100002949
0001121119100013993
0000111011100129339
0000191011112493111
0000112129119993110
0000001943213543910
1110112299201992110
1921392249201232111
1239493193211119229
0293392129229113931
0394221011292113931
1394932210222019491
2934939922392013942
9339222392993113991
1393100123493394321
1393100019339499310
1939100011292399910

17 16 40 board_17x16_40_296708_none
91191019119921110
11233122214931910
00199119212921110
00122112911221000
00000002220191000
12110001921211000
92910012229100111
23110019111100192
92000011100000139
93121111100000149
23939219100111199
93139211100191122
92012221100111000
11012929101110000
00019332102920122
00011291002920199

14 10 33 board_14x10_33_296752_none
92119101139439
39123311939992
93229911122432
23934531000191
92249991000111
12299532001110
02953292101921
13991129212129
19432023492111
11291019939100

7 4 4 board_7x4_4_296790_none
9100000
1100000
1211111
9291191

4 16 16 board_4x16_16_296795_none
9391
3931
2920
1221
1291
9422
9392
3449
9949
2239
0022
0129
0293
0292
0111
0000

7 19 17 board_7x19_17_296813_none
0000000
0000000
0111000
0191011
0111019
0112121
1292910
1933110
1292110
0112910
1112220
1922910
1293220
0112921
1101239
9100192
2201221
9212910
1292110

12 10 33 board_12x10_33_296831_none
291001239129
932002992249
392013953299
393019499222
292023594210
221019922910
910123223331
332292129929
993939239321
993121292100

18 4 10 board_18x4_10_296871_none
019112939101910000
011129592101110000
011129932000000000
019112391000000000

18 16 71 board_18x16_71_296882_none
992999322911923993
223343993223249999
001911394393949969
111110239923932393
921111293222211239
932921921019102942
933932333221102939
392129299910112232
922233444211291191
221992991001932111
922222221112291011
292212110192343119
129292921112999111
011224491002353211
111019921001939329
191012210001139921

11 16 38 board_11x16_38_296967_none
12222122210
93992949920
94222299920
93101355310
29101999100
11102353200
00001939210
00012393910
00019335320
11012499910
91012995310
11129559100
12293993200
93923349100
29211932211
11101291191

10 14 35 board_10x14_35_297010_none
1111221122
2933992399
3959949393
2996431211
1399932100
0124499310
1111959910
3933249420
9992922921
3432122391
1911129222
3321921119
9911111121
2210001910

8 10 21 board_8x10_21_297051_none
01221019
23991011
99321122
23210299
01932399
01299443
00124992
11002993
93322239
29991011

4 4 3 board_4x4_3_297075_none
2920
2920
1121
0019

4 8 8 board_4x8_8_297079_none
1221
2992
2992
1343
0299
0293
1221
1910

10 19 27 board_10x19_27_297088_none
0293910000
1394220111
9213920191
3312920222
9911111291
2321001943
0191001399
1221000293
1910001221
1110001910
2210001110
9910001110
3310001910
9100112110
1211191000
0191111011
1211111019
9101291011
1101921000

17 12 53 board_17x12_53_297118_none
11002999920019210
91113955932122910
11294249492934431
11394949313399991
19224931112933443
11129310129210199
11029200293101249
91011211292012932
23222291223129339
94993931193932292
95934930129393432
29212920011229991

18 10 43 board_18x10_43_297179_none
139920001992293920
299920012339435930
933221229223995930
221019292292239920
392012332211123321
993112929100192291
349119331100223921
943323911221192110
299293333991111111
122212993931000191

19 4 11 board_19x4_11_297227_none
9229910001110001910
1293210002920001110
1232111102920011100
1929119101110019100

18 6 28 board_18x6_28_297239_none
001910191112911121
223220223393122929
992910294994119343
943121499499221299
291129394324921232
111192229102921910

15 14 44 board_15x14_44_297271_none
392001991292000
994211221293121
239921001222939
012391001911249
001221002220192
001910112921333
111222293229399
910192939113953
220223232102991
921292392001332
129323993000191
123912993001221
193332392002920
112991111002920

12 18 32 board_12x18_32_297319_none
292191001910
292111112221
221000191192
910112222239
220192922921
910112129210
110000011100
000111000000
110191000111
910222112291
220292192932
910292112291
110112110122
110001910019
911111111121
221921001910
911291013431
110111019991

6 16 25 board_6x16_25_297355_none
111011
292029
292029
332022
991019
222121
113931
193991
123432
019291
243422
999392
233594
111999
923493
292921

4 6 3 board_4x6_3_297384_none
0000
1211
9291
1211
0111
0191

4 4 3 board_4x4_3_297388_none
1291
9322
1291
0111

4 4 3 board_4x4_3_297392_none
9210
3910
9210
1100

10 12 26 board_10x12_26_297397_none
0000000000
0000000111
0001232392
0001999493
0001233949
0011102393
0019102949
0011103941
0111114941
1292295949
3949229963
9931113999

15 19 41 board_15x19_41_297428_none
129101121101110
932101939202920
292111139313931
113920011292392
002920000111292
111121101110122
910019101910019
110122101110011
011291122100111
019211299311191
022200299491111
019100139311111
011100011111291
000000111019211
000000192111100
110011339211000
921119292291000
249211211223221
199200000192991

19 16 79 board_19x16_79_297475_none
9999223910122291191
9433399421199432122
1112949391123993229
0029322432001239932
0039413991000012391
1139393932221000111
2932312111993100000
9549210001399111100
9993910112232239200
4655320192910299310
9999933434220295920
2595399992911234931
0394223322233939329
1499210001399459311
2994910002999499311
9322110002942393291

19 8 22 board_19x8_22_297565_none
1921199921129211291
1291149439339219211
0122129229392111100
0019111112321000000
0011101111921011100
0000001911291019100
0000001110111023321
0000000000000019929

19 6 16 board_19x6_16_297589_none
0000019221291111111
0001122929322192291
0001911121291112921
0002220000111002220
1101911111110012921
9101111911910019391

14 6 22 board_14x6_22_297607_none
23991112910192
99443393110129
22399594100022
00296999101239
00129942102993
00012210002949

11 10 24 board_11x10_24_297634_none
91000000019
11000000011
00001110000
11101921100
19102249321
33323949929
99299239443
22223232399
00013959443
00019999929

6 19 19 board_6x19_19_297664_none
000000
111000
191000
332111
992392
359492
199411
249200
931100
932121
292929
222232
910191
110222
111191
191111
112110
001910
001110

4 12 9 board_4x12_9_297685_none
0111
0192
0239
0192
1221
1910
2210
9111
2229
1943
1299
0122

7 5 6 board_7x5_6_297695_none
0122111
0299119
0293222
0112291
0001921

10 4 11 board_10x4_11_297702_none
2210013942
9910019999
2221112599
0019100293

14 8 23 board_14x8_23_297716_none
91000000000019
11122211011111
11299291019210
39432211123910
99931111292110
95949129421111
23393339910191
19229293210111

18 18 56 board_18x18_56_297745_none
199111100000000011
233119210000001129
292012910001122921
393001110001929221
392000111001121119
931011393110000022
920019394921100029
221123449229100139
191293992111112392
112394331000129932
111922921111194491
911111291191112921
110000112221001221
000000112910000192
111110294221211139
912931399229291029
222949333932311011
911293911129100000

19 19 95 board_19x19_95_297805_none
9119112929929921100
1111129322233329100
0112149412129222111
0192949493931292249
1212249435920112999
9212293399321002359
1292922943492113931
0112122229594294941
0012229233999324992
1239944939594495449
1994499349433999921
1239335932929333332
0011293921121111299
1111222110112129239
2911921212293921222
9223339292959531292
2239932312299993593
1949439200123339993
1139229200000012492

15 6 16 board_15x6_16_297912_none
029491019210293
029932112910299
124339101121239
192921100019233
112110000011299
000000000000122

11 4 11 board_11x4_11_297931_none
91011101292
34339112939
99992119232
23321011119

4 14 9 board_4x14_9_297944_none
0000
0111
0292
1393
1939
1121
0111
0191
0122
0029
0029
1111
9200
9200

4 19 17 board_4x19_17_297955_none
0191
0111
1100
9100
2332
1999
1232
1100
9200
9200
2210
1932
1299
0249
0294
2499
9943
2391
0111

6 16 17 board_6x16_17_297974_none
912920
222920
911110
110111
000191
011211
129210
922910
221232
910199
221122
291111
922291
122921
019320
012910

9 10 13 board_9x10_13_297992_none
111001110
292101910
939212110
121291011
011211129
019210192
012910233
001110199
110000233
910000191

12 5 15 board_12x5_15_298006_none
922221100000
239939111100
194594229100
249594922221
199493111929

14 4 15 board_14x4_15_298025_none
11101221192121
39212992223929
99429339119232
99392111111119

19 12 34 board_19x12_34_298044_none
0000192111211019210
0112239239391013920
2392932299311002920
9922292232100001110
2221212910001221000
1129201110112991000
9129200000192221000
2221100000111111000
2910000012211291000
9420111029911921111
9910191029312220192
2210111011101910129

18 19 93 board_18x19_93_298082_none
192110001129932932
124931123924993499
029992199212943993
149793122101292221
939492011111211111
231212239119211191
931001993111292221
991113594222233910
233393993992929321
019939322222121392
013443221112210292
112992929229921332
912943133496953992
221393129949999559
921494923349434992
129395321933324952
121229912359939939
921112322999595321
129100192232399100

16 18 49 board_16x18_49_298191_none
9119100000000111
1111111100000191
0000019212110122
1211133392921229
9291199323129392
1211234492134921
0000192993299321
0000112234953291
0000122119992221
0000199113932910
0000122112212231
0000000019102959
1110000011102999
1910000000001232
1111221000000000
1102991011211011
9214952029492129
1293991029492192

8 5 10 board_8x5_10_298247_none
01921019
12292122
92349119
23992122
92221019

5 4 4 board_5x4_4_298260_none
00019
00011
22211
99291

4 8 4 board_4x8_4_298265_none
0292
0292
0111
0000
0122
0199
0122
0000

4 16 18 board_4x16_18_298271_none
1100
9211
2492
1994
1399
1239
9221
4920
9930
4931
9492
1392
1221
1921
1392
0292

9 19 29 board_9x19_29_298294_none
932212110
299392910
149423210
149319111
199211119
122100011
000000000
000000122
000000199
110000233
911110191
222910111
293110000
294332111
129999129
233443129
991191011
221122111
000019119

16 8 31 board_16x8_31_298326_none
9210199239212321
2911233949319991
1111922249213931
1222292293202231
2991223949201929
2931293259301132
1121392199411019
0019211139391011

17 6 28 board_17x6_28_298366_none
29291111012921100
93322291019229222
29229211011112399
23493221212122943
29923939392939593
93212932922293999

19 8 22 board_19x8_22_298398_none
0019393110001921000
0011394921001292100
0000129391001239210
0000122212111934920
1100192122922293931
9100112929391112129
1100013331211000011
0000019910000000000

17 16 71 board_17x16_71_298421_none
92991001139910011
23232101949420019
91129222393911121
22193939213222920
92224593101912931
29129992002332392
12349432112993392
02994449219599311
02949999212959521
23345964212239991
99299399119234931
94443234322929210
23992129912231100
19449139411921100
12394339201129100
01939921100011100

9 16 21 board_9x16_21_298501_none
001929100
001232100
011392000
129493110
193933910
112293231
000112929
000012221
000129100
000192100
111222000
191192110
221123921
910029491
221029311
191011100

8 14 19 board_8x14_19_298527_none
19210000
12911110
01122921
00019229
00011122
11000139
91000199
22100233
19111392
11119492
00012921
11112221
29219129
29211129

4 6 7 board_4x6_7_298547_none
1110
1921
3339
9942
4991
9321

4 4 3 board_4x4_3_298556_none
1119
9111
1111
0019

9 16 38 board_9x16_38_298560_none
912921921
112921129
001110011
110000111
920000293
942100299
299322233
139399329
122239593
392012992
993111232
954932239
299499299
123955432
112299920
191124920

12 19 42 board_12x19_42_298603_none
000011212139
001129293939
001921229232
123321011239
399291000299
993212222393
442001993921
991001249310
232100139200
019210293211
012910292192
122210112239
929100001932
121100001292
110000011229
910112129332
110192922991
000112123431
000000019910

18 12 54 board_18x12_54_298651_none
019291029329921000
011223249922391000
000019939421232100
000012222923939211
000011101293932391
121129322322122932
939239939942229392
931295955999494329
111349499459499443
001992494292239999
123321292111013553
199100111000001991

19 4 10 board_19x4_10_298713_none
1222939200012921100
1992139200019229100
1221011100022212210
0000000000019101910

16 8 27 board_16x8_27_298724_none
9910000122112991
2221100299229531
0129100299239910
1293211232129310
9212911921122322
1112211129129399
1239100011129449
1992100000012921

14 12 43 board_14x12_43_298755_none
12922492012321
19339992019992
12494321014959
01992122102942
02342299101239
12929233311192
92121229292221
33100193433910
99323433993331
39399992333991
22324542293332
19101991292191

6 19 16 board_6x19_16_298805_none
019100
123210
193910
129210
011100
221000
993100
399200
139200
012321
112991
293221
293100
239100
192100
111000
000000
000111
000191

4 16 15 board_4x16_15_298822_none
1100
9211
1291
1221
1932
2399
1943
1129
1132
2949
2959
2392
1921
2221
9119
1111

4 14 14 board_4x14_14_298840_none
9111
1119
0011
0000
0000
1110
2910
9432
9499
9449
2493
2993
2992
1221

4 12 12 board_4x12_12_298858_none
2492
9993
3949
1232
0192
0129
2221
9921
9491
1211
0000
0000

4 5 4 board_4x5_4_298871_none
0011
1129
9229
9211
1100

7 4 4 board_7x4_4_298876_none
0191111
0111191
1100122
9100019

12 12 40 board_12x12_40_298881_none
921110199921
933931134592
359991129392
999742294311
359992399211
294549344391
959392299311
299422139211
234391011119
194931011111
129931119100
012229111100

15 16 50 board_15x16_50_298924_none
012929113991000
029332339932110
039319399434920
029323942399931
012912921395339
001122211949239
110019112239239
910022229211129
221019129201232
392011111101992
992011100002359
232119111101949
129111119101292
921101121100122
110112921001129
000192291001921

16 18 49 board_16x18_49_298983_none
3921939311110011
9921139922910019
2210023329210011
0001129111100000
0001921100000000
1111122210011211
1911129911129292
1222922211921229
0295320012210011
0399910019111100
1394210012339222
1922122211993399
1112939911392293
0002943322221111
0001291193910111
0000122239421192
0000019239492129
0000012921392011

19 18 71 board_19x18_71_299037_none
0191192299100029992
0111129334210029592
0000012493911232211
0111012994221991000
1291029423921221000
9222129202920011100
2339322101110029200
9399593221000029211
9339493991011112229
1122435431019212921
0129399910133393210
1393496421299339100
1992399292393293200
1221293224931129211
0001222129920011291
1223911922210012321
9299211221011229921
1222100191019293229

19 14 72 board_19x14_72_299118_none
1911929923920191011
2322122395931221029
9292100129932910029
1229100012392110011
2232200000222011100
9939201110191019222
9559313920111023499
2993293921222139943
2492113332993949592
9312222994349449439
9311994599339933493
2934559959595493993
1299994349493934992
0123322921212129321

15 4 8 board_15x4_8_299203_none
019911129100000
134311921211000
199101221191000
122100191111000

7 14 20 board_7x14_20_299212_none
1110000
2921211
9329391
9324942
2495949
9495931
9329331
1112929
0001121
0000000
1221000
1991000
1332111
0191191

4 19 12 board_4x19_12_299235_none
1110
1910
1221
0191
0111
1211
9291
1322
0191
0222
0191
1211
9100
1100
0111
1292
9229
2232
1929

4 16 17 board_4x16_17_299249_none
9921
3339
1921
1110
2321
9991
2432
0192
0129
2221
9910
3320
1910
2342
2999
2959

7 8 9 board_7x8_9_299271_none
9211221
2912991
1112931
0001110
1211011
9291019
2311011
9100000

9 5 6 board_9x5_6_299281_none
112910000
192222121
222192929
191112121
111000000

10 4 6 board_10x4_6_299288_none
0001111991
0002932221
0002991111
0001221191

14 5 16 board_14x5_16_299295_none
12339910000299
19993211110293
12432113920111
11192293932210
91129212129910

18 12 45 board_18x12_45_299316_none
931001993939119211
991001224952112392
331000114991001939
910000295931001121
111122499321000111
001939942292211191
113249920139391111
293922210029422000
393221000022392121
931191012229323929
920112139921393121
110001939310292000

19 19 53 board_19x19_53_299369_none
0000029200019210000
0111029200023911110
1292121101129211910
9423910001921102342
9494210001121101999
1399111101129212243
1232119101921291029
1910011112210222029
1110000019101292121
1100000011101922910
9101110011101111221
1212922129210111191
0192293922910292111
1221129322110292000
1911122493110123210
1111922993910029921
1111292222111149591
1910111000001939311
1110000000001121100

19 19 86 board_19x19_86_299433_none
0019939922999229991
1122395932943922321
1910113921222110000
1222222110192101110
0193992000139201921
0129493110039301392
2332212922149311393
9991124493939219229
3532199959443222322
9291124499499119291
2332101933943233311
1929102221291299100
1232224931211293100
0191199949210112110
0122235933931112910
0129119323991192110
0294211394342211011
0299221393939212349
0123929212139219999

18 18 85 board_18x18_85_299529_none
942101123921121211
999101929933939392
232102343394942594
111111991139449499
921912342239499459
921222939293933399
231394392212122932
929393921000019210
121323221001232211
001291191001991292
012932212233433392
019339101999394931
012932112332495920
001292249311293110
221112999392322000
992223464339492000
954993999339594110
993993249921393910

14 8 16 board_14x8_16_299630_none
12111910000019
92911111110011
12221012910000
01292129421000
01939129391000
12122221211011
92111910000129
12911110000192

6 6 10 board_6x6_10_299648_none
019392
132493
949329
949211
231211
910191

4 14 8 board_4x14_8_299660_none
0011
0029
0139
0192
0111
0000
0000
1100
9200
9200
1100
1211
9391
2921

4 19 19 board_4x19_19_299669_none
0191
1221
1910
2331
2992
9349
1139
1129
9222
9319
9311
9300
9310
2921
2249
1949
1139
0011
0000

6 19 29 board_6x19_29_299692_none
999291
232211
011100
129210
922921
112239
113931
394931
993291
222232
223939
994942
949229
121122
221019
992011
993011
392019
111011

10 12 21 board_10x12_21_299727_none
1291001921
1932112292
2391192229
9311129111
9211222111
1129492129
0029932921
0013921110
0001121111
0111019229
0191011292
0111000111

16 4 13 board_16x4_13_299751_none
0000012349921211
0000129999539291
0001293349393321
0001921011212910

19 12 34 board_19x12_34_299765_none
9211000112910122100
1292100193221399100
1239210112933994211
1933910001299493291
1129210001243312921
0122111101929211121
0191019101122910019
0122111100012210011
0029201110019100000
0029201910011101110
1122222211110002920
1911929101910002920

18 18 56 board_18x18_56_299804_none
999101929291001110
953101121211001921
291000000122101139
111011101299210029
000029201944921011
000039301292291000
001249200122211000
001993101129100000
001392001921100111
121322002331000191
929291001992001232
232211012492012939
192111239222119349
223911993119112921
193221394221102331
113920129910012992
112920123210019449
911110191000012921

14 18 58 board_14x18_58_299863_none
00191011112993
12221019229499
94920011293343
39920111123939
93332292129392
12299224931322
12932119931291
92221014932931
23492002922920
29993122334431
29534949399991
11293949323321
01223231100000
13932922210000
93992239922321
12221193229991
00000222012443
00000191000199

10 12 18 board_10x12_18_299932_none
0000000111
0012221291
0129929211
0295321100
0299101110
0234211921
1292911291
2932221111
3920192100
9320129100
2921111100
1129100000

9 10 12 board_9x10_12_299952_none
910112221
110294991
111299432
191122291
111000222
001110192
012910129
019210011
011100000
000000000

4 4 4 board_4x4_4_299965_none
2991
2942
1291
0111

6 16 17 board_6x16_17_299971_none
019939
013931
001110
221011
993229
349921
933210
292111
129229
012921
111110
910000
121100
129100
192100
111000

10 19 51 board_10x19_51_299990_none
2920000111
3920001291
9421001932
9493223249
1393992939
1223332232
2911921291
9211129211
1211022200
1393129421
9399129992
2454323492
1999393211
3442399210
9910246931
9542299992
3999334593
9454492292
1299392111

12 18 46 board_12x18_46_300048_none
011394920139
129494920199
933922121222
129221229210
022229494910
129129949210
921113492100
221012921000
192119210000
239222100111
393291001291
992122101921
344229223221
199921299229
124321233393
001911911939
001122323231
000019292910

18 8 24 board_18x8_24_300096_none
000000019321199211
000001123992333292
110002922949291239
910113921232211192
110192110191000111
000111011222222100
011100129119299222
019100192111222299

18 6 24 board_18x6_24_300125_none
019211192129200191
011291129139412232
011211011129393949
239100000122239499
993211101291139433
239119101921192291

19 6 20 board_19x6_20_300153_none
0191111192292129221
0111191129322933929
0111111012911139542
1291111012210029992
9211191019100012349
1100111011100000029

15 16 50 board_15x16_50_300176_none
002921922210000
223933239910111
992292933321392
222333239229393
001991194932449
111221124921993
910000019211393
110112121212349
000293910192993
000294321124449
000239291029932
111193322139491
192234922942311
112929922939100
013443211121100
019991000000000

9 19 35 board_9x19_35_300231_none
110000000
910000000
111111221
001912991
002234963
001939999
111295963
910113939
221001232
193210191
239920111
933920000
921110111
221011393
393139499
993949422
943349200
129292100
011211000

7 16 16 board_7x16_16_300270_none
0000000
0001110
0001921
2211291
9910111
2210000
0000000
0000000
1110000
2920111
2931292
2239339
1933393
1293949
1223931
1911110

6 14 11 board_6x14_11_300287_none
110000
931011
991019
221122
110192
910129
110011
110000
910000
122210
019910
012210
111000
191000

4 4 4 board_4x4_4_300300_none
2931
3939
9221
1100

8 10 11 board_8x10_11_300307_none
01910111
13320191
19921111
35591000
99921000
23210000
00000000
00012210
00019921
00012229

11 16 44 board_11x16_44_300319_none
19393993110
11495494931
00294934991
11239592221
29239921000
93922322110
23210193921
29111339391
92119293321
22111212910
19210124320
23922399921
19229955692
11113939994
00001124999
00000002942

14 19 67 board_14x19_67_300368_none
39992222911910
99422992112220
94112321001932
92019112212399
34221129921943
99921129933339
95229223229932
92123391123392
11193921293239
01349211494921
02993222994220
02954939422921
01299349201129
01244943211111
01929399119100
13231222111100
92922111110000
24493932932100
19923939399100

18 18 46 board_18x18_46_300448_none
911129322910292000
111922992110393011
113222331000292019
294921910000112121
949921110000001910
293210000001111121
111000000012910019
121100000019322121
929111112232392921
121119119949312129
000011112499200011
000012321293100000
001129991222000000
002933431191000000
002933920111000000
012393920000000000
019212122221100000
011100019929100000

18 16 40 board_18x16_40_300498_none
000019920191000000
000013920111000011
111002331000122119
191001992000199111
221001392000123210
910000233101122910
110112399201929321
000293999201121291
000295694100122222
110129992000199119
911123931000122122
111911110000001239
001110000000001992
110000000000001232
922110000000000019
292910000000000011

19 10 41 board_19x10_41_300540_none
1292929119119111111
9223232322122229329
1119119291019129921
0012232434221112210
1101929399920011100
9102231395921129100
1212932224444943210
0192299119999992910
1221133335543333210
1910019299910019100

18 4 14 board_18x4_14_300584_none
019223229100019100
011299932312121100
110235339392921100
910192922922129100

11 12 29 board_11x12_29_300599_none
12993212920
19569924941
12999493949
12454324492
29399119932
39422112391
29200001332
11100001991
11211012321
19291019111
22311011119
19100000011

8 18 36 board_8x18_36_300632_none
11299332
29334999
39219493
93111211
94210000
39921011
95491019
93921011
12111110
01223920
01993942
02443399
12992393
93339321
29112910
12211121
12921129
92291192

4 14 9 board_4x14_9_300679_none
0011
0019
0011
0011
0129
0293
0393
0293
1239
1921
1121
0019
0022
0019

7 4 6 board_7x4_6_300690_none
0001992
0013693
0019992
0012321

8 4 5 board_8x4_5_300698_none
00011100
11019211
92122291
92191111

11 6 10 board_11x6_10_300705_none
00000191019
00111111011
01392000111
01993000191
01393232211
00112999100

18 18 75 board_18x18_75_300721_none
113949200191192921
194969311111112129
113993392100000022
112239229111100019
192132322129211222
113939291029229492
002931322123239959
001121292292934992
000129229323292221
111393111393222110
932992111395932932
993333293494949599
492192939933149593
921223133592029421
111291019392012921
002953111222101239
002999211119101292
001249219111101921

19 18 50 board_19x18_50_300805_none
0001110000011101291
0012921000129101921
1119492001292112210
9221392112933129100
2911232294492922210
1111929229932111921
0001121113920001129
0011100002220000011
1119211013920000000
9122392129920111000
1119212922210191011
1232101121101222129
1991000029201911921
1221112149301111221
0111293939200000292
0191294221100001493
0222129211000001992
0191011291000001221

18 12 54 board_18x12_54_300861_none
002992921029923920
002943391029593920
112129322123933210
191022492194459200
333129392129999200
993932321012333332
344932910111012999
939229320191019442
943322911332024920
139932122991019930
029992139421013942
012322939200001299

18 10 46 board_18x10_46_300925_none
129291292191139200
292222392111299311
932119211111293291
239111100191111222
292100000111001291
921000122112222943
110112299449939499
011293969999492393
129339499543434321
192293949219299910

12 4 7 board_12x4_7_300978_none
029200000191
029200012321
011100129920
000000194920

11 4 6 board_11x4_6_300987_none
00001910029
00001110029
11000111022
91000191019

4 16 18 board_4x16_18_300994_none
0111
1292
2949
3942
9229
2232
2939
3952
2991
1332
1291
2921
9321
1292
0249
0199

4 19 11 board_4x19_11_301014_none
1992
2492
2921
9210
2210
1910
1110
1100
9200
9200
2210
1910
1110
0000
0000
0000
0011
0029
0029

7 12 22 board_7x12_22_301028_none
2939119
9392111
1211111
0011291
1139322
2959329
2995942
2339949
9112392
1223321
1299910
9223210

12 4 7 board_12x4_7_301052_none
000001911929
111002221243
191001910199
111001110122

18 8 34 board_18x8_34_301060_none
011112322929119991
019119992121235931
011124642000199420
001249993210139910
001999449931012221
001233249991000019
011212939943221011
019292122392991000

18 10 48 board_18x10_48_301098_none
000000019299392291
000000122239549322
001110192113993392
002943339114992393
002999921129931292
012334431149532211
019101992299499200
123211239249549200
393932122239594421
993299119129939991

19 18 60 board_19x18_60_301155_none
0001991000000011100
1112432000000019221
9119291000001245939
2211211000112999942
9211110000193499591
2922910000129249411
1393111110011239211
1392112911221192119
9311193211992221133
9310129112322911299
3920011119222211932
2920011223939311110
1110019394249921000
0000011393922391000
1221001222121333100
1992122910019399100
1222929320022493100
0001122910019211000

19 19 53 board_19x19_53_301221_none
0019393999100019910
0011393232100012210
2210111011111100000
9921211019119210000
2229291011112911110
0012321000001222910
1111910001221193220
1922110002992212910
1291000002949101110
1211000001121100000
9101111110011100000
1213921910019100011
0193932110022311019
1222291000019291011
1921333101232211000
1129399212991012210
0023932292343229921
0019221211199494229
0011119100139492011

15 14 55 board_15x14_55_301282_none
123911129910019
199321922210011
123912231100000
012211929100111
129102342100293
922334991001399
233999942012949
949954492139443
959339312959499
293359301299543
222999322239929
932232299112332
992110123321192
222910001991129

9 5 6 board_9x5_6_301354_none
191019211
223121291
192910111
112221000
000191000

5 5 5 board_5x5_5_301362_none
19999
12332
00000
11100
19100

4 8 9 board_4x8_9_301370_none
0111
1292
2949
9239
1111
1211
9491
9921

4 14 11 board_4x14_11_301381_none
0019
2332
9992
3592
2921
9210
1100
0011
0019
0011
1110
1921
1292
0129

5 19 13 board_5x19_13_301393_none
00019
01121
01921
02239
01921
01121
00019
01232
01991
12432
29292
92229
11122
00191
00111
00000
01110
01910
01110

7 19 23 board_7x19_23_301407_none
9392191
1495321
0299921
0134491
1119211
9211111
9300019
9200011
1100000
1100000
9100000
1100000
0011100
0129100
0192222
0111299
1100299
9100244
1100199

14 10 29 board_14x10_29_301432_none
29100011101110
93210029201910
24920029202220
29932332112921
94229992119339
92012339111293
33100011111339
99100001139393
23210113949329
01910193931111

18 4 12 board_18x4_12_301465_none
001921101291019111
113239211921012229
192933911121101921
112292110019101110

18 14 45 board_18x14_45_301480_none
000000029211100000
000000029219100000
110001121111100111
932101910122111292
399101121299229459
932100129333922999
110000193922122443
001111223493119391
122911912999223932
939211112942393291
292212222110292111
111193991000111000
221239321111000011
991192100191000019

18 16 42 board_18x16_42_301528_none
921121101110191000
942929102920111000
959321103930000111
299212212921111291
122119911111911921
000012211222111110
001110001991000011
001922222221000019
001292992112110011
000113492293911110
000001932393111921
000001139312111129
000000029312910122
111000011292110292
191011101333110292
111019101992910111

11 18 52 board_11x18_52_301578_none
92239994999
29399694942
12959313342
01292101999
00111001354
01121112399
12939229943
19349229329
11292111122
11223221019
91192991011
22323222221
19293222992
11229939339
11112393221
29111323921
93229292393
12921211299

7 10 12 board_7x10_12_301638_none
1299100
9222111
1101129
0001921
1111110
1910011
2221239
1911992
2332221
1991000

4 4 3 board_4x4_3_301653_none
9210
2910
2210
9100

4 8 9 board_4x8_9_301657_none
1910
1121
1239
2994
2999
2342
2910
9210

11 19 46 board_11x19_46_301670_none
19299111229
11233219292
00019111211
01122210000
01922910000
12129210000
92121211000
23911291000
29323942000
39439991000
39949931011
93394431029
11112994239
01111499921
01911495210
01123992122
11019942299
92113449233
29101992119

14 19 67 board_14x19_67_301726_none
19910011399929
12210129499443
00000293495399
11211292293959
29392211123239
39439101129233
93921101921399
23321013320293
29392019920222
93392013920292
93122212110292
92129393112321
11193499239910
00124954939321
11119992232229
29112322291193
92100013932239
12222129931921
01992923921110

16 16 62 board_16x16_62_301805_none
2332100019292291
9999211111229211
2499219100123321
0122111111393991
0000000019493232
1221011112921129
3992119112210192
9949111119111211
3443201121119332
9399322910012999
9349939311112369
2349339212922939
2993223229493221
3993192922939211
9592113332232292
9311001991191129

19 4 17 board_19x4_17_301878_none
1293992912939929100
1923944322932221100
2322129922110001110
9291012391000001910

19 4 20 board_19x4_20_301901_none
1212121211112929100
9293949391293132211
2324969521292029329
9119399910111029392

18 6 27 board_18x6_27_301923_none
910019393121112999
110011393929119343
123221323233222339
199949491192923992
124949921112294952
001122210000113939

10 19 40 board_10x19_40_301958_none
0191012210
0111019921
0111123391
0191191122
0122211019
0019100011
1233211100
9499119111
3994222229
3953911921
2992111110
1332112110
0191293921
0111293139
1100112249
9312223992
9593994931
9694394210
2992129100

7 19 34 board_7x19_34_302002_none
0001221
1223991
2993942
9444349
2939939
2249432
2932291
9391111
1211000
0000000
1222211
9399291
9433321
3911910
9432110
2993221
1249929
1139553
1922999

4 14 11 board_4x14_11_302043_none
1949
1299
0122
0000
0000
0000
1110
1910
2321
9391
3921
9310
9211
1119

4 8 4 board_4x8_4_302055_none
1110
2910
9221
1119
0022
0019
0011
0000

7 5 8 board_7x5_8_302061_none
0299210
0295931
0113991
0002342
0001929

14 16 38 board_14x16_38_302072_none
01291192111129
01921112912942
12210001123991
19100011229431
22200019293910
19100011212221
11211000001292
11292122211939
29423929922221
29494233329221
11399229222929
00122294911121
12110239210111
92910192100191
12110111000122
00000000000019

17 19 85 board_17x19_85_302114_none
12999494931229920
19344994939394920
33219432123932121
99112921013920029
33323391029310029
19299311139421011
23349421295992211
93923992299339291
29224994232111222
11119994921000019
11113694291122111
29101992223299100
93201221192954200
29321012323399200
23991019933959521
29421023499359991
39301129333939421
29312923922231222
11292112921910199

19 10 28 board_19x10_28_302210_none
0029311911122392110
0029922211929934920
1112229101122393920
9100022200000112110
2221119100000000011
1939111100111111019
2392100011291191122
9211111019321122291
2200191013920019211
9100111002920011100

18 5 21 board_18x5_21_302243_none
993332100111193931
239999100191124992
123343311111019459
191029391001121399
111029311001910293

12 6 13 board_12x6_13_302268_none
112932932100
912993399100
111333932100
110293110011
910292111019
110111191011

11 8 13 board_11x8_13_302284_none
11019100000
91011111100
11122119100
01399222100
13994291000
29992122100
93321019100
11000011100

4 19 23 board_4x19_23_302300_none
1291
9432
3991
9432
9319
9532
9991
9421
1211
1291
9333
1299
0233
0191
1322
9391
9322
2229
9129

4 14 8 board_4x14_8_302331_none
0111
1291
2931
3920
9210
1100
0000
0000
0011
0129
0293
0393
0292
0111

10 4 9 board_10x4_9_302341_none
2933910191
9399210233
1222100199
0000000139

17 12 35 board_17x12_35_302352_none
01929291000112921
01121211000192291
00000111001332122
12210293213991019
29910299293931022
95421344322221019
29921992911291122
24921233211921191
92110019212110122
11000012391011119
01221001921019111
01991001110011100

19 18 87 board_19x18_87_302391_none
0112111929112921029
0192911121129491029
0112111121249523232
0000001939499393991
1101111139594214963
9102931111392113999
1103959310122394494
1123949910019399229
2939443210011333111
9495992111111293100
9339994493291299100
1129949999433233211
1113443349399219119
9212992133339222322
1292392199222119391
1233321122292124931
2949922321139219920
2949329991029212210

19 19 94 board_19x19_94_302495_none
1112993110113931222
3923995920193939399
9922994920123222499
2222322110019102953
0019111101122212991
1234339201911933321
9299939312222299310
1224331393291149910
1101922493932029321
9101129934392232119
2211112392933993232
9219100224349569929
9532211192993999432
9991191112233332291
2321222011129421222
2222392139239992291
9929933939339932943
2233493221394212499
0019229100292001993

19 19 91 board_19x19_91_302601_none
9101939211019939111
1112494391023492229
2339599422019222293
9993999593232119229
2323343994992121111
1222922223932910000
1992292113432111110
2321239119993111921
9111293222494922492
2219213920224932992
9221102921394249421
2910123211993949410
1121399211334259921
0129494921292949692
0294922129323249593
0294211121293493392
0129213920139992111
2332293931139421000
9991112291192100000

19 19 79 board_19x19_79_302704_none
0000111000129100111
2321192100192100191
9991139421111111122
9521029992001292239
9310013993101923993
2921001239211223949
2392110012921292232
9323910112129211191
1394331293121111322
0395993393910129291
0299499212221295532
0122222101292499992
1100011212939394339
9321019394242322111
3991022594929239211
9321129394233949219
1101293329129492111
0012949211129422000
0019239200011291000

17 12 35 board_17x12_35_302795_none
19910000002922949
12211111113932949
00112911912921121
00192112221110000
00111002931100000
00011103949321011
00129213932992129
01394392222239139
01993921191011129
01222222222111121
01111292911911910
01911922111111110

16 10 33 board_16x10_33_302832_none
0113931100129100
1293939100192100
2955331100222000
3999920011292100
9335931239229211
1102932993221291
1111139533910111
1922349394321121
2239992229911929
1922321012211121

9 4 6 board_9x4_6_302873_none
910000000
220111011
921192119
291129111

7 6 6 board_7x6_6_302881_none
2910000
9211110
1101910
0112110
1292110
1922910

5 10 9 board_5x10_9_302889_none
00019
11111
19100
11100
00011
12229
19932
12492
01493
01992

4 14 14 board_4x14_14_302901_none
1211
9492
2992
2321
9311
9391
1211
0000
2210
9931
4991
3941
3920
9210

4 16 16 board_4x16_16_302920_none
1910
2210
9100
2200
9111
3339
9949
3492
1932
1393
0399
0399
1393
1921
1110
0000

6 18 14 board_6x18_14_302938_none
000111
000191
121211
929111
132219
129111
921100
110011
000019
111011
192211
129291
011211
111000
291000
932000
291111
111191

9 12 23 board_9x12_23_302953_none
911929100
232221222
929212299
231292959
910112293
222221129
192991022
223331029
921910029
921111121
111111910
001911110

17 4 10 board_17x4_10_302978_none
19210000000019239
12910000011111299
01110000029201243
00000000029201929

19 16 81 board_19x16_81_302989_none
1112921100000199910
9119339100000245421
2212921111211299291
9312121239493394311
9392129399694949200
1213954599939249311
0003999955432349219
1223945959933993111
1992224995499592000
1343395999234921000
0299394942119321011
0294312111122391019
1229100002921921122
9222222212932110293
2922939923392211299
1292139492939291139

18 19 72 board_18x19_72_303093_none
191000000293299100
112110111293943200
001911292212239100
112111959311192100
191112299491222000
221292123921192110
922393222232212921
494943991199101129
994939321123211132
233221101111911939
019100113922221393
122210193943910394
911911222299322399
232211910122394943
929101110111299449
232211112392139499
191191192993012969
222111112392001299
191000000111000122

15 18 38 board_15x18_38_303176_none
191000000000000
223110111011100
192910191019100
223122321011100
292029921000000
292029492101110
111011229101932
000001121101399
001112920001393
012912920001921
139311121212110
949300019391000
139311123921000
132391192110111
929322111000191
121291111000222
110111192111291
910000112911921

8 6 12 board_8x6_12_303219_none
19222299
12399333
01932291
12110222
92222291
29299211

5 4 3 board_5x4_3_303233_none
19291
11211
11000
91000

4 10 9 board_4x10_9_303237_none
9111
2229
1921
3320
9921
3339
1921
1221
0292
0292

8 19 22 board_8x19_22_303247_none
00000000
11111100
39219211
99222391
22119211
00011211
00000191
11111211
19119100
11112210
00001910
01111110
02920000
14952100
94999111
13942229
01110192
11112221
91192910

15 12 47 board_15x12_47_303272_none
299299492192939
393223994212139
921001499211133
220011393291199
920029532122222
920029991019222
111133421011299
113939222111233
193931299239439
112221133399992
112293229223432
192939921100191

17 8 33 board_17x8_33_303327_none
00112392111139499
11192992192299942
93334442139445920
93992991139929221
12223331193221229
00001921111011394
11001292121119399
91000112929111222

19 4 10 board_19x4_10_303364_none
0111001910000122100
0191001110000199211
2322221000011222291
9911991000019100111

17 14 58 board_17x14_58_303376_none
23211922910293921
99921129221495349
24920012229493992
02220001934944331
01921113494992921
12129129939333493
92012239321119399
92001921100011239
11001221000012332
11100292000019993
29211393111122499
49319322923920139
99323922339930011
39219229294920000

15 18 45 board_15x18_45_303445_none
011100000001110
019100011101910
022311029201110
029391029211211
139312121119291
193202920011211
129103931121100
011102921939100
011101112392111
019101111921029
011101911111259
112233210001999
192999200112343
113359311392292
001933911992292
001293233432332
000112929922991
000001123922931

14 19 38 board_14x19_38_303496_none
11199100011211
91233101129292
11192101921229
00129101110122
00011100000293
11100000001399
29200000001932
29211100001110
12229100001110
01921101111910
01110001923220
11000012392921
92111029313492
93291139201993
29211192101392
12221211000111
01939311111110
01139911911910
00012211111110

11 19 32 board_11x19_32_303537_none
00011392111
01129492191
12944921111
19499210111
12932100292
01110000393
00000011393
00000019229
00000011111
00111000000
00191111000
11222293110
91192394910
11112939210
01112242200
01911929100
01222233210
00192293931
00129213991

8 16 31 board_8x16_31_303570_none
01991000
12222110
92102931
29214959
11294949
00139431
00139931
12495991
29994332
94949129
12121239
22211192
99492111
23993100
01239100
00011100

7 14 25 board_7x14_25_303607_none
1100029
9211149
4922949
9932931
3932110
2391000
9334210
1299920
0149952
0029999
0012599
0001393
0001921
0001110

4 4 3 board_4x4_3_303634_none
1110
1921
2391
1921

9 14 27 board_9x14_27_303638_none
001999921
111344229
910192121
110235920
110199941
911245949
111929492
001122932
110012391
920019322
920011392
110011392
001139311
001939200

17 18 72 board_17x18_72_303670_none
00192992100111019
23322239322292121
99932113993932910
46599423933921110
99959992111221111
34394943111291192
92123393911921129
92019339322110122
11011293391111191
01221129211192221
02991011100123910
02931111112129332
01111291193943599
12333921113949993
29999310001293443
29449200000233299
12221101222299349
01910001992932292

18 16 74 board_18x16_74_303750_none
249399992101910019
999544439113321232
399929112239943991
139442213949999321
024939119943443221
129942213933932929
194339312139939331
239129392239322910
192122439292112321
122119293432019291
129112322991011322
193201922433111291
139201249493922931
029200199923922931
121100124321122339
910000001910019292

18 14 68 board_18x14_68_303830_none
192910292111029219
223233493293239222
192299939339921129
223949333493221139
193221119921019239
239222234431112921
943929929939211110
939233323933920011
132339311224941229
019299910193959392
123344321323299311
292939119291233100
954494343311192221
999393999100112991

19 12 55 board_19x12_55_303910_none
1129339911223921993
1933993333993921399
2393331199322110122
9423921122212110011
9394492112392921119
1229939119922129222
0012332112210022493
1100292000123229499
9111392011299931399
1229321019224920133
0193910012322222249
0112110001991192999

19 5 13 board_19x5_13_303976_none
1100019100199100019
9100122100122100011
1211191111001110000
0292222191013920000
0292191111019920000

14 10 33 board_14x10_33_303992_none
01122911129291
13939211921333
95941212110199
95942392100139
24939939111222
19332221119291
12932211122211
12299291192221
92343211113992
12991000002992

10 16 24 board_10x16_24_304029_none
0000019939
0000012239
1101221011
9113991000
2219943321
9222239991
2910029931
1110012210
0000000000
0000000000
1222110000
1992922110
1223392910
0001922110
0112221000
0191191000

5 19 24 board_5x19_24_304056_none
22119
99321
99921
23339
00192
11211
19111
22219
19221
24920
93931
23291
92211
29100
22200
39421
99991
34332
91019

4 16 17 board_4x16_17_304084_none
2391
9942
3959
2399
9222
1100
0000
1111
9229
3492
9932
2229
1222
9292
1229
0011

6 4 4 board_6x4_4_304102_none
019129
011129
000022
000019

14 12 29 board_14x12_29_304109_none
00001992299211
00001249333391
00011129219222
01239112221119
01993212921011
01349119492211
00192223939291
00111192121322
00000222001291
01110192101921
02931129102220
02991011101910

17 18 44 board_17x18_44_304141_none
00001239101939100
00001992101292100
01112342100112110
01911929321001910
12212232992001110
29201911392000000
29422110222111011
23992110191191019
19333910111222011
11119210000191000
00011100011211000
01111122229332100
01922929922999111
01292122222493119
00111111129212121
11000191192112910
92000111111129210
92000000000192100

18 19 74 board_18x19_74_304188_none
001922392999101121
112129922343101929
192122221293211232
112922229339911291
113239923932211932
294932223920001292
294920019210001349
113220012210002992
112921013920113931
192291139921394231
221111199312994939
910000133202949393
110111019113442339
000293122229992192
000299229349594321
000123933992349910
000113349321199310
001292992211123210
001922221191001910

19 14 57 board_19x14_57_304270_none
0019299119293991029
0011233333313931029
1111119299211221011
9119111224920192110
1111100013921222910
0111011229223921110
1292129393229920011
9229239449229321119
1113931299312229111
1113931249312921100
1912932932393110000
1111129392393211000
1121223449239492100
1929292992129939100

15 4 13 board_15x4_13_304334_none
121111291001910
949219322111110
949223922922210
121119392129910

9 8 15 board_9x8_15_304351_none
222921291
992129211
932121222
111921399
001129394
111121239
911910029
111110011

6 14 11 board_6x14_11_304367_none
000192
000249
000199
011222
019221
013939
002931
001110
000111
000191
000111
000111
110191
910111

4 19 19 board_4x19_19_304380_none
1921
1392
1393
9339
9239
1239
1292
2931
2931
2391
1932
1129
1232
1991
2331
1921
2239
1921
1110

7 10 9 board_7x10_9_304401_none
0011211
0019291
0122322
1291292
2922392
9322921
1292110
0111000
0000000
0000000

15 5 18 board_15x5_18_304411_none
019100113920191
011101394931222
011101993249329
129102342399932
192101929394391

16 6 21 board_16x6_21_304434_none
1929210013931111
2232911129939229
1911111933222921
2220113391112232
2931293921191199
2939229210111122

18 10 26 board_18x10_26_304462_none
912921921000000191
223931291011100111
912920111029310000
111110011129910000
011100029212210000
019100029200011111
011211011111229129
000192100019292129
110129211123321022
910011291192910019

19 18 72 board_19x18_72_304491_none
1929100011291193921
2242311019211129339
2939391011100123392
9239312110000192932
1222101910000112392
1393101111110011392
9399211112921019322
2433291194492121291
9292232229933931222
1334929113922949229
0199221101222394932
0233112321192393291
0192229991112922221
1239393321113222920
2934932110294922920
9229921910295932110
2223311110239491000
9119100000193921000

18 18 65 board_18x18_65_304568_none
191001911122210192
221001222929921129
910000293122492133
221111292122392199
292191111199323332
292111000139439910
222111000023994431
191191000019322993
232222100011112499
929129200000029432
232129311000029921
192121291111024439
123921111192229932
129392101239294349
921229212921223939
110122292110019232
122392111122111229
199392000199100192

10 5 12 board_10x5_12_304640_none
0012910111
1129321293
1921292399
2221249333
1911939219

6 5 6 board_6x5_6_304653_none
293110
293910
113220
012921
019391

4 16 13 board_4x16_13_304662_none
0199
1233
9219
9222
1119
0011
0111
1292
9239
1139
0029
0022
0019
0122
0191
0111

8 18 24 board_8x18_24_304678_none
93321000
29991111
12321292
22100293
99200239
49410193
29910239
12211292
11101921
19102231
12211929
01912231
01111910
00001110
11111000
92291000
29211000
11100000

11 12 20 board_11x12_20_304704_none
00191019100
00111011100
00112122210
00193939910
00129239310
00122111100
01291000000
01921111000
12322392000
29493992011
94993221019
29321000011

12 10 22 board_12x10_22_304726_none
292002931000
292113991000
343293442000
999212991000
232101332122
000111191299
000191111299
000233111222
121299119100
929222111100

15 6 22 board_15x6_22_304749_none
931012929910000
991019222210011
332122111111129
293291139329239
299311199392394
139200122211299

17 4 18 board_17x4_18_304774_none
91000029200029399
11112149412149433
01292939493959319
01922121393299211

19 6 18 board_19x6_18_304796_none
0000191000019112391
0001221000012229931
0001911110001934920
1222222933211292110
1992292299920111000
1222921124920000000

19 12 40 board_19x12_40_304817_none
2210113942100000191
9910194999101121322
2221213942101929291
2229101232223221322
9922210199299210191
9311910122234932211
1101110000019499100
0112221011111395310
0192992029200129910
0112392139201122321
0000222192101910192
0000191111001110129

17 19 82 board_17x19_82_304861_none
12991139219119211
92222299211112392
22013954321101939
92129949939212232
12922349339219129
12211292222223239
19211933291192921
12911294953323221
01111349999291192
11101995993211239
19101223931000293
22200002220000293
29212122921212349
92293939329394992
12359559321395942
12999993910129391
29445943111121322
93393391112910292
29229211192110292

9 12 19 board_9x12_19_304951_none
001929291
111121211
931101110
949101921
292102391
111001932
000012392
011119239
019221129
012922121
002392910
001922110

4 4 4 board_4x4_4_304973_none
9100
2200
9321
2991

4 6 3 board_4x6_3_304978_none
0191
0111
2210
9910
2210
0000

6 14 20 board_6x14_20_304982_none
991011
333239
294992
295931
239332
293299
292149
122129
019111
011111
110019
931011
991000
221000

12 19 34 board_12x19_34_305009_none
910192110299
110112910299
221001111343
991111001991
221191001221
112221111000
193910192211
129210139391
011211029322
000191011119
001221000011
112921000000
293291112110
392111192910
921001333110
111111991000
012911221011
029310000019
029200000011

18 10 43 board_18x10_43_305047_none
001993910001110011
001393121112910129
011211019349420192
029212233999910111
249219939699321100
992113349932229100
931012933321193210
220019592293213920
921012994499213920
291001399393292110

19 6 31 board_19x6_31_305096_none
0199322210019211299
1259939932233911932
1949696959929211121
2249939993221111229
2933333932110019292
2921911111910011211

18 6 17 board_18x6_17_305135_none
121101111121100293
929112922929211299
132229339321291122
019129229201221011
011111222101910019
000000191001110011

11 19 44 board_11x19_44_305153_none
00199100000
01243211100
01939329100
12239392111
19111322019
11100193221
00000129910
00012222210
11139921100
92299449200
24953399300
19991299300
13931149311
01111249229
11012993129
91019693022
11123993239
00193333992
00112912931

4 12 13 board_4x12_13_305202_none
1110
3920
9931
4439
9921
9531
3991
9321
2321
1991
2331
1910

4 6 5 board_4x6_5_305220_none
9119
1111
0122
1299
1932
1110

6 5 4 board_6x5_4_305227_none
221019
991011
222110
001910
001110

9 10 22 board_9x10_22_305232_none
121211111
939292392
931212992
343223431
999929931
994334939
932292121
111922110
012211910
019101110

17 19 44 board_17x19_44_305260_none
01910000000000011
12210000000000019
19101110001110011
22202920012910000
19103931129210000
12323932921101110
13992129210012910
29931011100019210
29420000000122100
35931211000191000
99949291000122100
24931211000129100
01110011211193211
00000019392239119
11000011393293211
91011100112939100
11019321012333210
00012991129292910
00001221192212110

18 18 56 board_18x18_56_305306_none
000019910192101129
110023421239101921
910019291192101110
110022311111000000
112139200011100000
192949312139200000
233493292939312110
929392234221292910
231211199111213220
910000133219102931
220012229221103991
921129933910013931
129129329221119210
122222112229111111
392191001932311019
992234211129292121
221299910012322910
000294210001911110

19 10 51 board_19x10_51_305368_none
1929211922999929210
1234921293344332921
0193931123911911129
0224393349422110022
0192939999492011119
0234235974492029222
0199439999223249329
0139994993119949339
1123422332012393921
9119100191000112110

19 6 25 board_19x6_25_305427_none
9219101922992292211
9311223339339229291
9201399392111222211
1101999411122292100
1111249200199229111
1910011100122111119

14 6 18 board_14x6_18_305457_none
12929212110111
92122392910191
11001944210222
01111299222292
12921233299239
19391191122129

8 16 26 board_8x16_26_305478_none
11191111
91123493
11019999
00012332
00001221
00112991
11292221
19223321
22229992
29139649
92129392
22111211
19100000
22212210
29219921
29212391

7 18 21 board_7x18_21_305510_none
0019100
0011100
0000011
0000019
1110011
1921000
1292100
1349211
1993392
2349339
1921292
2331111
1992110
2323920
9213920
1292121
1211029
9100029

4 19 13 board_4x19_13_305533_none
1910
1121
1129
2932
9239
2229
9111
2221
2929
9453
2999
1232
0000
0000
0000
0000
0000
0000
0000

4 14 14 board_4x14_14_305547_none
2939
4952
9939
2221
1100
9100
3310
9910
9310
1211
0191
1211
9221
2929

9 4 5 board_9x4_5_305563_none
019100000
022200000
129211110
922911910

12 6 19 board_12x6_19_305569_none
191001129239
111012943399
110029599249
932129932249
299112221299
122100019222

18 18 47 board_18x18_47_305593_none
192910000292011222
224220000292019299
294910000123332333
299210012229991191
122100029933321111
011211029491000011
019291011211000019
022311112121100011
019101393939310000
012211993139920000
012911232224920000
019321019292110000
122291011211000000
191111000111000000
111000011291122211
110000139323399291
910000199219932211
110000122112210000

19 19 65 board_19x19_65_305645_none
9491000111199100192
9921000191133200129
9410000111019100011
9200011100022200011
2211139310019100019
2911939911121100011
9211133322911110011
1222119229332910129
0199222922939421192
1233911111249392221
1922210000192324920
2239100111111193942
1922210192101222299
1111921239322910122
0112293494993210011
0191239993249200019
1322194942129211111
9291223129111119100
1211191011100011100

17 10 35 board_17x10_35_305717_none
11101912921292910
19101113942922121
12210014992110019
02920019932111121
02931134312921932
01291299103932399
00122393102921932
11029322101111221
94239219111101291
99921111119101921

12 4 7 board_12x4_7_305758_none
110011111291
910019229322
220011292291
910000111111

6 10 14 board_6x10_14_305767_none
192221
112991
002331
002920
002931
223239
992921
333221
193492
129992

4 18 9 board_4x18_9_305784_none
0111
1291
9311
9300
9311
1392
0292
0111
1100
9100
1100
0000
0000
0011
0019
0011
1100
9100

6 16 25 board_6x16_25_305796_none
111111
291191
953211
999100
232111
122119
199222
259319
199222
133219
129222
931291
942322
399291
395432
293991

7 14 24 board_7x14_24_305826_none
1129392
1933492
2393921
2949210
2942200
1129332
1233999
1992394
1232229
1229111
9292111
1322019
1291122
9211191

14 4 10 board_14x4_10_305852_none
19321001110019
12992112920011
12322923920111
19101292110191

17 5 22 board_17x5_22_305863_none
00001999391192921
00012494921112129
01139323221111111
24959329119229210
99993921112922910

19 16 43 board_19x16_43_305893_none
2921911129212110000
2921223942393920000
2210193939335920000
9310112121299321000
9910000011222393100
9321211019101399210
1119291011101944921
0022311000001129229
0019101110000011111
1222102920000001110
9291013921110112910
2321019212920293121
1910011102920292019
1110000112221111122
0000000191191000191
0000000111111000111

17 19 82 board_17x19_82_305941_none
00002993221129129
00113993992193239
00193433392239129
01249392222293221
13949449229423910
94931299239593210
29211354229939210
23322999323233910
92993359392239210
12223932433992211
11103954992221292
19214999942110292
22294959931910222
91129333921110191
23222923220001232
39911394922112939
99310299392923931
34211232212129210
92911910000011100

15 16 58 board_15x16_58_306039_none
929221292999939
232929444445492
922133999392921
393229349312221
949921112221392
933331212939392
111929392292333
233222921111199
999101121100233
393100019211292
221111011292392
911291000129322
111921011111291
123210139200111
299111299410011
932119239910019

9 6 8 board_9x6_8_306107_none
000111000
111291111
922921292
239210292
192101221
111001910

5 4 5 board_5x4_5_306116_none
92110
23921
29391
92211

4 10 6 board_4x10_6_306123_none
1939
1292
0222
0191
1221
1910
1221
0191
0111
0000

7 19 32 board_7x19_32_306130_none
0129100
0294200
0399111
2493119
9921022
9321229
1119292
0012321
1234931
1999939
1499432
1393292
1921139
1232129
0299111
0293111
1222119
9219111
9211100

12 14 31 board_12x14_31_306167_none
111111112121
191293293939
222293923931
191112111110
111001110111
000113921291
011295942921
019339959210
123923993210
192111333921
111000192291
222110222222
992910191292
222110111292

18 4 18 board_18x4_18_306202_none
019211999399991000
122911233934542000
921221002332992000
920191001992392000

19 4 19 board_19x4_19_306222_none
9101222921001123920
1101993393212949920
0001239339922969520
0000012923921299910

19 6 25 board_19x6_25_306244_none
9391193922910111000
9311129393220193221
2210012322911349939
2920001912332993349
2920012211992233392
1110019101221019921

17 16 47 board_17x16_47_306271_none
12910012993222939
19210019493993493
11100122213332992
01110193211911221
12910139911221000
19210029311392000
11100011112992000
01110111019321000
01910191122211111
01110123391191191
00000019921122322
00123222211239291
00199910001993432
00139432213332991
00011299392912331
00000139312111910

9 16 25 board_9x16_25_306323_none
111000000
292000111
292011291
111019211
110011211
920000191
921121211
122939111
019492119
135931011
299921121
294211929
222012221
292119111
939222119
121291011

6 10 9 board_6x10_9_306350_none
191000
111000
001110
002920
002920
001221
122291
299211
933321
111991

4 5 4 board_4x5_4_306361_none
9200
9211
1119
0022
0019

7 12 12 board_7x12_12_306366_none
0000000
1110000
2920000
2932210
2249910
1939310
2233421
9229991
1294931
0112110
0000000
0000000

10 18 43 board_10x18_43_306380_none
9291000029
2311111039
9100191029
1222211011
1299101110
2932212932
9320193399
3932249322
2993959422
3445959399
9939931222
2239310000
0011211000
0000193210
2210129920
9911124952
3322922999
1912921393

16 18 49 board_16x18_49_306432_none
1212911911910292
9493111111110292
2992000000000111
1233210011100011
0019921119111119
1223229122219111
9291011119221211
1211011112911291
0001129212111921
0113932391001110
1395931922222110
2995932322992910
2993129292223231
1221011211002949
0000011100113992
0000019211192221
0000133392222221
0000199212911991

18 14 34 board_18x14_34_306484_none
011101110111000000
129113932292110000
932119993933910000
291012339392110000
221000011211000000
921100001110000111
129211222910001291
012911992110001921
112112443110002220
291001993920112910
931012323920192110
921139311110111000
111939910000111000
001122210000191000

19 5 25 board_19x5_25_306519_none
2910019100029499910
9321022201149695320
1392029201949943910
1392029212239949431
9211011119112393991

17 6 15 board_17x6_15_306549_none
19291000000001110
11322112110113920
00191192911293931
11212222111922129
19102931002220011
11102991001910000

15 10 22 board_15x10_22_306566_none
122100001110011
199211112911239
122291192222992
110111111192221
910000000123221
221111110019929
932933910012221
992299210000111
232222100000191
019100000000111

10 18 47 board_10x18_47_306591_none
1221192292
2992223939
2994493121
1239994221
0012493991
0000123332
1212139219
9392939432
9312122991
2221101221
1939211110
1293923920
0124493920
0029944210
1249499221
3994334929
9999119331
3942112910

8 19 37 board_8x19_37_306647_none
00001292
11001939
92112121
93293100
93399311
39249491
92139522
23249391
93994421
49439921
99213349
93101949
34212392
99922921
23239310
00029200
01232100
01991000
01221000

4 10 8 board_4x10_8_306689_none
0000
1100
9221
2929
1121
0111
0292
2493
9939
2221

4 5 6 board_4x5_6_306698_none
9931
3991
2321
9211
1291

6 4 4 board_6x4_4_306706_none
221000
992110
233910
019210

10 8 12 board_10x8_12_306712_none
0029200000
0029311110
1133911910
1929212220
1122211932
1101911299
9101121222
1100019100

12 12 32 board_12x12_32_306726_none
000112910191
221294342211
992395999100
992399594111
442294493129
991129213931
232222103941
019291113939
011211192121
123221211000
199929111100
123221119100

18 19 71 board_18x19_71_306764_none
222922210001291129
993239920001932292
359229920001129211
299333421001244432
944929291002999999
239332211002996963
193392100001234939
129239211111119343
122129219229221299
191011112922910122
222000001223342100
192100000192999100
129111111323232100
011229119291000111
122392122312121291
939932119101929321
139329221102233920
011112921212924930
000001129292129920

19 18 46 board_19x18_46_306846_none
9910191000000191000
2210112110111111000
0011101910191111000
2229101221122291000
9931100191129212121
3942101221192212929
2399102920112292121
9222213920002931000
1100192110002931100
0111111000001129100
0191000001110011100
1222110001910000000
1911910001110111000
1111121101110191000
1100019101911221011
9211012222211933229
1393101929102399931
0299101121101934920

17 5 20 board_17x5_20_306893_none
00019119922911129
11122124439323931
92291019931394931
12921025930294229
01110019920129111

12 5 8 board_12x5_8_306916_none
292111001921
292292001129
111292001121
011211001910
019100001110

7 14 25 board_7x14_25_306926_none
1221192
1991239
1232292
1139432
1939939
3332392
9921111
2391111
2321192
9911349
2212992
0002931
2322121
9991019

6 16 25 board_6x16_25_306957_none
111000
291000
921111
220191
931233
992299
932932
233210
399100
994111
493129
943932
992129
332133
191299
111293

4 19 14 board_4x19_14_306991_none
1292
1959
1299
0133
1129
1921
2210
9100
1211
0191
0111
1221
2991
2931
2210
9100
1100
0011
0019

4 18 10 board_4x18_10_307009_none
0000
1100
9100
1100
1110
1910
2321
9291
2321
1910
1221
0192
1239
1921
1110
1100
9111
1119

7 8 14 board_7x8_14_307022_none
2942211
2999291
2493211
9321000
2921100
1239221
0295929
0299221

12 4 7 board_12x4_7_307040_none
191019321292
111012991292
111001221111
191000000000

15 6 16 board_15x6_16_307048_none
221029393999119
991039413942111
221029323210000
000011299200000
000001249310000
000001922910000

18 14 68 board_18x14_68_307065_none
992121222101111939
222929399102921139
111244943213942233
911299339339499299
233944922993943322
399229222444229100
995322119299111111
399492023433221119
139594129922939111
122393933339693111
292112139339992139
292000139943421199
122212295949100139
019292923931100011

19 18 71 board_19x18_71_307147_none
9200019212292393921
9211111293932995391
1119101334932499432
1122201992129345991
9219112321022399321
9211119321019222100
2201122992122210111
9101911233912920292
2212220129224930292
1912920293119920111
1223931393012321000
1293392393101292211
1949424949102949292
1249494931102931229
1393393232112210011
9493111299229100000
1392000294932200000
0111000112129100000

19 19 51 board_19x19_51_307228_none
0000011112322121100
0011119119992929100
0019111114942121100
0012210002920001110
0001921001121112910
0002492001239119210
0112992002992111100
1292221002931000000
1921111012221100000
1110193239219100000
0000129939211112321
0000124331100019991
1100293932111113542
9111393299119101991
1119211122222102331
0011111111291002920
1111119119211113920
9129321111100193210
1129910000000129100

19 19 52 board_19x19_52_307282_none
0192910001929210191
0112221002233920122
0011291001912931019
0019211001111292222
0022200001110129291
1119100001910011211
9111100002220000000
2211110012921100000
1911921229339210000
1233239393923921110
0299229312113932920
1399222200013922920
9222129200129322110
2321029200192291111
1991011100123432191
1232100000019991111
1239100000012321000
1992100000011100011
1221000000019100019

14 8 26 board_14x8_26_307341_none
00000111111000
01221191293211
12992223599292
19449229994439
12933594339293
01129993112339
11223449101921
19291192101110

7 5 6 board_7x5_6_307372_none
1100011
9200019
9200022
3310019
9910011

4 12 13 board_4x12_13_307379_none
1229
9392
2921
1221
0192
2339
9921
3320
1910
2220
2932
9399

4 19 12 board_4x19_12_307394_none
1100
9100
1211
0191
0111
0000
0111
1291
9322
1291
1211
9210
2921
2229
9321
9910
2321
0191
0111

11 10 27 board_11x10_27_307408_none
92292292222
12939339299
12232392333
19339212393
23992101999
29321012349
93210129111
12911292111
02222931019
01912920011

12 8 21 board_12x8_21_307443_none
939211011292
931292129339
110123922921
000129321110
111194921121
293213921939
399201111292
949200000111

18 4 12 board_18x4_12_307467_none
012921291191001129
019339211222112921
012921211292192110
001110191292111000

18 5 19 board_18x5_19_307480_none
001922991000299229
112293332110396492
192222911910399932
113921111110294229
002920000000111011

19 6 29 board_19x6_29_307503_none
3939291019949291019
9941222113993433121
3921139323333993920
1111939399119323931
0002342333222101292
0001991191191000129

19 12 57 board_19x12_57_307534_none
9392933211939291019
2933399933392211011
1292394499323110111
0129432293292932392
0013992122213499492
0002995239201994932
2211399939422333291
9910123222992192211
9411110001494229100
9311911110299232311
3921222910123929292
2920192110001121229

16 19 53 board_16x19_53_307603_none
0002931139219929
0002991299212221
1112333493100111
9129329921000191
1239922211110111
1293210112910000
9211123493111110
1222299992012910
1299223321019210
2942100000122100
2920001111394221
1110002921999929
1100013921344221
9100019210292000
2211111100293110
9229100000112910
2392211000001121
1921193221100019
1110129929100011

14 18 58 board_14x18_58_307665_none
19393129339200
22599239959211
19393294992119
11222212221122
00019322121291
11124994939321
19129959932932
11129339422299
11011122391122
91000019333100
11000011299200
11001121239211
92012929111119
94229232200122
29922239421293
12222939992399
01129224959222
01921102931100

10 12 30 board_10x12_30_307735_none
1299101110
1943202942
1129102999
1122222343
1923939129
1394943239
0294393942
1212924991
9223212953
1299201299
1239311122
9111291000

6 5 4 board_6x5_4_307771_none
011100
019111
011239
000199
000122

5 4 3 board_5x4_3_307776_none
29200
29211
11119
00011

4 12 12 board_4x12_12_307780_none
0019
2221
9921
2391
1332
2992
2993
1392
1221
2921
9391
1211

9 19 30 board_9x19_30_307794_none
199201910
249201110
193210011
112921129
012391192
019211111
012321111
001991192
111221239
911110192
122910122
019222239
122119949
192112239
139200022
029201129
022201921
029201110
029200000

12 18 58 board_12x18_58_307827_none
001239222211
002993399291
123959323432
929239311992
242324921349
929293920192
121334332222
000299399119
111394495232
192392294929
239333229232
395499223329
999969229921
944992239431
222222293929
192101922132
239101110029
192100000029

18 8 21 board_18x8_21_307896_none
029311111000000000
139492191000001110
921393221000012910
110112921000129321
110012391000192292
921229322000111129
249392291000000122
939311111000000191

19 6 31 board_19x6_31_307920_none
1211192129223321199
9392224932399992233
2493294921934449119
2949239421112942322
9392239910113939391
1211193210192122921

12 19 41 board_12x19_41_307965_none
942292922210
999212129921
232112222229
000019910011
000123210000
001291011100
013942119210
019939112910
124342312110
193939293210
224931229910
292111122210
921001921111
331001291191
992100122211
349111229100
921129392100
110139422011
000192291019

7 16 27 board_7x16_27_308012_none
0001929
1112231
2911910
9321221
3920292
2942393
1399329
0299211
1243200
1939221
2393939
9213249
2212931
2923930
2922931
1111291

6 14 18 board_6x14_18_308044_none
111011
192129
224942
294992
934994
922999
111399
000122
001110
001910
111110
910000
221000
191000

4 6 3 board_4x6_3_308065_none
9200
9200
2200
9100
1100
0000

6 6 9 board_6x6_9_308069_none
920111
921291
122932
129339
294921
293110

9 12 16 board_9x12_16_308080_none
019911121
122322939
910193249
110124931
000019920
000012210
000000000
111000011
191111019
111191022
000112239
000001992

12 18 38 board_12x18_38_308099_none
029200129100
139211292100
921119212110
331011101910
993221213220
959939393921
139592393129
012933321011
012229910000
129333221100
194992119100
124959221100
019393910000
012322110000
001921100111
001129100191
111122211111
191191191000

17 19 82 board_17x19_82_308141_none
02921910293221000
13933320294991000
93229932324931111
39222499292232393
93921294432199599
12291113992239942
00111002949224931
00000123221292239
23210299211223393
99911399229329949
23211943129395941
01122391011324920
01939322211192110
01249329291112110
11292393211013920
19322394211029941
23592299292129993
19993232339113699
13932910192101993

19 8 23 board_19x8_23_308238_none
1921100001139922910
2349212111939329210
2993392922121111100
9322933291011100000
1101291122119100000
0111112139211211000
0191001939200191111
0111001121100111191

19 6 21 board_19x6_21_308263_none
0000000199119119910
1121100123343212321
3939100112999101392
9931100192232213994
2210000111111193999
0000000000191112232

16 5 19 board_16x5_19_308286_none
9111111211191019
2219119293321022
9111222229931129
1111291025959339
0019211019949921

10 14 21 board_10x14_21_308309_none
0111000011
0191111019
0111292011
0000292000
0111111011
1291000019
9212122221
2201939931
9101139949
3310012392
9910000111
2210000111
1121111291
1929119211

5 19 26 board_5x19_26_308333_none
00192
11239
19239
12494
13999
93994
12239
01243
01999
01232
00000
11111
91191
33211
99211
95392
99339
23932
01291

4 12 6 board_4x12_6_308362_none
9910
2332
0199
0122
0000
0000
1100
9211
1291
0111
0000
0000

9 4 9 board_9x4_9_308369_none
199911392
139421992
023911221
019210000

12 8 14 board_12x8_14_308381_none
001129111100
001921229100
001110192100
111011222100
291019119211
931012221291
920001922232
110001292929

16 14 39 board_16x14_39_308397_none
1910000111029200
1110000192249311
1100001349299219
9100001993332111
1100001233911121
1122332119322939
1929999111292292
2223942101221111
9112321001910000
1129491012210111
0029921019321191
0012210023992221
0012210129322921
0019910192101129

19 19 76 board_19x19_76_308438_none
0122100019291029311
1299201121222139492
9249301932229139549
2229212499493239399
9111119399492293222
1101132323321292000
0001939311921222000
0001249911392191000
0000295422392122222
0000299494921019399
1110139499210123943
2910011222101292129
9310000012211932011
9412121119912392100
9392929112211939210
2313231111102232910
9101921119101911110
2211239234311222221
1910192299910192991

18 12 33 board_18x12_33_308526_none
001110193921000000
012921229493211000
019339221399291011
011294920244311129
000113920199200293
110001110139321392
921100000012929211
129100011101121100
022200019100000000
019212121111100000
233393931119100000
992923939111100000

11 4 9 board_11x4_9_308562_none
19392291000
12939323110
01132393920
00019213920

9 6 8 board_9x6_8_308572_none
122100199
199100122
123210000
012910000
139310000
199200000

4 19 19 board_4x19_19_308581_none
1921
1392
0292
1222
9229
1292
1322
9491
9921
2332
1399
1993
1332
0191
0122
0019
0022
1129
9129

6 14 12 board_6x14_12_308604_none
922110
292910
112110
000000
000000
000000
012210
019920
123920
922210
239100
293321
922991
111221

7 12 14 board_7x12_14_308617_none
9200000
9410000
9920000
3920000
1122221
0029929
0029442
0123929
0192132
0111019
1110011
1910000

12 4 12 board_12x4_12_308634_none
002922939100
113943942100
912993493100
111222999100

18 8 21 board_18x8_21_308648_none
910000111000191019
110000191011222111
221000112129229100
992110001932393200
222921102239339210
001129101932394920
111011101129214930
191000000011102920

18 10 32 board_18x10_32_308672_none
191111001221001110
111191001992101910
011211001239222210
239101122233929100
994201929929232311
399101234331119291
133200193921111211
129211129229100000
931393122221222100
920293911910199100

18 19 62 board_18x19_62_308707_none
222110111112110000
992911292292910000
932122922922232100
122229211111299111
019922210001932229
012211910001110192
122101110001110111
199212221002921221
243392992002921991
929213492001111221
121212921011101110
000192110139212910
012332100299329531
019929211299339991
012221293344594321
111000129929994110
291001133322594921
921001929210394129
110001122910292011

15 14 37 board_15x14_37_308779_none
001999393910000
112453494111110
911992292001921
222392111001129
293211000111122
299311000192291
149491000113942
029322100002992
011119100112239
000022200191133
110019211221199
910024921910139
110019921221011
000012210191000

11 8 24 board_11x8_24_308822_none
00192111291
01222911932
13932222139
19991292029
13931395221
24331399921
99939224491
39931101921

5 5 3 board_5x5_3_308855_none
00000
00000
22100
99100
93100

4 6 4 board_4x6_4_308859_none
1910
1121
0019
2221
9910
2210

4 18 20 board_4x18_20_308864_none
0129
0293
0292
1333
9399
9554
2999
2369
2949
9349
1292
0111
0000
1121
1939
1139
1121
1910

7 19 19 board_7x19_19_308887_none
0000000
1221000
1991000
2432000
9291111
2322291
1912931
1113930
0013920
0129210
0192100
0111111
0011291
0019322
0011291
0000222
1221191
1992332
1222991

15 8 31 board_15x8_31_308908_none
193932111911129
223993933322921
932393299292221
992343333212291
222999291123921
111233332299210
911233929223321
111999221101991

16 6 24 board_16x6_24_308944_none
3920019129399211
9920022229444391
3421019221299211
9293333910122211
2439993232210191
9293322929910111

19 4 10 board_19x4_10_308970_none
0001110199100191000
0012910133322212110
0019211129299101910
0011101921222101110

19 6 21 board_19x6_21_308981_none
0012392292211191000
1129933959391222000
1923922995921191111
1112332399210111191
0001991122100111122
0001221000000191019

18 14 68 board_18x14_68_309009_none
299202942100111019
299424999201293332
139399499422949992
133322224993139593
299101123992011239
932223929321000029
110199333310111122
011349219921292392
249392112239323992
999421122249329531
943921199299229910
332291233223222321
992222291013921291
239119211019921921

11 18 35 board_11x18_35_309084_none
00000019211
00000122291
00011291111
11019322000
91012392111
22112939119
91193231111
11224943221
00193999929
00223395332
00292129119
00294233321
00129949910
00013993210
00001222121
00011101939
11119112392
19111119211

9 14 31 board_9x14_31_309127_none
921199991
291134532
111029391
001139422
001921292
013320139
239911139
995321921
394932110
224993321
912959991
111294442
000123929
000019221

6 8 11 board_6x8_11_309163_none
001921
001291
001232
113939
194931
139431
029939
013931

4 4 3 board_4x4_3_309176_none
0000
0111
1292
9229

4 6 5 board_4x6_5_309180_none
0000
1100
9210
2910
2332
9299

10 19 28 board_10x19_28_309186_none
0011100000
1139322111
1939399339
1132323992
2339101221
9993100000
2593000000
0292000000
0122100000
0129100000
1393100000
2993100000
9449100111
1292100191
0111000111
0000111000
2221392000
9929392000
9321211000

18 12 56 board_18x12_56_309221_none
011101992910000019
129101233210011111
932100139212229332
293221299229923999
139939444339423959
139339929921292121
294322333321111122
939921292392011399
232239313992029493
921029312932259422
292112922122999229
129101291019493129

19 6 21 board_19x6_21_309285_none
9100001111910002949
2211122911232102959
1912939211299101292
1123931112932211122
0029310019321191019
0029200011291111011

19 4 11 board_19x4_11_309309_none
0029311000001999211
0029391000001232292
0122222100000000239
0191019100000000192

17 8 35 board_17x8_35_309323_none
00122112349219291
00199219999211322
00139323595210292
11011291294921392
91000233239449422
11000299129959592
23210394123499493
99910292019222229

16 10 41 board_16x10_41_309364_none
2321000012222339
9993100019929992
4799310124332321
9999922392921100
3699439922129222
9395922210022399
1229321112129333
1222291193942391
9291111225959211
1211000193992100

14 14 41 board_14x14_41_309411_none
00193221291191
11229929212332
19112222211991
22100001922343
92222101393299
39299100299349
93343212334931
23929119912931
93221113321129
29210001910011
12910123210000
23321199211100
99291139329211
22211012921291

8 19 26 board_8x19_26_309456_none
11229991
29294431
93322910
12912220
12211910
19101110
12221100
01939200
01149410
11139910
19239310
12921111
01110129
00011292
00129211
00192222
00111199
22100122
99100000

4 10 8 board_4x10_8_309489_none
1111
9129
1129
1111
9200
9211
1119
1111
9111
1119

7 5 8 board_7x5_8_309499_none
1911939
2211292
9212221
1293910
0129210

15 18 36 board_15x18_36_309509_none
001110000192910
012933210112110
019499911121100
011395311929100
111239101121111
191192100000019
222111000011111
291000000019100
921000000011100
122221111100000
019939229321000
013942393991000
001239213331000
111192212910000
191122393110000
111019392011100
000022423129100
000019292921100

19 18 87 board_19x18_87_309549_none
1211191019910001110
9393322013442112921
1399291012999329493
1222211129349942499
9211111293324949459
9439119339294494992
2992224931339949421
2432294931293249410
9292495339321029910
1229399295942112221
0023544339999111229
0019992945953219292
1122323399229111211
1921213942111111100
1129395920000019210
0011399421011112910
0111259491129322221
0191199311193991191

18 6 16 board_18x6_16_309651_none
019100001921100000
121222212239100000
910199291193200111
221133311129211291
191139200012911921
111199200001111110

14 5 18 board_14x5_18_309670_none
00293911939910
00294322139321
22339291012229
99392211002942
99311000002939

12 6 20 board_12x6_20_309690_none
939102920191
293323920111
223993211232
923959112999
293392239432
112921199200

11 8 22 board_11x8_22_309713_none
99100000293
34322110299
92992911249
12222111921
00000002231
11111101949
29339323399
29939399222

5 19 17 board_5x19_17_309739_none
11100
29200
29200
22211
91191
11111
22100
99100
23210
23910
99321
49219
92122
11019
00011
00000
01121
12939
92139

4 19 19 board_4x19_19_309758_none
9311
9492
9329
1122
0029
0149
0199
0133
0139
0199
1222
9200
9311
2391
9222
2229
1932
1129
0011

4 16 15 board_4x16_15_309780_none
9221
2929
1121
0000
0000
0122
0199
1222
9222
2399
9239
2211
9100
2200
9321
9929

6 8 6 board_6x8_6_309797_none
000000
110111
921192
291129
112232
001991
001221
000000

12 5 16 board_12x5_16_309804_none
299129311239
395339911992
299294311332
122229221291
000012929211

16 10 27 board_16x10_27_309822_none
1110019291012910
1932111322019320
1299201392012910
2359411992001110
9949932221001110
3339991001111910
9112332212911110
1100019292110000
0000011212122210
0000000001929910

19 18 58 board_19x18_58_309850_none
9219921129101910111
9212391294201110191
1100122499100000222
2211239495210111293
9912992393910191299
3312932334220111122
9101122992921211000
1111119333229291000
0129111119111211000
0192222111100001110
0111199100000001910
0122344200111012210
0199299100192119210
1333333100129234910
9292292100011299210
1229229211011222211
1112221291019101291
9101910111011101921

19 18 81 board_19x18_81_309913_none
0011119101121101221
0129111212929223992
0294200194443929993
1399101239992133693
9333101923931019392
1292212222110023421
2339291191011119910
9932211122129213320
9692111019249301910
2992191134949301221
2321123499459312291
9321029996992293942
3992139699432113992
3994393393291001239
9499393211111001121
3432229100000001910
9932132211100001121
3992929119100000019

16 10 22 board_16x10_22_310003_none
2229100000192121
9921100011212929
2210112129212231
0000192922911921
0001222111111129
0001910000000011
0002221110000111
1212911921101291
9493111129101921
9492000011101110

10 4 10 board_10x4_10_310026_none
2210011211
9932139391
9993939311
2493121100

7 6 9 board_7x6_9_310038_none
0129100
0293211
0292293
0111299
1110249
1910192

5 10 7 board_5x10_7_310048_none
23910
99210
22211
00191
11211
29100
92100
12110
01910
01110

4 12 7 board_4x12_7_310056_none
0000
1211
9291
1211
0000
0111
1291
1943
2399
9222
1100
0000

4 19 18 board_4x19_18_310065_none
1111
9329
9392
2311
9210
2921
1291
1222
9119
1122
0129
0193
1339
9393
3949
2931
1110
0111
0191

7 16 19 board_7x16_19_310087_none
9292392
1239593
0149592
0199522
0139391
0011211
0000000
1110000
2910000
9320011
3931019
3991011
9321011
1100019
0000011
0000000

14 5 16 board_14x5_16_310109_none
11199111119119
91122229111122
22100192212239
19101332193993
11101991129492

19 10 26 board_19x10_26_310126_none
1110000000000000000
1921000011100111000
2493100019100192100
9399321011100139200
2334991000000029200
1912931000000011222
2221221000001221199
1921292110001991122
1239334920001222110
0193929920000001910

18 19 90 board_18x19_90_310153_none
000139212933992110
000199219399322921
000133222433101291
111019119291111111
192132322211192110
334939292111224931
994953549119129949
333959993232229349
911399423939332129
111394313932991022
111949294322331019
933393339923920122
299559229593920191
359999224932221222
994993119920192393
222232113442223999
011119212999239449
029222392232299333
029219211000122299

16 19 62 board_16x19_62_310256_none
0111012211111999
0191019912921393
0111013323942321
0001111912939921
1111911111122229
1911110011101121
2221122339101921
1922929992101393
1393133422110299
0393019212911343
0292022393211992
0222129229101393
1392192111111229
1993123221119122
1393119939111119
1229224953332111
9223912992999311
1393122322249391
0292019100011211

11 12 20 board_11x12_20_310330_none
00001939100
00001292111
12110222129
94931291192
29939321111
12233910011
00019320019
00012921011
00001291000
11000111111
93100000191
99100000111

5 4 5 board_5x4_5_310354_none
19100
33211
99129
22129

4 14 14 board_4x14_14_310360_none
2932
9399
2359
1939
1121
2210
9910
2332
0199
0122
0000
1222
9299
1222

10 19 33 board_10x19_33_310376_none
0000001910
0111001110
1292211011
2949492019
9459593111
2994939100
1393121111
2333210019
9939911121
3359412920
1939202931
1121212129
0111191011
0292111000
0292000000
0112111110
0001912920
0002222931
0001911129

11 18 29 board_11x18_29_310412_none
00000000192
12110011229
92910019111
12221011100
11292111000
91292191000
11223332000
00294991000
00399431000
00294921100
00234229100
11199111211
91122100292
22212111392
19292911921
11213222220
01111911910
01911111110

18 5 24 board_18x5_24_310444_none
111129100029493110
932932211239595920
993139219292395931
393129432211239339
129112991000193921

19 8 22 board_19x8_22_310470_none
0111129299910000000
0191193323210000000
0112239111211011111
0001921119291019229
0002220022311123932
0001910029200192239
1111110039411111192
1910000029391000111

14 19 62 board_14x19_62_310494_none
00112121129310
00193939249910
00129593399410
01123992299200
01923932344210
13494321993921
19949932339391
12349949222311
11294469429210
19212999933921
11213344593129
00193911993111
00129211239100
12332211011100
29991191011100
93432122119210
22291129222910
29311195932110
29200129991000

10 19 28 board_10x19_28_310563_none
2921110000
2921922210
1222129921
0191023339
0111019349
1110013993
1910002949
2220001232
2911110191
9332910222
2929321191
1121291111
0000111011
0011100029
0019100029
0011100011
1100011100
9100019211
1100011291

6 12 15 board_6x12_15_310592_none
929931
123992
001349
111192
191111
111011
111129
923931
293920
112110
110011
910019

5 10 12 board_5x10_12_310609_none
92910
12110
11100
19111
22239
91199
12354
12999
29332
92100

4 5 4 board_4x5_4_310623_none
0292
0292
1221
2920
2920

7 10 14 board_7x10_14_310628_none
0001910
1102220
9312910
9594210
2999100
3442100
9920000
4931000
9492000
1392000

14 19 46 board_14x19_46_310645_none
92939310000000
12139910000011
00023421000019
00029391000011
23249412110000
99949201921100
24931101139432
12210011129999
19100019123593
22100012229211
92110001921211
12921001221292
12392110192493
19322910239392
13921110192322
03930000222191
02920111191122
12110292122119
91000292019111

19 10 50 board_19x10_50_310696_none
1139942111111211000
2939999219129492100
9222359311239939321
2201139310193334991
9212923931222294931
9219213991192393121
2343203942233933239
1999323943929392992
2344992299343312221
9119321122299100000

17 5 12 board_17x5_12_310755_none
19222111102991000
11299129203941000
11122129202921110
92110011101111910
12910000000001110

16 6 17 board_16x6_17_310768_none
0191000199211000
1222100122393211
9219112321299291
9211119992344321
2210012322992910
1910000001222110

11 14 42 board_11x14_42_310786_none
01292213999
01949294963
01293334993
01233939599
12939239432
29493323910
29339392110
11139411122
01139322299
02931299222
14941133200
94991019321
25942122991
93921911221

9 18 33 board_9x18_33_310838_none
192129292
112921229
111121111
920019100
941011100
992011100
394229100
249932100
199591000
135931000
129930122
923920199
332110139
992000122
393110191
223921111
193391000
129211000

4 14 13 board_4x14_13_310873_none
0191
0222
1292
9339
9339
2932
1129
1132
2929
9232
1119
0011
0011
0019

4 6 6 board_4x6_6_310889_none
1932
1299
0139
1121
1921
1291

11 8 22 board_11x8_22_310896_none
00019129200
00012239310
22212933910
99494229320
99499235920
93233399941
22119224991
19111101221