17 19 48 board_17x19_48_227330_none
00012210191001291
00019910222012921
00012321292019210
00000191393011100
00112221292001110
00293910112111910
00293110112933210
00111111192299100
01110191111122100
01921111000012221
12493221000019939
29393992100013931
93322359200001110
12910199201110000
01222232101910000
11193920112111110
91125930292012910
11019920394239210
00012210293992100

16 19 53 board_16x19_53_227387_none
0292000019100191
1393121122200111
1922939229210111
1111293922910292
1121323111110394
2939392011100299
2931392019211232
1110112122922910
1110113922349331
1910194921995949
1110129322394949
0000011292212121
0011100129100000
1129221111100011
2932939211100019
2932239219100011
1129122333311000
1122219299291000
9119111222211000

14 18 58 board_14x18_58_227444_none
12239392111929
19939422923242
12222911393929
11002220294231
93111910234910
94921221199210
24920191122211
92110111011291
11000000129222
00111000294229
12391001393921
19944322934220
12499992292932
01495443212299
01993199321249
01392123994493
00222001499993
00191000294492

12 16 53 board_12x16_53_227511_none
112294921110
192939922920
112122223942
110112139499
911394949449
221995942392
911394229321
110129234921
001122499349
001911993299
113232321149
294929100139
299222322292
134322992932
129959533129
194999391011

5 4 3 board_5x4_3_227569_none
01110
12921
19391
11211

4 4 3 board_4x4_3_227574_none
9100
1211
0292
0292

4 10 10 board_4x10_10_227579_none
1932
2399
9332
3931
3992
9339
2211
9100
1100
0000

4 12 12 board_4x12_12_227594_none
1291
9333
1299
0133
1139
1949
1292
0111
0000
0011
1239
9299

5 14 13 board_5x14_13_227608_none
01121
01929
12121
91011
22129
19139
23339
19921
12210
00000
12110
93910
29221
11119

6 16 14 board_6x16_14_227623_none
012910
019431
012991
001221
001110
001910
012221
019119
011111
000000
011111
019129
012239
001932
002249
001939

9 19 30 board_9x19_30_227639_none
921001910
291001110
111000000
123222210
199939920
139933920
012222221
000029219
111029211
292122222
292191199
122211139
129101132
192101929
221001121
920001121
920002939
110002942
000001291

15 14 51 board_15x14_51_227672_none
129102959494221
921102999499939
110012333334359
000019101911959
111121101111299
911910122112332
111111299219921
110113959433492
921293943991293
239223392232229
921129311019122
111149410134329
001949921199932
001139491123391

17 10 29 board_17x10_29_227729_none
19210122119291000
23910199111223210
92110233100019921
22000192100012339
91001239211111192
22001921291191111
92222110111122100
12992121212129111
12433929392921119
19292122922110011

18 6 16 board_18x6_16_227759_none
111192911911911910
191112223221111121
111000193920001129
000000113931101921
111000123229112210
191000199111119100

19 4 15 board_19x4_15_227778_none
1100292000292191000
9222494100292122111
1299499200111129119
0123949200000192111

19 4 19 board_19x4_19_227795_none
0293229391000123210
0299394931122299920
1259413920199334931
1939201110123911291

19 6 31 board_19x6_31_227816_none
2910111199931294210
9320191249992399921
3911221295593495392
9211921394922994229
1101129229223599111
0000011111119932100

17 12 35 board_17x12_35_227854_none
01110111001922910
01910191001129210
01121211000122111
11119100111193229
29111111393239921
93322119393934320
29299111212292910
22233201111222110
91029311911921000
22029912332291000
93222322992111000
29910192392000000

16 14 33 board_16x14_33_227890_none
0001910019101121
0113220012322939
0192910112992393
0113331192221292
0001992211000222
0001349100000192
1100293222112339
9100292199119932
1211111122123491
0292000000129211
0292000000192211
0111000011211191
1100011129200111
9100019129200000

12 19 41 board_12x19_41_227928_none
029399920019
029545920011
122992110111
921222111291
921111911921
222911222110
192121293321
111139439991
110199944432
910123399119
221000233122
192110192119
112910129332
001110012991
000011101221
000019210000
011112921000
019101292111
011100129119

8 18 36 board_8x18_36_227970_none
01999392
13564492
19999321
23433921
29212291
93391122
29322019
12391122
13932291
93932943
23392399
29332393
93929322
12121291
01121211
12929100
19332210
12911910

4 6 3 board_4x6_3_228009_none
0000
0000
2210
9921
2391
0111

4 4 4 board_4x4_4_228013_none
0192
1229
9211
9200

9 12 16 board_9x12_16_228019_none
910112110
110192910
011212110
019100122
011100199
111110133
911921119
111139211
001139421
002932991
113921221
192110000

15 19 69 board_15x19_69_228037_none
991129321299310
221294991399910
111394221395210
192493000292111
123992001333392
129432123992994
933921929932399
922921122211343
112220111001991
001911292224431
001111949399910
000001149549321
000000139933449
000111194329999
123391239112493
199921293100111
149531493000000
249929493000111
993221392000191

16 19 80 board_16x19_80_228114_none
1112210000112110
9329910011293920
9495310029314941
2599100029314991
9394311011293942
1349391000113392
0199423121102959
1222294939212992
9221339932911221
3949393223321221
3949421019922991
9334920012229442
2393942100023939
9423299221119349
9592124949212392
3993225969201932
2949399993323392
1121499949299229
0000294221222111

19 12 34 board_19x12_34_228211_none
0191000011101929291
1222211019101121222
9119291122100112139
1111322191122292939
0000292122299212121
0000292029322211000
0000122129200191111
0000019111112322292
0000011100019912949
0001110112122212931
2211921292910112110
9911129212110191000

17 4 18 board_17x4_18_228250_none
22222222292929321
99299299212133992
22333233201129459
00191019101921299

11 12 19 board_11x12_19_228272_none
01121100011
12929210019
19222921011
12222392100
01929349200
01122939200
01111132200
01910019210
12110012910
92111101110
29229211000
11292291000

6 19 30 board_6x19_30_228292_none
121100
949310
969921
994339
932932
111392
001392
233921
999210
993100
332111
192291
112932
002392
111949
911139
111232
012992
019492

5 19 26 board_5x19_26_228328_none
92991
23221
91000
12232
02999
02994
02349
13942
94949
39392
92211
22111
19129
23349
29939
94332
92191
11111
00000

4 19 21 board_4x19_21_228365_none
1392
2992
4952
9959
3993
1239
0022
1119
9221
3920
2931
1129
0011
0000
0011
2339
9992
2443
0199

4 18 15 board_4x18_15_228390_none
9910
9310
1100
0000
0000
0000
1110
2920
4941
9992
3592
9321
3920
2920
1221
0191
2321
9910

5 6 7 board_5x6_7_228407_none
29100
93211
94391
29921
13320
01910

6 5 7 board_6x5_7_228415_none
910122
221199
192233
139219
029211

10 5 10 board_10x5_10_228423_none
1101921399
9112229393
1229112321
1292101910
9211001110

16 14 39 board_16x14_39_228435_none
0019100192922210
0122100112129921
0191000011113491
0111122119101921
1110299221101110
1921395910111000
1239229210192100
0193222211359200
0235921911999200
0199921111344210
1249321101293920
1932219212934920
1129221292292221
0012910111111191

19 19 95 board_19x19_95_228483_none
9102939492019212249
2203953994243392999
9214949493999333343
3493931212234939229
9923220000124954921
2211910000199499210
1101111122333943211
9200001939921292291
9200113359930129211
1100294995920023310
0000299439331119910
1221139323939113331
2992122923942213939
9433911239229239931
1293220294221399520
0123911393911399920
1229322922111935941
9493293211122213992
9492129101929102949

19 14 37 board_19x14_37_228592_none
0000192100000000000
2210129100000000000
9910022311000000000
2210019291000011100
0011222322000019211
0019291191000011291
0011222222101110122
0012229119101910029
1129921111101110039
1922211221112111139
2210001992292922921
9100123334932139321
2210199119932239219
1910122112229921111

16 6 24 board_16x6_24_228635_none
0011101922492000
1129311129995321
9139922122499992
1139593921223349
1249329229211029
1992111111291011

15 5 19 board_15x5_19_228663_none
129111111291000
292119119432111
932121235992291
922931299932921
112991299311110

11 4 9 board_11x4_9_228685_none
00011223210
00129399910
00193495331
00129212929

9 6 8 board_9x6_8_228695_none
910192232
110223999
000192232
011211000
019101110
011101910

4 16 18 board_4x16_18_228705_none
9391
9322
1119
1111
9111
1119
1121
2921
9391
2433
9399
2594
9492
9411
9311
1291

4 19 13 board_4x19_13_228727_none
0011
0019
0011
0000
1211
9291
2321
3920
9920
3431
1991
2321
9100
2200
9310
9910
2321
0191
0111

10 6 16 board_10x6_16_228742_none
1119100000
9111212221
1101394992
0112999459
0193345959
0129119949

14 4 11 board_14x4_11_228761_none
99211019101921
22292232101129
11112992211011
91001239291000

16 5 11 board_16x5_11_228775_none
0012991001111110
0129322111911910
0192101911111110
1211013331100000
9100019929100000

17 6 14 board_17x6_14_228788_none
23939201110011100
99349201911129100
23921212111932200
01110191012229100
00000122119221100
00000019112910000

19 12 48 board_19x12_48_228804_none
2210001911111121100
9910012223922939210
2211139329922932910
1111949393322223220
2944593211192292921
3999992001334944239
2969631001994993931
2249921012339323920
1923491029323222210
1111921029392939200
0001110011323249200
0000000000191192100

18 19 62 board_18x19_62_228862_none
000000002931199291
110000113991123321
910001293442112921
232101922994392139
299101111399932029
294210011239491011
112910019122311011
112110011229100019
292111100192100022
939119100111011229
122232200000019392
111929211000023921
932221291000129210
949200111000293211
139200000111292191
232100000192222211
993111110129129211
493911911121239339
922111111910192299

11 8 24 board_11x8_24_228928_none
01139310011
23939922139
99222392939
23211223242
12922912949
93349334992
23993399321
19322932100

5 5 3 board_5x5_3_228956_none
00191
11222
91191
11111
00000

4 6 4 board_4x6_4_228960_none
1110
1921
1292
0239
0192
0111

4 14 14 board_4x14_14_228967_none
0191
0122
1129
1932
2229
9221
2921
1239
1393
9493
1392
1322
9292
1229

9 18 23 board_9x18_23_228982_none
000000111
121100191
929100111
121211000
000191000
000111000
001121100
124949310
199949910
123222321
000000293
000111299
000191139
001221011
001910111
123210292
199101493
122101992

17 5 17 board_17x5_17_229007_none
00012211939491000
00019911249942011
11013320194992019
92113920112392011
92193920000111000

19 6 21 board_19x6_21_229031_none
0191111111122100122
0111191192399210199
0011211112995910122
1119100001239210000
9222211012332212221
1291191019991192991

18 14 68 board_18x14_68_229053_none
921299221291011111
291395929322129129
233393122493292239
299311001999212292
969421001232101921
994991000111112221
349433232392192291
293394999694229222
934959969999211119
129959695559200122
012239939921101291
000013343311111921
011213959201911232
019293999201110199

16 19 52 board_16x19_52_229130_none
0000019100001991
0000122100112232
0123391122291129
1299921299211293
2945420294200292
9229910239100111
2224420293100000
9119921393100011
1112229229100019
1100011111212121
9321111100192921
9939119100113391
4931111101222921
9210012211992110
1100019911221111
0001122210000292
0001911110111293
1122212920192239
1929102920112921

8 12 25 board_8x12_25_229191_none
91002991
22002942
91001392
11000293
12221129
93992011
14994110
13994910
92349221
12293239
12923949
19212931

4 4 3 board_4x4_3_229220_none
0192
1229
9111
1100

6 12 19 board_6x12_19_229225_none
193931
113991
013542
139993
949699
259422
939211
122229
112921
293210
939100
121100

9 18 27 board_9x18_27_229251_none
001910019
001110022
000000019
111121122
911929119
111132211
000139311
011299391
019332211
024931000
249991000
999421000
232100122
000011399
011119493
019113931
011213920
000192110

10 19 28 board_10x19_28_229284_none
0019921100
0012229100
0000011100
0000000111
0111111191
0191192211
0111129222
2221222299
9939292232
3932323931
1111912939
2211111232
9922210191
2229910122
0124320019
0192932111
0112299100
0000122100
0000000000

11 19 30 board_11x19_30_229315_none
11101110000
29201910000
29312110000
22391011211
19211029391
11100029311
00000011211
00000000191
12110000111
92921000000
12291000111
12321001291
29920123921
94932299210
13393942100
01934920000
01293231100
01222929221
01911122929

18 12 56 board_18x12_56_229348_none
110000011100129392
910001129210193939
231212922921235442
929293222492299991
231212911992295931
920001123432222110
943332229911911110
299999493212221921
249969932101912249
924953229322111939
224991024992013331
193931019992019910

19 4 13 board_19x4_13_229410_none
0122119210000191191
0299113920111111111
1393113920192110011
9211019210112910019

16 10 41 board_16x10_41_229424_none
9111292129932110
1239329239993921
1299212393339391
9223212942011211
1101924992111000
0012229992292000
2229335953392111
9922994992921191
3322359533121211
1911939391019100

11 18 29 board_11x18_29_229471_none
00019229949
00134934499
00199393942
11122213920
92111212110
29129391000
11239311000
00192100000
00111000000
00000000000
22100011100
99100129100
33200193200
29321129100
93991011100
12221111000
00000191011
00000111019

7 19 27 board_7x19_27_229502_none
1110019
2910011
9422110
9392910
2312221
9311192
9493239
2494942
9224991
1119332
0011129
1110029
2910011
9310111
9200192
1211129
0192121
1222910
1911110

6 18 26 board_6x18_26_229532_none
911110
233921
399392
993229
221011
001110
111921
923491
129921
013320
123920
929930
123942
123499
199493
123943
001299
000122

4 12 12 board_4x12_12_229563_none
0019
0011
0011
0029
1249
2992
9443
1399
1393
1921
1232
0199

5 4 3 board_5x4_3_229579_none
00122
00199
11122
91000

9 8 19 board_9x8_19_229583_none
111292019
192393121
112933910
111293220
932233910
992939321
954349219
939921111

14 16 32 board_14x16_32_229605_none
01921001110000
02391001921100
01921113239100
01110192932200
00011213239100
11019212921211
92111292221191
29100111191222
12210111222192
01911291191129
02232932211011
12929229211000
19332112391000
12391001921111
12921001110192
19210000000129

18 19 83 board_18x19_83_229640_none
910029200019210129
110039301123920192
111029201924931232
191133201139921929
111199311249433221
011249923993299100
129129549992123321
921113995942112992
111235954932934992
122999949392399321
929345592322394111
121229932192393229
000194492234959392
000112922929993943
011102222344433499
019211911992911993
012911111234321232
111110011119910019
910000019112210011

19 14 67 board_19x14_67_229733_none
9119392929101392111
1224943121101993191
0294991000112393221
1394444221291223932
1959399929223392399
2499449542229933493
1995932992293229921
2434932222932023321
9393391112392019119
9323921294492022211
1119210299932019100
0012321124592022200
0013991002992019211
0019931002931011291

17 4 12 board_17x4_12_229815_none
00000192910001921
01221223221001392
01993291192110292
01399211112910111

15 4 15 board_15x4_15_229830_none
000193922993210
111129339349921
192133922239329
112929211921111

7 16 15 board_7x16_15_229846_none
2210000
9910000
3331100
1929100
1121211
0111292
0193493
0129939
0023332
0019119
0011111
0000000
0111000
0191011
0111029
0000029

4 19 19 board_4x19_19_229862_none
0191
1211
9332
2999
1393
0111
0000
0122
1299
9222
2322
9299
2332
1910
1110
1221
1993
2599
1993

4 16 15 board_4x16_15_229882_none
9920
3931
1393
0299
0233
0191
0222
0192
0239
0192
0122
1129
2931
4930
9920
2210

6 8 6 board_6x8_6_229899_none
000292
011393
019229
011111
000011
000029
000029
000011

14 6 21 board_14x6_21_229906_none
00129299100000
01294432101110
02949921112910
25954692293110
99939993292111
39322492111191

19 18 58 board_19x18_58_229929_none
1110123322929101910
1911399992121101221
1112995931011111291
0002943210029219211
0012229111129322210
0139211119112911921
1299211111101111129
9323229100111001121
9311932200292001921
2911139200292112291
2210029310111191111
9311012910000111000
9391113220011100111
1211193911129100292
1110239432921112492
1910294993211129932
1110293239112922391
0000111011119210111

19 19 98 board_19x19_98_229996_none
9910293101921212110
3332499102239292910
2939932101932312110
2932211122229211000
1111122939212492011
2211929239323993249
9923231222399543999
4693921191295993594
9994391111239559392
2339321001293993432
1112911111933222992
9422223933391012339
9992293992932129333
9439212233229139499
2211101129233239543
9310001932399249959
9911111129333939999
3322921223933222594
9119229292299100292

19 19 94 board_19x19_94_230111_none
1111922129212910019
1912392921394221121
1112932110293911910
1223931222223211110
1993129399119101110
2493122493223211910
2932922932294921110
2943493129239921121
1299592022349532929
1259921019299929332
1949422232224332493
1292395992001912999
0222299994211234953
0191124959932399329
0123323394993999211
1129995944445952100
1922499993993931100
1110123494344339222
0000000112929921299

19 18 81 board_19x18_81_230220_none
9920001991111292000
9931101222291293211
2229100001932129391
0011211112292134942
0001292291223939991
0001933921293294542
0001129431292123991
0111012991112129431
1291001332013932921
2942001291129932129
2991002942294492121
2331002949229323910
1910123393221294320
2220199213931339910
1933444324959293210
2399994993993322110
9346994943322922932
1299322129101292299

18 14 44 board_18x14_44_230311_none
199219931019101291
249213993132201921
292101393949312232
932000112399391199
291112110293211122
112292910111111011
111922110112291029
922210000193931029
129211000113920011
011291012211110000
011334229910000111
019299922210111191
123333210000191111
192910000000111000

17 12 30 board_17x12_30_230362_none
00000000199291129
01110000122211192
01921000011211111
02391011119391122
01921019112921199
01221011112210122
11191000019100011
91122100011211019
22129100011292232
91192111129312991
11222019139411221
00191011129910000

14 6 15 board_14x6_15_230394_none
12910111111000
29210292192211
92100292139492
11000112249493
11000001993329
91000001239111

8 5 9 board_8x5_9_230410_none
91019129
22111129
29310011
29920011
13920019

4 16 11 board_4x16_11_230424_none
0292
1393
1939
1121
1121
1939
1393
1392
9211
1100
0000
1100
9100
2210
1910
1110

4 19 23 board_4x19_23_230436_none
1229
9493
9592
9311
1222
1299
2942
3920
9221
2239
2959
2993
1349
1292
9333
2399
9332
2910
1110

7 16 19 board_7x16_19_230468_none
0111011
0192129
0139239
0029229
0022211
1119100
9112210
1113920
0019920
0012221
0000129
1100293
9222392
1399211
0294200
0129100

15 4 16 board_15x4_16_230489_none
122222922912920
939929349313930
954321299202931
299100122101129

19 12 34 board_19x12_34_230507_none
0019291001110111191
0011211001921191222
0011100001291111191
0029310011211000111
0029920019321011100
1224920123992019321
9292222292393122991
1322193932112911232
0191129492001121119
0111022492000019221
0000019222100012921
0000011119100001129

16 19 62 board_16x19_62_230547_none
9119211922922921
2212923339229229
9212249922344332
2392299311999939
9322932112349492
2911111129122311
1110001921119210
0000001111133910
0011111101939310
1129239311149300
1932299910039300
1292249420029200
0235933920011111
0199933920000019
0124593110000011
0112993100000011
0192349210011239
0111294921019299
0000293291011222

11 12 20 board_11x12_20_230617_none
91011291000
11129211000
01292100000
01932100000
01129212110
00122292910
11291112110
29533110111
39992910191
93333210111
11129212110
00192292910

5 4 5 board_5x4_5_230639_none
19221
12929
12332
19291

4 4 4 board_4x4_4_230645_none
9391
2921
2210
9100

4 6 3 board_4x6_3_230651_none
0122
0199
0139
0011
0000
0000

5 16 20 board_5x16_20_230655_none
02920
25930
99931
23229
22222
99392
22494
12399
92932
12110
11111
92291
29211
11111
01139
01939

12 16 27 board_12x16_27_230679_none
019210000000
012921100000
012229111100
019221119100
012910122211
012210191192
019101221239
011101910293
000001110292
000111000111
011292111110
129212922910
193322139531
112991029991
223331012321
992910000000

18 6 29 board_18x6_29_230710_none
199992291001921199
134533921112291233
029494220191222192
139595911222392129
922499321912993011
111933911112992000

19 4 15 board_19x4_15_230746_none
1211111292191293221
9291191292223394991
1211112222292923931
0000001911922111110

18 12 45 board_18x12_45_230762_none
121102920001992921
929102921111222291
121102233931111222
221113939991193391
991295943431129942
332295931911123949
294323921111911139
299911121101110011
139310029201121211
011100029212929392
110000022219331493
910000019112910292

17 14 58 board_17x14_58_230811_none
01129910011100129
01933222239311192
13492129959593221
93993293399493910
93249311123323220
23249300001912920
29949521001223920
29349993100193221
12239699100139329
01933593211029493
02249942191012939
02969992111001121
13999692000000111
92233921000000191

9 18 22 board_9x18_22_230877_none
191029200
122129310
019112910
011101110
001110000
001921011
002392129
002949249
002931299
001121222
000019321
111012991
191012321
112129100
112932100
192291000
111111000
000000000

4 5 4 board_4x5_4_230901_none
0019
1122
9119
2221
1910

4 4 3 board_4x4_3_230907_none
9291
1211
0011
0019

8 12 23 board_8x12_23_230912_none
29129211
92129219
22111122
29211129
92393293
11299239
00122129
11100011
19222111
33399119
99345321
22299910

10 16 43 board_10x16_43_230938_none
1110192119
1910139321
2331029910
2992124431
2993194991
1392129963
0112123999
1101912342
9222212920
3949213920
2994593121
2349993119
9239559211
2921399321
1121394939
0019212139

16 19 41 board_16x19_41_230987_none
0001110111001110
0001910191001910
1102231212123320
9102939212929921
1102942393222391
1111129229210111
1910022212910000
3320019101221011
9920011100191019
3920011100111122
2210129100001291
9210192100001921
3920111000123210
2921121100199100
1112939101232100
1102931101910111
9101121102220292
1101129101910292
0001921101110111

19 8 41 board_19x8_41_231032_none
1110192992101129299
2931213359312931233
2939101939935941119
3442102232399949111
9993101910123393200
4999323221111229100
2969499229239222211
1139322293939219119

19 5 20 board_19x5_20_231076_none
1939129202942211000
2392129312999391000
9211012911355921000
2210112111299321111
1910191001932291191

19 4 13 board_19x4_13_231098_none
1100001991111001921
9200112332191112129
9200191292112292111
1100111292001939100

14 10 33 board_14x10_33_231112_none
00192101221191
12239211991111
93955932321122
14999949200299
02995339311294
12359211292229
92299311239222
29223911932391
12211111139311
01910000029200

10 16 39 board_10x16_39_231150_none
0192939221
1334394939
2992934931
2932239321
3320193392
9910112939
2210112232
1100292191
9210394211
2910299200
1122349200
0019932211
1122492191
1911393232
1123933949
0019922949

7 19 19 board_7x19_19_231198_none
9101291
1101932
0001292
0000139
0111039
0191029
1221011
1932100
2399100
9233200
1129200
0029421
0012991
0001221
0011100
1129210
1922910
1111110
0000000

4 16 14 board_4x16_14_231219_none
0129
0192
2321
9921
2391
0111
0000
0111
0191
0222
0191
1332
2991
2942
3449
9992

4 6 6 board_4x6_6_231238_none
1921
2239
1932
1129
1132
1929

5 5 4 board_5x5_4_231246_none
11111
19119
22111
91011
11019

11 8 22 board_11x8_22_231252_none
01249421029
12999991029
93399532111
93249329100
12933493200
01129939100
01123342200
01911929100

16 16 53 board_16x16_53_231280_none
0111019101929292
0292011102231229
1393111112931133
3932912922991199
9921123932221249
2321019492011292
0191012492029311
0111112921039300
1100193211139200
9100249323932100
1100199599493110
0011349953393910
0019295992212110
0122213949211011
0191001132392239
0111000019212992

18 19 48 board_18x19_48_231338_none
112291000000019100
394921000000011100
999210001110111000
493111101910292011
922129101110292019
111932111100111011
001291019101110000
001221011101910000
012910001112220011
029310001912920019
029200001112931022
011222211012391019
011299391129212121
029339312293211921
029212211922911129
011101912332110011
000001111992110000
111011101222922221
191019100001292991

19 19 53 board_19x19_53_231393_none
0012921119100000111
0019229122311000192
1222222119291011229
9291292122211019111
1212393292100122100
0001922939210191000
0002222243910111122
0002932929431000199
0113992122992121222
1393232101223939321
9492019100002932991
2921122100001111221
1110191000000000000
1100111000000000000
9210000122100001110
2910000299211001921
2220000293291112292
1910000111111193449
1110000000000129992

18 8 30 board_18x8_30_231450_none
029200199339213920
029200139499339920
232100012494949421
991000112933392291
222110192129211122
001921123221100019
112393129921000011
191293922391000000

11 5 11 board_11x5_11_231487_none
22100001910
99200013320
49211229910
92129394320
11029312910

5 16 14 board_5x16_14_231502_none
29200
29421
13991
02942
01129
00011
00000
00000
01110
01921
01129
00133
11299
39433
99391
22211

4 16 19 board_4x16_19_231518_none
1299
2942
2931
1129
1121
1910
2331
1992
2492
9322
1392
0292
1343
2999
9693
9921

5 14 19 board_5x14_19_231540_none
19399
12493
02942
02939
02231
01921
02392
12939
19332
11393
22399
99222
33111
91019

7 10 14 board_7x10_14_231561_none
1911291
1222932
0193229
1229111
9111100
2200000
9101110
1113920
0139931
0199329

11 4 7 board_11x4_7_231577_none
11291000000
19322001110
11392123910
00292199210

15 5 18 board_15x5_18_231586_none
999939211000129
249931291011292
024431223229211
129929229921100
193221293210000

16 6 26 board_16x6_26_231607_none
0199200123212939
0139201299912931
1223212943333332
9292912931299399
2434221292499322
1992910112993100

17 8 35 board_17x8_35_231638_none
12911299119911910
93211932112223431
39112321111019991
92119392291134421
12122949334399221
01922493299955929
01129492149699221
00012921029493100

19 19 53 board_19x19_53_231680_none
0001992000191000000
0001493000111001121
1111393121100012929
9119212939100029542
1111101292100039991
0000000123221129421
0001110129939211100
0001910193249300000
0001110122129200011
0122100019112211129
0199100011102921921
0122100000002932121
0011100000002391139
0139200000001932299
0199211100001239333
0122129200000193391
0000029211212239321
0000012339393932910
0000001993923921110

15 12 38 board_15x12_38_231736_none
110019910011299
910012221119222
110000019111111
000111011100029
110191112110029
920111192921011
932211222393211
129922911499391
133493212994921
939339202932221
249239523331191
921129992991111

10 5 7 board_10x5_7_231784_none
1291000191
9211000222
1100111191
0011392111
0019392000

6 5 7 board_6x5_7_231793_none
221199
992222
239210
013920
002920

5 6 8 board_5x6_8_231801_none
39219
99322
94291
93111
92000
11000

4 10 9 board_4x10_9_231810_none
9210
2910
2321
9291
1222
1119
9211
9311
9219
1111

4 12 8 board_4x12_8_231821_none
2321
9991
2332
0029
1139
2921
9210
1100
0000
0000
0011
0019

4 14 8 board_4x14_8_231830_none
1139
2939
9221
2311
9291
1211
0000
1110
1910
1121
0019
0011
0000
0000

8 18 36 board_8x18_36_231840_none
00129211
00294392
00299229
00122111
01222232
01992999
02343343
12939129
19394339
11229931
23224941
99923991
23393321
11139211
92149319
34959311
99399200
22222100

14 8 15 board_14x8_15_231886_none
01929910000011
01123320111019
11001910191011
91001110122211
12110000019392
01921000011493
01291112110292
00111192910111

15 6 13 board_15x6_13_231904_none
000000111299100
000000192393100
000000113931011
000000014941129
000001129991192
000001923931111

19 5 24 board_19x5_24_231918_none
9200191011100129111
9321211029432292119
2939200029999423132
2239310023459593939
9112910019129923931

19 8 32 board_19x8_32_231946_none
0001292929211029219
1111922121292249322
2911221000123992291
9420192111119332211
9911249329221119321
2211949922910013991
1222139311110002953
1991011100000001299

18 16 43 board_18x16_43_231982_none
921921239921111100
932229299439229111
129111223922921119
011100112111121111
000012391000019100
121119921012221100
939223310019910011
139219100012210019
012222210000001121
111911910011101910
933211121119101110
299100019111211000
123210022311191000
012910019292211000
029310022339211100
029200019129219100

12 18 53 board_12x18_53_232031_none
939101129210
493101922910
992002332110
442012992221
992019322992
393132202493
112939201939
012239201232
129111100191
931211001221
931292122921
129322939329
123932139333
913992122499
333933921994
993223931392
332923921232
911129211929

7 8 8 board_7x8_8_232088_none
1991011
3431019
9910011
2210011
0011119
0019111
1111100
9100000

4 4 4 board_4x4_4_232098_none
9929
2221
1110
1910

7 16 19 board_7x16_19_232103_none
9101910
2201221
9200192
9200129
1211011
0192221
0113991
2212931
9932110
4991000
9421000
9311000
1291000
0111111
0111191
0191111

8 18 29 board_8x18_29_232123_none
00000191
00012321
00029932
00139499
00193322
01239211
02932492
03931992
03931221
02920000
01122210
00129910
11294210
92392000
13931000
13931111
29593291
93999211

14 18 51 board_14x18_51_232159_none
11139200019211
91199200122392
12243201291293
01929213931239
12343394920193
29399439210129
93499921100011
29223211121100
22201111929222
19101912242399
23311111929233
19911112232339
23422912921992
29393223921221
94949119210000
13931111101221
12210000001991
19100000001221

16 14 33 board_16x14_33_232216_none
9101922110000019
2312394910000022
9391299210000139
9422222100000199
9229200000001232
2349211101111910
1992129312921110
1221029923931100
0000012229229100
1100111011111100
9100191000000111
1100111111000191
1101110191111111
9101910111191000

19 4 21 board_19x4_21_232254_none
1299391001121100192
9224942212929101349
2212959393353312992
1911299312999292221

18 6 20 board_18x6_20_232282_none
000019111211001910
000011229291113231
011222393211294939
019299393101399239
011222339211943211
000000193911129100

14 16 46 board_14x16_46_232304_none
00019101399222
00011212994399
11000293222954
91000292001299
22111211001232
19119210001910
11112910113220
00002231292910
00001939424331
11002249492993
92124943922399
92199949310233
11134339310191
11119112911221
19233311233910
12929910199210

9 19 42 board_9x19_42_232357_none
222929991
993122321
493001221
392013991
921129931
221293221
922922129
239211943
932201399
239100299
292112332
932029921
393129591
299112921
123211221
012921291
019239311
012239310
001922910

8 19 31 board_8x19_31_232406_none
00192100
00129210
00012910
00001110
00000111
00112291
00293921
00294321
01239392
13931493
29920292
29310222
11211191
11292211
29229221
94212929
99422132
49992229
29439292

6 16 14 board_6x16_14_232440_none
019100
011100
110000
910000
110122
001299
001943
001129
011111
019100
123321
293991
394232
292019
112121
001910

4 10 7 board_4x10_7_232456_none
0129
0193
0129
2232
9929
9321
1100
0000
0000
0000

4 4 4 board_4x4_4_232464_none
1119
9321
9910
2210

6 5 5 board_6x5_5_232470_none
012210
129921
194329
129111
011100

8 8 8 board_8x8_8_232476_none
11119100
19111100
11112221
00019929
00012221
01110011
12910019
19210011

9 10 13 board_9x10_13_232485_none
191000000
111000000
233210111
999910191
233210111
111000122
191000199
222111232
922911910
292111110

15 19 73 board_15x19_73_232502_none
029920111001239
029931291001993
133329211112239
949223422392122
949329992992191
132393433221111
029311191012321
139311221129991
932922921194931
932129391112232
291011322000199
122100293211233
139311299391191
959591139311222
299921022201392
344210019212992
993222221293442
249949932335991
029949499299931

19 16 41 board_19x16_41_232581_none
0191192911221011100
0111112122991019100
1100000019322232100
9111100122101991000
1129422291001221000
1129992921001110011
9123422110112932119
2339211001292299211
1992291002931139310
1343211002920012910
0199100012210001110
0122100019100000000
0001122232200000000
1111929929101110000
1912232221101910111
1111910000001110191

19 10 41 board_19x10_41_232625_none
0011101112949291111
0129211923992222291
0194911293453119322
2339210123999222291
9921100019443292211
2210001122391129221
0111112933922122929
0191192299211912353
0123322232101233999
0019911910000199349

19 8 37 board_19x8_37_232670_none
1111929393224921910
1911244599299922331
1110299943223211992
1110299693100112392
1910249599210191233
2220192495921212299
2920111294229212932
2920000129111292110

16 4 11 board_16x4_11_232713_none
0199100000019111
2332100000012229
9911111110002931
9311911910002920

12 8 14 board_12x8_14_232725_none
001110002920
012910013920
019210019321
011100011291
000012211221
110019922910
922122392221
292910111191

5 19 21 board_5x19_21_232740_none
19211
12391
01932
01129
00022
11239
29299
92233
22129
19349
12993
01392
11111
92100
29221
12939
12139
91011
11000

4 12 10 board_4x12_10_232763_none
9100
1111
0019
1121
2920
2920
1221
1392
9492
9421
2921
1129

6 6 10 board_6x6_10_232774_none
299229
293293
221129
932122
299119
122111

12 6 11 board_12x6_11_232785_none
000000019991
000000024531
000111019932
000292012399
000293121222
000112929100

19 19 74 board_19x19_74_232798_none
0000001110001110000
1110012921002931100
3920029492223939210
9931129312993222932
9329343212339101299
1123999229112210233
0029432395311910293
0039410299921110399
1139920139941000299
1935941225991000122
1293949493942001121
0112139934391001929
0112133492921001121
0192929213231211122
0112121101949391199
1110000001299312243
1910000111122212929
1110011292110194442
0000019212910129991

18 12 52 board_18x12_52_232878_none
999212292110299211
244594933921293292
019999492291222139
123695943212291029
922993299101922232
293332222101122991
129119221100129321
011113949310193210
000124959921212910
111199394339313220
191122229239392921
111000012921212291

15 6 22 board_15x6_22_232936_none
921001992001921
293222492001129
139949321000011
149994910122100
199549211299210
122292101933910

8 6 8 board_8x6_8_232964_none
99119119
93111111
11011100
00019111
00011129
00000029

5 12 16 board_5x12_16_232974_none
11191
91111
23121
93929
29342
12939
01139
22122
99119
34232
93939
13931

4 14 17 board_4x14_17_232995_none
2210
9921
9329
2343
1999
1232
1100
9111
1129
1249
9499
9932
3421
9291

4 18 14 board_4x18_14_233018_none
0192
0129
0011
1110
2910
9210
2210
1932
3499
9949
2332
0292
0292
0111
0000
1100
9210
2910

4 19 12 board_4x19_12_233034_none
0000
1100
9100
2311
9391
9311
1100
0111
0191
0111
0011
0029
0029
0133
0199
0133
0129
0193
0129

6 16 20 board_6x16_20_233047_none
000000
001121
111929
933231
993910
494110
292000
122100
019321
012992
112249
193349
139993
029592
022311
019100

10 8 19 board_10x8_19_233070_none
9939392910
9339422121
2224920029
9339931129
2993229111
1232222100
0019291011
0011211019

11 6 15 board_11x6_15_233093_none
00011119229
11119233392
29211399322
29200299219
22222222122
91199100019

14 4 8 board_14x4_8_233113_none
00000000019119
00122100022211
12399100019211
19932100011291

18 6 23 board_18x6_23_233122_none
111929321111011222
911122992392129299
110012334993193322
000019119992129111
110012333332222119
910001991019291011

19 12 61 board_19x12_61_233148_none
1222129332299594920
2992922999349994942
9422123459339422299
9200019922922222332
1101133311223949921
0001929111294994391
0123221119336993332
0199212344499943992
0139219999949559439
0011112445343999211
0011100192939343200
0019100112292119100

18 19 50 board_18x19_50_233221_none
011100111000011119
019211191000019111
123391111011123310
293931000019229921
955921111122922229
999211922922210011
232101129229100000
000000012222321000
000011101911991111
000019112211332191
001121229322291111
002920193993932000
002920223394492000
111111291129493000
911222932111392000
111992129210222000
001221012910191000
221000001110112110
991000000000001910

14 14 51 board_14x14_51_233273_none
93931100000019
13939101222232
12221101992991
39200013543221
99200029992000
95322129593110
99399222335920
99422291199920
49301221134421
29312922129392
12392293942392
12921235993332
94320199594991
29910139313931

7 4 3 board_7x4_3_233329_none
0112110
0192910
0123210
0019100

4 10 10 board_4x10_10_233333_none
9129
1129
0022
0019
0022
0019
1111
9310
9931
3939

6 19 15 board_6x19_15_233345_none
129111
931119
920011
111110
001910
111110
931100
949100
292100
111111
110191
921111
291011
111019
000011
000000
000111
110191
910111

9 19 35 board_9x19_35_233362_none
029200011
139201129
193222921
222929210
911122210
220012910
910019210
110012210
121101910
939102220
394323920
293995930
112239931
000024692
000019993
111122492
932921122
949391129
292211192

11 16 48 board_11x16_48_233404_none
92211139931
29393299992
11394944492
11229493332
19123594991
23329934931
29933449221
29932993119
34329493233
99222229399
22291012932
22212111110
99101910122
93212110199
22191122222
91111199100

15 10 31 board_15x10_31_233462_none
999100019229910
232101122922210
000012911121100
001239210129321
112993200193991
192249200112232
222139322100019
923931299100133
494920133211299
993110019119222

19 5 23 board_19x5_23_233500_none
0019910199239219100
1224331233499211100
9493929339393100000
2994344992212110111
1239299321001910191

19 8 40 board_19x8_40_233529_none
0000199200001991000
0111249311112222110
0192393292393101910
2339392129399202331
9933322121249302991
2493923920039302953
1395349941239311399
9229939939293910293

18 14 44 board_18x14_44_233579_none
110013932911939910
920019939211395310
920023433221399111
110129292929222229
000192213242201292
122322112949201921
299291193399201110
393211223933221100
921000192111929111
121101221002231229
129101910001910192
921101110001110111
110111000000011211
000191000000019291

15 19 41 board_15x19_41_233631_none
992111110129222
943911910193399
392111111222932
921001111911110
220001911221000
911111221191111
221910192211191
933320129100111
939910011100000
233210000000000
191000000000000
343100011211000
999100019291000
243200011222211
029200000019392
029310000011392
123910111000111
293110191111111
292000111191191

7 12 17 board_7x12_17_233677_none
1233999
2999332
2994100
1392000
1222100
9129200
1129200
1111111
9210019
2910022
1110129
0000192

6 10 10 board_6x10_10_233696_none
920000
931000
291000
111000
001110
123920
939931
293391
111222
000191

4 4 3 board_4x4_3_233707_none
1921
1291
1211
9100

6 10 12 board_6x10_12_233711_none
000019
011122
139449
939999
122332
110000
921000
492000
992000
221000

11 19 37 board_11x19_37_233728_none
93921001221
93291001991
11122223432
00019299392
00011333393
01121392139
12939492039
92139311029
11011100011
22211111000
99391191111
39422123391
12492019932
01992012339
01221111192
00000192221
00111112910
00192101110
00129100000

18 14 52 board_18x14_52_233767_none
192921100000111000
113239321000192232
001922992101223999
001111249201923953
000000139201292249
012210294200123499
019921399101239993
013339333102995431
112922391003993921
293111943102954229
292001299112499111
111001244329393100
110112929932311011
910192122229100019

19 10 28 board_19x10_28_233831_none
1292921222119211000
1933229399212391000
1129111399201921000
0122100122102220000
0191000000001910000
1211112111111110000
9211293932921011100
2912933992292129200
1112921221139229200
0001110000029211100

19 8 21 board_19x8_21_233863_none
0001992291000001129
1111222921000001921
2910002220000001110
9210112922232100000
1101292293999221100
0001921129334949200
0001221011102949200
0000191000001121100

19 4 16 board_19x4_16_233887_none
9211292001292101939
1292393112959311139
0112933912949910011
0001292111122210000

14 12 24 board_14x12_24_233905_none
11100001991292
19101111221292
11101910000111
12222221211000
19929119292100
12221122339200
00000019129200
11000011233311
91000000199291
33111100123321
99219100001910
99211100001110

9 19 35 board_9x19_35_233932_none
111000029
192110029
223910011
192232100
221199210
911245920
112939920
003954320
002993920
112223931
291112239
921192292
331129211
992111211
359200191
199200122
234210019
192922132
112292929

7 19 35 board_7x19_35_233972_none
1399100
1995200
1499111
1494119
9393232
3422991
9922332
9491192
2311239
9311292
9911921
3432110
1993110
1393932
0124599
1119993
9112321
1211111
0191191

4 12 7 board_4x12_7_234017_none
0000
0000
0000
0111
0191
0111
1100
9310
9920
3931
1392
0292

4 6 4 board_4x6_4_234026_none
0191
1221
1921
1292
0129
0011

6 4 6 board_6x4_6_234032_none
199111
122229
011393
019392

7 4 7 board_7x4_7_234040_none
9112321
3329991
9933321
2391000

15 16 41 board_15x16_41_234051_none
011291293910000
129211293121100
193200111019100
129321000022200
012991000019100
112331011233211
922921139399119
129494499432111
233499994910000
992934432221000
332123921292110
910019921922910
121112322111110
019100191000111
011112321000191
000019910000111

19 16 54 board_19x16_54_234098_none
0000000293911111110
0000122394211911910
0000199459324321121
1100134999399910019
9111129433333321122
2219129201922291292
9111122201293931292
1111129211213931233
0019129219212291199
1122332122392211122
2921991019229211011
2922331011223391129
1222910000192921192
0194321110113220111
0129921910001921000
0013921110001291000

16 4 17 board_16x4_17_234159_none
0001139911993221
0001939311249929
0001122333249542
0000001999939929

10 8 12 board_10x8_12_234182_none
0192991000
0113442000
0001991011
2211332019
9910191011
9310111000
1101111110
0001911910

5 18 22 board_5x18_22_234196_none
01249
01999
12249
92121
24931
93992
23593
19392
22222
91019
11022
00129
11393
19392
12321
01921
01239
00192

4 16 10 board_4x16_10_234224_none
0111
1392
1992
1221
0000
1110
1921
1392
0292
0111
1100
9200
9300
9200
1111
0019

9 5 11 board_9x5_11_234235_none
999329100
499931100
945920000
293210000
129100000

15 6 13 board_15x6_13_234250_none
000191191192211
000122211139491
000129211139921
001293911922210
001922222110000
001110191000000

18 12 37 board_18x12_37_234264_none
029312129101992921
029392921101222129
011223321000000122
000019291000001291
000012321000001921
111123920122212110
922949921299391000
292299322959311000
112343239492100000
012992299311000000
019492293100111011
011211111000191019

19 16 73 board_19x16_73_234304_none
9210001939991293100
2921212293321299200
1129291111112259300
1111222111293949310
9211129239324943910
1292294959329593121
0129224949229493119
1111229232322239211
9100192229291029211
2311111193422023339
9292100129291019959
1339210011212133599
1294911110012929393
2949211932229332211
2942113499293392232
1291019932229212999

19 19 61 board_19x19_61_234387_none
9291001291001921000
1212111932001292110
0001911293210112910
1222110129921101121
2992110012229100019
4954921111132201121
9949921923939101921
3493211239942202493
3931000193229222999
9920000111012929499
3310000122101122332
9100000299100013931
2200001393100019992
9100001921000012339
1100001110000001121
0000000000001111910
0111001110001911110
0293213921111110000
0299293921910000000

12 6 20 board_12x6_20_234454_none
992129100199
233932222222
129592299200
922992299311
111232344492
000019299392

8 4 5 board_8x4_5_234477_none
00001929
00013331
00019920
00013920

4 10 8 board_4x10_8_234484_none
0191
0111
1100
9221
3949
2949
1132
0129
0192
0111

4 19 19 board_4x19_19_234495_none
1100
9222
1299
0233
0192
1349
1993
2492
2931
2920
2331
1991
2321
9200
9310
2921
1139
1139
9129

10 12 26 board_10x12_26_234516_none
0000011111
0111019119
0193221122
0129910129
1122321192
2932492222
3959992191
3993322221
2942112921
1392293129
2492293121
9921112910

14 6 22 board_14x6_22_234544_none
12291193321000
92932349992121
24349399422929
93995953201121
24995939100000
92393121100000

18 5 12 board_18x5_12_234569_none
129100019212292110
193210011293932921
112910000113932229
001110000012229111
000000000019111100

19 14 71 board_19x14_71_234582_none
1299229200111012339
9349229311193239992
2943211392139949942
2499111393139493391
1993119212943311222
1333132201299312392
1394929221249593992
9599223939129939321
2993102942113332210
2332123491002921910
1911929943323922220
1111123939993322921
0000113344959392292
0000192992293921129

18 18 78 board_18x18_78_234663_none
921922911922910129
921292122392121293
110122119332119229
221019223949321111
992121394499931000
223931293995991122
013992222233321299
129322922229210293
293102239933910111
293213943392111110
129394991234211921
123939432199911129
193332291249531011
129291111295992111
012321011395993192
002920019213993129
003941022313492011
002991019292921000

12 16 35 board_12x16_35_234757_none
192911110000
112222910000
001393110000
001992111000
001332193332
000192229999
111249212332
293299201110
293943212910
223291192110
192221111011
234931000019
939992110011
139422932100
011112399222
000019222299

9 10 23 board_9x10_23_234799_none
910191129
332221192
993922221
969492910
959423220
942911932
922221299
111921222
001129222
000011299

7 6 10 board_7x6_10_234824_none
0000111
0111191
0293221
1394931
1946949
1299931

4 4 3 board_4x4_3_234838_none
1110
2921
9229
1111

4 10 10 board_4x10_10_234842_none
1999
2453
2991
9443
1299
0122
0000
1111
9119
1111

4 12 15 board_4x12_15_234855_none
9391
2932
2239
9229
9211
1111
1119
9321
9931
9939
9321
1100

10 19 27 board_10x19_27_234874_none
1110000011
1910000019
2321000122
9291001291
1211001921
0012222210
0029929100
1129321100
9223210000
1292910000
1333121100
2991019211
9431122291
2910192222
1110129119
0000011222
1100011291
9100129322
1100192291

16 12 50 board_16x12_50_234902_none
1119129993239100
9221129594993100
2921234424993000
2239299923994210
1932235922949921
2392239322343391
9213993912993211
1103953212999200
0002939212259311
0001121292139339
1121100223922399
1929100192111932

19 4 11 board_19x4_11_234963_none
0193229211000012210
0129922392110019910
0134311922910012210
0199101111110000000

18 10 46 board_18x10_46_234976_none
910000001929321191
220111001234992221
920192110193943910
931323932323394220
239393399492293921
933939469593223391
129332999439239311
013921395942499200
013920114959494100
019210002992392000

11 19 30 board_11x19_30_235028_none
11211000000
29291000000
92211000000
11001110000
00012911121
11119211929
29112211121
92101921000
22001291000
91000111111
11011100191
00019210122
00012922239
00002392992
00013932232
00129920029
11294320039
29323910029
92292110011

4 10 11 board_4x10_11_235059_none
0019
2232
9929
9432
9319
9211
1100
1211
9392
1392

5 5 5 board_5x5_5_235071_none
12299
92932
12110
01110
01910

8 10 21 board_8x10_21_235077_none
29100299
93101393
92012932
12129229
13931122
96941129
99939139
95331129
12910011
01110000

12 18 32 board_12x18_32_235110_none
110192291000
911249422000
111949491000
001249422011
000192291019
000111111011
111011111211
191019119292
112122221229
002921911232
013921122991
129210019321
192111111222
111019100199
011111100133
019211111019
011291192111
000111129100

15 19 42 board_15x19_42_235145_none
000000001929921
221000001122229
992000000000022
392111000000019
234391000000011
399921000000000
994211111111110
221001911911910
111112122223320
191292129119910
111292192112210
000222111111122
000293211191199
000399291111122
000293211000000
112221001111110
292911111911910
933323921222110
129293920191000

19 12 56 board_19x12_56_235191_none
9112321019929934992
2219992223234599949
9112339392029933332
2210133593029311291
2910199593123323942
9211249959229929992
1212924995944332493
1292113994992921129
2932002932222291011
9391001111121211000
1222100001929100000
0019100001121100000

18 4 11 board_18x4_11_235257_none
192100000111000019
139200000191011122
039311100111029329
029219100000029921

17 4 14 board_17x4_14_235272_none
29321002920001299
93991002931001932
12221001292223321
00000000129299291

10 14 25 board_10x14_25_235288_none
0000191111
2210111191
9921122211
3493499100
9349993100
2949931000
1293211110
0111001910
0001111110
0112921000
0293292110
1493112910
9392112221
1211191191

4 19 21 board_4x19_21_235314_none
9291
1211
1221
2991
3942
9229
1222
0192
1349
2992
2942
2239
1932
1129
0022
0019
2221
9931
9939

4 14 13 board_4x14_13_235341_none
0192
0129
1121
1932
1399
0294
0239
0193
0139
0029
1121
1921
2391
9211

8 4 6 board_8x4_6_235361_none
19112210
11229921
00194339
00112921

14 10 29 board_14x10_29_235370_none
01110111000029
02921291000029
02921932000122
01112493112492
00012999119993
00029653223459
11139992392199
92293339392122
29223221211000
11119910000000

19 19 76 board_19x19_76_235402_none
9322101222991000191
9399313993433110111
1239393949292921100
0011223232423129211
1111119119393222291
9119112332399291111
1122201992123321011
0139202492001910019
1299201933222210011
1933211129929100000
1233910024431100000
0199320139921111100
0124931399329229111
1113949494222292119
1913941392191111133
1112931322111001399
0001239392012211999
2211293492019923553
9911939211012229991

18 12 39 board_18x12_39_235487_none
001921191019299949
001292221012334994
122213920013921499
199214930019941293
122293921123992221
000112111911222910
000111002231101110
000191001929111100
000111001232119100
110000011291022211
910112239211129119
110192992100192111

17 8 18 board_17x8_18_235530_none
00001110019339393
00001910024992499
00012210129931293
00019101293211221
00022201921001910
00019101221001110
00122100191000000
00191000111000000

12 4 11 board_12x4_11_235550_none
921119119210
129111224920
022312294930
019292923920

6 12 10 board_6x12_10_235563_none
011100
019100
022200
019210
122910
921121
920139
110199
000122
011211
019291
011211

4 19 20 board_4x19_20_235575_none
1110
2910
9431
3991
2942
2493
9399
1344
0299
0399
1393
9211
3321
9929
2221
0011
0019
0022
0019

4 19 20 board_4x19_20_235600_none
0019
1232
1991
1232
0139
1399
9399
1333
1291
1921
2210
9221
3949
2992
2321
9100
1222
0199
0139

6 14 15 board_6x14_15_235623_none
000191
001332
001991
012321
019100
023310
239910
993332
232399
129393
922321
222910
192110
111000

11 5 11 board_11x5_11_235641_none
29920000000
29942100111
12399100191
11223321222
19101991191

12 4 12 board_12x4_12_235654_none
939111292910
931119434220
222122993910
192911239210

19 12 31 board_19x12_31_235669_none
0000011100000000199
0123239200011100122
1299949300029200111
1934349201139200191
1111921101921100233
0124331101111110199
0199939100112932222
1235931100192299100
9119210001221122111
1111100001910000129
0000000001110000293
0000000000000000292

19 14 40 board_19x14_40_235703_none
0192299100000192929
0129233200001223342
0011119211012911991
0111011291019212331
1291000122111101910
1943211019100001110
1399391011100000000
0299311000000111000
0122100011100191122
1100001129101232299
9100002931101929222
2221102920002231211
2939201110001921393
9239200000001129399

18 19 93 board_18x19_93_235747_none
191019229100191191
221123921111333333
921293210019299399
249329221111224953
199213949311125992
234212959592199993
193912359493335459
249421992239392949
939911232129423292
233321019221291222
291191012910111192
932222112221211249
239119119229493299
922332111394995953
233992101393239959
299449113931023499
932293219921239222
221239224433993210
191192292993932910

11 8 16 board_11x8_16_235866_none
00001129100
01111921100
13921222110
19931192921
12391234391
11211299321
19221394910
12929212110

8 4 8 board_8x4_8_235891_none
19101999
22201232
29312110
29392910

4 12 7 board_4x12_7_235901_none
0129
0193
1239
1921
2220
1910
1110
0000
0111
0191
0122
0019

6 19 30 board_6x19_30_235909_none
392191
992222
443291
993932
393291
222111
191000
122100
239100
993200
239222
122299
191122
111000
000000
111011
393249
996999
999993

9 18 27 board_9x18_27_235945_none
001393100
001999100
001233321
001122991
002939321
112931100
911110000
110011100
111029321
291029929
921012221
121101110
029213920
039429920
029922221
023310019
239100011
992100000

17 5 22 board_17x5_22_235976_none
29212910111001921
94492110292001129
49932101392112232
99329112921294992
93111119210294949

18 4 17 board_18x4_17_236000_none
121112939299119229
929229392222112921
123943421011102220
002939910019101910

19 12 40 board_19x12_40_236021_none
0111011102921221011
0191019102921991019
1233343201111221011
2959999100000011100
4999594200000019100
9942239211100133311
2210029219101299391
0001121111113943921
0113920000019922331
0195930000012211991
1239920111000112221
9129310191000191000

14 19 55 board_14x19_55_236069_none
91191129931211
11123497959291
00129999993211
00194954592000
00223139422011
00292139392119
11293293339222
92212922943391
29211111299211
12910001233221
12110002932939
91000002939392
11111013342422
00192129939291
00113944942311
00013939229210
00019332222910
11012911911110
91001111110000

9 14 19 board_9x14_19_236131_none
000000111
111000191
191000111
111001110
001112920
001912920
113221221
294931292
295959439
113959921
001294320
000112921
000001292
000000129

4 4 3 board_4x4_3_236152_none
1392
9392
1211
0000

7 14 24 board_7x14_24_236157_none
1101910
9101121
1100029
0001139
0012921
1119210
9212321
9322992
2939549
2249492
9239532
3923992
9223949
1119221

15 18 36 board_15x18_36_236188_none
292001291111000
292112921292000
111192110292011
110111000111019
921101110000011
129211910000000
012911110000000
002220011100000
122921229210111
929229395910192
121111399210239
011211245310192
019291199920111
011212249920000
000012923331100
000019211929100
000011101232100
000000000191000

19 6 32 board_19x6_32_236229_none
2920011291029201992
2931019443249312339
1292123999299439222
1339129433349949329
9392129212924953921
2921011119212992110

18 5 12 board_18x5_12_236267_none
000111000199210011
000292111123910019
012492192122210011
019921223929100000
012210192121100000

15 12 43 board_15x12_43_236281_none
939200111001110
249200192101921
292100129212291
921111023492332
110191139944992
012332299949993
029939223239592
139942211122222
294392291191019
292112921112243
111013442101999
000019999101249

10 19 40 board_10x19_40_236330_none
9211292100
3922939100
9492121211
2921011393
1221019399
0192111222
1239100000
1921101110
2220001910
1921101110
1129100122
1132211299
1929229222
1123954310
0002999942
1212496999
9291294493
2321234921
1910199210

5 16 14 board_5x16_14_236374_none
00191
00111
00011
11229
29293
92229
11011
00000
00000
11100
19211
11292
01349
23992
99332
22119

4 5 4 board_4x5_4_236390_none
0191
0222
0191
1332
1991

10 10 24 board_10x10_24_236395_none
1123920000
2949920000
2949532110
2234993920
9119944920
2222229320
1932223921
1399292129
1494211022
9392000019

14 16 53 board_14x16_53_236420_none
01999129312959
12494249912999
29324959421232
39319995942100
49312494999210
99200112233910
33200000001110
29211101222110
29329212993910
12921394494321
01221294959392
23391113959329
99931001292111
24931211111000
01129291000111
00011211000191

18 19 47 board_18x19_47_236483_none
191199100000001239
111122100000001993
000012210000001392
011119910112110111
029212211292921100
139200112922129210
921100192110012910
110111111000001121
111191000000011119
192223321111019122
129119991293112239
123222321299101939
293911110233101121
293112920192111110
221002920223911910
911111110192122221
111921000111019119
001291000000011222
000111000000000191

19 18 58 board_19x18_58_236537_none
0191029921191000292
0111029492212121392
0111022439112929211
0192129292229221100
1323921212292100000
9292110001943101110
2332101111299212910
2929211910139219221
9322912220011111129
9201111910011101139
1100012210029312921
1222139200029392221
2992939200022311292
2932121100129211292
1221000111293392222
0292012391292292191
0292019921111111222
0111012210000000191

19 16 65 board_19x16_65_236601_none
1121100019100299100
2939311022200294322
9349492129211129299
1394922932391011233
1394211139311000029
9339211149300001139
2393393399411112921
9229229969391192110
2221113994321223110
2920112494911292910
3920191294221944210
9210112233922399100
1100001929229333211
0012322232111291192
0139992291000112239
0199439211000001921

19 10 50 board_19x10_50_236677_none
1112939911949310011
1912932333399910129
1111110299455311292
1111100395999223942
9229100294333939991
2392112339211293443
2931029932911221199
4931149942111910139
9921939994211111121
2211122499910001910

18 6 24 board_18x6_24_236731_none
129229101911111991
293293211111922432
292112932212129291
332001299291122222
992122332211192239
222929910000112992

15 4 9 board_15x4_9_236760_none
000000011299200
000001139339311
000112949211291
000192292100111

12 6 16 board_12x6_16_236771_none
999991292000
233322494100
000002999200
000002969311
000123239219
000199111111

11 8 22 board_11x8_22_236788_none
11111393921
19129594239
11239693193
11395993229
19499339111
11494111100
01393221000
01922991000

6 18 18 board_6x18_18_236816_none
000129
011292
019211
011211
011291
129211
921111
221019
293121
293910
112121
011119
019122
123229
192921
112110
001232
001999

4 19 12 board_4x19_12_236836_none
0000
0000
1232
1999
1243
2229
9921
2221
0029
1139
1921
1121
0019
0011
0111
0191
1221
1910
1110

6 8 10 board_6x8_10_236850_none
111199
191122
112110
001910
111232
910299
221393
911921

8 5 5 board_8x5_5_236861_none
91000000
11000111
11000192
91001239
11001921

15 8 31 board_15x8_31_236867_none
399999211911110
994494922122910
332124491019210
292019932112321
393122229213991
933910012393942
249310001933239
939200001129129

18 16 51 board_18x16_51_236904_none
000000001291191000
000123211921112221
110199922231212992
910236942929292239
221293949432211011
932922139391000000
949333232311000111
293399929211122291
129223232391199322
022200019211122392
019212132200000292
022393939211000111
029324931393101110
139219210299101910
921111100133202220
110000000019101910

19 18 49 board_19x18_49_236960_none
1129100000199211000
1921100000122292121
1222121100000123939
0294939210111019392
0294932910191022311
1333222110222019100
1991192121392022200
2342323929493019111
2929292132492122119
9221322019222292121
2200191011129312910
9101221000029202220
2211910000011101921
1911110111000112129
1110000191111191011
0000000111191233100
0000111000122299100
0000191000019222100

19 19 49 board_19x19_49_237010_none
0000000001111929100
0011211002921121100
0019291013920000000
0022311029310111111
1119100139310191191
9212210193910222111
9312910223110292111
9219210191000292292
1222100233100233393
2391000199100199229
9921000122100133222
2221100111000019119
0019100191000011122
0122100111001110029
0191111000001910029
0111292111001110022
1121392192110111019
1939211112910192111
1292100001110129100

19 18 81 board_19x18_81_237061_none
1129200011101111921
9139411239223921392
1129911994939931494
1244311223944549599
1999321001129993999
1345992211024532232
1293949392019920000
9212121394335930011
1211111129994930019
1292393133423921121
1923993929212221921
1123933233921911291
0019321912921221111
0134911111110191000
0199542101110122100
0139999422921229221
0012349993339395939
0000012339292394931

14 6 12 board_14x6_12_237158_none
19222910000000
13939210111000
13931211191000
93220191233100
12911221199100
01111910122100

8 5 9 board_8x5_9_237174_none
29910191
39421122
92392019
11292122
00111191

4 18 9 board_4x18_9_237187_none
0000
0000
0011
0019
1111
9111
2219
9122
1119
0011
0000
0011
1129
1921
1121
0029
0029
0011

4 19 19 board_4x19_19_237197_none
0122
0199
0122
0122
0299
0299
1344
9399
9432
3910
9210
1211
0192
1339
9392
2921
2210
9211
1291

9 12 23 board_9x12_23_237220_none
019939939
013944942
112293239
192239129
222921122
911110019
111110122
001910191
001110122
112232119
193999111
129332100

11 8 13 board_11x8_13_237246_none
92921100129
12129210192
00013920122
00014941119
11019939111
91012221100
11000011100
00000019100

18 5 23 board_18x5_23_237261_none
001999292991001110
012332323232101921
129211292129102239
934922943933211932
293922992292911291

19 18 49 board_19x18_49_237286_none
0000000000029202920
0000111000029202931
0001292110123222391
0001923920192929211
0001223931113231100
1100193391001910000
9100129322012210000
3310011291019100000
9910000111012321000
9520000111002991000
9910111191002942000
4532291111001293221
9992921001110129929
2322110001910012221
0011100112110111000
2339210191000191000
9993910122211123210
2322110019291019910

15 18 68 board_15x18_68_237342_none
019229112229291
122394339942222
192495995992229
112996954949292
123495949221222
299339593101239
949339493112994
122932229229599
001291012933932
000223223493110
000194992992000
122339944332110
929922493912920
122210293223931
122210111192291
939910000111122
953210000011119
991000000019111

14 16 53 board_14x16_53_237416_none
00112921000292
22292292101392
99333339212921
94939943494220
12293399594932
00222139939399
00191124331222
12222292910000
92922922110111
13494220112392
12995921394992
19495921995931
22229211494121
91011222392019
22000199212121
91000122101910

8 6 7 board_8x6_7_237477_none
00011291
00019211
00022200
23229100
99921100
39310000

4 4 5 board_4x4_5_237485_none
9992
2449
0192
0111

4 6 6 board_4x6_6_237493_none
9299
1222
1221
2991
2931
1110

5 16 12 board_5x16_12_237500_none
92019
94111
99100
22100
00000
00000
00000
11222
19299
22433
19291
11211
01110
01910
02220
01910

7 19 27 board_7x19_27_237513_none
0019992
1223493
9391129
2933332
1129991
0013542
0001991
0112221
0191000
1232111
1929119
2233321
9229921
2922229
2220122
2921292
2921939
1111121
0000000

15 12 26 board_15x12_26_237543_none
920000001991000
920000012432011
111221139391019
001991199311011
013431122211011
019910111293129
012321191394921
011291111293110
019211011211011
022200019100019
129100022200011
192100019100000

18 5 19 board_18x5_19_237572_none
122392122321000000
929933929992000000
232239322492000000
931239200112122221
939292100001929929

19 4 19 board_19x4_19_237595_none
1100292199211129219
9210292249329349222
2910222294923992119
1110191293112931011

19 5 23 board_19x5_23_237616_none
1992910000129222910
3432110011394939321
9920001139494249329
3942101939339229229
1299101121129211111

15 18 55 board_15x18_55_237644_none
921012922939921
494229229459329
999921123992111
943210139533110
110111299392921
000192393212292
000129212221129
110012211991011
920001922332000
931001291191000
391000111222000
921000000293110
110012221393910
000139939545320
000199449999910
000123923444320
011212111911921
019291001111291

8 16 22 board_8x16_22_237709_none
00191019
11111022
92111019
92191122
11222292
11292392
19323921
11393110
00293100
00129210
11234910
19299210
11223210
00001910
22101121
99100019

6 12 10 board_6x12_10_237734_none
001910
012210
019211
232291
991222
221293
000299
000122
011211
019291
011211
000000

4 8 6 board_4x8_6_237747_none
2999
9332
1100
0000
0000
0111
0192
0129

4 4 4 board_4x4_4_237754_none
0000
1222
9299
1239

4 4 4 board_4x4_4_237759_none
9111
1129
0039
0029

6 8 7 board_6x8_7_237764_none
019921
023339
129129
921111
110111
000191
000111
000000

9 14 22 board_9x14_22_237772_none
019211011
022391019
029532011
029991000
023421000
019100111
011100191
001111232
123911929
399211121
993111100
233239311
019939491
012222921

17 18 52 board_17x18_52_237798_none
13959391011100019
94999522019100011
13999491023310111
01249322119920192
00012229125930129
00012922229930022
00129211923921139
00192101111223949
00112110000193931
00012910000112110
00029310011101121
00029200129101939
00022200193201149
01129221229100029
12922929111100011
92111132201110111
12111129101910191
01911921101110111

19 10 33 board_19x10_33_237855_none
0011100192921019100
0019101222291011111
0022202931211000019
1239202939211112121
9299313231291192921
1222293920111223139
1222234920111192239
1993929210191129292
2349221100111022322
1921100000000019119

19 8 32 board_19x8_32_237892_none
1111110000199311232
1911910012459922999
1223220019995592232
2393921013559921000
9939392101994310000
9433339223339100000
2392921299211100000
9212110139200000000

16 6 14 board_16x6_14_237930_none
1932100192110000
1299100113920011
0133200002920019
0129111102231222
0192119101929392
0111011101121392

10 16 39 board_10x16_39_237946_none
0019212920
1113922920
9113922220
2229433921
9129399339
2211233392
9312129321
9392922910
1212222110
0122292110
1299423910
9449494231
9392393929
1211234332
1111399391
1911994921

8 19 39 board_8x19_39_237988_none
93222111
99399219
33499211
29333200
39329200
29229310
12222921
01922292
01393239
12494931
19944931
35939229
99442122
34993229
19599292
12493211
01921111
01111291
00001921

4 12 8 board_4x12_8_238032_none
0000
0000
0000
0011
1119
9122
2219
9333
9399
1239
0011
0000

5 5 6 board_5x5_6_238043_none
01110
02931
02939
13442
19991

10 6 8 board_10x6_8_238050_none
0001129100
0002931100
0124920000
1299210000
9322101110
9200001910

11 8 13 board_11x8_13_238059_none
11211122111
19291199229
12321123921
12910001110
19321011100
22392029200
91292029200
11111011100

18 19 80 board_18x19_80_238073_none
122119119102920019
299322111213920011
299392100293110011
122239200292011119
001139200233119122
112943311199111119
393299393332101121
994359339931001921
993992129992112229
933331014959229111
222921113932392211
394229229321932191
999112393911292322
393101923221249492
111001123922949492
000000019922931322
123321012223320191
199993100139921211
139599100199329100

19 16 46 board_19x16_46_238164_none
0001911939219929991
0112112359213332332
0191012992101921019
0122119321001291011
0129111111100122100
0192100019210019211
1212110012921022391
9101910001292119222
1101110001239111229
0000000001932200293
0000000001129100293
1110001110011100129
1910001921000000122
1221001291000011291
1292122432011119322
9212929991019111291

19 12 48 board_19x12_48_238219_none
2993212921910019292
3959933922220022339
2944992222921019129
1129332293391011111
2232329212932122100
9929292112492199100
2232311019393222222
1119101121229100199
9233201910011222233
1299201110011299129
0139310111019222139
0012910191011100029

14 4 9 board_14x4_9_238274_none
01239100019210
01992100123910
02442000192221
01991000111191

10 6 9 board_10x6_9_238287_none
9921011100
2392119100
0129111100
0012321000
0002992000
0002992000

4 18 20 board_4x18_20_238299_none
2949
2959
2259
3959
9992
2332
0019
0011
0000
0000
0000
0000
0011
0139
1399
2995
3999
2942

4 19 11 board_4x19_11_238322_none
1991
1221
0000
0000
0011
0019
0011
0011
0019
0011
1211
9392
2492
1921
1221
1291
9211
1111
0019

4 19 10 board_4x19_10_238334_none
0000
0000
0000
1110
2920
2920
1110
0000
0000
2210
9920
4920
9321
1292
0139
1129
9111
1100
0000

7 10 18 board_7x10_18_238345_none
1292992
9312392
9311221
2923920
1395930
1395931
1939391
1122332
1101929
9101121

12 4 7 board_12x4_7_238366_none
910019100000
110022201232
000029201999
000029201232

18 12 58 board_18x12_58_238375_none
110112910124920019
910192110199931122
121222111223392291
029329239310129322
029392299910122291
133311259521293443
199321199932959999
245991235939499549
199422292121399211
359311921001344210
993933211222993921
222299101992239229

19 19 50 board_19x19_50_238439_none
0191000011111100292
1221000019119100394
1910011112221100299
1110019112910000133
0000011129310000019
0111000039311100011
0292001139219321000
0292001921112991000
0111001110001221000
0112110001110111000
0192921112910292000
0112129119221392011
0000011222119212129
0001121392011101932
0001929392011112229
0012332211139329122
1119292111299921119
9123439119234311121
1119921111119101910

17 16 57 board_17x16_57_238497_none
00000019119100191
00111122111112321
00191191012229910
11223332229933310
19119929294339100
11112332323932200
01111392192239100
12911993111192111
93211392112333129
39211322193993921
29329291129594210
34932433112939222
99239499101121299
22239932100111233
23393221101292291
99921019101939211

12 8 24 board_12x8_24_238561_none
929991001992
234942001349
292292111292
932239229333
292293932399
112922139432
002220029910
001910012210

7 4 4 board_7x4_4_238589_none
0001221
0001991
0012332
0019119

4 12 12 board_4x12_12_238595_none
2921
9349
2939
1121
1110
1921
2229
9332
2992
1249
0029
0011

6 19 17 board_6x19_17_238609_none
000000
000011
001129
012921
029421
039491
139422
192291
112221
112910
194431
239991
922432
110191
000111
000000
000000
111011
191019

10 14 38 board_10x14_38_238630_none
9311012210
9592019921
9592134492
9412299229
9212933221
1119332932
1112929599
9101122999
1211112494
2391191393
9921222393
2211392393
0112992393
0192221292

15 6 16 board_15x6_16_238682_none
911110000111122
233910000191199
299211110111122
294211921000000
124921291011222
019920111019299

19 8 41 board_19x8_41_238702_none
0111029999201910019
0292029599302220011
1493022349312932100
9494249229439399321
1393999212994349929
1222243212494922232
1922129119229321139
1292921111111291199

19 14 56 board_19x14_56_238755_none
2210012392293910000
9921019949239421000
2492134593239494332
1392199392193499999
1922232211239234554
1111911110192119299
1111222910111011222
1910192121100000122
2210111029421000299
9100111149991011393
1100192299631029311
0000113959910029211
1222123932221111119
1992929210019100011

15 19 50 board_15x19_50_238815_none
122100000001110
199211001222910
122292111992221
000112911221192
000001221112349
000000192393993
012210112993239
129921112332111
922239219129321
220029222229929
910012229113331
110002931112921
000002931019492
000112392011493
110191293211393
911221129392392
221910012949222
911110013492119
110000019921011

9 12 26 board_9x12_26_238868_none
920129392
930294949
941294392
992239321
332933921
912392392
111921292
112221111
292292000
293392000
113931000
002920000

5 5 3 board_5x5_3_238897_none
00019
11011
91000
12110
01910

4 4 3 board_4x4_3_238901_none
1110
1910
2231
1929

4 5 4 board_4x5_4_238905_none
0111
0191
1211
9211
9219

6 14 15 board_6x14_15_238910_none
910292
111392
002931
002931
012391
019211
012210
001910
013320
019910
133310
939100
394210
293910

10 19 34 board_10x19_34_238927_none
1292139921
9312939329
9201132222
1100019229
1100122293
9111291129
1119211011
1111100111
9100000191
2311011211
9392239100
9323992100
1119321000
0011100000
0000011222
1100019399
9100013959
2311002942
9291001291

14 18 63 board_14x18_63_238965_none
12922911922910
29392111129321
92223210022391
11029921119222
11129329221229
19222224920192
22292394931233
92224994493399
92193959493999
11112139312393
11100133200111
29100199201110
92100249312910
11011394392121
00019399333119
12221233399443
39921139339999
99921939212332

19 5 14 board_19x5_14_239038_none
1100012229111119100
9221229921119112210
2929293210011212921
1121212110000192139
0000001910000111029

17 10 35 board_17x10_35_239054_none
11191001991112910
91111001232292121
11111000019222119
22291011111119122
99211019210022219
33200023921019111
29201139594221211
29202949599931192
11113943959991129
00019229239421011

12 18 32 board_12x18_32_239095_none
191000019939
122101122239
129101921011
921112392110
121129312910
019129311110
121112910011
910001110029
110111111149
122291191199
199211222133
123210192129
012910112921
019321001110
011291000111
000111000191
111000000222
191000000191

7 18 32 board_7x18_32_239132_none
0001939
0012493
1129494
2953499
2999333
1243392
0129239
0193229
0129111
1233210
2992921
9323391
1101932
1212129
9391011
9323210
3329921
9922229

4 8 4 board_4x8_4_239170_none
1110
1910
1110
0000
0122
1299
9222
1100

4 4 4 board_4x4_4_239176_none
1929
2221
9211
1291

7 6 10 board_7x6_10_239181_none
0019291
0011211
1221011
3992019
9993122
2339119

14 18 42 board_14x18_42_239192_none
99321011101121
23992119101939
01239111101139
00012321112121
00001991192910
11012321112110
92119222100011
29111299200019
22200139200011
19100011100000
22211101121222
19119113939299
22111229932343
91112294311929
11192949212132
00112292291019
00111122322011
00191019291000

15 19 58 board_15x19_58_239236_none
011111111101991
019229229102342
012921293211939
001221112922249
000191012229239
000222019123921
011292123329331
019229229932939
121222294921139
910191112110011
221111112111221
292112393911992
292193995321249
122224959920029
029219495931122
029321393239229
012911221295921
001111910299310
000001110139200

19 14 47 board_19x14_47_239307_none
1111100000192221000
9119211111222991000
2212911911911221000
9211222111111110000
2910191111002920000
2331111192112931000
3991000112922391000
9942100001239322000
2229212222292292211
0011292994942139391
0001222239991039533
0001922233422139399
1111129949101932339
1910013992101129111

19 10 26 board_19x10_26_239361_none
1110019931100000111
1910013949200000191
1122211249200000111
0019910192100011100
1112210111111019100
9100111000191011100
2200192110111000000
9223333911110112110
2399929322910193910
9223221292110129210

19 8 22 board_19x8_22_239390_none
9392000000011101129
1392000112129101921
2321111192921101110
9910191112110011111
2210112110111019119
2210001910193221111
9910113221239910000
2210192911922210000

18 4 17 board_18x4_17_239413_none
011119100129299210
029211211294333910
029312392294923220
011292992129392910

14 6 18 board_14x6_18_239435_none
01911223920011
01111994930019
00112234920122
00192229320192
00239293922449
00192212129992

9 14 19 board_9x14_19_239454_none
000000000
110011100
911129111
111933329
222129921
992112210
249200000
029211100
011119210
000013931
000013992
000019339
111122222
191191191

8 16 22 board_8x16_22_239474_none
11100111
29100292
93100292
93222221
12993920
12323931
19211291
12910111
23211110
99211910
23911110
02231100
02939100
02942100
12291111
91111191

4 19 23 board_4x19_23_239502_none
9100
2321
1991
2442
2992
9349
1129
0011
0011
0029
1129
9322
9593
9699
9494
1239
1249
2992
9321

4 10 6 board_4x10_6_239531_none
2221
9929
9321
1100
0111
1291
9211
1100
0000
0000

5 8 7 board_5x8_7_239538_none
91000
12110
01910
02220
01910
13231
93939
13931

6 6 8 board_6x6_8_239547_none
001910
002331
122992
939493
931229
110011

11 5 11 board_11x5_11_239558_none
00000129210
00000195931
12211239949
19911933339
12211129111

14 8 16 board_14x8_16_239571_none
00011100000000
12129100000000
93931100111000
13931000292000
01393111392011
00399219322019
00299322291122
00122291111191

15 10 20 board_15x10_20_239588_none
011119291111000
019112332392011
123211929392029
292911121211029
922221122100011
121291199100011
019211122100029
011100000000029
000001110000022
000001910000019

17 14 41 board_17x14_41_239610_none
11129201110000191
29239311910000222
92294922211121292
11249329101939229
00199211101292222
00122211011212291
11000191019102931
92100111011102920
29100000111001110
33200000293222211
99101110299499291
33112911249953311
91019211934939100
11011101292121100

19 19 76 board_19x19_76_239654_none
1999292102949211000
1343229102994493100
1291011101399399200
9422112110122239322
9391192910000123499
3421112110111193993
9910011100292124931
3321119100292029321
9239212322221029219
1299202993911122232
1233313994111933929
9119292393222299332
1111211223992123392
0001110293392001939
0113920292111001232
0193920122101121392
0113220019212929392
0013921232292121322
0019921991111000191

15 6 22 board_15x6_22_239737_none
920019239339200
920122299949321
111392235932929
001993294343221
001493293999100
000292112232100

14 5 18 board_14x5_18_239761_none
02939222129991
13931299229432
93321149311129
29391029201139
12921011101921

6 10 9 board_6x10_9_239780_none
191019
221011
921000
292211
239291
932311
129100
011100
001110
001910

5 12 11 board_5x12_11_239790_none
11191
91111
11000
00111
00191
11222
19239
24949
19931
23421
19291
11211

4 14 14 board_4x14_14_239802_none
1110
1910
1110
1232
2999
3994
9449
1293
1229
9111
2211
9119
2221
1910

4 16 16 board_4x16_16_239818_none
9291
1211
0000
0011
1129
3931
9920
2210
0011
0129
1394
9399
3554
9999
2443
0191

5 18 13 board_5x18_13_239835_none
00019
00011
22100
99200
39200
34310
99910
23210
00111
00191
11111
92110
12921
01291
01221
12910
19210
11100

12 5 16 board_12x5_16_239851_none
910029432100
121249999421
019299969992
011224943439
000001129111

17 5 12 board_17x5_12_239871_none
00111139311001291
12291199392101921
92921122229101110
12110000011111211
00000000000019291

19 16 82 board_19x16_82_239884_none
0000193994922910191
0112223999229210111
0193922353211100000
1324921929210000000
9393332133910000011
2944992139311111129
1399433939312922932
1494293333392129339
9594229493922133594
2999222993123939999
1345933442019953443
0193994992124991192
0124449994294431129
1239922595949910011
2994320396943320111
2932910294921910191

19 18 89 board_19x18_89_239980_none
0292293110122211000
0293495921199493210
1333999493249949921
1993232394922393339
2493101249432433292
1939113969939992921
1122239999942322110
0001939699941100000
2211123955939212121
9921113993121393929
2229229492000293121
0012933333210223110
0012493929910295920
1129494333211499920
9129439392111994210
1112933922922321000
1234493222229111211
1999939119111119291

17 19 46 board_17x19_46_240078_none
19292991000000019
11212221000011111
11000001110019100
91000002920011111
22001112920000019
91012911110000122
22119210012221291
29111111119929333
93100029212221299
92000029200000133
11000011101221029
00011100002992139
11019111213959239
92011119292139229
92011112321011111
11019101921101110
00012211129101910
11101921012211110
19101291001910000

10 8 21 board_10x8_21_240126_none
2992910000
2943110000
2493112321
9499219991
1399323421
0139439111
1113993219
9102949111

8 5 9 board_8x5_9_240153_none
02931192
02992239
01222921
01111232
01910199

4 8 5 board_4x8_5_240164_none
1991
1332
0192
0129
0011
1110
1910
1110

6 19 23 board_6x19_23_240170_none
001121
001939
112392
922932
392129
933221
129910
122210
931000
991000
221111
121291
929432
122991
112232
292019
393111
939100
121100

11 16 32 board_11x16_32_240195_none
29921229229
94229292393
92011211292
11000111122
01110191019
12921111011
93392100111
39229101392
93232212992
13939119432
13931111292
93110000129
92000001121
11001111910
00001912220
00001111910

18 4 13 board_18x4_13_240230_none
299100122100001232
932212299100001999
221193932211001232
191129210191000000

19 6 21 board_19x6_21_240247_none
0000199392111111291
0000123949229119211
0000112394392111100
0111191299211111111
0192322233111292291
0129291191019229211

18 14 66 board_18x14_66_240271_none
920112910112139942
931293220294949999
129213931399393443
022202939223322291
019212132212911921
012493239239543210
001994994949999111
001223955944942129
110112299229431139
931291123222991192
949321002944542111
932921102999991000
122229212369632110
019112911939911910

15 19 48 board_15x19_48_240351_none
292192100001110
394249211101921
293939219212291
223232111392111
191192100293111
222249200129229
192299200012921
223932100112232
192110001291199
222110001921133
923920001110019
293931111100011
222129119210111
911232112921191
111991112393221
001221191293910
001111221223110
001922910191111
001129210111191

10 18 31 board_10x18_31_240406_none
1910000000
1110111111
1100191191
9100123321
1100019921
2321012229
9993110133
2494910199
1239420233
9139910191
1129421111
0122291011
0191111019
0111012221
1101129910
9101933421
1113339291
0019921211

7 12 22 board_7x12_22_240438_none
1392000
9493111
1393292
1233939
1939221
1292111
1322019
9592011
9993211
2449291
2392222
9921019

4 4 3 board_4x4_3_240464_none
0192
0129
1121
1910

4 4 3 board_4x4_3_240468_none
0292
0292
0122
0019

9 16 30 board_9x16_30_240472_none
000000011
011211129
019292292
232239311
992139300
459239211
994492119
349931011
923920000
111110011
000111019
000191022
111112239
191001994
223222499
192991293

15 19 48 board_15x19_48_240506_none
019299101921000
123455322391000
293999929212110
394233221101921
393000000001291
292000000001232
222001110012939
191002920129392
123212931293222
019911392292129
012333492112292
000299921012921
111294221119210
191111019221111
111111012910019
000191002220122
001221001921191
001910113391111
001110192921000

18 12 58 board_18x12_58_240559_none
129102932992929100
922224959422132200
222929969311019211
293134993391011291
393129543922122432
394294992112939992
293939321013954439
224231100029599211
394932210029599300
994939921122499200
344222492192393211
199100292112921191

19 6 21 board_19x6_21_240630_none
0000011211019333992
1100019392023999349
9111111392019332129
1119101232111111233
0011101929101129299
0000001121101921239

16 8 33 board_16x8_33_240654_none
1121129200113991
2929239310194941
9543944910113920
9992299210012210
3953344201129321
1399299311933991
2493239922229321
9921012229111100

9 19 23 board_9x19_23_240694_none
029219119
139211111
931100000
920011111
221129229
911922921
111111110
000000111
000000191
122100111
199100000
122100000
000001110
111001910
192101110
239100011
932210019
932911121
129211910

8 19 22 board_8x19_22_240719_none
91000111
22100191
19222321
23929910
92122321
22011291
93129211
93921100
12110000
00000000
00000000
11000000
91000111
11000192
00000129
00012221
11129920
29239920
93922210

6 19 23 board_6x19_23_240744_none
011211
129392
292393
942129
991011
232111
019119
012221
001921
001291
110122
921019
493122
999129
393129
111011
011100
129100
921100

4 10 8 board_4x10_8_240772_none
0000
0000
0011
0019
0122
0192
0139
2239
9943
2399

8 5 9 board_8x5_9_240782_none
93211110
39911910
39411110
29212221
11119929

16 18 38 board_16x18_38_240793_none
9100000019100019
2321000011100011
1992211001221011
2449291112991019
9292211293233221
2311000393019921
9210001392013339
3920001921112921
2920001222393110
2231100293993000
1929100293392000
1121100122211000
1110000019100000
1910000022200000
1110000029211100
0000000029219100
0000000011112321
0000000000001991

19 18 89 board_19x18_89_240836_none
9910112939421000011
2210193359994321129
1111223994999992294
9119239434555993399
2222399319994554932
9129339434949999321
2229212992123959339
9221102442001122959
3921002991000001399
9491114953211110293
2933393949922910111
1129922394392111110
0123211392111001921
0293212921000001239
1399293331122100193
9234423992299111229
1229912932954219111
0193211111299111100

19 14 67 board_19x14_67_240935_none
9100000292112999100
3322210292294353311
9929910111396939392
9443310000399942939
2929211001396931121
1122391123935930000
0012921199595931100
0019321139499229210
1111292121234333910
9112333910129939310
3329939333393349211
9924941299932293229
4433920245439212921
9929210199292101110

15 4 12 board_15x4_12_241018_none
011211019101221
019492011102991
133992001112942
929321001911291

8 12 16 board_8x12_16_241031_none
01992000
01393221
00112992
01112349
02921921
02932210
12229111
29211119
29311122
11292291
00112921
00001110

4 19 19 board_4x19_19_241048_none
1921
2229
9332
2992
1393
0129
1232
1992
2492
2921
9210
1100
0000
0011
2229
9942
9949
2392
0111

8 6 7 board_8x6_7_241071_none
29221100
93929100
13231100
12910000
29210000
92100000

10 4 8 board_10x4_8_241081_none
1993921110
1334921910
1293221110
1922910000

17 10 29 board_17x10_29_241090_none
19291000000001932
22422111000001299
19393291000000139
11399433100000011
00139599112321000
00012993119991122
11001221012321299
92110001110001393
13921112920001921
02921912920001110

19 18 59 board_19x18_59_241127_none
9100001910011292100
1100001110129229211
0001110111193333391
0001910292223992932
0002220292192223492
0112932211111001992
0192299211101222221
0222139219102992111
0292011111102959119
0292111000112393111
0122292100191293121
0019349200112222949
1121299311001922299
2910122291002492133
9210000111001992019
1100112121112321011
0001292929339101121
0001922122992101929

18 18 78 board_18x18_78_241196_none
129221291000192100
194939222101239210
113931229322934931
001121293992293949
012229223433222292
019932219292910222
012229111223321191
221011112239392211
992101129959439200
239101922399339211
011101121223922229
011100019101222932
019321012210294493
123992101932394999
192359212399339553
223299439555493991
393949949999922232
993122239943210019

16 12 28 board_16x12_28_241281_none
0001929100111000
0001121100192100
1110000000129211
1921101110011291
1239112910011211
0192119332119211
0111011399222291
1110000293291122
2931012321111019
3991129922210011
9542193229910000
2991111012210000

12 6 13 board_12x6_13_241312_none
129101110000
933311910000
129932121100
024992129200
129449129200
921292111100

7 5 8 board_7x5_8_241327_none
1239119
2992111
3941000
2942100
1299100

4 18 14 board_4x18_14_241336_none
0293
0299
1243
1939
1249
0192
1221
1921
1129
0011
0000
1110
2921
9449
2992
1221
0000
0000

6 19 27 board_6x19_27_241352_none
121100
929210
122921
001292
110129
911121
111921
001291
110111
931122
991199
332249
923931
239941
944939
993242
942929
921121
110000

9 14 19 board_9x14_19_241383_none
000000191
110111111
911291011
111921129
001110293
000111292
221191111
991233100
941199100
921232100
112920000
002921110
112221910
911911110

17 4 17 board_17x4_17_241404_none
91019211922393110
11023922292995931
11119391112349991
19111211000194931

18 5 19 board_18x5_19_241423_none
920001929212993110
931101132392394920
239101129321113920
192101923920013431
111001112920019991

18 18 78 board_18x18_78_241446_none
111111192101110019
191293229101921111
221299222102239210
920122292101923920
953210239222224930
999910193929119920
259521112132224420
029391111129229910
011222291194933310
111019222349329111
291012229299322239
932101933544911939
239211129993222232
193911124959229129
333112944932393349
991013999212949399
931129443213942493
110192291192129211

14 18 42 board_14x18_42_241533_none
11100001911110
19100001112942
11100111002999
01122391012343
01929932139219
01123921939211
00112111121100
00292111111000
11392191191111
29421111111292
29910001110292
12221101921222
00029311239129
11029921393139
91012339393129
11000293239211
11100292029310
19100111012910

11 14 22 board_11x14_22_241580_none
00001929100
01222121100
01991111000
02331191000
23911221111
99212920292
22113921392
00019211921
11112212220
19101911910
22201111110
19111100011
22219211019
19111291011

4 4 4 board_4x4_4_241606_none
9129
1129
0122
0191

4 5 3 board_4x5_3_241611_none
1991
1221
0000
0011
0019

4 12 10 board_4x12_10_241615_none
0029
1139
2921
9210
2200
9311
9491
9311
2210
1910
1121
0019

6 16 23 board_6x16_23_241626_none
011291
019321
012921
112291
192211
239100
293100
293211
239291
193322
129229
232394
991399
232399
129233
192119

8 19 39 board_8x19_39_241651_none
00129100
00294332
12394999
93923953
93111129
23222221
19929920
23323920
19101121
12221229
13959392
94999311
93233210
22001921
93101239
99210192
34921222
29492291
93922921

9 19 42 board_9x19_42_241695_none
910019119
221121111
911910000
222110000
291001110
943333921
939999391
124963333
013991199
129322249
193324942
239299949
192234493
232129329
929129321
121112921
111112292
191192339
111129292

14 16 30 board_14x16_30_241740_none
00199991000019
11123322110011
92211001910111
39291001121291
92211000019222
11000000011229
01110000001292
01910011112932
01121129219391
00019129212432
00011112322991
12110001992221
92921001221000
23291111000000
91111191000000
11000111000000

18 8 34 board_18x8_34_241772_none
920192292100029310
931129229111129910
392122111119124531
393191111122119991
292111193493112432
123210129999211291
019921122469429322
013921910199392291

19 6 16 board_19x6_16_241814_none
1111991011229119210
1911221019292112932
1110111011211001299
0000191011111100233
0011322019119100191
0019291011111100111

17 12 43 board_17x12_43_241831_none
19119922911293221
23222392122939929
92910112139322221
12122222939310000
01129929334931211
01922222394939292
01110112939232439
12321293232119292
19991293292132422
12321112933929392
11000112292121392
91000191111000111

10 19 34 board_10x19_34_241879_none
0293291000
1399322000
2942292110
2921222910
1111911110
0112232211
1392199292
9493222229
9329111222
1111119391
0001122921
0002921110
1102931011
9313392129
9393932921
1213922220
0001111910
1101111110
9101910000

7 16 16 board_7x16_16_241916_none
0000111
0000192
0111129
0191011
0111000
1110111
1922391
1129932
0023439
1119293
9111339
1211294
0191299
0111122
0000000
0000000

6 14 15 board_6x14_15_241934_none
000019
000022
000019
011111
029421
029992
012593
000292
000111
112110
193921
129492
022593
019392

4 10 11 board_4x10_11_241952_none
0111
1392
9493
2492
2931
3931
9229
2232
1939
1292

4 6 6 board_4x6_6_241965_none
1939
1139
1111
9210
2921
1291

6 6 5 board_6x6_5_241972_none
001992
113492
192921
112110
000000
000000

9 12 26 board_9x12_26_241978_none
000019921
000013491
000001932
000001139
232211139
999291293
342211292
910000222
331011393
991129499
952293494
939212939

16 19 45 board_16x19_45_242009_none
0191129911393291
0112293211999211
1101921001232100
9101221000000000
2221291000000000
1929211000011100
2231111111119211
3920129229111291
9931293921100111
2229212221001110
0011211191001921
0001291222001291
0001921191000122
0001110111000019
1111100122112221
9119101299129910
1123311933239321
1129911222921119
1922210192110011

18 18 46 board_18x18_46_242062_none
110000199212321000
911110139219991111
111910012222322291
111110112921101932
910000192139201292
110000111029200129
122100000012210011
199211101223920000
139219101993932110
022211101222394910
019211000011399320
011292101129223910
000129211921112210
000013921110019221
001113930000012929
001912931100112121
002221129101291000
001910011101921000

18 16 51 board_18x16_51_242115_none
111910001921000000
922110112292101110
393111291129101910
299119212132201110
232122201939311110
910139201249922910
110299310193339210
110294910112292211
910112110001933291
110122100001292932
111299101110112291
191293101910000222
111111001121100191
232211001139201221
999291112939423920
993211192122993920

19 10 51 board_19x10_51_242169_none
0124942100002931000
1299999321003992011
2965594992002992019
2999334693013442111
2344929992019949100
9329223931014993100
9493222321014992000
9424949391029954210
9219949311029499921
1112221100011223391

16 5 11 board_16x5_11_242235_none
0000191000000111
1211111011100192
9292110139201239
1212921199201921
0001291122101110

14 8 23 board_14x8_23_242248_none
11112939229119
29219394921111
29211229211110
11211022213931
00293119119991
00299122212321
12333229100111
19911921100191

7 19 22 board_7x19_22_242274_none
0000011
0011239
0129299
0193332
0112910
0001110
0000011
0011229
0019392
1123931
1912942
1233499
1299493
2933921
9211110
1100000
1110111
1910191
1110111

4 12 12 board_4x12_12_242300_none
1100
9100
1211
0192
1239
3931
9941
4939
9221
2221
1939
1139

5 6 7 board_5x6_7_242315_none
92991
12332
00191
12221
92921
12291

11 6 15 board_11x6_15_242323_none
00012211939
00129921293
00194920129
00123321011
11129593100
19129999100

14 10 36 board_14x10_36_242341_none
13939493110111
94933993910192
29322933220129
13922221910011
03942911110011
13994332100019
94499399100122
93932393211191
24232322292222
92929911939119

19 19 55 board_19x19_55_242384_none
0019393921001110029
0011393291001910139
0000233211002231292
0000199211102939222
0111139219212931229
0292011112912220293
0292000001111911392
0111000000001122921
0000000001110019210
0000001111921122200
0001111911239119100
1212933210192222100
9292299210222192111
1211123910192349229
0111012210112993921
1291139321101222110
9211199929100000011
1111223232212210019
0019100019119910011

18 12 58 board_18x12_58_242446_none
199101222291129399
234211992921192393
193922323342222211
139329222999219211
039424949449322392
139395959322392392
932239943923949322
293239593393942392
129922933922239339
123322292110193392
191192332001233921
111112991001929210

14 4 7 board_14x4_7_242512_none
01129292100000
01921229100000
01121111222100
00019100199100

6 12 17 board_6x12_17_242521_none
129931
296949
294931
222110
922121
292939
113249
112921
292110
921011
110129
000192

4 18 11 board_4x18_11_242542_none
0000
0000
1100
9211
1292
1229
9111
2311
9291
2432
1991
1232
0019
0011
1110
1910
2210
9100

4 19 13 board_4x19_13_242555_none
0000
0000
0000
1121
2959
2999
2342
1910
1121
1119
9222
2391
1921
1110
0000
1211
9391
2921
1110

5 16 22 board_5x16_22_242569_none
01910
01110
12210
29942
39999
94554
29299
22333
92392
23993
93339
39111
94310
29910
23310
19100

9 8 12 board_9x8_12_242596_none
111291191
911921111
111221000
110191011
931211019
949221111
932929100
111121100

11 5 7 board_11x5_7_242611_none
11100192110
19100223910
11100293221
01110292191
01910111111

16 5 19 board_16x5_19_242619_none
1111299321000000
1922933993121211
2229333495949291
9111299329993311
1100139212339100

19 16 46 board_19x16_46_242641_none
0293929100191011100
0395221100122119211
1399222211019111392
2932299391122100292
9420249422191001221
9910192291111001910
2210111111111001110
0000000111191011111
0000122291111029219
0000199211000029321
0000123210000013920
0011101921111214941
1119213249219394949
9221292939211393139
2910112121100111011
1110000000000000000

19 19 53 board_19x19_53_242691_none
0191000112910191199
0111011293210112232
0111019229100112910
0191133212210192121
1343299223932432029
1999223929939991029
1243201122222321122
1119100000000000191
9111101121100000111
2200001939311000000
9101122239391000000
1112929221211000111
0019223920000001291
0011103941100001921
0011102949211112110
0029201293391192110
0029211239421112910
0011119129921101110
0000011112229100000

17 18 78 board_17x18_78_242752_none
01929223212999299
12121299922942222
92101369932222110
39202999491192921
49302953422113239
99313359494333932
33392999499999229
19323232223443111
11292100011292221
11129101129223992
93221101932229549
29921002239239492
12391001932494932
11111002239395491
92000112921339931
92011293231294920
11029423929334320
00029392122929910

9 5 6 board_9x5_6_242847_none
000000000
001110000
001921111
111129239
910011299

8 4 5 board_8x4_5_242854_none
01110129
01910192
23210111
99100000

4 8 8 board_4x8_8_242860_none
1291
2931
3920
9210
1211
0192
0249
0199

5 19 17 board_5x19_17_242870_none
29999
93332
22111
19119
11222
00191
00111
00000
00111
00191
00222
00192
00239
00192
00122
22119
99221
23921
01291

8 19 39 board_8x19_39_242893_none
00122291
01399222
12994219
19449111
13931100
14952211
29999492
94499493
92122339
11111193
11393239
19399129
22333322
29219291
29332422
12929392
01122939
00001243
00000199

9 18 41 board_9x18_41_242937_none
991001929
952001243
991001299
943322943
239992291
295931222
294332392
129399492
012949311
001121100
111121100
912939111
222932229
922112942
392002993
294211399
129910133
012210019

14 10 20 board_14x10_20_242983_none
00000293112321
00000299119991
00000122112432
11000000000191
92110001110111
13920001910011
13920112221019
92110191292122
12221111293291
01991000129211

19 5 25 board_19x5_25_243004_none
1929212129292221019
2232392933422992132
9119223349922433929
2222229299329394232
1911921222111399119

19 12 33 board_19x12_33_243033_none
1111910000192911921
2911110111223111129
9211110191192110011
1101921211112910111
0001129100001110192
0011111222101110129
1239211199101921111
1994491122102239100
1239921000001921222
0123210000001110299
0294221100000000293
0299929100000000111

16 19 62 board_16x19_62_243069_none
2920111029993991
3920191029593221
9210111123443211
1101121292999391
0012939433333921
1129459929112321
2933994221229291
9493494111292211
1394499229211000
0129933921100122
0012211110111199
0111000011292222
0192221019229100
0223991023321211
2392232119921191
9921029212391122
2221129200112129
1229221100001921
9293910000001110

10 16 34 board_10x16_34_243141_none
1992911910
1233322110
0019292100
1234439221
9399933929
2495329221
1939111211
3442100192
9991000129
2321011122
0001129229
0112922932
0293123491
0292019953
0111013999
0000001232

6 8 7 board_6x8_7_243180_none
011100
029211
029219
011111
000011
110029
910139
110192

4 4 4 board_4x4_4_243188_none
0019
0022
1139
1939

4 6 5 board_4x6_5_243193_none
1110
1921
2339
9392
9311
1100

9 18 33 board_9x18_33_243199_none
111122111
191199229
111259549
111199992
191234321
112291000
002942111
003991192
002931139
001121129
011119233
129122399
192129322
111029322
012221299
129921222
933229100
291011100

15 18 55 board_15x18_55_243235_none
012210000129910
129922321295320
922339991294931
222294543213991
294959399101221
294949322111111
123222333239219
129211999949321
193911233494910
112121100294210
111019100129100
192121100011211
222910111000192
922221291111129
921911932293122
221111291299119
921001332122111
291001991000000

17 14 35 board_17x14_35_243296_none
00000000001292929
11212221001922121
19394991012210000
12499431029310011
12934920029910139
92112920012210199
12111110000000122
01910111000000000
12210191000001221
19100123210001991
11101129921013431
11112922391019910
91293121211012210
11292019100000000

18 10 27 board_18x10_27_243333_none
112129211000111000
192921291011292110
224220111019212910
293910000011102220
293122210000001910
122119911110002331
019112212931001993
022200013992001399
019210029692000122
012910029921000000

18 5 19 board_18x5_19_243365_none
000192910191019100
000112110122122311
110011111229119291
932229349493222211
939922999492191000

14 14 34 board_14x14_34_243385_none
01911910000111
12211110000192
19321111000129
12991191111011
23322221191000
99101910222122
22101111292299
00000002932932
00001112922331
00001922222992
22101129119593
99212132212949
23392939101139
01922292100011

6 18 18 board_6x18_18_243424_none
001910
001110
000000
000011
111129
911932
232391
929211
121100
000000
011211
129291
192333
112299
001959
112293
292129
292011

5 16 12 board_5x16_12_243446_none
01910
01110
11111
19119
12332
01992
01239
11011
92100
29100
11100
22100
99210
23921
01129
00011

4 14 9 board_4x14_9_243459_none
0000
0000
1211
9291
2311
9200
9200
1100
0111
0292
0292
1232
2939
2931

4 12 7 board_4x12_7_243469_none
1100
9311
9491
3921
9210
1100
0000
1110
1921
1129
0011
0000

4 8 6 board_4x8_6_243477_none
0019
0122
1291
1921
1221
1291
9322
1291

7 5 6 board_7x5_6_243484_none
1393110
9493910
9312110
1100111
0000191

15 18 68 board_15x18_68_243491_none
110001911999119
921101223353333
359200193929399
999311129221494
342292233222492
931112993959932
992012323999439
392029201245931
232239311129941
929393391194991
122934931124442
111394931129929
920293139229321
920111039311100
110000029200000
000000012321000
012221113993221
019929119949929

19 18 49 board_19x18_49_243566_none
1110000122100000000
1910000299223211110
1110000293399922921
1100000111295339392
9111100001223931229
1119101111912920011
0011101911111221000
0001122322110292000
0001929292910292000
1111121212110222111
2922110001122392292
9492910001929939229
2922111111233221111
3331101910191111000
9949101110111191000
3993210000000111111
1234921110000000191
0019921910000000111

18 5 23 board_18x5_23_243623_none
292292000191129210
393293101221193921
293239422911222129
239239994433920011
193922339993920000

12 6 10 board_12x6_10_243650_none
921000129100
292110293100
123910292000
019221212110
011119101921
000011101129

7 16 29 board_7x16_29_243661_none
0191191
1211222
9101393
1102999
0002959
0002242
0002949
2212949
9922232
9449219
2399222
1933229
1112931
1103930
9203941
9202991

4 18 9 board_4x18_9_243698_none
1110
1910
1110
0000
0000
1111
9129
1129
1121
1910
1221
1291
9321
2910
1110
0011
0019
0011

7 6 11 board_7x6_11_243709_none
2991000
2932221
1233992
0199493
0233239
0191029

12 5 8 board_12x5_8_243722_none
000129101921
001292101291
001922110111
002222920000
001912920000

16 10 33 board_16x10_33_243731_none
1222933921001221
1992299491001991
1233349311001343
0029931100000199
1239921110000133
9294323943210129
1229119999910192
1111112333210122
9223210000000129
1299910000000192

18 14 66 board_18x14_66_243772_none
291000199299112321
933110122222119991
394920011101134942
949921139201949329
932211959301299321
110001399201244921
000000395212929391
000001399229321211
012222949349411111
019929233939494493
234331119344599999
992922122399934442
233393921944323931
019213921291193991

18 16 77 board_18x16_77_243849_none
292112992110113920
294392333921193931
129932293392223492
013932933934921992
012493129239931332
239393111129931393
993449100012339399
233993112210294322
019492029910299200
132422029310139311
939493243201121291
249593999213920122
294933459219920019
949449392112210022
139949433322110029
012393929992910029

19 19 75 board_19x19_75_243945_none
0000011299229102920
1110019333921113931
2920012922110129391
2920012391000192222
3320029311111111129
9921029200292000192
2391011100293100111
1222111100129101110
9229119100122212910
1292111100191193210
2432112122321129221
9991192929910013959
4942113232211113999
9591001910112912942
9942013331293222321
3991029929339119291
1232249654921112321
1129299999433211910
1921223349399911110

19 19 49 board_19x19_49_244030_none
1111100000191000000
9119100122211111000
1111100199211292000
0000000244391293211
0000000199212239291
0011100122112932222
0019321111019391019
1112991191011222122
9101221111001129229
2201110001111922921
9101921001911223220
2222492001110192910
1929392111000224220
1121211192110192910
1101110112921224220
9101910112291192910
1101110293221112110
1221000293911110000
1991000112111910000

15 8 31 board_15x8_31_244085_none
002920019299910
002920133349421
113231299129339
293939333123949
395392392019492
299532292023921
249992111019210
193492000011100

9 4 5 board_9x4_5_244122_none
000000299
000000293
111000122
191000019

4 14 15 board_4x14_15_244131_none
1111
9229
2921
1221
1291
2921
9321
9229
1129
1132
3939
9942
9329
1111

5 19 14 board_5x19_14_244147_none
12110
93920
13920
02220
12932
93299
92122
11000
00000
00000
11100
19211
22291
92322
29291
11211
00000
00111
00191

6 18 18 board_6x18_18_244162_none
111000
192100
129100
133200
299100
294211
139219
039311
139211
192129
111029
111022
191019
232111
929100
121100
111110
911910

14 5 12 board_14x5_12_244181_none
29200111000299
29311292000294
11292392001239
00239211001921
00192100001110

19 8 37 board_19x8_37_244196_none
9223911921229921299
2399422129293391293
9239391011222211111
2222322112229100111
9239329119942211191
1299932324992292211
0245329293359329100
0199111212939211100

19 16 65 board_19x16_65_244240_none
0002920000001110011
0124931000001910019
1299592001122210011
9459493111929100000
2993312911121111100
3459312231112349200
9939911939329999211
9333311139923442119
1129200123222922232
0039300191029592992
2239200222029922392
9922210192112321122
9434920139322291019
1399931029399311022
1495392121239311019
9392112910011291011

16 19 52 board_16x19_52_244314_none
1232100191011222
1999311123229299
1249491019921222
0012932112211110
0112129100001910
0293121100112110
1393911110191111
1922112921221292
1110124921921292
1232299222392211
1999222119229210
1494101121112910
0292001921212110
0111001239291000
0000000193423110
1110011229292921
1911129233422393
1111922939910299
0001111293210122

12 14 46 board_12x14_46_244371_none
394911933391
999222399921
993229239310
221192222222
222221191299
993911232393
239222929321
133229432921
199239921129
134923931011
129332492000
943929392011
993132311029
392019100029

11 12 36 board_11x12_36_244425_none
93920111111
14941191191
13992111233
29594121299
92393939359
12233394939
02949339221
03992292111
03952211029
13939211039
19332392139
11291292192

9 8 15 board_9x8_15_244476_none
299101291
932102931
221002920
191001121
111111029
012392139
139922921
199311110

6 4 3 board_6x4_3_244498_none
011211
019291
011322
000191

5 4 3 board_5x4_3_244502_none
92100
29100
22200
19100

4 5 4 board_4x5_4_244507_none
1910
1121
1139
1939
1121

4 8 8 board_4x8_8_244512_none
9210
3921
9491
9411
9310
2910
1121
0019

8 19 22 board_8x19_22_244521_none
11119100
19111100
11100011
00000019
00012221
11119910
19112321
22200192
29310129
29932111
12399100
11122211
92100191
29211111
11291000
11111011
91122119
12299111
01932100

9 19 30 board_9x19_30_244546_none
991019321
222123992
012912992
019322331
012922910
001129210
000012321
000001991
112112331
192911910
123211110
019100122
011100299
000000294
110000129
921101121
129101921
133212492
199119392

14 14 51 board_14x14_51_244582_none
19239311001992
11299593111393
00149593911349
01139312111994
02942100112399
13992222292232
19443993922921
12929493111129
01243434210122
11299399931192
94499435991129
99943292221011
49492221001110
92212910001910

15 12 43 board_15x12_43_244642_none
992012910011291
992019210019222
232223321012229
139494994223931
949494999939920
931213343239420
232211910012910
939932211111110
395939212910000
395342293210000
295991129100011
129931011100019

18 5 12 board_18x5_12_244695_none
000011101910001110
000019333210001910
011112999222101110
019102353399100011
011101929222100019

19 4 17 board_19x4_17_244710_none
9102939229211001992
1103942921292111493
0002943210113921392
0001299100002921921

19 8 39 board_19x8_39_244729_none
1933910000111001910
1299310000192101110
0139312111239100000
2232494921932212210
9939497942139219910
5953599991149324420
9993999421299229910
9593232100293129310

15 18 36 board_15x18_36_244773_none
000012210001110
000029920012932
000029930019399
000013931011222
001111292110000
001922323931111
111239912991191
910193211221111
110111111000000
000111191000011
000191122100019
111111019100011
191011123310000
222129129910000
922931129311110
933920022201921
129210019101129
011100011100011

12 19 42 board_12x19_42_244813_none
001292111100
222939119111
993221111119
239111100122
011119111291
000122229432
000191193992
000122213492
000029312921
000029494220
000023594910
000019939221
121113443229
939112993932
931229339239
221294221129
191293911232
111112111991
000000001221

11 19 46 board_11x19_46_244862_none
00000294210
01111399931
01922959991
02392149521
02931029322
13932221299
19449921139
24994491122
19943932392
23229339392
91012922321
22101111910
19101111110
22101921100
91001129211
11000122292
00111192349
11192223992
91129119321

4 8 5 board_4x8_5_244913_none
1921
2391
2931
2920
1121
0019
0011
0000

4 4 3 board_4x4_3_244919_none
0191
1322
9291
1211

5 6 8 board_5x6_8_244923_none
01392
02994
02999
12332
29100
92100

6 8 11 board_6x8_11_244933_none
922210
129910
012210
000111
012492
239993
994439
239111

8 12 16 board_8x12_16_244946_none
00191000
00112110
01233910
13999210
19942100
24420000
19921100
23229100
91011100
11000122
11211299
19291293

12 19 41 board_12x19_41_244965_none
292111100000
949119211121
931112922929
220112129331
921291023910
931921129210
932210192111
129100111019
121100012221
910011119910
121239212210
239299200011
992233311019
221019493111
000023999100
000029542211
001139910191
001923320122
001111910019

19 12 40 board_19x12_40_245013_none
0001991002920000191
1111332002921111221
2931291001222911910
3959322000294222342
2993391111395911999
2322921191299311343
9102220111139200191
1101921000011211111
1111291000000191000
1921211011100223110
2239310019111393910
9129910011119393110

18 4 19 board_18x4_19_245058_none
293291000293293910
399322122394939210
932392199329343200
110292139211299100

11 14 22 board_11x14_22_245080_none
00012910191
11119210111
19222100000
22292122210
91112929921
11001122229
00000000011
00000000000
11000000111
92000000191
92012211232
11029921939
00029932249
00012229129

5 19 26 board_5x19_26_245103_none
22291
99311
99411
49391
94322
99329
39392
11211
00111
00191
00111
00011
12239
92993
23593
29593
29949
14941
02920

4 8 5 board_4x8_5_245133_none
1291
2932
9229
1111
0000
0111
0191
0111

10 6 13 board_10x6_13_245139_none
1211000000
9291000000
1322001110
1392123910
1993299442
1392294999

16 16 44 board_16x16_44_245154_none
1910011212223942
1221019293995999
2492011214959953
9992000002943229
4531000001393121
9910000000293910
2221100000123210
1119100111019100
9111111291011100
1100019211000000
0000011100011100
1100001110029311
9100002920139392
1211002931192229
1291112292223332
1921191129119991

19 18 72 board_19x18_72_245201_none
1911111910111111000
1111933222391191000
0001299229932322000
0000259329339392110
0000199312249412910
1110249201949312210
1910192102359219100
1221111001992111100
0191000013542001110
1333122239991001921
1993929959531001291
1359323994920000111
1299201223932110111
2954311001292910192
9499391000124332459
2494944210129939999
9333399910193239952
2929223210111013920

19 12 31 board_19x12_31_245282_none
9100001921111000000
1101111291292000000
0012910111393001110
1129210111393001921
1921111291293111129
1121129311112910022
0019129200002231119
0133211101111929122
1299200001911132229
1949201111110019129
1232112910000011111
0191019210000000000

18 8 24 board_18x8_24_245318_none
192910011100000029
112110029200122239
111111029200199292
191292011100122322
111293111221011292
110123911991019339
921129311221011393
129129200000000292

10 6 11 board_10x6_11_245345_none
9210129229
2910192292
2210111222
9311000191
9391111111
1211191000

4 18 20 board_4x18_20_245357_none
9292
1229
1121
1921
2391
2931
2942
1299
0149
0139
0293
0292
1333
9299
2443
2992
2949
1121

4 19 15 board_4x19_15_245381_none
0011
0139
0199
1222
9111
1129
0029
0122
1291
1932
1129
0011
2210
9921
2229
0011
1100
9311
9391

5 14 10 board_5x14_10_245402_none
00000
00000
11100
29100
92111
11019
11011
92110
34921
99229
22111
00011
00029
00029

9 6 13 board_9x6_13_245413_none
921110000
921911121
111222929
001293332
013949393
019931399

15 5 13 board_15x5_13_245428_none
011101393112210
129101999119910
192212232113431
111192110001992
000112910001239

19 14 56 board_19x14_56_245443_none
1211012392929102992
9393129932121113949
2499139931112229221
1943129329119933210
1291133211112393920
0222199200000125930
0191139200000019941
0112121100001124991
1101921223211913941
9101129299922212920
1101244444329212110
0013999939211292110
0029944349211212910
0029311921119101110

19 19 90 board_19x19_90_245506_none
9200029329100111000
9310029393221393232
4931111335939393999
9939100199941223343
2222210124932139219
2211921012392939222
9921392129212244339
9920294393210199949
2221239934942334392
0139339439999292332
0199492293332213993
1369521111011103999
1999910000029203993
1233221100029213931
1121229222332229320
2949293929992294910
2992212122322939210
1221000000123343311
0000000000199299291

19 19 76 board_19x19_76_245606_none
3920191001910000199
9920122101110011333
3332229322110129292
1929922994932292229
1122222599599222222
0000019399943229391
0111122224932922921
0292292112129211110
0394392193343211100
0293921139999129200
1233221129542129200
2929229112910023421
9431292101110129992
9910111000000294593
3431112111232392292
1992293921999322111
1222923943343391000
1101111299119322000
9100000122111291000

17 16 37 board_17x16_37_245692_none
01910002991011100
01122223942119210
00029929339112921
00029321293201139
00011100129101249
00000000122101992
00000000191001332
00111000111000292
00191111000111292
01222291001291111
01922932212932000
01129339392291000
12221293921111011
19910112110111019
12210000000192111
00000000000129100

9 4 9 board_9x4_9_245734_none
019101221
011213992
111294992
911923931

5 6 4 board_5x6_4_245746_none
00122
00199
11122
92110
12910
01110

4 10 7 board_4x10_7_245751_none
0000
1100
9100
1100
0111
1392
3992
9931
2221
0019

6 19 20 board_6x19_20_245759_none
001121
111929
921121
931000
293210
239910
193210
111000
221000
991000
232100
139311
949592
139594
011499
000293
001221
001910
001110

12 10 30 board_12x10_30_245782_none
112129111399
294921229393
299210192222
233211221129
921912920293
922222931393
223922249329
193922949332
123323932929
019292111121

16 5 19 board_16x5_19_245815_none
2939100199910111
3941211123210192
4930293211000129
9930299492111011
3920139492191000

18 4 11 board_18x4_11_245837_none
294921291129210000
294921921193910000
112112220112111110
000001910000001910

19 6 18 board_19x6_18_245852_none
0192292910000199129
0129212111110122239
0022200001921211192
0019100002239292221
0022200001921213931
0019100001110002991

19 10 41 board_19x10_41_245873_none
0000012221100112110
1100129939111292910
9111295954329335431
1119239599921299993
0011249595310124599
0123499339200001943
1299994239300001291
2943339239200000122
2920123932211000019
1110192291191000011

18 18 75 board_18x18_75_245920_none
921991000002920122
942332000113921299
991191000192122949
221122211122129321
000019392019239200
000022492012392100
001129322122921011
222944911929321239
992299222222922992
931133219101129321
220029444310011211
911139999921101291
123954459429113942
239999129211129991
993332123321139532
931000019949229219
121100025969432111
019100019993991000

16 19 53 board_16x19_53_245999_none
1111129111100011
1933932129211119
2399492139219111
9222493192111100
1100292111001121
1111221000001939
1922921000012392
2493392000019321
9392292000013931
2321111001113991
1921123333913941
1291299999212942
0111299593101299
0011222211111122
2229100111191000
9921100191111111
9321100111000191
1119100111011211
0011100191019100

12 18 32 board_12x18_32_246055_none
192929211000
223231291000
922910111011
292111110019
111112921111
000293139311
000292029391
000111011222
001121100019
012929100011
019222210011
121101921119
910001129122
111110011119
112920000011
912931101121
222139312929
191029392121

9 12 26 board_9x12_26_246088_none
123392110
199943921
124992291
113332232
192922929
113249321
001939310
123223920
199202920
249311110
945920111
299920191

4 4 3 board_4x4_3_246117_none
9100
2200
9200
9200

4 8 7 board_4x8_7_246121_none
0122
0199
0139
1121
2921
9391
2321
1910

7 16 27 board_7x16_27_246129_none
9999399
2349322
0011222
0000199
0000139
1122221
1929932
1122399
0011222
1129111
2932219
9339222
2933592
1239992
0193432
0111191

9 19 29 board_9x19_29_246158_none
002939910
002932210
013331100
019929211
013331291
112910111
295432110
399993910
294494210
111129100
000011111
000001129
001222921
001992110
111221111
921100191
129211233
121291199
910111122

10 19 29 board_10x19_29_246189_none
0191011119
0111029332
0000029949
0000123399
0001291122
0002931000
0002920111
1101110191
9111100111
1229212110
2392292910
9931123221
3920019119
1110012332
0000002992
0000002949
0001111132
0001910029
0001110029

18 10 46 board_18x10_46_246221_none
292112932112992000
292192299229693000
111122333396992000
012229392299941111
129921393336930191
943211249493920111
993102959922232111
599113995320199119
993119493910123221
931011212110001910

18 8 36 board_18x8_36_246275_none
000019392939100000
112122933393101110
293911392393002931
294210293392125959
129210113931199992
012910003930149931
001122323943249520
000019992299939910

19 4 11 board_19x4_11_246318_none
1111921291191001929
2922129212221001121
9391011101910011100
1211000001110019100

15 14 51 board_15x14_51_246333_none
002949991292019
002949642293232
012333991112991
139393321013431
939329100019931
121111223223949
110111199922239
932292233339111
299223910293100
244229311393121
299129313943929
293223393992121
222292944321000
911922299100000

14 16 46 board_14x16_46_246390_none
19499219211019
23999211292111
92232111229100
23221119333210
29929112994920
94331102494931
24920001934491
19932211129921
12229910012210
00012210111000
11000000191011
91122100112239
11299111101992
01393129201332
12921149301291
92110199201921

7 18 25 board_7x18_25_246439_none
1110000
2910111
9321191
2391122
1921129
2221292
1922932
1293492
0129593
1112993
9101392
1101332
0112991
0192221
1222222
9119399
1111393
0000111

6 16 23 board_6x16_23_246468_none
922991
239321
294321
939929
233232
191019
233122
199229
123921
001110
011111
029229
029239
122139
191139
111192

4 12 15 board_4x12_15_246497_none
0191
1222
9239
2949
2393
9239
2349
9299
1233
1129
9129
1111

4 6 4 board_4x6_4_246514_none
1100
9111
2219
9222
1291
0111

6 5 6 board_6x5_6_246519_none
029211
039539
029992
012321
000000

10 12 30 board_10x12_30_246526_none
1910191191
2221233432
1922929991
2392122321
1921112221
2342394991
1999399442
2342223949
1921213399
2229292932
9222312121
9219100019

18 19 69 board_18x19_69_246559_none
001921293393110029
001291293993911139
000222223233211932
000292192129101292
000293212921100129
000129102221110011
122221101911921111
929921001111291192
232492000122211139
911493000199310039
222993000139910039
292392001122210029
932112111932101121
394222922399101910
299939329223211110
123359532101921100
011399992111129211
139495932921011392
939312111291000292

19 12 57 board_19x12_57_246633_none
0193210011101294920
0239920019212939931
0194920023493232239
0112110139932922249
0000000299921395992
0011100299432399953
0019101343299333399
0133312994334931249
1299292399912949129
2942211249434492111
2921110192299943100
1111910111123399100

19 10 41 board_19x10_41_246701_none
1111911122221100111
1922211939949311291
1129212139499923931
0011291012455329931
0000112233999112229
0112111999493100122
0193932594212121291
1234939392001929222
1939432211123232219
1139391000199119111

16 4 13 board_16x4_13_246754_none
0001221011100122
0013992239100199
0129943993100139
0193229492000011

12 8 26 board_12x8_26_246770_none
129923921239
193494921992
223393122321
293933229100
949229932200
941234329211
921299233391
111932299211

5 19 17 board_5x19_17_246798_none
29100
93210
12910
01110
00000
00000
11011
91019
22011
91000
33100
99210
34910
92110
34210
99910
49410
39410
29910

4 14 13 board_4x14_13_246816_none
9920
3931
1129
0011
0011
2349
9999
9432
1100
1100
9100
2200
9200
9200

8 4 5 board_8x4_5_246833_none
00001110
00112921
01393129
01992011

10 4 10 board_10x4_10_246840_none
1129100129
1932211292
1249329222
0199921119

12 6 20 board_12x6_20_246851_none
000122112910
122299229320
299455933910
933999349310
112595399311
001993932291

16 12 33 board_16x12_33_246875_none
1100191111000111
9100111191001291
2332111211001932
2999219100001129
2979311100011222
2399200111029391
9332101291029532
2910001922122991
2220012211912331
1911129222211921
1112932929102239
0002921121101921

18 18 47 board_18x18_47_246912_none
911910029200000000
221110039301110000
910000029201910011
110111133201110019
011291199101110011
019334332212921211
011299910192139391
110134310111029421
921129101121112910
921921223929101121
112231299221211019
001939445310192111
001249399921129210
000192223492012910
110111000292001110
932100000111000011
299100000111000019
122100000191000011

19 18 89 board_19x18_89_246961_none
1299119922392991192
1933223349922232349
1222922949531019299
2494493394991122239
9999492295431191011
3556932349920111000
9299921994920111111
1235421333221191191
1229911292292232211
9393222949313939111
9311129239202953329
1211193343201299392
1292213999200123932
1939213999201111291
1122923995323921211
0001139599499229100
0122129339942111100
0199111113920000000

14 5 12 board_14x5_12_247059_none
91122100000292
22199100000292
92133311000111
93119392000111
29111392000191

6 10 10 board_6x10_10_247074_none
000191
110111
910000
221111
392292
993292
392111
112110
001921
001129

4 16 10 board_4x16_10_247085_none
1222
9399
9322
1211
1291
9311
9311
2391
9211
1100
0000
1100
9100
1100
0000
0000

6 16 20 board_6x16_20_247097_none
000000
011100
019321
124992
193949
113342
112991
393221
993121
333939
193239
129122
011119
011233
019299
011222

11 6 12 board_11x6_12_247119_none
00111019111
01291011129
01921011129
01121119232
11119224939
19111293931

18 8 25 board_18x8_25_247133_none
191011101110292199
222129101910292122
912953312110111000
112999392110001110
001399312922211921
122333101129911392
199391000012210292
123921000000000111

19 12 32 board_19x12_32_247161_none
0191000000012999910
0111122111119333321
0000199119112210192
0001343111112910129
0001991000019321011
1101221011111292100
9210000129100129100
2921100193200012332
1129111229100001999
0011119122201222232
0000011119112991011
0000000011119321019

19 19 86 board_19x19_86_247196_none
1910129299100129321
1110192333212294992
0000111292193923949
1221000292129322121
2991011322011393100
9321129291111399200
1101292333292499311
1222921199212999219
2992110234333332122
3952000192999221239
2991011212234959499
1222249312223999694
1223999393992249949
9399493349422123931
3932211199412911221
9211221249492221191
2312991193932191111
9292221123391111000
1211000019211000000

18 19 89 board_18x19_89_247298_none
932100139201299100
299222299433932111
122299334999210019
221249329343211111
992193921229119111
393212110294233439
129111100293939993
011229212222293349
111193392910233129
191129212122399111
111012211129942100
111001922935930000
293223349494931111
399299599439339119
495449994932494333
999395532129399299
359329920012332333
193214930124920192
129102920199920129

11 10 16 board_11x10_16_247401_none
92911910000
23111232211
91000199291
11111122211
00191000111
01332000191
01991000222
12332000191
91191000233
11111000199

4 5 4 board_4x5_4_247420_none
0000
1222
9299
1333
0191

5 18 22 board_5x18_22_247425_none
11000
92000
93000
93000
93110
13920
02920
12110
91000
22211
39392
99339
22249
00199
01243
12939
94249
99129

11 16 27 board_11x16_27_247452_none
91019393910
22122393110
92292111122
92293100299
12349100293
01993210111
01222910000
11101110000
19211000000
11292100111
00129111291
11111229222
19100192129
11100111029
00000111122
00000191191

14 12 24 board_14x12_24_247481_none
91292012939311
11292019239391
00122111111211
00029201121100
00139201929100
00192102231100
00111113920000
00000295931110
01221396931910
01991294921110
01221112110011
00000000000019

19 4 16 board_19x4_16_247507_none
0112921001392000029
1294491001994100139
9229921001399311192
1112210000139391111

19 10 28 board_19x10_28_247524_none
3931000011119100000
9992100129111100000
3439100293101110000
9222100292001921211
1291011211001129391
1222119222100012921
9119221399100001110
2222921394100000011
1912391293110000019
1111921112910000011

12 19 51 board_12x19_51_247553_none
291000001910
931011101121
920019101139
122221212949
129922292292
922393932322
110129229291
011111122322
129222239219
194939939211
124932332100
239321192121
992393222929
942393912231
932943112931
933992002939
139693001121
029493110011
011212910019

7 12 14 board_7x12_14_247608_none
0112110
0193910
0129210
1121111
1910129
1122392
0029943
0029499
0022322
0019111
0011229
0000192

4 5 5 board_4x5_5_247626_none
1910
2210
9200
9410
9910

4 4 4 board_4x4_4_247634_none
1100
9100
2322
9299

4 4 3 board_4x4_3_247639_none
0011
0029
1129
9111

5 8 6 board_5x8_6_247643_none
11211
19291
12332
01929
01232
00191
00222
00191

11 19 51 board_11x19_51_247650_none
19949119931
13992113939
02442012232
01992019119
02593123221
01993292921
12349423292
29129491139
93222921139
23911233392
29210199932
93221234329
12939129211
01292129211
00222011119
12291011122
92922239119
12111994332
00001393991

12 19 51 board_12x19_51_247711_none
222910011119
992110139211
221000299321
000011495929
001129495221
112932499100
192291293111
111111111029
000111111149
221292192299
991292139322
221222029322
000192132399
121324939333
929394952391
122923949211
002233493210
012939943910
019394992110

18 12 47 board_18x12_47_247770_none
000029219932102920
011139312499312920
019239310299911110
012923942235420111
001112999119910191
121101394222210111
929222323921100122
121299394239321199
111234594922992222
192292993122449100
123922222129394210
019210001921393910

18 4 11 board_18x4_11_247821_none
192111211000000000
249229391122100000
939349411199100000
121299200122100000

18 5 12 board_18x5_12_247833_none
910000000000192110
121100011211112910
129211019291001110
294492022311000000
299392019100000000

16 8 22 board_16x8_22_247846_none
2210001111393110
9910002921994920
2210002932224930
0000012492002920
1110019392001110
1911121323121111
2232910192929229
1929210112122921

15 10 31 board_15x10_31_247869_none
012992100002920
019339101112931
011111112922129
112110139692011
192910199993100
112232235949100
111299129321100
292393239311110
939211193912931
121100112112991

10 18 43 board_10x18_43_247906_none
0012393921
1119939392
9112221229
1100000011
1111100000
9219221100
9323949100
4922992100
9942332211
4949119392
3931112492
9322112942
1393913949
2493112953
9932002399
3491001943
9222112339
1119119292

8 19 26 board_8x19_26_247955_none
91001110
11112921
00193392
11113959
91002959
11012239
01129111
01933210
01292910
00112121
01110019
23921122
99492191
33492111
19212110
11212910
12392110
19921000
12210000

6 19 15 board_6x19_15_247982_none
929100
121211
000191
122211
199100
122100
000000
001110
113920
193931
113391
001921
001121
000019
122111
199200
139200
011211
000191

4 8 8 board_4x8_8_247999_none
1999
2349
9111
2210
1910
2331
1991
1221

8 5 5 board_8x5_5_248012_none
00000292
00011493
01129392
01921211
01110000

14 14 51 board_14x14_51_248018_none
11029201910019
91039312221111
22039429339211
92249923994391
12994322993921
12322922222121
29211393100019
94920399111122
24920293119119
93210122222122
39201139493119
29202959699333
22102994999399
91001239332239

16 18 59 board_16x18_59_248076_none
0000000111001929
0111000191013331
0192100123339921
0139311029993229
0139491029432111
1394921011119100
2993110011111211
9642111019210191
9992192133910111
9992112929210000
2433111121100000
0192932100000000
0123399101110111
1129433222922391
9229922929229921
9323493343222210
9449312992922221
2999201222292991

18 19 50 board_18x19_50_248143_none
111922910000000029
922129320000011129
292123920000019122
113923941001232119
002922992222991011
111111333992221000
910000193331011100
110011213920019100
000019213921121211
122111292111921191
199100122112392221
233101129129423921
291001921129392139
921001110011211039
110000001110122129
000000001910199211
000111001121239200
110191111019111100
910111191011100000

19 12 61 board_19x12_61_248198_none
1910000192223391199
1110000129299931244
0001110122249932499
1122921192249329999
1929492213993223332
1133939114994293210
0019221119999339910
1111100024954922332
9322100019339221299
9399421023943219333
1239993129499221292
0012493922933910129

14 4 8 board_14x4_8_248270_none
00000000000191
00001111111332
11001922911992
91001129211239

10 8 19 board_10x8_19_248279_none
9921211000
2229291111
1121322192
1921291249
1129334399
0011399959
0000294359
0000111199

4 19 11 board_4x19_11_248307_none
0000
0000
0000
1111
9119
1111
1110
1910
2220
2920
2931
1129
0122
1292
1949
1139
0022
0019
0011

4 16 16 board_4x16_16_248319_none
0129
0192
0111
1100
9100
1100
1121
1929
2353
1999
2493
9322
9329
2932
3491
9921

8 6 8 board_8x6_8_248339_none
29921100
94229210
92012921
11001129
00001121
00001910

11 4 6 board_11x4_6_248349_none
00191292000
00111293221
00111112991
00191001221

15 6 22 board_15x6_22_248356_none
000029392911221
122129323211992
199123339212492
133329959329222
129295993921119
192229322110011

19 18 50 board_19x18_50_248382_none
0112299910111000000
0192933210191011100
0112110000111019211
1221111011100012391
1991191019101111932
1221111011212922229
0000000000192129111
0001221001343111100
0112992222999211111
0192222992232292392
0111001221000223992
0000001110000192221
0000001910011212110
0012322110019322910
1119991000012992110
9324932121112321000
9594232929119211000
2993929221111291000

17 14 62 board_17x14_62_248436_none
39200000111111000
99200111191192110
44311192212222910
99491129211911110
49932235921121100
93239399920029421
12149439421139992
12949433923932593
92249929394930292
12395453313932321
01994999212359910
01393233923999521
22212111129969592
99101910013932992

14 8 19 board_14x8_19_248506_none
91001291019291
11012921011222
11019221101129
91011119112921
22001121119321
91002920011292
22002932110129
91001292910011

8 4 6 board_8x4_6_248527_none
00019291
11011222
93100019
99100011

4 16 9 board_4x16_9_248534_none
0000
0000
1110
2910
9210
1211
1392
1992
2331
1921
2239
1921
1110
0000
0111
0191

4 19 15 board_4x19_15_248544_none
0011
0029
1139
2921
9321
2391
9321
2921
1139
1129
9222
1292
1229
9111
1111
0019
0122
0191
0111

8 16 33 board_8x16_33_248562_none
29112210
94229931
93935992
13494993
13993392
94952322
13939391
12122921
92101121
29100019
22200122
19332291
13999211
13943210
93221921
12911291

16 4 11 board_16x4_11_248599_none
0000019339291191
1111112993321111
9119101222921111
1111100001291191

19 8 37 board_19x8_37_248612_none
9392100123392921119
9339321299944229233
1129939334599112399
0023459429393101932
1119399393311123321
9111394329222299391
1100129111299239421
0000011100122112910

18 18 47 board_18x18_47_248656_none
199100011111100111
233112229229101291
191019923931101921
111024533920002220
001129992110002920
112922321001112931
193220000001912239
223911233211222921
192111999910192110
111001233211233210
000001121101929910
111012929102232210
191019221112910000
111011100019210000
110000001122321000
910012223921991000
220019929921232100
910012222210019100

15 19 73 board_15x19_73_248713_none
111019119211121
191011112923949
222001111395959
293211921399393
959932229222229
949949111101121
344942211101921
992129119323239
344232223992932
199949119433291
345992112492122
993332012994339
393292119349992
129349211129941
011299201123920
001244322911110
111939949320000
912359993911110
111993322111910

11 14 34 board_11x14_34_248795_none
11101932211
29311299291
29921222211
23449311000
19299391111
22222211191
92001121211
92112929221
11193243939
00112929393
00013331239
01129932239
01934499392
01292933921

10 12 21 board_10x12_21_248831_none
1101910019
9212221011
2391193221
1932229929
2239223221
1921291000
1221111000
1292121100
1923949200
2212949310
9211122910
2910001110

4 4 4 board_4x4_4_248855_none
9321
2991
2331
1910

4 6 5 board_4x6_5_248860_none
1291
3931
9920
2321
0191
0111

5 14 10 board_5x14_10_248866_none
00122
01299
02942
13931
19391
12321
12910
92110
11000
00000
00000
01110
01921
01291

9 19 42 board_9x19_42_248877_none
292012229
393019921
294233321
129949119
135993222
199439229
149312932
029311129
023910022
019321029
121291149
910111199
110111122
111193321
293239991
293934942
123229391
129223321
921292910

12 18 53 board_12x18_53_248923_none
013921292291
019943959311
013993959300
112332139200
922910022200
129210019111
122111111119
191129101232
111293101991
001493002342
001995222929
123499929343
299234321299
394219101243
939112211939
122211922494
012922339599
019229293999

16 12 28 board_16x12_28_248983_none
9211000199100000
1392000122100000
1392012210000000
9223349911121100
3329999322939210
9922332119393910
3320000122212110
2921000191000011
9391000112221019
1211001111991011
0000112911221000
0000192110000000

18 6 20 board_18x6_20_249013_none
191001921393921000
111012229393292110
011119111322223910
019221222291192110
023921299211112121
019391293100001929

19 5 23 board_19x5_23_249037_none
1129391011101292291
9249411019112923942
3939312122229322992
9332392911922911249
9219212111111110029

14 18 51 board_14x18_51_249064_none
01233911921191
02999321291111
02965921233100
01299391199100
00134422244310
12129911939910
92922211139310
34210000011100
99100000011100
34210000019100
92910000022200
35320112139200
99922393939200
23393993122221
01224941001929
12924930002231
39493942112910
99312299119210

12 19 57 board_12x19_57_249126_none
191001110000
111001910000
001111121211
013931019292
029992134439
029592299932
122433394229
922992921011
293334320000
129119922321
243335549991
999499996941
249934995920
012323494231
000193922929
121339211121
939492111100
359932129211
993229129219

8 18 29 board_8x18_29_249192_none
19921111
23329129
39212239
99311921
34922110
93493100
29399100
22434210
19292910
22312110
19212110
22292921
91112291
12121211
01929100
12121211
93210191
29910111

6 14 12 board_6x14_12_249226_none
192110
112910
002220
112910
193331
112991
002342
001929
001121
000111
000191
011222
019229
011292

4 4 4 board_4x4_4_249241_none
1992
1239
0022
0019

6 6 6 board_6x6_6_249247_none
012991
019321
012210
002931
002991
001221

7 8 8 board_7x8_8_249256_none
0000000
1221000
1992110
1222910
0112221
0192292
0129339
0011292

11 16 38 board_11x16_38_249266_none
91001991000
11001221000
11111111100
19239329210
33499922921
99596321291
23993910111
01222111110
00000002920
00001123920
01112939210
23913941100
99212920011
45422111129
99992124931
95992199920

16 19 74 board_16x19_74_249309_none
0011111101999111
0019339102353229
0023994202939349
1119499102932992
9332322113321221
9929333229932100
3333999933599222
1924954932993299
2359943392221133
1999499333210029
2493234939921139
9322129239592292
3932932212922921
3939339101222232
9232393311191199
1229239391122222
1292129311019100
1921011100011100
1110000000000000

18 16 43 board_18x16_43_249399_none
111000019910000191
192232112210111111
112999111111291111
002342119339211191
111921012993211221
912391001222911921
112931112222112349
124931192992111993
199391112222911393
122211000112110129
000000000191000011
000000000111011100
011100111000029211
029200191012239219
029200111019932222
011100000012391191

19 14 37 board_19x14_37_249447_none
1110111111029911921
1910191191029312391
1110111222011101921
1100000192211001232
9111100139391000199
1119111129311000122
0022219111100000000
0129111100001111121
0192100011101933929
0111001239101299221
0111002992111233200
0292002942119119100
1493001129112221100
1992000011101910000

18 4 20 board_18x4_20_249491_none
291199391019291293
933333943111322299
129911299111292344
012210122119229299

18 4 16 board_18x4_16_249517_none
001939949100011100
112294993221119100
292222222949321100
922910001299910000

12 10 18 board_12x10_18_249534_none
110001923931
910001293949
121100124492
029211119921
029219223210
011122392110
001129212910
001921212221
001110191191
000000111111

6 19 28 board_6x19_28_249555_none
000000
000000
011100
019100
133211
199229
235942
394949
993394
222399
002942
013931
019339
011394
110399
920293
930122
941029
991029

4 14 8 board_4x14_8_249587_none
1910
1221
0191
0111
0111
1291
2931
3931
9229
1111
0000
1110
1910
1110

6 5 7 board_6x5_7_249597_none
019100
022322
129299
193333
129119

7 4 7 board_7x4_7_249605_none
0111191
1292221
9224931
1119991

12 8 14 board_12x8_14_249613_none
019100000000
011212110111
000192910191
110113220111
910012921100
342119229100
999122211111
942119100019

18 18 81 board_18x18_81_249628_none
922210001992999310
129910112234459910
123331394229922210
922939599923320000
292149934322921121
111029422913954939
000011292223999941
011212222293369931
029392923943939329
139323394959442211
192239314959929100
221299202932222210
931294212331112921
993222911992293391
994921111239349311
223920000013949211
112111221002942129
191001991001291029

19 16 45 board_19x16_45_249718_none
2921910002920000191
2922220002920011222
1111921001221019119
0012391000192122221
0019211000112911910
0122211000002332121
0191191000001991029
1333221122112321029
3992910199119100011
9932221123221101110
2210192112910001910
0011229119211111221
1239111111101910292
1992211111112221292
1221192292291191111
0000112922921111000

19 14 47 board_19x14_47_249766_none
2211111991000000111
9923932321011111291
2229939100019239311
0024443321222299311
1239929929291122291
1993222222322110111
2321000012922910011
9200001129392221029
9310001921322193239
2910001122391129931
3331100029921013920
9929100029310001110
2232311011211000011
0019291000191000019

12 4 8 board_12x4_8_249818_none
192129100011
123932200129
019229101292
011111101921

11 4 7 board_11x4_7_249827_none
12910191011
29210111019
93201110011
29101910000

6 12 17 board_6x12_17_249835_none
932339
939993
233492
191222
221191
910111
121100
129211
292292
932129
391011
921000

4 19 11 board_4x19_11_249857_none
1211
9292
1229
0122
0191
0111
1100
9100
2321
2991
9321
1100
0011
0019
0122
0191
0111
1110
1910

5 16 14 board_5x16_14_249869_none
00000
00000
01110
01921
01239
12392
19942
13939
12332
19391
12921
02220
01910
01110
01232
01999

12 4 9 board_12x4_9_249885_none
192110001110
123921113931
129391193939
921211112121

14 4 7 board_14x4_7_249895_none
01910000001129
12211110001921
19212921001110
11292291000000

16 5 11 board_16x5_11_249903_none
9100000001239210
1100000012993921
0111000019322291
0293100022200111
0299100019100000

18 8 30 board_18x8_30_249915_none
239299210000192992
992223910011212392
222111110029201221
013920000139201910
249931100293101110
999329100293101121
994222210129102939
222911910011102931

18 10 44 board_18x10_44_249950_none
912949101921100111
223993223349310192
913993399399922339
224943994495329921
294922959449112210
293111293992111111
222011223432019119
191129119392011222
232292112492000191
929211001921000111

18 19 48 board_18x19_48_250001_none
001299100293110011
001932111394922129
001110019229393921
011222111111229210
129299100012221100
294332100019910000
294910111012221111
139310193210019229
029200129921012921
011211013491001110
111192101921000000
191239212110001110
111192291000001910
011212221111001221
019212921192110292
011293391112910292
000129321001110111
000012910011211000
000001110019291000

14 12 43 board_14x12_43_250054_none
01922232393992
02392999393392
01922494222211
24442392019100
99999422122210
46669922911921
99993229222391
39432111119322
11129211111291
00139219101332
00294221213992
00293910193992

7 4 3 board_7x4_3_250102_none
0191199
0111122
0000000
0000000

4 12 12 board_4x12_12_250106_none
9229
3931
2931
1129
0122
1392
9393
1229
1121
2921
9391
1211

6 19 16 board_6x19_16_250121_none
000011
011119
129111
922210
111910
001121
111019
191011
223110
192921
112392
110292
910111
111110
002931
113991
912931
111110
000000

7 19 19 board_7x19_19_250140_none
1929100
1121100
1100000
9222100
2399100
1932100
1232100
1299210
9334910
1293210
0129111
1121119
1910122
1110191
1221111
1992000
1392000
0112110
0001910

11 14 42 board_11x14_42_250163_none
92129912931
12945533991
12399992332
29323322392
29310112993
12933494459
12499993992
19496943221
11393291000
00111111011
00000123239
22101299959
99201944499
39201129222

17 5 12 board_17x5_12_250211_none
19211121229100000
23911929293210000
92111121212910111
11000011212221191
00000019291191111

19 4 13 board_19x4_13_250224_none
0001921101110112110
1112239201910192910
9219129201221123332
9211111100191019299

19 12 55 board_19x12_55_250241_none
9229910299222100000
9229310293299100000
2211100111123333210
9211000000013999910
1293210000129964210
0139922222497992000
0029339949999993011
0011129993494593019
1212122333332392122
9292910019939311293
2445320023449200299
1999910019292100122

14 19 46 board_14x19_46_250302_none
00299399111100
11394932119100
29212110011100
92111100011100
23139200139200
92939311199322
12121291122299
00000111000122
01110001110000
01911111910111
01112933221292
00002992911949
00001334332292
12321192991222
29992222332191
93322921292211
11123229229100
00199223221211
00122292910191

8 12 23 board_8x12_23_250354_none
12322999
39992232
99532000
22392000
11392011
19211029
11222139
00199249
11222299
19210139
24920011
93920000

4 5 3 board_4x5_3_250381_none
9119
1222
0191
0111
0000

4 4 3 board_4x4_3_250385_none
0191
0122
1119
9111

4 5 4 board_4x5_4_250390_none
1110
1910
2220
2931
2939

5 10 12 board_5x10_12_250395_none
11291
29311
29421
13991
13931
29531
39991
94431
12910
01110

7 14 17 board_7x14_17_250410_none
0111019
1291122
9212291
2211921
2911110
9310000
9201110
2201921
9223391
1299211
0122111
0111019
0192122
0129119

9 18 22 board_9x18_22_250432_none
000191000
000111111
000000191
000000111
110001110
910001921
331001129
992101121
949112910
121129531
000139992
111193339
191111011
221000000
921100011
129100019
011101232
000001991

15 18 68 board_15x18_68_250459_none
192229291191000
129292222211122
022312129221299
019101922929249
022202221121129
019113920112243
011119932493999
000023339993494
112129349543492
193933993929921
114932932244421
002932210299392
111239210293392
911294910122322
111939320129292
013344921394349
139929932994939
939322392239221

18 12 45 board_18x12_45_250534_none
192910000002920000
223221011102931111
193492019112229229
129992011129213942
013431000029312991
112910111012922321
193210192233229111
139201222999122219
039523922342119332
029993932910012992
024533249420001349
019911939910000192

19 4 14 board_19x4_14_250581_none
2921922110000019392
2921292910000011392
1111333110112121222
0001991000192929119

17 8 33 board_17x8_33_250598_none
01239399439210191
01993499993910111
01222934943210122
00113332249211299
00192991199219222
11224442223221100
19119939211922121
11112393911292929

15 12 31 board_15x12_31_250636_none
111000001110122
191000001922399
122100001239969
019100012394993
011101239932239
000001994920011
111111222110000
922910000000000
292110000112110
112110012494931
122921119994991
929229112322221

11 18 29 board_11x18_29_250673_none
11291000000
19212221000
11101992011
12111392019
92910111022
12110011129
11100019239
29100011292
93100011211
92000019111
23210122119
19921292232
13339212992
01921101239
12110000011
91000001110
11011101921
00019101129

6 18 28 board_6x18_28_250708_none
931100
939111
121119
000011
111011
191129
234392
199932
139591
133921
939210
932321
222992
292392
932333
249399
939449
122921

4 14 14 board_4x14_14_250741_none
9910
2332
0199
1249
9129
2211
9100
2211
9119
1122
0029
1139
1932
1291

4 8 4 board_4x8_4_250759_none
0000
1100
9100
1211
0292
0292
0122
0019

4 6 3 board_4x6_3_250764_none
0111
0191
0111
0011
1129
1921

4 5 3 board_4x5_3_250768_none
1121
1929
1232
0191
0111

7 5 9 board_7x5_9_250773_none
0001392
0012993
0019569
1112999
9101232

8 6 12 board_8x6_12_250783_none
11012939
93129239
95931111
94931000
23292110
91112910

15 18 45 board_15x18_45_250797_none
001922922929910
001292129223320
221111011101910
992121101122210
334939101929210
193931102232910
123333322922210
129299992129100
921224431011100
110112921112210
001292129119910
112921011223210
193210000191000
239211221111000
934921992100000
129932449100000
013339292111100
001921211019100

19 14 48 board_19x14_48_250850_none
1110000122101992222
1910011299101239499
2321019222111112993
9392012321029212321
1392012991029229200
1223339321012239310
9119992100001922921
1223322110112111291
0191112910192100222
1211293221129221291
9212392191123939222
1394931222192292119
0295920191111111011
0129210111000000000

16 4 16 board_16x4_16_250905_none
0192121111100299
0123929229211299
2229233921292233
9921119210129119

10 10 15 board_10x10_15_250925_none
0000011100
1100019210
9100023910
2311019210
9391023310
9422129910
1392193221
1392111019
1932000011
1291000000

4 19 23 board_4x19_23_250943_none
1292
1949
3493
9959
3949
2231
1910
2220
2910
9221
2229
1932
1239
0192
1232
2939
9393
2349
1939

4 16 11 board_4x16_11_250969_none
2920
2920
1121
0019
0011
0000
0000
1100
9321
2991
3431
9910
9321
1229
0192
0111

7 6 9 board_7x6_9_250983_none
0139200
0199322
0122399
0111395
0191299
0111122

12 5 13 board_12x5_13_250995_none
012910199200
019321139310
121392013920
911392113931
111921192291

15 8 17 board_15x8_17_251009_none
921100000112110
129100111192910
022200191123321
129210111019291
194921110011211
113921921101110
012211129223910
019100011299210

16 10 22 board_16x10_22_251028_none
0192100000000000
0139212210000000
0029329910000000
1111293210000000
9210111111111011
2921101291192129
1129101921129129
0023311221012221
0129921292101910
0193229229101110

19 18 81 board_19x18_81_251054_none
9949922210199201129
2399329911359202931
1333224332993102920
9393393929493123320
3939959432212929921
9223949492001133491
1212121493000019222
0192110292011111119
0113921221019321122
1223933920012993291
1993394941112499222
1222945939129445329
0112299221129399921
0293223211132334310
0299112911929239310
1222119211132399921
9101122210019235439
1101911910011119921

19 19 91 board_19x19_91_251151_none
2921000293110191199
9491000293910111122
9422001223331000011
2391112933991011229
9322192299643129293
3491222139992933339
9921191024954393921
3421122129499339320
9291019129543395920
1222234323992496952
0019299922933994999
0011225932222944353
1211013932911393939
9292229493110293249
2449393492000122292
1993922921012239322
1233211110019939229
0019322111122332239
0012992911910191192

15 8 25 board_15x8_25_251258_none
999910012321000
233211129991000
110001923943110
921212111292932
239391011323299
293921019291133
932221011211029
920191000000029

10 4 9 board_10x4_9_251286_none
1991111111
1332292292
0192392393
0129211292

5 10 7 board_5x10_7_251296_none
11111
91191
11111
00000
11100
19100
22211
91191
23321
19910

4 19 19 board_4x19_19_251305_none
0129
1292
9433
9399
1222
0000
1111
9339
3993
2949
2221
9311
9391
1222
0019
2221
9910
3320
1910

4 19 19 board_4x19_19_251332_none
2999
2953
3339
9932
2229
0122
1291
2942
2991
1332
1291
1921
2221
9129
2239
9129
1111
0000
0000

5 19 17 board_5x19_17_251355_none
11100
19111
11229
01394
02999
13942
92121
22129
29229
29211
11111
00129
11192
92111
92000
11111
00191
00111
00000

11 8 22 board_11x8_22_251374_none
11019212129
91012393932
11013949392
11029932339
93129422921
99222392110
39439222100
12992119100

14 5 18 board_14x5_18_251401_none
19101291199939
11102942223239
11002949311011
91124349492110
11199922922910

19 8 22 board_19x8_22_251426_none
9100019100000194991
2210011100000239931
1910011100000294221
1121119100000293129
1119111111100112921
9211100019100012221
9200000022200019239
1100000019100012939

19 14 67 board_19x14_67_251451_none
1129299993999392910
2942324994359312110
3939211234942311111
9333910029939493291
1293231239433999222
1212939593292393229
9101249992222111192
1100193432192121322
1211111191123939291
9292111221019392333
1223911921022311199
0029423492019111222
1129392994333229100
9111212239992921100

18 19 83 board_18x19_83_251531_none
221019399391000019
992111399311011222
249211223321019291
139219112991012321
921123329443212932
121119932299393299
129113492232394332
921113944920129920
110019993920013931
111133422121102391
922949200019223932
139599200133399491
029932111299334921
012221119333392110
111019113922931111
292011103943921392
294321002949432993
139991001249949593
029931000194949329

17 19 56 board_17x19_56_251624_none
01939111111213939
01292119229295941
00111012921229920
00000112111122210
00000191123921100
11111333399229100
19129499393111100
11129932212110000
00023310002942100
00029200002999100
01139200012333221
12932200019322929
19229210012993231
22212921001222921
29312291000001291
29392233211221111
12322929921991000
12933223921221111
19399101110000191

9 8 19 board_9x8_19_251683_none
001232119
001999111
222344210
993293920
499324931
943392129
239323232
921292991

6 4 5 board_6x4_5_251705_none
019100
011211
112392
192992

4 5 3 board_4x5_3_251713_none
9100
1100
0011
1119
9111

4 12 12 board_4x12_12_251717_none
0192
1229
9222
1291
0111
0111
1291
9322
1392
2492
9932
9329

6 18 26 board_6x18_26_251732_none
000019
000133
011299
139322
939200
232111
293119
499111
993211
931192
111239
002953
112999
921243
920019
232222
199391
123921

8 19 26 board_8x19_26_251763_none
11112221
91192991
11124431
00019921
00012229
11000011
91011100
11029200
00029311
11011291
92221111
24992100
19949111
23432119
19391011
12932111
12292291
92212921
29101110

10 19 26 board_10x19_26_251791_none
0000001910
1100113220
9100193910
3310129320
9910012910
2210002342
0011112999
0019129432
0011129200
0111011111
0192100019
0129100011
1222211000
9291292000
1222392000
0019211000
0011100122
1101110199
9101910122

15 12 43 board_15x12_43_251819_none
393910019213939
993221023493931
954391129922110
399921294321000
943210293292221
920000112934991
110112233229952
000193999325949
112249459493942
192949329323391
112139211119211
000011100011100

19 4 13 board_19x4_13_251867_none
1233391000001299200
1999921000001949321
1394210111001122929
0111000191000001121

19 4 11 board_19x4_11_251881_none
0000000111111012339
0000000192392019992
0000111113993112321
0000191002949100000

18 10 44 board_18x10_44_251893_none
001291000000000191
112921122211011322
293210299392119492
959200299329223993
299301232223392392
139202920294932343
011102921395942999
000112122934949542
111192129439239931
191129129392113939

16 16 62 board_16x16_62_251945_none
9210192111111291
2911333911911921
2211993332222232
9101333992292399
1111393222933999
1129394322129343
2932339991011239
2921933432000199
1111292392012443
0001239494239993
1111921393994999
1911110112333243
1122210000193349
0139921000139999
0199591000029559
0139311000012921

11 19 30 board_11x19_30_252021_none
01110191191
01910223221
01110192921
00000112291
00000000111
00000000011
00000122119
12221299211
19939339311
12239322291
00122291111
00192222100
00129119210
11112222910
19113921110
11129931000
00029492211
00123339291
00192921211

10 19 28 board_10x19_28_252052_none
0111012910
0191019210
0111011111
0000000019
0000001132
1111122949
1911929499
1111121393
0001110111
0112910111
0192110192
0111011339
0000019292
0000011211
1100012221
9100019929
2212222221
9129911221
1129311991

7 14 24 board_7x14_24_252082_none
1912942
1113999
0002942
0013331
0019959
1124999
2923953
9392129
1222122
0029219
1139421
9129920
1113920
0001110

5 10 14 board_5x10_14_252110_none
19921
12493
01399
01959
02392
12921
39321
99219
22222
00191

4 8 9 board_4x8_9_252127_none
9910
9321
2339
3992
9931
2210
1110
1910

4 4 3 board_4x4_3_252139_none
2910
9321
1291
0111

4 4 3 board_4x4_3_252143_none
9100
1211
1291
1921

5 6 7 board_5x6_7_252147_none
29100
93311
39292
92229
22011
91000

9 14 31 board_9x14_31_252156_none
129299992
932333593
932921292
292292211
232229100
939112210
943211910
293943321
113999291
123332211
199200000
259411122
939391199
121211122

15 19 42 board_15x19_42_252192_none
921101939200111
129101139311292
011111111292392
011119100113931
129111111102920
922210129102220
111910192102920
001110111002920
110000000123221
922210011399119
239931019393222
194991011222291
123321000019222
019100000011119
012210122100011
223932299100000
993992943200000
222222129100000
000000011100000

18 16 69 board_18x16_69_252240_none
122239219229399100
299299433933933221
293239939339222929
222013942392119332
191001129333111291
111011233399112332
111029399332119929
191029334910124331
221123239310193921
921393949201239392
239394493101932229
933439392112392011
139933432191293110
039592992211113931
139312239211002949
921100011291001139

19 5 14 board_19x5_14_252324_none
9100000019291000000
2200000011211001110
9310000011100001910
9933211129211012210
2399911921291019100

15 8 31 board_15x8_31_252339_none
111122210199222
932929921232299
994344932911249
239939229211921
014942233423220
002921949994920
123211299439920
199100122112210

12 12 37 board_12x12_37_252374_none
910000001992
110122212239
111199392011
191122392011
123221222239
029939339299
039594993333
029425969229
243393993921
999312222110
469421111000
993991191000

11 14 34 board_11x14_34_252419_none
11119922929
19333229331
12992122910
01344911110
00299210011
11393222119
29433299211
93993949321
12494122939
01392113392
01921194931
01110129931
01110012229
01910000011

6 19 20 board_6x19_20_252457_none
221000
992000
393100
129100
011111
001129
001921
001110
000000
221111
992291
933953
222999
922332
239100
192211
122291
129211
192100

4 8 6 board_4x8_6_252481_none
9200
9200
1211
0191
0111
1111
9229
2921

8 4 6 board_8x4_6_252488_none
11101110
19322921
13992129
02931011

10 6 16 board_10x6_16_252496_none
9211223210
9429399910
9923943210
3323921121
9119432929
1112992121

17 18 40 board_17x18_40_252517_none
01910191001110000
02220122101921000
01910019102493100
01110011101999210
11100011101344921
19211129210193391
13921922910123921
02932211222129221
01129100192921119
00123210112110011
00192910000000000
00123210011100000
00129101129101110
00192101921101910
01221001110001121
12921000000122119
92292110000199322
11112910000139391

19 19 87 board_19x19_87_252560_none
2910199112229211000
9321233119921291111
1292393233211221292
0129394993112931393
1111325995944939339
9100193949999222932
1100223124963201291
0000191002939211111
0122222223221291000
0199119299100111000
0123332222100012210
1101993211221019920
9222339912992224920
2939334322949292221
1395994922342212392
0294994943991001994
1223322299321012599
9449200245322229393
9999200199929921211

19 18 90 board_19x18_90_252662_none
1994939292129119292
2599393333922221229
1993224939432910122
1332129944992221191
1293494339931192333
1939992193221239599
2233931111029239999
2911110111029339443
9210112291023921119
2201292921139422121
9102932110199393931
2324930011333336949
3993920129292299942
9932222393212933229
2210192994112211121
1121212399119211921
1939200234334921291
1139200192993920111

16 5 11 board_16x5_11_252767_none
9391000000001110
2921000111001910
1232111292222121
0199119212991019
0122111101221011

14 4 11 board_14x4_11_252779_none
19291194931100
12432129939100
01992122222210
01222910001910

9 8 17 board_9x8_17_252793_none
001999392
001393493
000111393
111011392
392029421
992029910
342113320
929101910

4 18 12 board_4x18_12_252812_none
0191
0111
1110
3920
9931
2229
0011
1221
1991
1221
0000
1110
1910
1110
1222
9299
1239
0011

5 14 15 board_5x14_15_252825_none
94910
99310
39311
12391
01921
01221
00192
11229
19111
11100
12110
92921
34391
99211

10 5 8 board_10x5_8_252843_none
1911110011
2333920019
1993931122
1222129119
0000011111

17 8 28 board_17x8_28_252855_none
19992211292001992
34439391292001493
99222921112111393
23922210001911939
12229111112212231
19222119129201910
22291011129311221
91111000012910191

19 16 45 board_19x16_45_252889_none
1922110000292001991
1393910000292001221
0293110011211000000
0122111119100001110
1119229111111101921
9222921101129212391
2911121101922911932
1110019101122211291
1100011100029200122
9100122100039411129
1211199100029391192
1292232111222211111
9312910019291011100
9202220022423139200
1102920129292939200
0002920192212121100

19 19 76 board_19x19_76_252936_none
1110191000001239210
1910222001234995921
1110191001999999229
2210122101399654332
9910019210134993991
3311133910029593221
9112939210029532000
1229492100012992110
1394932100012433921
9393129100029393391
1333111211029329211
1399100191011111211
9494100111001111392
1392000000001922992
1222112321112139531
9119119993291039910
1122212493933349420
1229211112129994910
9292291000012493110

19 19 95 board_19x19_95_253024_none
0199392000000199200
1222393110011239322
9222223910019221299
2499119322134920233
9593223392929942292
9943292944223599329
9699224499212999332
9932229944492495929
4421293229921394243
9922922122211394399
3593111921101949949
9392001239224494321
1211000192299939211
1221122212345443391
2991199101992992932
2931233102444332129
2210192101992910011
9100139202454211221
1100029201999101991

14 10 19 board_14x10_19_253136_none
00019100122100
01132200199100
13939101243200
29942101929100
29491001121100
22211000000011
91011112221229
11019119929292
00011112332211
00000000191000

7 4 7 board_7x4_7_253160_none
1110293
1911499
1222993
0192221

5 6 7 board_5x6_7_253170_none
99100
33100
91111
12291
13931
19920

4 19 21 board_4x19_21_253178_none
1999
2332
9210
3931
2991
2442
1991
1232
0129
2393
9949
9931
3310
9111
1119
0022
1129
1932
1129

5 19 26 board_5x19_26_253202_none
12929
93132
92029
11029
00022
22119
99321
39921
23491
29432
95991
99332
95329
39921
29310
11100
01121
01939
01139

12 10 18 board_12x10_18_253232_none
000012910000
221029310000
992249323321
332992299991
911221123321
110000001110
000112111910
000192911121
110112121119
910000019111

18 4 18 board_18x4_18_253251_none
922991199100000000
292232234322211110
111019339939922932
000012994932229399

19 5 19 board_19x5_19_253276_none
3920122111211001929
9931199119293212231
2391123222339911910
1221001912932223320
1910001112920019910

19 10 26 board_19x10_26_253296_none
9100000129111291000
1211000192119222222
0292001222232119299
0393112911991011222
0292192111221000111
0111111001221000191
0011100001991000111
0029200012332111100
0029311019229229100
0011291011292292100

19 14 47 board_19x14_47_253323_none
1291129229100191192
1921193921222212239
1110124320299312932
0011119921399393229
1239113921932229232
1993211112221133929
2332910001912939221
1911110001223931111
1110111000192110019
0111192111222100022
0192229119119100029
0139211111222100139
0029200011292110192
0011100019212910111

12 18 38 board_12x18_38_253375_none
294211921211
299922229291
234229122311
291011119211
931000011291
920112221111
221192992221
191112333991
111000294321
222110299332
992910123999
332221002342
920192122910
920112929210
220002242200
910001929100
110112121100
000191000000

9 12 16 board_9x12_16_253415_none
191029910
122129310
019111100
123210000
292921000
922291011
110122119
000129111
000192100
000111111
000001393
000001999

6 6 9 board_6x6_9_253433_none
921111
291191
111111
122211
399391
994921

4 4 3 board_4x4_3_253443_none
0000
1110
2921
9229

5 12 11 board_5x12_11_253447_none
11111
91191
11111
11100
39200
99310
94910
23110
92211
39291
92211
11000

10 19 47 board_10x19_47_253459_none
0000191191
0000222111
1121292100
1929229100
2221111100
9222212121
2399392949
9349633299
9339991133
2933432019
2391192121
9443212921
3999101291
9593112332
9312129949
1112946993
0139499959
0199324931
0122101110

14 18 35 board_14x18_35_253512_none
91299291111000
11294322291011
11112911921019
91112111221011
11192110192110
00223921213920
22292129113920
99211022219210
33100019111111
93111121100019
93911921000011
12222291000000
11291111000000
19321000000111
13920000000292
02920111000292
01110191011211
00000111019100

17 12 35 board_17x12_35_253549_none
11111001910001139
91191001221012939
22212221293129221
19112992294932210
11119593113933920
11222392112129920
29491111191013320
29921000222112910
12211232291192110
00001999211111000
11123332100000011
91199100000000019

19 5 25 board_19x5_25_253587_none
9200002939911110011
9311013943211933349
1392019491001299999
0292012944221239459
0111001299929111129

18 8 21 board_18x8_21_253617_none
019100001910001921
121100001110001129
921000000000000011
392000011101110000
393000019211910011
292012333912231239
222129992111929299
191193321001121222

16 12 40 board_16x12_40_253640_none
1292111100192910
9339229100235320
3593292100199910
9993323110124320
3949293911223920
1121229212994952
0111011114943999
0191000129921249
0222000193210011
0292123321000000
0292199910012221
0111123210019929

15 14 51 board_15x14_51_253683_none
939999222100199
932333399100233
331012943100292
991129392100293
221192229211139
233321011393129
999910011499111
494221129493111
922129349323239
221923992229949
921113952293392
931102939211111
129212132200000
011291019100000

12 18 58 board_12x18_58_253741_none
291122392122
931199394399
931222229953
129100135992
121223399449
931299932292
939444210222
233992111291
192333911932
332192122339
991111139494
942000199599
292121349449
113949393921
124993922110
199433110000
244392100011
199229100019

6 16 14 board_6x16_14_253811_none
292019
293121
112910
111110
921111
291191
122211
019100
011100
110011
921129
292292
222921
911110
110000
000000

4 8 8 board_4x8_8_253828_none
9211
2391
9211
1211
2391
9921
9420
2910

7 6 6 board_7x6_6_253837_none
2210191
9910111
2210000
1121100
1939100
1292100

10 12 30 board_10x12_30_253844_none
2222211292
9939911949
4943332239
3922939222
9433942291
2994491222
1239932191
0012494432
0111299992
0192223339
0129210011
0012910000

15 19 58 board_15x19_58_253880_none
111922110139920
922392921199941
129212291125991
011111211002942
000029211212129
000139329493232
000193393993991
000112922222332
111001110000191
291111000001221
932291000001910
943921112112220
399210193922910
395200239394320
499100293339921
995323492193229
399299921111011
133323321000000
019100191000000

18 18 47 board_18x18_47_253947_none
921212921001110129
139392392001910293
139311293101110292
921101249200000222
110112949200000191
000193393210011211
111112922911129100
191001111111922221
111001221112111929
000012991192112231
000019321112911910
000011100112111110
121112210192221000
939219920112991000
139213931101221011
022201129210000019
019100013920011222
011100002920019291

19 16 53 board_19x16_53_254000_none
1111912920193910000
2932112920129331222
2992102332122929299
1239211992911121222
0013922343210000000
0002921929211001110
0001112231293211910
1110112921139932210
2920192291029949210
3920122212123943910
9431029201911129320
3991029311110012910
9321123910000001110
1111292110000000000
0129211111012210122
0192100191019910199

19 12 57 board_19x12_57_254061_none
9911910001129910011
9311110001933211129
1112211112493111932
0019911911995921292
1113321122459920139
9101932119299410029
1101399222349201121
1111395921944434942
9119323943499999999
1124921299494333494
0029921249311001249
0029311921100001939

19 6 29 board_19x6_29_254125_none
9910011100012929910
2211129111229222332
1111921129493100299
2912220139592112393
9311922395922293931
9201292999211923920

16 4 9 board_16x4_9_254160_none
1911291001110199
1122921001921222
0019210001129211
0011100000011291

8 16 31 board_8x16_31_254170_none
00001232
22212999
99292249
94321011
23911121
19211939
22201259
19321199
23991139
94432133
99291199
94311122
29100111
11101292
11101939
19101121

4 19 12 board_4x19_12_254213_none
1991
1221
0000
0000
0111
0191
1322
9291
1211
0111
0191
1332
1992
2459
1992
1221
0000
0111
0191

4 10 12 board_4x10_12_254227_none
9991
4941
2920
1110
0000
0000
1232
2999
3999
9332

11 5 9 board_11x5_9_254243_none
91000001910
11000001110
01221011211
01993129392
01393921392

18 16 59 board_18x16_59_254256_none
921911110019100000
931111933221101110
931112299910001910
393292249421001110
294922922391001232
129211112954222999
011100002999929332
222121101233221211
992939200111001291
932139212391112932
111121229921192291
222921193221322222
993291111129393291
393212111292393921
129112922922222121
011119229211910019

18 18 56 board_18x18_56_254322_none
019929222211012921
012332399291019229
000191293211011222
000111122100111192
011100029211291129
019111139429211122
121119129392100191
920022333311000111
931139399311111011
291199339391191029
112343112321111029
001992111910001121
001222922321002931
011212129392002991
129291022492012321
192222229322019100
112129293391011111
001921229211000019

19 19 51 board_19x19_51_254389_none
9100000001129221100
1100000001922929100
1110000013321121100
1911121119920000011
1111929224920122119
0001121395321299222
0000000299912942291
0112221249424930122
0192991192293920129
0112221111112110192
0000000011211011322
0000000019291129291
0000000011211192211
0011100000000233100
0129100000000299321
1394332211000294991
9393999291000113331
1213342222100001910
0001910019100001110

19 19 55 board_19x19_55_254447_none
0111001910001910011
0191012321001110019
0111019291122101121
1110011222299101910
1910000019222101221
2331000011111211192
1992000011119291249
2593000129221211199
2992000193910111122
9321000124432292110
1111111119992922910
0019129322333211110
1222239911129100000
9292293211921100000
1212921001221111000
0001110122392191111
1111110199393211191
1922921234339100111
1129391192921100000

16 8 27 board_16x8_27_254507_none
0191112110000000
0233394920111011
0199394932392129
1343213239922932
1992112922211392
1392293111221293
0122392013992129
0019211019992011

9 5 9 board_9x5_9_254536_none
910112110
221192910
192223221
239229119
922921111

4 18 10 board_4x18_10_254547_none
0129
0192
0233
1299
9322
9200
1100
0000
1110
1921
1392
0292
0111
0000
0000
1110
1910
1110

6 16 25 board_6x16_25_254558_none
199910
123210
110000
920000
930011
920129
110294
111299
292222
939221
122939
222293
992229
249322
249491
993921

11 6 10 board_11x6_10_254590_none
00011222100
00019299100
11011233322
91000019299
22111222222
19119291000

12 5 8 board_12x5_8_254602_none
111121211000
911929291000
122221211111
129100111191
921100191111

18 6 29 board_18x6_29_254613_none
192100112929949292
139211292234992339
139219322294321192
942111292399222211
993110129332399211
393910012910293291

19 10 46 board_19x10_46_254653_none
2493934939119100111
9993399963211100192
9421295999221100129
1101222233929101121
1101910001132202931
9201110000019213939
9321100112132393231
2949200192929223932
1299532223221229499
0139999119100192393

18 19 71 board_18x19_71_254706_none
000001110000129291
110002932110294332
910113992932393929
110192222299312243
121322000139201299
929392001132201959
121393222929101292
011212993122210222
029201392112921291
029422232393129333
123992929493011299
193332121394321122
223910000239991111
293110000294432192
292000000292292129
234210001221292011
299920001921322011
935942212239393119
112939911921399111

17 19 76 board_17x19_76_254797_none
01992000199119210
23492000122112910
99422000000001110
39494321000000000
11399991001221000
11223321001991000
29200001112331122
39301111912931199
39302922233991133
29203932949443119
11102933992299211
00013459543249311
00019999399129219
11012495443222322
92222339949219292
39399293499322339
93493211294391192
34933333339321111
99229999922910000

12 12 32 board_12x12_32_254883_none
000000111199
000000192333
011100139491
019100139942
132200195991
949111349421
993229299300
344932349300
199329239200
139211292100
121222212221
910199101991

5 4 5 board_5x4_5_254918_none
00199
11122
92111
29119

4 10 8 board_4x10_8_254924_none
1291
1921
2220
2920
2920
1121
1129
1921
2321
9291

7 19 28 board_7x19_28_254934_none
0122119
0199222
0233292
0191129
0111011
2210000
9910000
2211110
0001910
1101232
9222399
1299393
0122322
2222492
9939992
9494431
1334921
0299229
0293111

10 18 47 board_10x18_47_254965_none
3920111000
9921291122
3322931199
1934931122
1299594210
0139499931
0022335991
1129229553
2931294999
2920129343
1110122129
1101291029
9101922232
1101112992
0011224992
0129299532
1394349492
1993922939

16 8 17 board_16x8_17_255020_none
9100000012229321
1100000129922991
0000111193211221
0000292111011100
0000394100029200
1211299100029200
9291122111111211
1211000019100191

19 5 25 board_19x5_25_255038_none
0029393943939200000
1139524999239200000
9139593342111100000
2349934942100012221
1993229999100019929

19 10 33 board_19x10_33_255069_none
2391000011100001910
9931000019101111110
3920000011112911110
1111110112129322910
1101921292922393331
9101129334212932991
1211011299103931232
2392110123212920019
9932922111911110133
3921292911110000199

12 19 63 board_12x19_63_255108_none
993393129910
394995943221
129595991019
012939322232
001132202991
001129213942
112942293391
934992229322
939959111392
234952111493
922993239493
932239939329
392123321111
939119100111
243333200191
299499310111
934999931000
112944992121
001111222929

9 16 30 board_9x16_30_255178_none
129212921
932292139
391111039
943110029
993910011
493221000
921191111
232322292
199292493
122212993
012211239
129921011
922391000
110111111
111000192
191000129

4 5 4 board_4x5_4_255215_none
1291
1921
2210
9211
1291

6 10 9 board_6x10_9_255221_none
910000
110000
011100
019100
121211
921392
129493
012939
111121
910000

10 18 37 board_10x18_37_255231_none
9100011392
1100019392
0000011211
0011101110
1129112910
2921119321
9320011291
2911110111
3433931111
9995992191
9796992122
3995942229
9493129392
2311024931
9100019920
1100013320
0000013920
0000019920

16 18 59 board_16x18_59_255277_none
1922911921011119
1393111291019222
0293110111011292
0124921110000129
0019921911232233
1112211122999399
9111100129555953
2229211295994992
2921292394994492
9211233922222921
2222929222322110
1929221239992111
1122321199439119
0001991244211122
0001221199100029
0000111122100039
0000192111100139
0000129119100192

19 8 27 board_19x8_27_255344_none
1100000199100111011
9100000122211191129
2210000001393212292
2920000001999333932
3930000113343999229
2920000192922232122
1110000112394210139
0000000000299910199

18 4 18 board_18x4_18_255373_none
921299222119119292
239223399223232329
931102942292939211
920002920112139200

17 6 18 board_17x6_18_255393_none
01991029491001929
12332139921112121
29229129420191000
93921112910111000
23211111221000000
19101910191000000

14 12 24 board_14x12_24_255413_none
11393292991011
29493922221129
29312110000192
11100000000122
00011101110019
00019101910011
00011213342211
00001292999291
00001922393211
00001221112110
00000192112920
00000112912920

11 16 38 board_11x16_38_255439_none
00191112999
00112292249
11101932011
19213391000
22292932111
91223239229
11192294492
00223939921
01293232210
13932910111
39933220191
99492910122
22212121229
00000029492
11000029942
91000013939

9 19 44 board_9x19_44_255480_none
019332291
012999421
002359921
222923449
992122993
332139592
291199311
921123210
110002942
111234999
922999449
933999211
239593100
193922110
222122921
910019229
121112332
019212991
011292221

8 19 40 board_8x19_40_255538_none
91019321
22113991
29213931
29449310
23999200
93343100
93292122
94394399
99229943
23222339
01910193
02220129
01910011
02221110
02921910
14943331
94939929
94134542
92019991

