19 12 31 board_19x12_31_86038_none
1111229212911910000
9229292292112342100
1292211111001999100
0123210000001232111
1119910000001110019
9223210000012921122
1291000000029329229
0111000000029212932
0000000111011112391
0000111191000029422
1100192221111029391
9100112910191011211

18 10 27 board_18x10_27_86073_none
000000002920001921
000011102920001291
111019101110011222
191011100000029219
111111000000029332
000191111000012939
011333291111001292
129299323292100222
192222293949100293
111000129392100299

18 8 24 board_18x8_24_86103_none
910001291000111122
122211921011392199
129911121119392133
922222229111211019
110019933321101121
000012229929101910
222110134321101110
992910199100000000

11 5 11 board_11x5_11_86128_none
19211019910
33392112210
99229100011
33211101239
19100001992

10 6 11 board_10x6_11_86142_none
1293929100
1939332210
1122923920
0112129930
0191013920
0111001110

7 12 12 board_7x12_12_86155_none
1110000
1932211
1399291
0293211
0111000
1100000
9210011
2910019
1110011
1110011
1910139
1110199

4 19 20 board_4x19_20_86169_none
9932
2499
1393
1921
1121
1119
9321
9920
4931
9391
2311
9211
1292
1239
1921
2221
9129
1129
0011

5 14 10 board_5x14_10_86192_none
01291
02931
13931
93129
92011
11122
00199
00233
00191
00111
00000
00000
00011
00019

6 12 10 board_6x12_10_86203_none
019222
012399
001932
002220
111910
911110
110000
110111
910191
111221
002920
002920

9 6 13 board_9x6_13_86214_none
129911991
293333321
943299100
399222111
393100019
921000011

17 8 18 board_17x8_18_86229_none
11000000292011100
92111211292019210
29119392111012921
11222393221001291
01291112991001232
01922111221012929
01111910000019221
00001110000011100

19 18 90 board_19x18_90_86248_none
9299119332112392292
1222112999219959329
0000112259324959322
0122393139439249439
1299594923992129399
1944993112932244432
1129321001112999931
1132200001112995991
2939211222911223331
2932922993222233910
1123492392192999321
0029921123334594392
0029310129929922959
0133200194322322299
2399101239211191122
9942102931292211000
9921223932239211110
9311992292922911910

18 18 46 board_18x18_46_86355_none
929101910191000000
121101110222000111
000000000192100191
011222100129211111
129299100022391000
292333112239312110
921192119939202920
110239223221113920
122392292100019321
929921139200011291
122210039300111122
000122129200191129
000199111100222192
110122100000191111
910000000000222000
232100012210192211
199100019921229291
122100012229111211

11 6 18 board_11x6_18_86407_none
92921002993
23493112999
29394922342
94434921910
29929211121
12221100019

5 6 4 board_5x6_4_86426_none
00129
00192
00111
01121
01929
01121

4 18 19 board_4x18_19_86432_none
0139
1299
2932
9321
2492
9493
2493
9229
1111
1100
9211
1291
0122
0129
1292
9332
3929
9221

7 19 19 board_7x19_19_86454_none
9210111
2911291
1123942
0029949
0029339
1122221
1911910
1111121
0000019
0000011
0000011
0000129
0001393
0001992
1111221
2910000
9221100
1119100
0011100

15 6 24 board_15x6_24_86474_none
910002932929111
221114959332129
191195993392129
232229949229222
939112232322292
931100019291129

19 6 18 board_19x6_18_86511_none
2991011101910001910
9321019101110002220
2210012210122101910
2910002920199101221
9320014930122100292
2910019920000000292

19 10 41 board_19x10_41_86532_none
9211123221100011211
2391299939211129392
9211295349219249539
1222212932212939921
1399101139312122221
1994101139392232239
1493001922322999299
0292001111922444443
0111000001129293992
0000000000011213949

17 19 66 board_17x19_66_86582_none
00000019211110129
11000012923920192
91011101129931111
11029311024592100
11139491019949200
91194942012349311
22224991122293492
19119542199229392
11112993343111322
00001393992100192
00000223249200129
11011392029211233
92019493011229299
92011493000192233
22111292001332019
91191111113993111
11122101395999100
00019101999594211
00011101233939119

11 16 32 board_11x16_32_86656_none
00292001121
12493012929
93992019232
29432122229
12933911921
01299211110
00122111100
11100139200
19211299310
12911944910
12222392110
19119212110
11122201921
12129212129
92921291122
12110111191

7 8 14 board_7x8_14_86691_none
1119291
9332211
3993210
9449910
2393210
9323121
2392929
9212121

4 4 3 board_4x4_3_86709_none
2210
9910
9310
1100

4 4 3 board_4x4_3_86713_none
0111
0192
0239
0192

6 14 22 board_6x14_22_86717_none
994391
399921
245531
939991
139432
011119
221022
991129
222292
002931
002920
222110
992211
239291

10 19 29 board_10x19_29_86742_none
0019100000
0011100000
1100000000
9101221000
2211992110
1911222910
1222111110
1292922110
1922292910
2210112110
9210000000
3920012210
2931029920
2492039920
9592139310
9932293210
2229212921
0122101291
0191000111

17 12 53 board_17x12_53_86775_none
91000293111922239
22111294921294993
91192213921239949
33229222322922221
99222929293220000
24921121212922221
02920000112239939
23210111192293349
99323392323943293
39399939293399339
33324331212954493
99101910001299392

19 4 10 board_19x4_10_86840_none
0000029200192910111
0000029200112110192
2210122100111000129
9910191000191000011

18 8 34 board_18x8_34_86852_none
000000191123210292
000111222299922492
001292291294229932
113932933332112391
295931129939332222
294932122393999229
112292921323354493
000112129291199392

14 16 46 board_14x16_46_86893_none
19222911111110
12929211934920
01122211299931
00012921123391
11129591000111
29129921111000
95323320191111
99912932232291
24322993949433
01912333959499
12211911292494
29201110122392
29311000019211
11291000022211
11233100019229
91199100012921

11 19 31 board_11x19_31_86944_none
92291000000
29211011100
22200019211
19100122291
22211191111
91191111011
12221001129
01910001921
01110002220
00000001921
00001122391
01111929211
02921121211
13932110191
39594910111
99499210000
23332211111
12921291191
92129211111

9 19 25 board_9x19_25_86982_none
001911299
001111932
000112121
000191019
111111011
191000111
111001292
000001949
112112249
192911943
112111299
111001354
191001999
233211232
929921000
122391000
000111000
000111000
000191000

6 16 23 board_6x16_23_87009_none
110019
910022
110019
121222
939592
249992
944532
299391
149522
029491
012921
001110
110111
921191
392232
922929

4 5 3 board_4x5_3_87045_none
1110
1910
2220
2920
2920

8 8 16 board_8x8_16_87050_none
11029311
91029492
22222493
29391293
39422139
92291029
22323121
19292910

15 19 38 board_15x19_38_87072_none
992001912920000
493001224930000
292000193931211
111112222129292
000192921111229
000123229100011
110019122201110
921022329223910
291019393299210
112121392122100
001911221000000
012222910000000
019119320012210
011123910019910
000019320012321
110012910011291
910001110019211
110000000022200
000000000019100

19 14 71 board_19x14_71_87114_none
2932211012332100111
9499391129999333392
3949322394333999949
9332119494111235941
1392011393932213920
0293122433399293210
0112939992393229100
1123349949222123421
1929933443219119991
1122339499232212332
0000194995939311019
1111239549249493221
9219129392249539920
9211111211199394920

17 4 11 board_17x4_11_87200_none
91001910000011100
22212110001239211
29392100001992392
29329100001221292

16 4 13 board_16x4_13_87213_none
1119212910001392
9111394221213992
1100299119293942
0000122111212291

11 10 27 board_11x10_27_87228_none
00019129229
00123249329
00193939322
00129332291
23222391111
99911921000
23322233210
00292199921
11394344593
19229929399

10 12 26 board_10x12_26_87263_none
0002939992
0014942339
0019931121
0013921921
0013321129
0019911121
1233222910
1991129321
1232292393
0019222399
0011129543
0000029991

8 16 18 board_8x16_18_87292_none
00112910
00192221
12221191
92921211
12129211
11122391
39219211
99422221
49911929
29422231
12911910
01111110
00000000
00000000
00000000
00000000

4 19 19 board_4x19_19_87314_none
1392
2992
9421
9310
3932
9399
3443
9929
3321
9310
9910
2210
0000
1110
1910
2321
9391
2921
1110

4 10 8 board_4x10_8_87335_none
9200
9200
2221
1929
2231
1910
1221
0191
1332
1991

10 4 10 board_10x4_10_87346_none
9310019920
9910013920
2211123431
0001929991

12 6 20 board_12x6_20_87360_none
139201922110
959312393931
399229324991
932139319442
221139213939
191192102931

15 10 31 board_15x10_31_87383_none
000199912939211
011223223942392
019210019339229
013920012932111
113920001393110
293111110394910
292001910293110
112234320112110
002999932212920
002944939912920

19 19 91 board_19x19_91_87416_none
2229292239100293100
9931223993222399200
3931229493299339211
2239293339339321229
1921229129213931192
1233221112213992221
1399910001934932910
1995310112399211121
1349223391293101239
0192299921223111993
0111134421192922594
0000019291112129399
1111123532000011222
9239219993110001110
3939223595921112931
9543229229921913949
9993933434332323942
4993129992939393391
2931013932139312921

17 10 25 board_17x10_25_87522_none
19100000011129200
23310000019129311
19921011222222291
23492019291191111
93392011222211000
93922110019100000
23111910022201110
91001110029201921
22000000029312139
91000000011291029

9 5 11 board_9x5_11_87550_none
002932110
112992910
932333110
992292111
222939119

5 12 9 board_5x12_9_87562_none
12129
92921
23210
19211
11291
00111
00000
00000
00000
11000
92222
29299

4 19 21 board_4x19_21_87572_none
1921
1291
0111
0011
0139
1299
9359
1299
1243
2939
2931
1221
1291
1921
3320
9921
4591
9932
9491

6 16 20 board_6x16_20_87594_none
910111
110191
111111
392011
994239
394992
129321
243200
999100
943210
222921
192291
122211
019100
133200
199100

8 12 14 board_8x12_14_87615_none
00000000
00000000
00000000
11100011
39211119
99329111
24931211
13920191
93210111
29111100
12339111
01992119

14 4 13 board_14x4_13_87634_none
13921921222291
93932129299211
24492121233200
19922910019100

19 12 32 board_19x12_32_87649_none
1222110012910122111
1993921119321299119
2493129123922932111
9212121119392110000
2211921011211000000
1911291000000000000
1221222000000000111
0191191000000000191
0112222110000000111
0001922910000000122
0001129322233321199
0000011292999991122

19 16 54 board_19x16_54_87684_none
2229223911910113920
9921299322121293931
2321244391019212239
1392199212233221292
9392133202992939311
1212129212944359310
1212933922392993910
9292129339334323220
1211123922399101921
0001394221932212129
0001993911110192111
0001233210000129100
0000019100000012210
0112121100000001910
0192910000001111121
0112110000001910019

19 19 86 board_19x19_86_87750_none
9392000111199101299
1393100191134311932
0129100111019921110
1121101110014930111
1921113921123921291
2493293933949322921
1999312294959429210
1399201239349921100
1222101932294310000
9101122492139211100
3311939392029329211
9943393422024931291
9999239492119942333
3953139939112499499
1393129321101399932
0399111212111959310
0293101292912393210
1222111933211933910
1911911129101129210

17 19 76 board_17x19_76_87853_none
19100002991019100
22101113941011100
91001912931111011
11112223392392019
00191193949392122
11122229393321192
92129111334921229
92192100199329221
11111000139223921
00001221133219339
00112992299112932
00193459223212492
00112992224933992
01111221199949942
13932221123349439
19992991111295932
24943321293399339
29339211299334932
93921291139219229

12 12 21 board_12x12_21_87940_none
292019100029
292122100039
111191000029
011211000011
029201110000
029202920000
011113920000
001139311121
002949433929
002932999221
002221232100
001910000000

7 4 7 board_7x4_7_87964_none
1994920
1495920
0293121
0111019

5 4 5 board_5x4_5_87973_none
91019
11022
12229
19921

4 6 4 board_4x6_4_87979_none
1921
1291
0222
0191
1221
1910

4 14 10 board_4x14_10_87984_none
1221
1991
1221
2210
9921
9491
1222
0129
0192
0111
0111
0191
1221
1910

10 18 31 board_10x18_31_87995_none
1910001110
1110001921
0000001129
0011100122
0019100192
0011111339
1110029393
2921139329
3931932211
2921239100
1232293210
0199323921
0122294491
1110239942
2910194992
9210223349
1100191192
0000111111

18 5 23 board_18x5_23_88030_none
111292011291001999
192494129212111359
224994933211910192
194993294921110122
113931129920000019

19 4 17 board_19x4_17_88059_none
9921119210029391129
2229112932129311192
0123322299223210111
0192991122292910000

19 4 16 board_19x4_16_88078_none
1212911910001393291
9293221110012999311
1334910001239349200
0199210001992111100

19 6 18 board_19x6_18_88097_none
0000111000019920000
1121393110013921110
1939493910001111910
1139324331100112121
0011119939201291129
0000012239201921192

18 14 52 board_18x14_52_88118_none
000029200000111299
000149300000192499
012499200000129393
019996310000011211
123599920011211011
911934920019391019
111111110023932022
110111000129391029
931292101292211029
939349201932000011
132399422391111000
129349929322192110
922495432291223910
111999291111192110

12 19 51 board_12x19_51_88177_none
000292194920
110292129930
920111013920
921221002231
111991002949
001232102994
110019101399
921121100233
921921100293
221239100399
910192211293
110111191233
000000112299
012211112942
129922912920
294493323331
959439392992
959393933392
931212291111

8 14 16 board_8x14_16_88242_none
00001110
00001921
00113391
11192932
91112139
11000029
01121111
01929111
01132219
00139211
11199200
91233100
11192110
00112910

4 4 4 board_4x4_4_88260_none
1232
1999
2332
9100

7 12 17 board_7x12_17_88267_none
0001910
0112221
2391191
9921111
9321100
1119210
0012910
1111221
1910192
2231349
2949299
2992222

14 19 46 board_14x19_46_88288_none
19910000192992
13321111223359
13921912932939
19922233939331
12211929222910
00123221212110
11299201291000
19239422921000
11112994220000
00001393921000
00000112291000
00001110123221
00112911129939
00192111934931
11112122229210
91001929111211
11002231211191
01111921392111
01911129392000

19 10 46 board_19x10_46_88341_none
2999221299119949200
2994939332112399200
1223393921001233210
0001933291112911910
0001392112292111221
2210394222932000292
9910394992291011392
2210293232334239311
1121211019499949311
1929100012999492291

19 5 23 board_19x5_23_88394_none
1110000113994939119
1910001294995942211
1221112939449339100
1292292121295942100
9212921000129991000

18 4 11 board_18x4_11_88419_none
111019100000191011
191022200111111019
111019101393111122
000011101999119119

11 16 48 board_11x16_48_88432_none
19299939949
11224359699
00001939499
11101132433
19100019391
33200134921
99211299420
22392299921
12492134329
19921019111
34310011100
99200111111
59411292191
99492394321
49534949910
29399239310

4 16 13 board_4x16_13_88490_none
0000
2221
9939
9449
2493
1993
1392
0111
0000
1110
1921
1129
0022
0019
0122
0191

4 14 12 board_4x14_12_88505_none
0011
0029
1239
9393
2493
9339
3931
2920
1110
0000
1211
9292
1229
0011

4 5 4 board_4x5_4_88519_none
2929
9221
1100
1110
1910

10 8 17 board_10x8_17_88524_none
0139219100
1299321100
9223932211
1101399291
1110293211
2932321111
2939922391
1122229921

12 12 40 board_12x12_40_88546_none
192939211000
222294491000
921339922221
129293211992
121211001392
921112122321
391192949921
933333399592
129929333594
233222923999
991113394999
221192923942

17 19 55 board_17x19_55_88593_none
19100192910122111
11112323231299119
00029912949233211
00029312994339211
00011101239959319
00111000013949322
00293221001232291
00293991122291222
00123432199211191
12229291133200222
19932311129100191
23349200192100111
91199321323110000
11123939393920011
00001139313931119
01110122112229111
12910191129111211
93110111192100191
92000000111000111

19 18 59 board_19x18_59_88655_none
0191000000000293221
0111000111000293991
1100012391111223221
9100029922291192100
1100029311933249200
0012343312292939200
1129999291112122321
2922493222211001992
9210112129291112392
2221102943421192333
1939114949921129299
1292119943391012459
0111013492221012992
0000001933910019321
0000001292221011100
0011100111191111000
1119100011211191122
9111100019100111199

18 8 36 board_18x8_36_88718_none
110011229111394939
932129493239599339
299129595399499311
122222499943339200
000193595229123310
000239992011119921
000193443100123391
000111199100191111

12 5 11 board_12x5_11_88759_none
019910000011
122210011119
921012239211
392019949200
292012392100

8 12 25 board_8x12_25_88771_none
00001910
11212110
29392221
29313991
12223931
13949332
19994499
23593999
19212494
12221392
01929332
01122929

4 19 11 board_4x19_11_88798_none
0191
0111
1211
9391
3942
3991
9321
1100
0000
0111
0191
1221
1921
1291
1221
1910
1110
0000
0000

6 10 14 board_6x10_14_88811_none
001121
013949
019993
012492
110111
933221
399929
395321
939100
121100

12 4 9 board_12x4_9_88830_none
920000000111
930012321191
930019992221
920012322910

16 8 33 board_16x8_33_88840_none
9129939111129200
2229941129239300
9113920029229211
2323332233333229
1992993993993931
1222394493223920
1222223922112220
9299119211911910

19 16 53 board_19x16_53_88882_none
0191000000129910000
0112222110295310000
1101992910299101110
9202443110122101910
9201991000000112110
1101332111000292111
0000292192110293291
1110293212910129211
2942239201110012210
2999229421001111910
1359323992001934320
0192292392013499910
0223221123239933221
0192911129939421129
1333111923331291192
1991001111910111111

19 19 50 board_19x19_50_88941_none
1229111119111100299
9292119222119100394
1323232291011111494
0192991112110019399
1212232101910011222
9210019101110001110
2921011100111001910
2392110000191001110
9212921211111000000
1101129291000000000
1212121211000011100
9392910000001249200
9312110000002999310
1111211000113943910
0019291000192111110
0011222211111000011
0000019391000000029
0000024942100000039
0000019939100000029

17 14 62 board_17x14_62_88996_none
99291299212110192
33333393292910129
92199321112110122
92135920001221191
12129920002992222
12944422112959229
92299394932292292
22233394991123332
92392123321129939
12993119112394593
12249211239949392
91029310299593311
33112911394939211
99101111922121291

15 10 31 board_15x10_31_89074_none
921100029311011
129100029391019
011100012321011
111121223911110
922929399322910
294331495393331
129910299322991
233210123933332
992100001299229
949100000122292

14 8 19 board_14x8_19_89115_none
01910000019211
01110000012492
11211000001993
19391000001494
23932111100299
93239119211232
12932212922910
01129101129210

7 5 8 board_7x5_8_89137_none
1392129
1994393
1393992
0112221
0000000

5 8 11 board_5x8_11_89146_none
92992
24349
92921
23110
91000
23210
29921
93391

4 12 10 board_4x12_10_89159_none
1229
9292
1211
1211
9392
1393
0129
0022
0019
0011
1211
9291

6 19 27 board_6x19_27_89171_none
199292
232339
921293
139329
139211
921100
220000
910111
232393
199399
123332
012921
019491
134931
929931
133439
019393
011392
000111

14 6 12 board_14x6_12_89204_none
01921000001929
01291122101121
00233299111100
01299222119100
01932100012221
01110000001929

15 5 11 board_15x5_11_89218_none
000000129100111
111000192100192
292100222000129
939100191012232
121100111019929

18 4 17 board_18x4_17_89230_none
000112221122291129
011293992199311293
129224993249200393
192119322921100292

19 16 41 board_19x16_41_89250_none
0001910191001910000
1111221122212110111
1910292019291001291
1221292123432001921
0293332192992111110
0293991112222910000
1323221001112220000
9292111101911921000
1229229222211291000
0012933929100111000
0001292233210000011
0000111192910111019
0000000112221193221
0122212110191129910
0199292921211012210
0122212129100000000

14 18 63 board_14x18_63_89293_none
00000001999200
11111101399300
29119100139311
92111112221292
12110029910129
12911149422221
94332939219910
29929222222321
12221101910292
12121102332392
93949422994921
35949993399442
99322593124999
99311293102993
23391129213342
02942222393939
02939391394293
01122921292129

8 8 8 board_8x8_8_89363_none
91019100
22111100
19211000
11292110
01222910
01911221
01110292
00000292

4 4 4 board_4x4_4_89372_none
0292
1392
1932
1291

4 5 5 board_4x5_5_89377_none
0011
1129
2932
9491
9311

4 10 7 board_4x10_7_89384_none
1991
1332
0293
0299
0133
0019
0022
0019
0011
0000

10 19 51 board_10x19_51_89392_none
0293100000
1399200000
1949323210
2222499920
9101996920
2201239321
9200011291
9421011222
2993229339
1399393994
1344933599
2993129394
4992122339
9942394493
9921999992
2211233332
0000111019
1100192232
9100112991

16 12 28 board_16x12_28_89457_none
0000000000001910
0011211001111221
1119291002942292
9111211002999349
1211000001233939
0191000000001121
0111112110001121
0000193910001929
1211129221101132
9391011129200019
9422121139300011
2911929129200000

19 5 19 board_19x5_19_89488_none
0191019932493100000
1221124939999210000
1911292234554910000
1111921192992121222
0001110112221019299

19 4 21 board_19x4_21_89513_none
9399211111110139200
1496932911911299211
0395949312232943329
0293139201929229292

17 12 28 board_17x12_28_89539_none
19100191000191129
11211122100111192
00191019211000222
12321133492000192
29921299593000129
29339323992000011
11129201333110000
00011100192910000
00011100113220000
00019100112910111
11011100193210191
91000000129100111

10 19 51 board_10x19_51_89568_none
2239219229
9949333392
2393399333
0124964399
1129999339
2922349322
9210011392
2210000393
1910000393
2221111392
2932911932
2993333492
1333992993
0192223359
0111001959
1111101399
9229223493
3931299921
2920139310

9 19 41 board_9x19_41_89624_none
910191191
221223221
191193931
111113991
221013431
991129931
942396949
139599349
029949229
012232211
111019111
392122119
994391022
349932229
922239392
221029311
192111100
129321000
012991000

7 16 19 board_7x16_19_89671_none
0000000
1111211
9119291
1111211
0000011
1221019
1992222
1249392
0039439
0029229
0022211
0019111
1121119
2910011
9221222
1119299

4 5 4 board_4x5_4_89693_none
0192
0139
0029
1111
9100

4 4 4 board_4x4_4_89698_none
0192
0239
0193
0129

6 6 6 board_6x6_6_89703_none
911221
111991
012321
019100
132200
929100

11 16 38 board_11x16_38_89710_none
94921222292
29921992939
12322233332
01293339291
02949992222
02932332119
12222239211
19119939311
11123332391
00019119322
01121122391
01910019333
12221012399
92192213942
92129293920
11011212110

14 19 67 board_14x19_67_89754_none
00029202993910
00039313993121
01139229531019
01933459931122
12339999959229
29293469699229
92222299593122
22019249411139
91022239300299
11019239310294
01122922910129
01912222220011
02343922910000
01999339442222
01344922999399
01292111393393
12922111222332
92222911912991
11192111112931

19 12 34 board_19x12_34_89841_none
9312110012391019291
9493921019932122211
1393392012391191000
0111293100112221111
0001239100002920191
0001932200002921221
0002249200001111910
0001949200011101110
1101393100019210000
9222392011112910000
1299321019213220000
0123910011292910000

18 4 20 board_18x4_20_89876_none
111112921291122100
933922933931299211
993932349921494291
222129299311992111

14 8 15 board_14x8_15_89901_none
01110111191191
12910294321111
92111399910000
11002943210111
00002921110191
00112111921122
00191001291019
00111000111011

7 19 34 board_7x19_34_89919_none
1110019
1910011
1222121
1292939
1933249
1129249
0013969
0013999
0019569
0024993
0019949
1122332
1933391
1299931
2334931
9922129
2392222
1239291
1921211

4 16 8 board_4x16_8_89962_none
0000
0000
1110
1921
2391
2921
9210
1100
0000
0111
0191
0122
0019
0011
2210
9910

6 5 7 board_6x5_7_89971_none
000019
122222
199391
259411
199200

7 4 7 board_7x4_7_89979_none
0001991
2222321
9929211
9321291

9 4 6 board_9x4_6_89987_none
110001921
920001291
932110111
292910000

12 8 14 board_12x8_14_89994_none
019119102939
011222103941
000192102920
000129112210
000011119100
122111111100
299119101110
293111101910

19 19 76 board_19x19_76_90011_none
9211111000019100019
3491191111122111111
9931111292191029311
3943332392223139493
1299999222293922499
1249953229339311932
2922239229229201110
9322139222322101110
1293931119291001910
0113932132422001110
0001292929291011100
2210112133532129100
9922211129991293100
9329921933332392011
2224953391129223229
1923999222394219921
1292243219499223210
0112129112493291000
0001921101921111000

19 18 47 board_19x18_47_90097_none
0199211000000000111
0122291000000111191
0000111111011292221
0000000192119212921
1101110129111112391
9212910011100129432
1294320011101293992
0239910019101922393
0193210011212110129
0111000000192100011
0000000001239112210
0000000112933329910
0000112292129923331
0011293921023311939
0019229221119101139
0011222119232200022
0011291012929211019
0019211001121291011

16 6 26 board_16x6_26_90150_none
0292019239921910
0293133939921121
1334939333210019
1995942291000122
3599492222111291
9933922911911921

10 5 7 board_10x5_7_90181_none
1119210011
9113920019
1102920122
0001221191
0000191111

8 8 11 board_8x8_11_90191_none
11111019
91191011
22112121
91002949
11002992
11001221
92221000
12991000

4 19 15 board_4x19_15_90204_none
1110
2921
9392
1229
1232
1992
1239
0022
0019
2221
9921
2391
0111
0000
2210
9910
3310
9211
1291

4 19 13 board_4x19_13_90221_none
0000
0000
0000
0000
1100
9100
1211
0191
0233
0199
0122
0000
1110
3931
9959
9499
1233
1129
1921

4 19 10 board_4x19_10_90236_none
0000
0000
0000
0000
0000
0122
1299
9222
1100
2210
9910
2210
0011
1139
1939
2221
9100
2210
1910

4 18 12 board_4x18_12_90250_none
1910
1221
1292
9339
2921
1110
1100
9100
1100
0011
0129
0192
1343
2999
2942
1110
0000
0000

6 14 18 board_6x14_18_90263_none
019910
012210
000000
000000
110000
931122
991299
932399
332932
992110
222121
012929
129331
922910

9 8 19 board_9x8_19_90286_none
949921291
399339311
395229311
399122391
943219322
239111291
193221211
112929100

17 6 18 board_17x6_18_90308_none
01910000123392110
01110000199932921
00000111124932339
00000191112129393
01110222191012959
01910191111001299

19 14 71 board_19x14_71_90329_none
1100011211292012992
9322239391393019492
9939949411293133432
9593239310123939929
2933122921119494442
2392911239112933991
9323122392101239442
1291019921011293939
2321023311139323239
9921129213949219111
9491294394954321100
2332393949399933210
2929323395433399910
9221291299910123210

19 19 53 board_19x19_53_90415_none
1992999221119910191
1222233929123310111
1100001232119210000
9100000292012910000
3321100293122221100
9929101233929129200
2221213949221129311
1100193992100122291
9100112221000192221
2211211001110112910
9119391001910012210
1223921002220019100
0192110001921111211
0111000123339101291
0000000199393102931
0000000122392014930
0011100111111019930
0019100191111013920
0011100111191001110

16 16 53 board_16x16_53_90473_none
1293211929992139
1939923233443939
1133493912939232
1119229212942119
9112232201291011
1101929100111011
0001122210012229
0112111911129943
0193911122934599
0239211239229959
0193333992113931
0112999421001110
0001249311001110
0000122291123910
1111291111199221
1911921000122119

8 4 4 board_8x4_4_90533_none
11000011
91000019
22001121
91001910

5 5 4 board_5x5_4_90538_none
19222
11299
00139
00011
00000

4 10 10 board_4x10_10_90543_none
0122
0199
1222
9210
2921
2239
1921
2332
9399
2932

4 18 14 board_4x18_14_90554_none
9339
3992
2931
2220
1910
1110
1110
1921
2392
2939
9221
1211
0191
0111
0000
0111
1291
9211

8 19 26 board_8x19_26_90570_none
91000019
22112132
92393939
29394259
11212949
00112149
11192129
91129222
11012391
11101921
19101121
33200019
99100122
22100191
00000111
11001110
92101910
29101110
11100000

12 12 40 board_12x12_40_90605_none
019499391292
012999412493
001249311992
011123911332
129239432391
922939949921
111134995420
012239549921
139939933339
199323339129
244311921111
929911110000

15 8 25 board_15x8_25_90654_none
292111000019332
292192100134999
222129211299594
192123492393392
129119939211111
011112221211122
121100000192299
929100000129222

16 6 17 board_16x6_17_90680_none
0111019100011119
1392011211019111
9594100292011100
3999112492012210
3952119921019910
2920012210012210

17 5 12 board_17x5_12_90698_none
12910000000192291
19210000000113931
22200000011113920
19210111019119321
12910191011111291

18 4 10 board_18x4_10_90711_none
000000019212110000
121100023493910000
939111119939210000
931119112221100000

19 4 13 board_19x4_13_90722_none
9210191111111111000
3921332191191191000
3921992221122322000
9211222910019291000

19 5 20 board_19x5_20_90737_none
9329291012911929221
9393333229211123939
1323929942100003941
0192123992110002920
0111001222910001110

19 12 55 board_19x12_55_90758_none
1221029229201111129
3991039329323911921
9932139322499321110
9411923921995921110
9312213932444922931
9329212932992123939
1293912239553119221
0112112932999111222
0011213922343321199
0019393221912992232
1112933911223932921
9101292110192111291

15 19 42 board_15x19_42_90820_none
121100000001110
939100000001921
493111100013349
992019100019949
221011111112249
001121119101139
001929221212921
001133910193210
011119332229100
019222499211100
012922999211100
013339332229211
019931100192392
013920111111292
001110191000111
000000222001110
000000191001910
110000122212110
910000019291000

10 16 43 board_10x16_43_90865_none
2991001299
9431001932
2921213220
1239292921
1293322129
1944921133
1399391199
0293223332
0111129921
0000193492
0012432292
0019993333
0024999399
1139593393
3949532122
9932991019

9 14 33 board_9x14_33_90914_none
111029910
192149520
333959910
992299521
233349391
129932322
943393391
991139921
943139421
493921291
993121211
221019321
011112991
019101221

5 6 4 board_5x6_4_90951_none
19210
12910
01110
00000
11111
19119

4 4 3 board_4x4_3_90956_none
0191
0111
1211
9291

4 8 9 board_4x8_9_90960_none
9211
1392
1493
1992
1332
1392
2992
9321

10 19 28 board_10x19_28_90971_none
0019911921
0012211129
0001110011
0113931100
0194939100
1229221100
9111101110
1100001910
2210001221
9910000292
2321000292
0191011222
0111019119
0012222221
0019921910
1123933431
1911129993
1110012499
0000000122

12 19 51 board_12x19_51_91001_none
232101922339
999112229992
232119112321
000122100011
011291122129
129212299129
922211932222
111912331191
222112993222
991013999119
942119332111
239111111100
192111229100
111019293311
111011339492
292001295993
292112949993
111192295959
000111129392

19 8 22 board_19x8_22_91055_none
0000292000193929111
1110292000129221119
1910112121122311011
1110002939229392000
0012212932921392011
1119923221110111019
9112392921000000011
1100112291000000000

18 6 29 board_18x6_29_91078_none
013949391000012921
139959421000019392
199494931101233339
232213949201993931
920013349422223942
920019922991001299

11 18 29 board_11x18_29_91113_none
00029201929
00029201132
00023311129
01129911932
12933211291
19392100111
11229221100
00012929100
11001121100
91000000111
11000001291
00000113931
00112293920
11293922110
19339221100
22392119100
19211123210
11100192910

6 18 28 board_6x18_28_91146_none
910000
221111
192392
124993
129992
932443
920199
121239
129111
932111
291019
112121
222910
994231
494929
294231
234921
199391

4 12 9 board_4x12_9_91179_none
0000
0000
1110
1910
2210
9111
1129
1129
9122
2229
2942
2939

4 10 5 board_4x10_5_91190_none
2210
9910
9310
1211
0191
0111
0011
0019
0011
0000

4 8 4 board_4x8_4_91196_none
1910
1110
0000
0000
0011
1119
9221
2910

7 5 9 board_7x5_9_91201_none
0199292
0133329
1129111
1943311
1299291

11 12 20 board_11x12_20_91211_none
92929211019
23121292111
91000139200
22100139200
19100192100
11211122211
00191129291
00223292211
00192922121
00112122939
00000019392
00000011211

15 18 45 board_15x18_45_91234_none
000029200001110
000029311001910
000122291001121
000191112110029
000222012911139
011292129432932
139313932993291
199202922494332
122101111949929
111001112393221
191012911921000
222019321110011
192112910011129
129112211129129
122119112921111
191011119321121
221011112922929
910019101292121

18 19 90 board_18x19_90_91284_none
922922931000019910
933944992110012221
292299432921000019
223233922392000022
393912392494110019
993111922993921011
233222322333292110
129929392291113931
932333949443213949
941294394999392139
991295949349312132
932249942212211939
111949339312922239
001293229493359211
001349113933999200
002992102933953211
014953122393391293
019992929229321399
012322121112910293

19 16 65 board_19x16_65_91388_none
0129100019929129910
1393222123332229432
9392199119229233399
3432222222292399222
9929111292221293100
2332119323910111000
0292011292121100111
0394111221139211291
0293922921299219211
0223292129344211100
1291111134499210000
9211000299933921100
2200012495432239100
9100129923991194421
2221294313941239991
1929229102920193321

18 6 20 board_18x6_20_91458_none
000000001939129219
000000002393239322
111000113932921291
191000294921110111
232101495221101110
929101999119101910

16 4 16 board_16x4_16_91481_none
0111012211121100
0293119943929210
2599323999222910
9999911232101110

8 14 16 board_8x14_16_91498_none
00019119
11122111
92392000
23993100
19339111
11111119
00111011
00191000
00112221
00012992
00019339
00011222
00000292
00000292

5 19 24 board_5x19_24_91517_none
11122
91199
23249
95931
99920
23210
11000
93100
99221
95929
93232
11192
00139
00149
00199
01249
01932
01129
00011

4 16 11 board_4x16_11_91551_none
0000
1110
1910
1221
0191
1211
9311
9391
2321
1910
2221
9219
9322
1292
0129
0011

4 12 7 board_4x12_7_91565_none
0000
1221
1991
1221
0011
1129
1921
2321
9291
2321
1910
1110

7 6 9 board_7x6_9_91573_none
0299119
0293122
1322019
9392122
1392191
0111111

10 4 10 board_10x4_10_91583_none
9921939219
3932239211
1129232200
0012929100

12 5 13 board_12x5_13_91595_none
019929119321
024431223991
019931292221
123939321000
911122910000

18 14 44 board_18x14_44_91611_none
000011239200191029
000019399300112139
000011399200001932
011211122100001129
019291000000000011
122211000012210011
292011211019910029
292019292122210039
111122213920111029
000293113920191011
001399339322221000
002943993393921011
013922349339392229
019211921292229292

19 19 91 board_19x19_91_91658_none
9101921211000191191
1112339291011212332
0019393321019222992
1123922910023939439
9229321110129349211
2922911121292293200
2212222939212239100
9312912953201921100
9393222399223332221
1212933933929949939
0001399211122499931
1233493100012596320
1999922221019996931
1244322992124999969
1129129593292245999
1921239312932019493
1222293202393222332
0192949202949911949
0112139202932211299

18 14 34 board_18x14_34_91762_none
000129112921111211
000192229339119291
000111193921111211
000000112110000000
000000001222110000
000000001992910000
000000123323331000
110112299223991000
921292932299322110
129322232222212910
023910199210193220
019221223911222921
022219101111911129
019111100001110011

17 12 30 board_17x12_30_91798_none
00129100000122100
01292222211199210
01921199291123910
01110133311001110
11000019211000011
93100011392000019
99101110393000022
23222910292000129
02939320111011393
13932910000129392
92223220000192211
11192910000111000

12 5 16 board_12x5_16_91832_none
113992111100
294959119222
294494211299
112999211243
001233911929

8 5 6 board_8x5_6_91852_none
01910000
02220000
13920000
19932110
12392910

4 16 15 board_4x16_15_91859_none
2991
9421
9200
2200
9111
1119
1111
9311
9391
2311
9421
9992
2339
0022
0019
0011

6 18 15 board_6x18_15_91879_none
921100
239211
293291
292111
111000
000000
000000
122100
299100
293100
111000
000000
001110
001921
001139
011129
029432
029991

11 8 22 board_11x8_22_91895_none
93100002920
99101112942
22101923499
11113349959
91192995941
11124444931
00019939491
00012239311

16 4 12 board_16x4_12_91920_none
9100191001922910
1101343101292110
0112999111322011
0192232119291019

18 5 13 board_18x5_13_91934_none
921001110029200011
291012921139300019
112129229129211111
001921222111229100
001110191000192100

19 12 49 board_19x12_49_91948_none
2999100112921119291
9333221292239111322
1101939322194310191
1111292291249922332
1911221111199329929
1122910012332113331
1129311129921111910
9139412944921922321
1129923949211139493
0013922931111139599
0001111110029239532
0000000000029229910

19 14 67 board_19x14_67_92003_none
0111001221002994229
0193323992113999921
0249994959119333221
1299593292233212339
9222211222199119992
2200122393234434431
9323499399119994910
9599993222112499210
9695431011112343200
9923920019239939200
9423920012959549200
2392110001299921100
1921011100234222210
1110019100191019910

17 19 56 board_17x19_56_92081_none
29200011211019100
29211119392123210
11229111392193910
01292100111129210
02931001110011211
02920002931100191
02231113939211122
02949229321292129
02959339200112921
01292292101111121
00222111112910019
11191000193210022
91122101239221119
12129323932939211
01922994932249200
01233334921922210
01299219211112920
02969211100003930
02992100000002920

11 12 29 board_11x12_29_92144_none
01221000111
01992232292
12322999329
29101249222
92211123239
33293392939
99229932121
22124931100
00019229210
22111112921
99310001291
99910000111

7 5 8 board_7x5_8_92176_none
1911221
2343991
1999442
1233929
0001121

4 5 3 board_4x5_3_92188_none
1910
2210
9200
9200
1100

4 6 3 board_4x6_3_92192_none
9119
1111
0000
0000
0011
0019

7 19 27 board_7x19_27_92196_none
0111000
1291000
1921111
1110293
0011399
2239322
9939211
2221119
0000011
0111000
2392211
9959292
4993449
2943992
1129432
0011292
0011229
2229111
9921100

15 12 43 board_15x12_43_92225_none
291012229100000
931019943310000
920025959910011
121119993210129
019124932110293
011129312931292
012239214993221
139931229993921
939921293323249
122322921001949
000294321113249
000299291192921

17 8 35 board_17x8_35_92273_none
92122929921399100
34939234549394211
99493229993339219
22495494449249311
11399992194499200
19334321129943100
11291011112391000
00111019100111000

19 4 11 board_19x4_11_92315_none
0011100111122100011
1129111293399100019
1921129329932101121
1110029212210001910

19 8 32 board_19x8_32_92329_none
1100002921110000191
9111103942911110122
1119102939211921239
0012212242323229399
0001923949399321494
0001294949339921493
0001239343213339392
0001921299101921211

15 18 55 board_15x18_55_92367_none
139311001293210
939493211949921
123959922239491
123993229112321
929321022201921
232211029311139
192291139910029
139312293211121
249311932112910
994911129229210
239210011293210
121211000112910
910191112112220
110112293921910
000012923932210
221019322249200
992123921939200
222912921121100

14 19 45 board_14x19_45_92434_none
00000000111029
01110001291029
01910112933121
12110192292921
91000222112129
22222291001121
19299322001910
11222392112110
00000292191000
00000112343111
12321112999439
19991193359992
12332212923942
00029201222129
12139200192111
93942200129100
13949101121100
12293212910000
91129119210000

11 19 30 board_11x19_30_92486_none
91000000191
11000000111
00000000000
00000000111
00001121392
00002939493
00002933949
01122212942
02949312129
03959492011
02931392000
12121211000
91019210111
11012921191
00001292322
00011229391
00019123921
00022329210
00019292100

7 14 24 board_7x14_24_92518_none
9393222
1399299
0122233
0000139
2210299
9931294
9991249
3431199
1921344
1129299
0012332
0001910
0002220
0001910

4 4 3 board_4x4_3_92545_none
9111
1119
1111
9100

8 12 25 board_8x12_25_92550_none
12321292
19992292
13992111
23321000
99223210
22299921
11245492
92299339
92294921
11223110
11393221
19393991

11 18 35 board_11x18_35_92580_none
12929111100
94232229321
93911944991
12123499432
11119932291
19222210122
23921000019
19392100011
11339210000
11194920000
91113920000
11001110000
11011100111
92119100191
29233200233
12399100299
01943200293
01129100111

14 19 36 board_14x19_36_92620_none
91011101929100
22019101232222
92121100191199
12910000112343
12110000001991
91111111001221
11192291000000
00112922110000
00001111921100
11100001129211
19100111011291
11100191011211
00000111019321
01221001133992
02991012929459
03941019232399
02920011119222
01110000012321
00000000001991

16 19 52 board_16x19_52_92658_none
1233929992100000
2999343559201110
2994929399322910
2433122933929210
9291001111232111
1211000000191019
0000000000111022
1221000000000019
1992110000000011
1222921000000000
0001393100000011
0000299100000019
0000233212111121
1100192293922921
9211239229339391
2391193222944421
2932112922399921
9391002239223229
1211001921100011

19 12 60 board_19x12_60_92718_none
9101921002920019291
1212293223931133311
0293229929391199200
0299224431323259311
0249219921193949229
0193223491129492129
0129239311123933132
0012399410192394949
0002959920222396993
0002934942392295992
1101113992993339432
9100002932239292291

19 8 32 board_19x8_32_92787_none
1929929349201921229
1123332999212239492
0113922493119129932
0294921932111112239
0293111249200000029
0222000199212332111
0191011222119999100
0111019100012332100

19 5 14 board_19x5_14_92823_none
0192211000000000191
0129291012210111111
0122211019920292000
0192221124920293100
0112991192110129100

17 5 17 board_17x5_17_92839_none
00000111011100199
01233493129100122
12999994932100111
19349439492111191
11111111392191111

12 12 37 board_12x12_37_92861_none
019492029211
234992029229
993931011139
332121100139
921019101393
292111101992
239210112232
294922292129
494292922932
993112112392
993012211939
392019911121

8 19 20 board_8x19_20_92903_none
00191000
00111122
00011299
00019233
00011119
00000133
11001299
91001932
11001110
01110000
01910011
01110019
11001121
91123910
12299310
12949200
93221100
29100011
11100019

6 19 20 board_6x19_20_92925_none
910111
110191
000222
000191
111221
911910
221121
920019
920011
110111
221293
992399
943932
239210
193200
129100
122100
191111
111191

4 8 6 board_4x8_6_92949_none
9391
9311
2210
1910
1221
0191
0122
0019

10 6 16 board_10x6_16_92956_none
1100111019
9322392011
2993993000
1249692111
1129933392
9112392992

18 19 49 board_18x19_49_92976_none
121229211191000192
929393392111000129
232392393000011111
392111293111239100
992012322911992100
221029911222221011
000029321293210019
012221119339921111
019910012922239200
012210113342239200
000000192999292100
000000112232322000
110000001111291000
921211001912931122
129291001112920199
011211011101121333
000000019100019292
000000011100011229
000000000000000011

18 19 62 board_18x19_62_93034_none
922939201911910000
239239201111121211
292223210001129291
921294910001921211
221299431001121111
192244992100019129
224939349200011129
193942229200000122
223129111211000191
192133322391111111
112929929931191111
002232223920112291
002920001221002931
002931100191002920
001249200222001110
011299300192100122
019349200129212299
011293322111292959
000129299100112292

18 10 32 board_18x10_32_93105_none
111111019920199100
191191014941123210
221112112992001921
910001911393112391
220001110129229322
911110111012921291
111910191001110222
012211233332101291
019102939999211932
011102932333911291

15 4 10 board_15x4_10_93141_none
000111001911110
011291012212920
129321129113920
922910192119210

12 4 12 board_12x4_12_93152_none
000001910191
011102342222
019223999329
012929959392

6 14 12 board_6x14_12_93169_none
112910
192221
111191
000122
000019
111121
932910
992110
221000
000000
122100
299210
294910
112110

4 19 19 board_4x19_19_93183_none
0129
0293
1392
2932
9339
1292
0111
0011
0019
0022
0019
0011
0111
1292
9349
2939
3453
9999
3942

8 8 8 board_8x8_8_93204_none
01110122
01910299
01121393
00019211
00011211
00000191
01111221
01911910

15 5 19 board_15x5_19_93216_none
029219119239322
029333211299399
122299100134432
192333100029931
129291000029939

17 8 28 board_17x8_28_93236_none
93210019101110019
29921222101910011
12229391001111110
11112933122333910
29101293929999421
92100139322349492
33101139211222392
99101921119291111

19 19 76 board_19x19_76_93269_none
0292139212922910000
1393299219493220122
2939332223922910199
9222921394334320122
2201129399399910111
9100011223494221291
1100012211921019211
0111019923221121100
1291123392912920000
9212291112112932210
2201921011212129910
9212110139493112210
2391001399499100011
9322124993233211229
1291299943239229292
0122394393993921322
1129322239433110191
2923932932391000111
9212939229211000000

17 16 57 board_17x16_57_93353_none
00193920294921191
11214941399393332
19102949445549939
11112239499993392
12139212495421111
92939201949211100
12132201249219211
00019100192112391
00122100111001921
00192222110001110
11212993910000000
29113694110012221
92119993100019939
11124959200012393
11193239211101239
91129111119101921

14 10 19 board_14x10_19_93417_none
11001392191111
91001992222191
11001221191111
00011101221000
11019101910111
91011102221291
11000112922921
00000192293231
00000112233929
00000001929221

7 4 7 board_7x4_7_93443_none
1101121
9101939
2322393
1991292

5 6 7 board_5x6_7_93451_none
92011
93019
94221
29920
13920
01110

4 14 8 board_4x14_8_93459_none
0000
2210
9910
2321
1392
1993
1392
1211
9100
1100
0000
0000
1110
1910

5 19 26 board_5x19_26_93468_none
93111
99229
33392
39322
99329
34921
93210
29100
11111
12129
94921
99420
39931
24991
93221
93211
29291
12321
01910

9 16 25 board_9x16_25_93498_none
029200000
029200000
011211111
001292292
112922939
292111121
932101110
129211910
122922210
921129211
920023491
110019921
011123310
129229210
932293921
291112291

10 14 21 board_10x14_21_93527_none
0000001910
1100123210
9101299200
1101959200
1224492100
9299921000
1334221100
0192129100
0112933210
0012392910
0019323220
0012912920
0001112931
0000001291

17 4 18 board_17x4_18_93551_none
19111101129910011
11129311933310019
12149943239322111
92939999129399100

19 8 23 board_19x8_23_93572_none
9100019100002920111
1100022211213920192
0000019229294320139
0000011293349910039
0000000112939310029
0111000001122210011
0192100012323920000
0129100019993920000

19 12 34 board_19x12_34_93599_none
0192119929910111019
0139212222210191011
0029200000001332000
0011112210012991000
0111019910019321111
0292123210011101291
0393192121100001921
1393323939200001121
1939292139421011119
2222321023991019111
9211910019321011100
2911110011100000000

14 19 54 board_14x19_54_93635_none
29910000123991
29322211299432
11129911943391
00139311129321
00293101233910
00293101992121
00129102331019
00012211921111
11112922129111
19229492011229
23932392011292
29492333129311
39449399129310
93939322124920
12232100129920
00293100194310
00299200129211
00139211112392
00011119101939

6 6 9 board_6x6_9_93697_none
019939
122393
920129
921232
111991
001221

4 4 5 board_4x4_5_93707_none
9292
2349
1939
1121

4 8 4 board_4x8_4_93714_none
0019
0011
1100
9100
1111
1129
1921
1110

4 10 6 board_4x10_6_93719_none
0011
1129
2921
9210
1111
0019
0011
0011
1129
1921

5 12 11 board_5x12_11_93726_none
11011
91019
22122
92191
94221
93910
23110
91111
11192
00139
00029
00011

6 14 18 board_6x14_18_93740_none
192299
129332
012910
222121
992119
249222
039429
139392
921322
121291
019211
011211
000292
000292

8 18 36 board_8x18_36_93762_none
93211191
99291111
22212110
01111910
02932210
24939100
99332311
49329391
39229311
94432211
39992292
29943939
23493231
19212921
22213349
29219939
39322221
93910000

10 19 47 board_10x19_47_93803_none
1110001991
1911111332
2212921291
9434921921
9999333321
4653399291
9991293222
2322222239
1111933992
2912499421
9311999211
9312393119
2392322022
9229291019
2221222111
1921229210
1239394920
0193934920
0112129210

14 18 35 board_14x18_35_93860_none
91019100000000
11011100011100
11122100019210
91199222123910
22122299119210
91001232111100
11002920000000
11113920001110
91192110013920
11222001249920
00191112999310
00222192393100
00191122222111
12221129129219
93920192129211
13920111012210
01110111001910
00000191001110

17 12 35 board_17x12_35_93899_none
00011100019293931
01239101232213992
01993201991001392
02349212221000111
02931291001222221
02931111001993991
24491000112393221
99921111191111000
95421191111000000
39391122211000000
29311019392111011
11100011392191019

19 5 25 board_19x5_25_93939_none
2920001921191111029
3942101292323293239
9499100129293959942
3933332111213994991
9211999100001222221

18 6 16 board_18x6_16_93967_none
110019100011101910
910012210019101110
220001910122100111
911222111291000191
112992101943111211
002949101299119100

15 14 51 board_15x14_51_93985_none
110000001929100
911121112221111
112939119111119
223943221119221
993392932113942
239322399335999
013932596999993
002949996964321
123359996991000
949949439931000
993392223210111
221111191001291
000011211001932
000019100001291

7 18 16 board_7x18_16_94042_none
0112291
0193931
0113920
0001110
0111000
1291000
9211000
1100111
0001291
1101921
9102220
1113920
1139920
2939310
9221100
1100000
0000011
0000019

4 10 10 board_4x10_10_94059_none
9200
9200
1211
0191
0111
0011
1229
9493
2994
1399

4 4 3 board_4x4_3_94071_none
1292
1939
1121
0000

4 4 3 board_4x4_3_94075_none
1211
9291
1222
0019

7 6 6 board_7x6_6_94079_none
0000000
0111000
0193321
0139991
0139421
0192100

8 8 11 board_8x8_11_94086_none
91191000
11222000
11292000
91393000
11393000
11392111
19321292
12910292

10 12 30 board_10x12_30_94099_none
9323921100
9399229100
2444322100
9299291011
1233311029
0129100029
1293210133
9423910199
9492221133
9311293229
2212499392
9119949311

11 14 42 board_11x14_42_94136_none
93911139229
93111949439
33112249492
99229239422
35942292291
19993221111
24993921000
29543291000
94992232100
29433929100
22493121211
19393110191
23533921333
19992129299

14 18 58 board_14x18_58_94183_none
00293110000011
00294921111019
12239491192132
92922943213959
23211299312999
19221239911243
23939124420029
39593119910029
99493124531011
22229229992000
22123933593011
99119491293229
33212932129393
29202391011494
29201943100299
11212299100122
11291122101110
19211000001910

16 19 53 board_16x19_53_94248_none
0000113939921000
0000195942492000
1232229920292000
1999223221212110
1354391019211910
0199212122911121
0122112911110129
1100019321000192
9100023491011222
1100019921019119
0001122210122111
0001910001392000
0001121113992111
0000029219942291
0000029214931921
1111111114931110
9129311129921110
2339493294311910
9292399229101110

19 10 51 board_19x10_51_94308_none
1939311011293929392
2249392129349432493
1922322922949392393
1111911222292229459
1123442291111013999
2939999312110113993
2933569212921292232
2221993339239311019
1923454993129200022
1292999492011100019

18 5 19 board_18x5_19_94364_none
029219129310011291
029223339910019211
132329923320122111
949393211910191129
299311001110111192

15 5 11 board_15x5_11_94390_none
910000001910000
221011101111110
292019100001921
493022200001292
992019100000129

8 16 31 board_8x16_31_94403_none
19111100
23329100
19931100
14931110
13922931
19323939
22393221
29439210
49493910
99312110
33312121
19393929
12939332
12233492
19229949
11294931

4 19 12 board_4x19_12_94440_none
0011
1239
1992
2332
9219
9211
3310
9910
2210
0000
1100
9100
1100
0000
0111
0191
0111
2210
9910

4 10 12 board_4x10_12_94456_none
2991
2931
2210
9200
9200
1100
1232
1999
2479
1999

7 5 6 board_7x5_6_94470_none
1910019
2220122
2920191
2931211
1129100

10 4 6 board_10x4_6_94478_none
9210000191
2910111111
1121292100
0019229100

12 6 16 board_12x6_16_94485_none
139200001291
299211101921
293119322110
112133993111
001929499229
001121239229

16 12 50 board_16x12_50_94502_none
1139229212339111
1939339339992119
1121294499432111
1121339942119210
1939394920012921
2496932110002392
2999931011101949
3995391019101292
9493232223210111
2324959393920111
9119999424920192
1112332292110129

19 19 52 board_19x19_52_94560_none
1991191000191191000
1221111000111112121
0000122211001111929
0000199291001911121
1222233311001110000
9299229211000000000
1222294491000111000
1110239922110191011
1921193211910122119
2392211001221029322
9339100000191139391
1294321101221192211
1239939202920111000
1923459202920000000
1222992112211110000
2392221019211911110
9921111012912221921
2210191001111911291
0000111000001110111

19 16 73 board_19x16_73_94616_none
2921393910000000191
3932994342111100111
9229322999329222100
3433323499943499100
9992992956939943100
2433222299222391111
1392111134321333291
9492191139929399322
4931112299321394391
9932211932100249311
2229922321000199200
0012339391111122100
0000295922393101110
0000399322999101910
0001395922993102342
0001923921221001999

15 6 16 board_15x6_16_94700_none
001991191123921
012321112399391
129100001993322
921100002343391
121100001929921
019100001122210

9 5 9 board_9x5_9_94717_none
199100292
133211392
129119211
921122211
110019119

7 8 14 board_7x8_14_94727_none
1921211
1129392
1112939
9102231
2211910
2933320
3959921
2949491

6 10 16 board_6x10_16_94744_none
019210
013931
002992
012339
129332
295991
396941
294920
235320
199910

4 14 14 board_4x14_14_94765_none
2921
9391
1211
0000
1110
1910
2321
9392
2493
9229
2222
9119
3432
9991

4 19 11 board_4x19_11_94782_none
1110
1910
1232
0199
0122
1100
9200
9211
2219
9111
1100
0111
0191
0111
0000
0011
1129
2921
9210

8 12 23 board_8x12_23_94795_none
11111100
29329210
39944921
94499391
12943422
02239392
01923959
12212992
19112432
12229392
12921392
92110111

12 5 8 board_12x5_8_94822_none
929210292000
233910292000
192110111000
222000011100
191000019100

17 5 20 board_17x5_20_94834_none
91111129119291029
11191192111322029
11222212111292122
29349201912949119
93999201112931111

19 18 46 board_19x18_46_94859_none
1110001910000000000
1910001110111001110
1110000111192111910
0000111191112912220
0000191111001111910
1112332100000001110
9239929100000000000
2949332201121100000
1292119112939101221
0111011129492212992
0000111139311192392
1110191192112332322
1910111111019939291
2231100000012393332
1929222111112322929
1232299119119932121
0191122111113992100
0111000000001239100

14 14 47 board_14x14_47_94907_none
11192921292191
91223293492122
22191239932119
93222294349211
94921922939200
14942111232111
13992011291139
93392029322299
93122239219239
92129292112232
22192211002939
91111001112931
23110001922232
92910001291199

6 4 4 board_6x4_4_94960_none
002991
002931
112110
191000

4 14 8 board_4x14_8_94965_none
9291
1211
0000
0011
0019
0011
0000
1100
9210
2910
2221
9129
1129
0011

5 18 13 board_5x18_13_94974_none
19100
22211
29329
39921
39410
29200
22211
29219
29211
11100
00000
11000
91000
11000
00000
01110
12910
92110

7 19 28 board_7x19_28_94989_none
2991011
2931019
1111132
0112929
1292121
9222211
1129491
0039921
1139542
2933999
9339332
3932111
9491019
2921011
2210000
9211000
2391000
9321000
2910000

9 19 44 board_9x19_44_95024_none
029311139
139911949
294312392
959211932
994911129
994220122
933920191
123920222
239210192
994210249
393910199
112221139
000192232
011224991
019229952
011395939
111294231
191112921
111001129

12 14 37 board_12x14_37_95077_none
123929229392
199222922939
133201222243
139310191199
939911221122
122211921000
000001291111
012222321292
019939911392
013932211921
001110002231
123332101929
299999212232
949432291191

16 8 17 board_16x8_17_95120_none
9111299100001121
1119222100001929
0012210000001121
0001910000122100
1101110000199111
9100122100233119
1100199211291022
0000139219211019

18 5 15 board_18x5_15_95138_none
232100019210112991
999100023910193331
232211019321112910
000292022391002220
000292019211001910

19 10 33 board_19x10_33_95157_none
1921211001121100122
1239291001939211199
1292211012393391133
9321111019212921019
2911291122101221022
1111921191111191019
0112110111192333111
1392011100129399321
9393129100022494991
1212921100019212221

18 14 34 board_18x14_34_95195_none
910000111111000111
110000191191001291
000000111112111921
000000000001923320
000000111001139910
000012391011129310
111019932119232311
293122229112929291
294931123311122321
224939229910001910
192123943421001110
111002939291000000
001222121322001110
001991000191001910

15 19 58 board_15x19_58_95233_none
029200000000191
139200000111111
921111111291000
220129229222100
920194922229210
931229332934920
239112939229931
921112494222492
110019495922393
112121399493939
193920234494221
113931292939100
222129333221100
991012929100000
222112342100111
001912992100191
123322959100111
939911393112210
139310292019910

11 19 55 board_11x19_55_95294_none
11192291011
91223943239
12292299299
02942122239
02992110011
01233932100
11229399100
19293323332
11229222999
22112929494
99113332449
95329922992
29944449321
25992992100
95942222110
39943333910
29599999210
12949432100
01121100000

7 12 12 board_7x12_12_95357_none
1110000
1910000
2220000
1910000
1110111
1110292
2921292
9391111
1212121
1112939
2922931
2921110

4 4 4 board_4x4_4_95372_none
1110
1921
2492
9392

7 12 11 board_7x12_11_95378_none
0191122
2321199
9910122
3310000
9200000
9311000
1392000
0292000
0111000
0112110
0192910
0112110

15 19 67 board_15x19_67_95390_none
129100123992111
293211299493292
292191394239439
222111393039942
292111394239991
292293499293321
111299493211011
000149422100019
000139219101232
111193222211991
291113922932321
932002922939111
291123222332119
222199119492022
294333222993119
299911922339111
139311239112210
133311292101921
929911921001291

18 12 30 board_18x12_30_95468_none
920000000001929910
920011111101233321
110019229210191191
111013932911221122
192112921111910019
222922110001221011
921291111111192221
920111191191112991
110011211111113442
011119100000193991
019111100000129321
011100000000011100

19 10 28 board_19x10_28_95500_none
0194920001292922229
0239920001923239921
0193210001111922210
0111011100112111121
0000129100191001929
1212293211221001121
9292923921910011111
1212123921110019119
1110019210000022211
1910011100000019100

19 8 27 board_19x8_27_95533_none
1222291001910000019
9299432001110111122
2333992000011293391
1911392011119229921
2211221029321112210
9311922239910000011
9912239922211110019
2211922210001910011

17 6 18 board_17x6_18_95561_none
11000000019119211
92222111111111291
29299119111100222
11334222339210191
00193921994921111
00113921239391000

10 18 43 board_10x18_43_95580_none
9321002949
3992103993
9339114992
1111129931
0000029310
0000011100
0112110011
2392910019
9945320011
2399921110
0125942910
0002995320
0113499921
1292944229
2933292233
9391139399
2332129333
1929111119

8 19 40 board_8x19_40_95631_none
19221292
12929339
01134931
00019931
00124349
12494949
29999592
93349921
11013431
00123991
01299542
12944991
95492232
99921019
39310011
11100000
11122111
92299229
12932292

6 19 23 board_6x19_23_95676_none
192221
223991
193331
223910
192110
222000
191000
122100
129100
932200
129210
012921
013349
129939
193221
232211
929392
242493
929229

4 6 6 board_4x6_6_95706_none
2920
3931
9491
9311
2200
9100

9 6 8 board_9x6_8_95714_none
000193229
011229921
129112221
921100019
220000011
910000000

14 14 41 board_14x14_41_95723_none
92911910129921
24232210294391
92929101393221
12121213932910
11000193921221
92000112110192
92012322111239
11019993932921
01122324993110
13931002993121
29991113332929
29421194921121
12210129930000
01910013920000

15 16 58 board_15x16_58_95774_none
123939422110192
399349993910239
994923449221293
933232932119239
222939392122229
923931229119222
239210022322291
921100139393321
110000299329910
111000394223210
191000292191000
111000122212221
110001239211992
910001993922393
231101334493349
929100192999299

17 19 82 board_17x19_82_95843_none
12221000129391191
93991000295942322
94321011496949291
29210019494932321
23922222922122910
93339932211139310
29394939213949311
24933231294941291
93921911223942211
23211122912399111
19111129311943129
12239339212493129
01939933329599122
02243339922994219
01929239311359321
12221293201299910
29322339112944321
39929931229229229
93223920192111292

19 18 50 board_19x18_50_95937_none
0000011100000000000
0000129100000112221
0011293201110192991
0019229112922233321
0022222229494959311
1129129229339999592
1921129222229559592
1110011119112393921
0000000012211933110
0000001111912391111
1110001911111921192
1910112110112121229
1111291000292019111
0112921000292011111
0193210000111000029
0129321000000011129
0123991000000019222
0192221000000011291

19 14 40 board_19x14_40_95990_none
0011100001110019111
0019100001910012229
1111111101121101921
9210019100019212110
2910011100011291111
1110111011100111191
0001291029311000111
0001921149492110111
0113220199323910191
1292910123229210111
1922110001944310111
1221111001299910292
0294493100235431292
0299999100192991111

19 10 39 board_19x10_39_96036_none
9212911911929119100
9219211112231112221
1123311111910001939
0029923921110002249
0039539932210112921
0039493239910294220
1139312139310294920
2942201921211113920
2939212222293211110
1121291192939910000

14 4 10 board_14x4_10_96079_none
91000001939993
22100001293499
19100000111233
11100000000191

10 8 12 board_10x8_12_96090_none
9201221019
9213991122
1119942291
0124339211
0192921100
0112110000
0000000011
0000000019

4 19 17 board_4x19_17_96104_none
0000
0000
0011
0019
0022
0019
1111
9100
1211
1393
2999
2942
3431
9992
3449
2921
9310
9410
9910

4 19 10 board_4x19_10_96123_none
0000
0000
0000
0000
0011
0019
0011
0000
0111
1292
1939
1232
1291
2921
9221
1119
0022
1129
1921

5 12 13 board_5x12_13_96134_none
19229
11292
00111
00011
00129
12392
19932
13491
01921
12321
19492
12992

8 6 13 board_8x6_13_96149_none
12991111
19443291
22299211
94332100
99921121
24921929

14 5 9 board_14x5_9_96164_none
99101111110000
22212922921000
00193392291000
11212921111000
19101110000000

19 18 82 board_19x18_82_96175_none
0292294929291112110
0292299332211193931
0222233292111223992
1292392223923932492
9322993292293949421
3933332921112139910
2992923220111013320
1234492910191001921
0019932121211001129
1113932129112321011
9101293921119992211
1211129210013959391
1291012210001293921
1932001921000223121
1394333392110192229
0399999213932459494
0396994202949999499
0293239101294942222

19 19 48 board_19x19_48_96267_none
0000001110292000019
0001111910292011111
0013921110122119100
0029930111019222210
0039920191012911910
0029321211112111110
0011119211191012210
0001121293321019921
0001921229910123229
0001129223331291011
0000012911939311000
0000001111139321211
0000000111012929392
0000000292001244592
0111000292000199932
0192121211000123391
0112929100000000111
0001133310122100111
0000019910199100191

15 10 39 board_15x10_39_96320_none
121100112939211
929321293292292
122992394211249
013593399101399
129939344312999
943232499493259
991019399492039
332121222212139
911910000001932
111110000001291

7 5 5 board_7x5_5_96366_none
9201939
9201139
1100011
0000000
0000000

4 14 14 board_4x14_14_96372_none
1949
1299
0133
1119
9111
1111
1239
1993
1392
0222
0192
0239
0193
0129

4 19 13 board_4x19_13_96389_none
1100
9100
1100
1110
3920
9920
2210
0000
1110
1910
2321
9491
9931
3920
2210
9100
1211
1291
1921

4 19 13 board_4x19_13_96404_none
0199
0122
0000
0122
0199
0139
0011
2210
9921
3339
9239
2921
1110
0000
1100
9211
1291
0111
0000

7 18 21 board_7x18_21_96419_none
1912942
1112999
1111232
1921100
1129211
1111291
9211211
9319100
9211111
1100019
0111022
0292019
0292011
1221000
2921110
2932910
2239210
1921100

12 8 24 board_12x8_24_96445_none
122222493929
949939993121
949493332111
232322019239
292291012939
949322101121
149329200000
029229200000

16 4 9 board_16x4_9_96473_none
0000011111100111
0000139329100191
0000199922210122
0000139311910019

18 5 16 board_18x5_16_96483_none
013993931000000192
029933991112221129
029311221193991011
012221100113931000
001929100001110000

19 12 62 board_19x12_62_96503_none
1111911923992111239
1911111239949119499
1121112494221224993
0019229992000194942
1122934931000129229
3932129210000122222
9991011101232392192
3432121113999493229
2922929229969449333
9329223945963399399
9332313993999322222
2929292222249200000

19 16 64 board_19x16_64_96579_none
0019992100111019299
0023439100191012343
1119112211332001929
9211101923992113331
9211101239959219921
2229100193239212391
1922222322121112321
2222939911910129910
2912932211110194320
9321111110111112921
3931112921292113249
3991192292392192949
2931111223921234392
1110000193221299211
1111232239329222211
1911999129921100191

16 19 45 board_16x19_45_96651_none
0000000000112991
0000001122392332
2210112929921191
9910194332210111
3310239910000000
9100193210000000
1101222110111111
1111911910191191
2911112221221111
9210001911921000
1212111122492000
0293922229393110
1495229921213920
1999234321113931
1243399119119391
1239222111122311
2992100000019100
9321000000011100
1100000000000000

12 16 49 board_12x16_49_96701_none
000292000000
110394112210
910299229910
110233294431
111191113991
292221003952
922910002959
111222222299
123494994332
299999699921
297979694239
129949921029
123344310122
192299211291
239223911932
192101111129

9 10 22 board_9x10_22_96758_none
199399929
122496332
000299119
012332233
239920199
995920122
394211110
129101921
011102391
000001921

6 5 4 board_6x5_4_96785_none
000292
000393
000292
110111
910000

4 8 8 board_4x8_8_96790_none
1100
9100
2311
9291
1211
1111
9439
9992

4 10 11 board_4x10_11_96800_none
9100
2200
9111
3339
9949
3942
3491
9921
2221
0019

5 14 15 board_5x14_15_96814_none
12210
29910
94331
12939
01139
01121
02942
02999
24442
99921
23339
00192
00111
00000

10 19 34 board_10x19_34_96831_none
3939100191
9943210122
2392910129
0113331192
0002991222
1102942292
9101129229
1100022222
0000019119
1111122211
9129219100
1129211100
1132200000
1939200000
1139201232
1111101999
9100012332
2322129111
1992921119

16 12 47 board_16x12_47_96874_none
9299229391001929
1239459632113353
0123999991192999
0294465421123359
1393999201139229
2933349201939211
9229123311121100
1111119911110011
0111123211910029
0192292101111249
0123939221101993
0019222929101392

19 4 13 board_19x4_13_96936_none
0000001291011100191
1100002942019100111
9321103991123210000
9929102931192910000

19 6 31 board_19x6_31_96952_none
2910001923992000191
9310013494993122432
9311119939323959991
9329112222212999532
3931112322911343292
2920019992110191129

15 16 35 board_15x16_35_96987_none
000000111191191
000001291111111
000001921000000
121101110000000
929101110122111
122333921199119
001999492122111
001232392001110
000000111001910
111111001122210
191191001929100
111123223331100
111019929911110
292112222322921
939101232293392
121101999212939

10 19 41 board_10x19_41_97025_none
0192100000
0239100000
0192111100
0111139200
1111299200
1923942111
1129920029
1235420139
9399910192
2933211221
1232101910
0199322221
0134991192
0019321249
0022312399
1239492994
9399932392
1395932221
0112292910

5 12 13 board_5x12_13_97071_none
01910
02220
01921
01129
00011
22100
99321
23991
13542
29992
29949
12221

4 8 5 board_4x8_5_97086_none
0019
1222
9291
1222
0019
0022
0019
0011

5 5 6 board_5x5_6_97092_none
01110
12910
19332
22499
19393

7 8 13 board_7x8_13_97099_none
9111392
1119392
2222432
9911991
2222321
0019222
1111399
9100293

10 14 21 board_10x14_21_97114_none
0000000011
0000000139
0000111199
0012391122
2339921000
9993210000
2332100011
1139200029
1939200039
2232200029
9119100011
1111112321
1100019991
9100012321

11 16 25 board_11x16_25_97141_none
91000000019
11000000011
00111000000
00191000000
11111122111
91000199129
11011333129
00029592022
01139993119
12922449122
19210192119
11100111022
01110011119
01910019111
01111122321
00001911991

18 16 71 board_18x16_71_97168_none
192223932222111929
224994992993911232
294993222393110191
293221000112110111
112121211012921000
001939391029592011
222294932139492019
991129391192322122
931123321112291293
221393921102942399
922993129212992494
933964223932449392
922999912939292211
111234333331212110
111124939910012921
191199932210019229

19 12 40 board_19x12_40_97249_none
0019392000191000000
0011392011211000000
1111323129211112110
9129392921392192910
1129312221292223110
0011101292343393110
0001222922999494932
0001992111343394399
0002342100191112932
0002959211211012210
0113999319211029200
0192249211291029200

19 10 28 board_19x10_28_97297_none
1910123910199200000
1110199210149411000
1110122111129391000
1921000019111211000
1292100022200000000
0239100129211110000
1292100193922921000
2921012322292291111
9321019910111112392
1291012210000001992

18 4 16 board_18x4_16_97327_none
199101111291129929
233101911921193332
192102222231322191
129101911929291111

15 6 22 board_15x6_22_97345_none
000019292129111
001243423921239
001999392110299
001369411011394
121299200029449
929222100029939

11 12 20 board_11x12_20_97373_none
11019101239
91011101992
11000001221
11001110000
92002920011
92002920019
23111110011
95920000000
99920000011
94210000129
22000000193
91000000129

7 19 27 board_7x19_27_97395_none
1939421
1249992
0193339
0111011
1111110
1911921
1222292
1293339
9349932
2939492
2221229
9100011
1100000
0011111
0139229
2399229
9932111
2210000
0000000

5 19 26 board_5x19_26_97425_none
12110
92921
23391
19321
12910
01221
00192
00239
22394
99499
34943
19391
12321
13920
19942
12499
11499
29593
29921

4 10 5 board_4x10_5_97454_none
9211
1291
0122
0129
0192
0111
0000
0000
0111
0191

6 5 6 board_6x5_6_97460_none
139219
199211
122100
000122
000199

11 6 15 board_11x6_15_97468_none
12911292910
93221922110
24943210000
29999211000
94344491000
92019921000

14 10 20 board_14x10_20_97485_none
01129100019299
01921100011333
01110000001291
11000000112921
92111001292110
93291001943100
29222101299100
11119100122100
00022201110122
00019101910199

18 19 83 board_18x19_83_97507_none
122929101129211019
939322211922392111
139201912333949100
132201112994953200
939321002949499211
394991012233932291
924941129229210111
112931192292101221
113391111222002992
193953211192224992
113999291129399432
001233321011394492
111012910001239392
294229210123921211
399932312299321100
955339292949229200
993932334343239300
495391299399129311
299211293393111291

19 19 95 board_19x19_95_97601_none
0191011101111129211
0112129223912932391
1102932399323921921
9202921943292111110
9323322291111001110
2399291111011113920
2942222100129239920
2932139200194939420
1292949200129344910
1213392211122399210
9323922393292496421
9399321995922999993
1223923499323344999
0012392943392912359
0019213359312223942
0011101999212394939
1233323342229959332
1999994932396959319
1394339992999239211

19 16 54 board_19x16_54_97712_none
9392929100000000000
9422122210000000011
2910012910000112129
1121119210000193942
0019111112222323991
0011212129929912442
1100193943444311992
9210114949399112339
2910113932933229221
1122392111111922910
1129932000012211110
2943592122119100011
2949493199111211019
1293493232211191011
0129212910192332000
0011101110112991000

15 5 18 board_15x5_18_97775_none
910029322999100
331029929344321
992112332229929
239100192293332
011100112921191

12 4 12 board_12x4_12_97796_none
191002932910
122114949221
019239942119
012939491011

9 6 10 board_9x6_10_97812_none
110001910
910112110
221292000
192393121
129212949
011101299

7 10 9 board_7x10_9_97823_none
0019210
1113920
9102920
3311110
9921100
2229100
0122100
0191000
1221000
1910000

4 19 19 board_4x19_19_97833_none
1110
2910
9320
3910
9321
1291
1221
3931
9991
2432
0292
0394
0299
0133
1129
2931
3952
2999
1232

5 16 12 board_5x16_12_97854_none
00000
00000
00122
00199
00122
00111
11191
92232
13939
13942
93391
39311
29200
11100
00011
00019

12 4 13 board_12x4_13_97867_none
911921199292
122391134439
029423129921
029392922210

19 12 40 board_19x12_40_97884_none
0199394210199129200
0122399920122129200
0122346931101121100
0199299439101910000
0122349392102231100
1221294311001929100
1992299101111121211
1392122112921000191
0112222129492000111
1222993921392000000
1992349211221000000
1221192101910000000

19 19 88 board_19x19_88_97928_none
9910000111122111291
2221111292399219211
2229119339399222311
9921233392223349391
3310199222112999311
9211122119119442100
2393211232223910000
1949921991192110000
3349932222332001110
9932391112991012910
3920234393442019210
2231299932991011100
1939249922331123210
2494239522911299931
9499339393343934991
2599392212999222321
9495321012454329321
1393911129299494992
0112111921239493392

18 19 74 board_18x19_74_98035_none
920001991191000111
931101221122100191
349111211019211111
992119291122291000
232222211293222222
129391000299219299
193922111369421239
222111911999921011
920013321259591000
931119910139311000
129235420293211000
011299910292292000
000124320111393000
000123910000294332
000299210001239999
121395311222923999
949439911993221393
299495422332921211
123939911911129100

11 8 22 board_11x8_22_98114_none
00001911939
11112211292
29339211211
29949229311
13932239391
13232943322
93929399229
93121222292

10 6 16 board_10x6_16_98138_none
9119911399
1223322999
0191193332
0111249310
0000199932
0000123399

8 4 8 board_8x4_8_98155_none
00029910
00029420
11123932
19119399

5 5 3 board_5x5_3_98164_none
00011
00019
01121
01921
01291

4 12 9 board_4x12_9_98168_none
9100
1100
0000
1121
1939
3492
9942
3939
1121
0000
0011
0019

4 14 13 board_4x14_13_98181_none
0122
1399
9393
1222
0019
1222
9391
9411
9300
9200
1111
1239
1992
1221

4 16 17 board_4x16_17_98195_none
9921
2391
1332
1992
1393
1229
9221
2910
2221
9219
9211
1111
1249
2999
2942
1110

10 16 24 board_10x16_24_98218_none
1922210000
1129910000
0013320000
1122921222
1929449399
1122993932
0112222110
0192100111
0129100191
0011101221
0011112910
1129219210
9129222200
1112229100
0012921211
0019210191

11 14 28 board_11x14_28_98244_none
12221393929
19959494231
13999313920
01232102920
00001111110
11101910011
19112210019
22219211122
19111291191
11100112332
00000113992
00011294992
00019325941
00011293920

14 10 33 board_14x10_33_98274_none
11101399229932
19211994923599
12911333111993
01221191013442
00191122229939
00112129394449
00123922939292
11299222332211
91294229391000
11112922921000

16 6 26 board_16x6_26_98310_none
9229101999292921
4943311343212139
9939921394210029
3322229399921011
9210123349492100
2910192921229100

18 4 15 board_18x4_15_98343_none
921910019292101129
921110122239201921
111110292139323210
001910292192299100

19 4 11 board_19x4_11_98360_none
2910112910000019921
9211292110000023329
1101921011100019122
0001110019100011119

19 6 18 board_19x6_18_98372_none
1911910000011100000
1123320000029200000
1139921100039300000
2939329222239200011
9432111299292211019
9391000122211191011

18 14 68 board_18x14_68_98393_none
019910192911921291
023432212111139322
129399211100139439
192399219211293993
122223334932922493
029422993939221392
029992233221229322
024943349201292292
139439999201932229
959922333211139222
994320123921129329
333910299329124942
393121399212229992
992019222101922339

11 18 29 board_11x18_29_98471_none
01921019100
01291011111
11112122229
92112929921
29119222210
11122200000
00129210000
11193921100
92112129100
93112132200
93192929100
92112122210
11000012910
00001129321
00001921392
00001121392
01110019222
01910011119

5 6 8 board_5x6_8_98503_none
22211
99291
33322
19239
12949
01292

4 5 4 board_4x5_4_98512_none
1910
1121
0019
2221
9910

4 4 3 board_4x4_3_98517_none
0111
0192
0239
0192

4 6 4 board_4x6_4_98521_none
9229
3931
2920
1110
0000
0000

10 19 33 board_10x19_33_98527_none
0000001929
1111111132
1912931019
1113992121
0002932910
0123322110
1299291000
9222211122
1111100199
0019101343
0011101992
0111001239
0292000011
0293223210
0239399910
0293495210
0292293121
1212222929
9101911121

16 16 53 board_16x16_53_98565_none
0002920112239921
1223931192994439
1993391112239292
2349212221022311
1921112992129311
1110019349229391
0000011129211222
1100001132201239
9201111939201993
9311912359201249
2911111992100029
2210001221122111
9100000112299210
1100000193944921
2321001249439339
9991001939922921

19 4 11 board_19x4_11_98625_none
0123210000001910000
0199910011101111221
0135431119100001992
0019929111100001239

19 4 11 board_19x4_11_98637_none
0122100001110000011
0299112211910000029
0394119911110111139
0292012210000191192

16 10 41 board_16x10_41_98649_none
1939339492012921
2239949693019229
9223249592012221
1392139532001921
0292193991002392
0111223221113949
0001394321193931
1212999993234331
9293344593929929
1229119212122221

9 19 24 board_9x19_24_98696_none
111122910
911929320
111122910
000123210
000199100
000233100
011291011
019211029
011100029
000012221
110019910
910012210
220000000
920000000
931100122
129210299
012910293
122221211
929119100

4 14 17 board_4x14_17_98722_none
9211
9219
2221
1921
2392
9239
2239
1921
1110
2210
9920
9931
9592
9329

4 6 4 board_4x6_4_98742_none
1119
9111
2200
9211
1291
0111

6 4 4 board_6x4_4_98747_none
019920
013920
002220
001910

8 6 12 board_8x6_12_98753_none
01122221
01939939
01139593
11112939
29312232
29391191

14 16 38 board_14x16_38_98766_none
11111101291122
19119101932199
11111101292333
00011211129393
00029392111399
11129329100122
19221111100000
23910000000000
92121100000000
11139212210000
00199329911110
22223933422921
99322229393239
49929111392293
29321100222292
11100000191111

18 19 59 board_18x19_59_98811_none
111991001299221291
911332001944929211
121291112293222210
019211191129101910
022201221022212210
019101921119119111
012223339111122329
113939921222119292
193944532299211211
223129992959311111
191013432139219119
122101910011222111
019101121100292000
011100019211293232
111111232292212999
922911991129101249
129321332011100122
012910192100000191
001110129100000111

19 14 72 board_19x14_72_98876_none
9921019332229920029
3491013999396931139
9544323942495921921
9999992110293122210
4964433233321019111
3992194999932221239
3992239995949910199
2942394322139311343
1129392011111212993
0011322019100193499
0000192222100112943
0012449391011101291
0029995921129100222
0029999210192100191

19 8 26 board_19x8_26_98958_none
0001911929939100000
2223321233392100000
9929933391111000000
3332399922110011100
2910123222910019100
9321100019221111111
9219210011229211019
1112910000192291011

15 4 13 board_15x4_13_98989_none
221000029322210
991001139939910
232101933494321
019101129229119

11 8 24 board_11x8_24_99003_none
99392129921
34694294491
19995949211
13949941211
01123920191
00001110233
00001222399
00001992993

5 19 14 board_5x19_14_99035_none
00292
00293
00129
11111
19100
11100
11111
19119
11111
11000
91111
33291
99322
23391
01921
01221
00191
01221
01910

4 12 12 board_4x12_12_99053_none
1921
2229
9333
9399
3432
9910
3320
1910
1221
0191
2321
9910

9 4 6 board_9x4_6_99070_none
939100000
392211000
932191000
291111000

12 5 16 board_12x5_16_99077_none
110129910000
921295310000
292499211221
139595911992
029939211392

14 6 22 board_14x6_22_99098_none
02949222292991
13993499223432
19432994129492
12911392029939
01110233123321
00000199119100

15 8 29 board_15x8_29_99125_none
110192110012929
911333910129342
343992222293929
999432193922121
354393339221211
399229932219292
993112229111339
221000011100192

16 10 33 board_16x10_33_99159_none
0029910000000011
0029421121100029
2223932929321029
9913992122991022
9423932112453119
9229421911999122
1239922333332119
0193229399100011
0112233932100000
0001992110000000

19 18 49 board_19x18_49_99196_none
9100000192929100000
1100000223132201110
0001221192129101921
0001991112932201392
0001232101129211292
0011119100123391122
0019222100193932019
0011392000129491011
1101392000123922110
9201921011292111921
9312220019321001129
2911910012910001121
2343210001121102920
1999111101129102920
1232119102942201110
0000122102949211111
0000191001393291191
0000111000292111111

18 14 52 board_18x14_52_99249_none
019999491019210191
123959931012921122
933333921111291129
939911112920111193
233210113920000129
192100193210123221
129211129100199920
011393121100124920
121394931100012321
929334939100019291
122949443310011322
001399929920000191
012494334920000111
019921192110000000

16 10 23 board_16x10_23_99307_none
1291001110001910
2931001921001221
2920112291000191
1110191112110122
0000112111922229
1111122911249921
1911929210199321
2211121211122119
9111100192110011
1119100112910000

15 8 16 board_15x8_16_99332_none
011101110011100
019211910029200
012911110029200
001121100022311
012239200029392
019949300029329
012349211111111
000192119100000

12 5 11 board_12x5_11_99351_none
013992001129
019992001921
012321002231
001110001939
001910001139

11 4 9 board_11x4_9_99363_none
22111113920
99229119920
23921113331
01110001929

7 6 10 board_7x6_10_99373_none
1292239
9212992
2211221
2931111
2992291
1222921

4 16 9 board_4x16_9_99388_none
9100
1100
0000
0000
2321
9991
2321
0000
0000
0111
0292
0292
0111
1221
1992
1392

4 19 15 board_4x19_15_99399_none
0000
1121
1929
1121
0000
0122
0299
1393
9222
1119
1243
2999
2953
2492
9493
1392
0111
0000
0000

4 19 19 board_4x19_19_99417_none
1129
1932
3491
9921
3320
1910
1121
0019
1243
1999
1259
0039
1239
9393
1392
0122
1119
9222
1291

5 19 26 board_5x19_26_99440_none
99929
35442
92991
12232
12249
92999
12393
00111
00122
01299
02964
02999
12243
92029
93029
92011
11000
22100
99100

12 6 13 board_12x6_13_99471_none
012492011291
019992019211
123321012210
291111001910
932192112220
291112911910

18 5 21 board_18x5_21_99487_none
111299212291011100
191294393942139321
111112924993399939
000012212949943239
000019101123920011

19 16 54 board_19x16_54_99512_none
9201921291111011100
9301129211191019210
9201121111211012921
1101921129310001291
1101129239910000111
9210011293211110000
3911121211001921000
9211929221102391000
1212123939101921111
1291113932212220191
9322292112921910122
9229422002932110029
1129391002492000039
0022423122993100029
2339392929449100011
9993922122921100000

17 19 85 board_17x19_85_99571_none
22294939211939219
99239933921139332
34339312932122929
29942212293921121
95991292113921121
13931394101112939
01111399111113931
11002943229239421
91113921932299593
11194321393234999
00239910399229332
00193211393293211
22211001933239339
99111212293943993
22119293334992392
11112339939543432
29101933449929992
92101129293345549
11000011211199921

11 12 19 board_11x12_19_99670_none
92991191011
23222221019
91001911132
11001111929
11100001121
29100000000
92100000122
11000000199
00000000122
11212110111
19393921191
11393291111

10 10 15 board_10x10_15_99693_none
1292921100
1922129111
1110011129
1101111139
9101922932
1101293391
0000129332
0000023929
0000019221
0000011100

5 4 5 board_5x4_5_99709_none
99221
34929
92121
11000

4 10 5 board_4x10_5_99716_none
1110
1910
1110
0000
1111
9329
9392
1211
0000
0000

8 19 40 board_8x19_40_99723_none
92019119
92022211
22119100
19344310
23999920
92396941
22324991
19394331
23494910
93959420
39499910
93944421
12239492
00193993
11213492
19212932
11292129
00123221
00019910

15 12 26 board_15x12_26_99774_none
019100199911929
012210123222221
001910111019210
002232391012910
001929922111110
001122211910000
122100012210011
199322129100019
234992932200011
192222129210000
112110023910000
001910019210000

18 5 24 board_18x5_24_99803_none
019119119293229210
132222212339944920
939119212923949930
931122493122496920
110019392019399210

19 4 20 board_19x4_20_99834_none
0011212993291029311
0019292399223249592
0122333233219949939
0191199119112393221

18 10 27 board_18x10_27_99859_none
111000191000000000
292000122100122100
393111019111299100
393191011119233200
292111011122219100
233100029229222200
199101149329219222
233101939222211299
192111121119211232
112910000012911910

16 16 62 board_16x16_62_99889_none
2993391199991000
9549922344332100
9923322993129100
3332923995942100
1929392349992121
1121211194932929
0000000123222343
0000000139329399
1111100199932949
9119111224932121
1111129201392000
0111139200292111
0293292101232393
1499312111929399
9399212912232343
1222119211911929

9 18 23 board_9x18_23_99955_none
110000011
920111019
920191011
110111000
001222110
111992921
923432129
129910011
024420000
019921011
012391129
000111192
111111111
191191111
122322191
019392111
011392011
000111019

4 8 9 board_4x8_9_99980_none
9222
1299
1343
2991
9321
2311
9392
1392

4 5 3 board_4x5_3_99991_none
1910
1110
1100
9211
1291

11 18 52 board_11x18_52_99996_none
19399293931
12943213949
01291001149
00222112149
12391192949
19932224349
34329119932
99111112229
95310111022
29920192119
24931229111
29239322210
94249911921
95949423339
99349329921
94933922210
23393220000
19212910000

18 14 45 board_18x14_45_100055_none
911110001292111910
112931101933911110
003959101292222121
112993311111193929
912359492110129221
111939934921121211
002243439932921191
001929395449391111
001121495992322000
000000399332291000
000011395439211000
011119229992100000
019122212321000000
011119100000000000

19 5 23 board_19x5_23_100112_none
1100193322921101910
9211139994339212110
1292249549943492122
2322993922399392199
9911222110122211122

14 10 29 board_14x10_29_100139_none
00293923992129
11393294932921
19222229322110
11119112392100
01232101949211
12992111139229
93333910022339
93192110129292
92111000192222
11000000111019

11 14 42 board_11x14_42_100171_none
00192292910
11129212110
91011111111
11001139229
12111939449
93912232992
29332934442
12929499949
02354599992
01999956931
01244499310
00129359300
01293499310
01939394910

6 19 17 board_6x19_17_100217_none
000011
000019
111022
191019
123221
019920
135920
199210
233100
191000
111000
011100
129211
921392
110292
122211
199211
233291
191111

4 16 11 board_4x16_11_100235_none
9292
3439
9931
3920
1221
0191
0111
1100
9100
2211
9119
1111
0000
0111
0191
0111

4 8 9 board_4x8_9_100247_none
2910
9321
9439
3992
9321
1211
0192
0129

9 5 6 board_9x5_6_100257_none
000011100
012229210
129922910
194311110
129100000

15 14 55 board_15x14_55_100265_none
000191012211221
001221019933992
013931223399492
129959292222222
294993239211229
933392029339492
291112122939942
222012923244939
291129393929332
921293349321292
332392199310129
992921123910011
333221223343210
911911992999910

18 19 58 board_18x19_58_100335_none
000000019932393119
111000013599499111
192100001999543211
129321002343993291
012991002921399211
001221002920122111
000000001110000029
000000000000000029
011211122100000122
019291199211001393
011211123392101999
000000012949211232
121100019394910011
929212232239310029
232292991039300039
291113442029200029
921001991022200011
110112221029322100
000191000029399100

19 19 53 board_19x19_53_100397_none
0000000000192100000
0111000001349211000
1292111102992291000
1939229213953222110
1122922923992922921
0002221129333392291
0112911132219211111
1292111929222221100
9211012222922929100
1101129112229221100
0001921119111101110
0012321122211001921
0019391191292112291
1122921111393191111
1912331000292112110
1111991000223112920
0001221000293912931
0111000000294221129
0191000000112910011

19 12 60 board_19x12_60_100453_none
0000293121101111910
0011496939102921110
1239699931113921221
9399996531029311993
9423339993239322499
9421013459923949333
3992101939312992292
3959101132201343339
9593100129221299292
9594210193939222211
2939911222394210111
1122211910293910191

15 4 9 board_15x4_9_100521_none
019111100012229
011119100019921
000012222222221
000001929910019

11 5 9 board_11x5_9_100533_none
01929921000
12122391000
91000111111
22111111291
19119119211

8 10 21 board_8x10_21_100543_none
19111211
11119393
00011399
00011344
11119299
19111333
22312392
29394992
49539941
99923920

5 16 17 board_5x16_17_100567_none
92139
12939
01121
00000
00000
00111
01291
01921
12321
19291
33322
99119
94211
29332
23999
19332

4 18 14 board_4x18_14_100587_none
1100
9210
2932
1399
1394
1939
1121
0000
1111
9129
1129
0022
1129
1932
1292
0129
0011
0000

4 19 11 board_4x19_11_100605_none
0192
0129
0011
1111
9219
9222
1119
0011
0000
0000
0111
0292
0393
0393
0293
0129
0011
0000
0000

4 16 18 board_4x16_18_100617_none
2939
9349
9239
3339
9921
3331
1929
2221
9200
9200
1100
0000
0122
1399
9493
2921

10 5 7 board_10x5_7_100641_none
0012910011
0019331119
0013939111
0002931111
0001110019

11 4 6 board_11x4_6_100649_none
00129211121
00193911939
00112111292
00000000111

12 4 7 board_12x4_7_100656_none
910001222292
110001992939
000001222132
000000000019

14 4 10 board_14x4_10_100664_none
01122229100199
12929922210233
92233211910191
11191001110111

18 10 46 board_18x10_46_100676_none
011119920192921119
139213920112139211
199201232222139410
122111399499239910
001129496994933221
012932499322292129
029592293100129239
029593122222112493
011392029499213993
000111029493293992

19 16 54 board_19x16_54_100730_none
0000011100001911110
0000019101111122910
0011111101910019221
0019221101122222349
1122929101239911999
1923442101993211232
1139992112442000000
1129533911991000000
9112392112342111100
1101921013949129200
0001111129992129200
0012211922321134310
0139911122321199931
0199521129992239991
0139923932339112321
0012229920011100000

17 16 71 board_17x16_71_100788_none
01933212992191111
02399912992122392
01944312331019392
12249422921133311
92399993391199200
29396532921139311
23439921121111292
19923931229211139
12212239293392129
01111933422939221
01922349911122921
13339499311112359
19922995211911999
23211394922222493
92000129349329432
92000011299922991

10 5 7 board_10x5_7_100876_none
1910001910
1121101221
0019210191
1123920111
1912920000

7 4 6 board_7x4_6_100884_none
0012921
0029439
0139392
0192211

4 10 10 board_4x10_10_100892_none
0191
1232
1929
2231
1910
1110
1211
9492
9594
1399

4 16 9 board_4x16_9_100905_none
2939
2931
1110
0000
1100
9100
1100
0000
1110
1910
1221
0191
0222
1291
2931
2920

9 16 38 board_9x16_38_100918_none
249391111
999423391
369429932
199922392
123211249
111002949
392014952
992019991
233224952
139912991
199411221
139200111
012210191
113921232
193922939
112112931

16 5 11 board_16x5_11_100961_none
0000000111111111
0001222291191191
1101993921111111
9212239210012210
1291011100019910

19 8 38 board_19x8_38_100974_none
2229102931222212129
9921102939399292932
9310001121394333229
2311011111213959211
9392129229102999300
2492193933211249200
9433323392911133310
9929911922111929910

19 14 39 board_19x14_39_101021_none
1101110000112110019
9102920111192911121
2202920292112111910
9211110294210001110
2922110129921112110
2493910013592192910
1994110001992112110
2493100001221011100
2949100112110019111
2942111292910012229
1291019212110001921
1211122101110001110
9100191001911110122
1100111001111910199

15 19 69 board_15x19_69_101065_none
000019111100192
121122219221229
939229233939211
955943929239432
399949432112999
499339391001243
994222311001129
959229221101921
954922939322210
399311139939111
959310124931119
393910192110011
934320222011211
139910193339391
029310139993932
011100029422249
011100011211299
019222100191294
011299100111129

11 16 44 board_11x16_44_101147_none
00000000011
11223210019
29599911232
29994322992
12332292239
01139423132
12949593939
93139593293
93023922239
94229211932
39932201129
29449200011
12939311110
02343912920
13992123931
19931019229

8 10 11 board_8x10_11_101199_none
19119100
11111100
00000000
11111100
19229100
12393210
01933921
01129391
01132311
01929100

6 6 5 board_6x6_5_101211_none
001910
002220
012921
019391
011222
000019

4 4 4 board_4x4_4_101217_none
0029
1129
9221
2910

4 5 5 board_4x5_5_101223_none
1393
9399
1233
0019
0011

8 18 24 board_8x18_24_101229_none
01911110
12111921
91012392
11019229
00122111
00191111
00111191
12110111
93910000
39310111
29311291
12912942
01223939
11293121
91393000
12392011
01922129
01111921

11 19 57 board_11x19_57_101256_none
11393101110
29499112932
39433349499
93911999432
23222334920
19229113920
23922229221
29332921239
93929210199
12243201359
11299101993
39434212493
99393932949
22214959349
12212993921
29921234320
94920129921
12221194329
00191129111

18 10 24 board_18x10_24_101320_none
000111111191111000
000192392111191000
012339493000122100
019921392000019210
012210112110012921
110000001910001292
910011101110111129
110129211000191122
000193392222211191
000112939299100111

19 6 20 board_19x6_20_101346_none
2910000011211112110
9210000029491192921
1111101139921224391
1239101933321192921
1993222392291112110
1222929229211000000

18 6 24 board_18x6_24_101369_none
239929100000191000
994453200122211000
332999111299211111
911354219333291192
121299222492222129
019223911992191011

18 8 24 board_18x8_24_101395_none
929292939129493211
121212292129499292
000000111011222229
012211110011100011
019912920019210000
123213930012910000
191002921111121111
111001111910019119

14 16 38 board_14x16_38_101422_none
00299299100019
12494223210011
93992112910111
94221192221191
93211222191222
29291191233291
22322211199211
19129200122100
11129311000111
12121291000191
93931212110122
24939211910019
92122911110122
12111110000292
01910000000393
01110000000292

8 19 36 board_8x19_36_101464_none
01921119
13339111
19932211
23329229
19112921
34312231
99932939
39993239
12339111
00012210
11101921
29211291
93910122
12121119
11129332
91294992
11294492
11113942
91002991

5 14 11 board_5x14_11_101509_none
99100
23210
01910
01232
01299
01943
01291
00111
00000
00000
12321
19991
12432
00191

4 8 5 board_4x8_5_101522_none
9291
2311
9100
1211
0191
0111
1110
1910

5 4 5 board_5x4_5_101528_none
01992
12339
19122
11119

7 6 7 board_7x6_7_101534_none
0191191
0111111
1101110
9102920
3312920
9911110

12 16 42 board_12x16_42_101544_none
122210029910
929911259410
243422999311
939393349219
139329221222
011112910191
001122322221
001939293920
013492335920
129922299210
193333932100
111199221100
000133229200
221019239200
992223921111
949292110019

17 19 79 board_17x19_79_101597_none
00011111119101121
22129339323222939
99129499393959449
22113953225999921
00113991019995331
00193332133533939
00112922949392293
01222293399311129
01991123932100011
01221129210111111
01110193211291191
01922334932921111
23229929949210011
99224443393211119
94293992229119232
93239449222123929
24932932292129232
19932291112922349
12391111001111999

19 16 45 board_19x16_45_101689_none
1910019211121100000
1110123922929100000
1100193392121100011
9322224942000000019
9399229991000000011
1223933332111100000
0013491129229111100
0029921193392119211
0029421239211011291
0012922932201221111
0001139329101992121
0000039311101222929
0000139200000013331
0000192100111019921
1111211000191012391
9119100000111000111

19 14 37 board_19x14_37_101738_none
0000000111191011100
0000000191111019111
2210000111000011119
9910011100000000011
9410029200000111000
9311029200111293121
1292232100191293929
2322991000111234221
9911233210000299111
2221119911110293129
0019123311910222039
1222119102220191029
9291022201921211011
1211019101129100000

18 5 24 board_18x5_24_101778_none
019222994920013942
133939439930129999
929239224931293493
133321229229211111
019910192111100000

15 5 13 board_15x5_13_101806_none
000000192110011
011111212921119
129129201239111
193229200194321
129111100129929

8 16 31 board_8x16_31_101820_none
29212910
92292110
22223321
29119991
93333332
12991129
01232292
00029311
12249200
93992211
29442392
34939593
99494992
22395431
00129910
00012210

7 18 32 board_7x18_32_101854_none
0000011
0111139
1292299
9424969
9394992
2313942
9101291
1100122
0112129
2393931
9934952
9922999
2211232
0000000
0000000
1212232
9393999
9329332

5 19 24 board_5x19_24_101888_none
92019
92022
12239
01993
01493
11392
19333
22299
92133
94139
94959
14993
02949
01121
00111
11191
91111
22000
91000

4 12 9 board_4x12_9_101917_none
2920
2920
1221
0191
1221
1910
3431
9991
9421
1211
0191
0111

7 5 9 board_7x5_9_101927_none
1399100
2993211
9321191
1223321
0199910

15 10 26 board_15x10_26_101940_none
112934921122921
192299931939339
111124932394921
001111129229210
001911121111211
001111910000191
000001110122211
001232100199211
012999100233291
019332100191111

17 14 58 board_17x14_58_101968_none
01112920294229392
01912943499933593
01222299933239939
01392134321139532
01993129129349492
12222922249939339
92122212949321239
12929103952200293
12132314959211393
92139394992291292
12939439431111222
01122923920000192
11102222920000139
19101911110000029

19 19 65 board_19x19_65_102032_none
0001921293110000191
1212291293910111111
9392221124320191011
9323921019910222019
1239492112210192233
0199449201110129299
0233299201921011222
1291122101291012210
2932111211111019910
9329229391000023321
9334922932100029229
2499212239100139229
9393101932200293111
2321001129101393100
1932100022201939100
1299211239212121100
1223911992291001110
9222211221111001910
2929100000000001110

17 10 41 board_17x10_41_102108_none
11111100019391139
19129312123932299
33339393933932943
99394434993494229
93393992233999221
12222222129333921
02920001921101129
13921122211221011
92111929112993210
11001121119339910

14 5 16 board_14x5_16_102150_none
92101992110000
29322333910011
34991193210129
99321239211193
22100192291129

7 8 9 board_7x8_9_102167_none
0292111
0293392
0112993
1212239
9291011
1211000
0000011
0000019

6 10 12 board_6x10_12_102178_none
191191
111122
110019
920011
931111
239129
192139
122139
019129
011111

4 19 13 board_4x19_13_102192_none
9119
1122
1239
9299
1233
1119
9111
2210
1910
1110
0111
0191
0111
1110
1910
1121
0019
0122
0191

4 19 12 board_4x19_12_102206_none
0000
0111
0191
0111
0111
2492
9992
9521
9311
2391
1921
1110
0111
0191
0222
0292
0292
0111
0000

11 6 17 board_11x6_17_102219_none
02921121392
13922939493
93344942392
23999392221
19493212921
11211001291

17 5 12 board_17x5_12_102243_none
29223910000292011
92299210000292129
11233100000111192
00191000000111222
00111000000191191

18 6 19 board_18x6_19_102256_none
110111001911911129
931292222111222921
959423992100192110
399392239210111011
932211123910000019
110000192110000011

19 12 61 board_19x12_61_102277_none
1101999332399100292
9333333999394210393
3999101344333911392
2942222292929211921
1121399323342102220
0139495911992012910
1299329212492139542
1944222322922299999
1292922993111934953
0124459592012211292
1139999311019100239
1939593100011100192

17 19 46 board_17x19_46_102348_none
11001921000011100
91002392110019100
11001923920022200
00012212920019332
00019101221013999
00011100192102993
00000000129101221
11001221011111111
91001991000029219
11012321111039421
00019101291029910
00011212932012210
11111292291000011
19129322211000019
22229329100111011
19112392101392011
11101921012993249
00001110019322999
00000000011101249

15 16 50 board_15x16_50_102400_none
910112929333321
110192122999991
011322001234431
019393100012910
022499210129321
129223910192291
293101110222111
393100000191011
939211000111129
342291000012493
991111011119993
232211129222339
139392294910011
199439239321100
232292139429321
910111029922991

9 6 12 board_9x6_12_102455_none
193993391
129449932
012393229
112921011
192221000
111191000

6 4 3 board_6x4_3_102471_none
002920
002920
002220
001910

4 10 10 board_4x10_10_102475_none
1221
2991
9532
9391
2433
9299
2322
9100
2200
9100

4 14 14 board_4x14_14_102488_none
2910
9310
9211
1119
0011
1110
1910
2220
1932
2399
9322
9311
3492
9939

7 19 18 board_7x19_18_102507_none
0000111
0011291
0129211
0193210
0112910
0112121
0191019
1221011
1921000
1392000
0293121
0112929
0112132
1392129
9392192
2311222
9100191
1100111
0000000

8 19 22 board_8x19_22_102527_none
91000191
22100111
19100000
11101110
00001932
00012399
00019333
00011291
00000111
00000000
12210000
19921222
12229299
12121233
92921119
12129111
00123210
12292921
92922291

14 12 43 board_14x12_43_102551_none
92122921211293
13939339392299
02931293493239
01221113949222
00193212931292
00249912331129
00199422992022
01343292392029
13991234321029
29941299921111
39921394239200
29311921029200

16 8 27 board_16x8_27_102597_none
0011119299921000
0129112349591011
0192101922932119
1222112211139322
9229229210039491
1292293922139311
0122213392922221
0019101922111929

17 6 18 board_17x6_18_102627_none
11011119291000011
91019222211012229
12121291112129932
01922343292922391
01292999313220111
00112249201910000

19 6 29 board_19x6_29_102646_none
0001999292399910011
1112333433996320139
9229211994595920199
2923921349949931222
1223920193393229100
0192110111111011100

16 18 41 board_16x18_41_102677_none
0000111191012391
1111293432019921
2912949992112210
9212932339101110
1101110011101910
1110000111012210
1921100191019100
2239100111011100
1932100000000000
1292121211000000
0112929292221122
1102231213991299
9112921003941394
1119391002920292
2221222101110222
9910019100000191
2210022200000122
0000019100000019

10 18 43 board_10x18_43_102721_none
9939291111
9492211191
1212110111
0112921000
0192292110
0222223921
0193392392
0129921292
1113321221
9213921910
9329921221
9229311291
2222201921
9239201232
3499200199
9943200259
9439101299
1292101949

8 14 29 board_8x14_29_102766_none
00011291
11019211
91011100
22000111
92100191
29222332
23949939
93399942
29349439
23922392
93211932
39213592
29329993
11293492

4 4 3 board_4x4_3_102799_none
1910
1110
2210
9910

4 4 3 board_4x4_3_102804_none
0011
0019
1222
9291

7 12 17 board_7x12_17_102808_none
2921921
3921129
9321122
1292392
1222992
1912331
1112920
0002920
0002220
0002942
0003999
0002942

15 19 67 board_15x19_67_102827_none
110011292221011
932119322992129
299212911222921
139311121212110
012921029492000
111291029593110
922221124933920
393921193922931
394394322122229
292299921019221
221134492133910
942119223929331
999221119222929
344911232112221
192122991029200
122129542239310
029339939394920
139944459413920
194939939201110

16 18 73 board_16x18_73_102905_none
9211113939100000
2392394943310000
9213994139911110
1103993129422931
2223949112912991
9929221112211221
2332100029200000
0193332139311100
1229999129339211
9225952112399319
9429920012959433
9393211139449499
2311001939393493
9101111121339211
2211921101292211
1923349312931192
2339959944920129
9293399999210011

18 12 47 board_18x12_47_102989_none
192910000129392199
222121211193493222
920019291112949111
930022434222393229
920029399929213931
110029544222212920
110024991001911110
921129931112232100
291193211292299222
111112111939234499
001122911133329932
001929210019922210

19 6 16 board_19x6_16_103043_none
9100122293210001239
1211199229910002992
1291133212210002931
1921019100011101110
1110012210029200000
0000001910029200000

16 8 31 board_16x8_31_103061_none
9949200019939321
2499200012393991
0294201110112232
0139212911110129
1139219212931292
1921122213939321
2210019339345920
9100012992299920

15 10 31 board_15x10_31_103101_none
111000199922910
191011345493331
111019299423992
110122239392392
921292022422111
292494129292221
112993921212991
002443110013431
012991000019921
019321000012391

7 19 32 board_7x19_32_103137_none
0129921
0193229
0111022
2210139
9921299
3943954
1399399
1393222
9211000
1101121
2211929
9912231
2322910
0193221
0239119
0293233
1493199
1992139
1221011

6 19 29 board_6x19_29_103179_none
192932
123399
239333
992291
952111
992110
932910
122221
019129
121129
911121
223920
193942
112299
122239
299111
294210
234910
199210

4 12 8 board_4x12_8_103216_none
1211
9391
2921
2210
9210
2921
1129
0011
0111
1291
1921
1110

5 4 4 board_5x4_4_103225_none
12221
19929
12332
00191

12 12 22 board_12x12_22_103230_none
191122100011
111299211019
000293293221
000111129921
000111012229
000191000011
000112121100
001222929211
001994331291
002349910111
233922210111
999210000191

18 19 93 board_18x19_93_103255_none
121112229391029929
929229932921029321
133495921111121222
019959211112921299
014992212923921943
223942192292111291
994392334321012321
399329399920019920
139432496920024931
024992393110019229
239954931011111111
994959920129211110
443299521294922921
992249392393293239
392294449211223921
223395993100193220
292939994100112910
933235999200113220
291193959200192910

18 8 21 board_18x8_21_103370_none
000000001111110011
112110001922910019
193920001129210022
224920000011100029
394210000000000139
999211110111000294
244922910191000299
019392110111000122

14 4 15 board_14x4_15_103394_none
92100192399910
39311123995310
29392119449111
11229112921119

12 5 15 board_12x5_15_103410_none
001129293332
002932349999
013921939559
129211133921
921100019210

7 14 14 board_7x14_14_103428_none
0019100
1121100
1910000
1232100
0199200
0249311
1292291
1921122
2210129
9100192
1211222
0191191
0122211
0019100

4 19 21 board_4x19_21_103445_none
9339
2993
1249
0039
0029
0122
1292
9339
9239
2349
1993
2339
9233
1299
0122
0000
0111
1291
1921

4 19 21 board_4x19_21_103468_none
2920
2931
2391
1943
3599
9993
3953
1299
2343
9939
2239
0011
0000
0000
0000
0000
1232
2999
9349

4 14 9 board_4x14_9_103490_none
1910
1221
0191
0111
1211
9392
1392
1221
1910
1221
1392
9392
1211
0000

7 8 9 board_7x8_9_103501_none
1392000
2992000
9321000
1212110
0293910
0293110
0222111
0191191

15 6 16 board_15x6_16_103511_none
000000111001921
121111292234349
929119223999949
121112229496941
000001921213920
000001110001110

18 14 45 board_18x14_45_103531_none
129119291191191000
193221212221111000
112921001910000011
002391001110000019
112931111000001121
912920192211002920
221110139492124920
910000029492199310
110001121211139211
111001910011112229
292112110139323943
293292110299399399
224932911393223349
193921111921001921

19 16 64 board_19x16_64_103584_none
9392192991001991019
1493123332101221011
1392019119210000111
9312121123921100191
9323910019229212221
2399210011111292910
2943101110011212221
9491112910129111291
9311293111292129432
2221392012921029929
2939422019211244321
9239492022312999221
1111392019493244929
0000222023992019331
1121291019432023932
1929211011291019399

18 18 56 board_18x18_56_103658_none
001921211000199210
013449291000235920
019994311000294920
012499311000293110
001249392211223110
002942329291192921
002939111322112139
112121100191001139
392001110112111921
992012910001911110
221129211111111110
000192101910002920
121222212110113931
929129391001293392
121129532112949229
000012992393292233
000001333992111199
000000192221000122

11 5 14 board_11x5_14_103722_none
00001129321
11002933991
91113933942
11293294449
00292129992

9 4 8 board_9x4_8_103737_none
910129100
110193200
122229222
199111299

4 14 11 board_4x14_11_103746_none
0000
0111
1292
1939
2221
9211
1291
1211
9111
2239
2959
2992
1221
0000

5 19 21 board_5x19_21_103763_none
01910
02220
01910
01110
00111
11291
29311
39411
39491
29421
34910
99431
34992
19592
23932
93239
29129
11222
00191

10 12 21 board_10x12_21_103791_none
2920002920
2920002931
2220001129
1921211011
2239292100
1932339111
1292393119
0112992011
0112332000
0192393100
0112999111
0001232119

15 5 19 board_15x5_19_103814_none
294992232291019
299322999321022
232102355931019
910001929992111
110001123949100

19 8 22 board_19x8_22_103835_none
1292292291000199211
2949212921000122291
2932211110011100111
1111910000019100011
0001121212121101129
0111019293910012921
0292011229210019321
0292000011100011291

18 19 80 board_18x19_80_103859_none
011211199211911910
129291234911112331
293433292110001991
922992932122102342
222343392299101929
922939212932112221
922942201110019100
111129112321122211
112132229991293291
393929129531294921
993121112921239320
221000112291193921
000012391122323129
232119942129391011
999225959229311122
232294969321111299
111224995920019249
292292249932233239
922921029492992921

17 19 68 board_17x19_68_103953_none
91299311011299211
12399391019444392
12943422012993939
39439291112349331
99494311191193910
33499221211112232
29323929210000299
29201122910001494
11100113220001993
00011292910002349
00139422110123921
11199910001299321
92123210112949219
92011100192133321
11019211111029910
12221392000029420
19922493000012921
12392993221001291
00112222991000111

11 14 28 board_11x14_28_104033_none
12391011119
39921129111
99311293210
33102932910
91113933320
11192129932
00111012399
00000000122
11100001110
19101111910
23311911110
19923332121
12392992939
00112222139

4 4 3 board_4x4_3_104065_none
1100
9210
3910
9210

5 14 19 board_5x14_19_104069_none
92939
24492
19921
12210
01221
12992
29493
92239
11029
11011
92110
23921
93392
12939

7 18 29 board_7x18_29_104092_none
1299119
9433111
9592000
9492000
3421111
9910191
2210111
0000111
1110191
2931111
3992100
9349310
1129910
1112221
9321229
9939393
3943939
1292121

14 16 38 board_14x16_38_104130_none
92211019921100
39391013339100
39411001922210
29201112221921
23322922911129
94993392121122
29944931019229
34329920012921
99112321001110
22100192110000
11000112910111
92000001110191
92000000111111
11111011292110
00191019223921
00111011119229

17 10 44 board_17x10_44_104175_none
92111129111100019
94391192229212121
39921112393293921
94211123992239491
93101939931193921
29212394310112121
23922949310000129
29439349910001394
39693293210002999
29992111000002942

19 5 19 board_19x5_19_104222_none
1921239910292000000
2249399420393000000
1939335921392000000
1133329931921000111
0019923921110000191

19 5 14 board_19x5_14_104243_none
1212991292000002920
9292221292000002931
1211000111111001129
1121100000292111011
1929100000292191000

15 16 58 board_15x16_58_104258_none
932939222223210
993393499399910
239213994494210
122102932921111
191002333331292
122113994991292
129119999421122
931124969200139
921139595321299
111939499929222
012222444221211
019212991111191
011293443291122
221139399211019
992129322100011
239111100000000

8 18 24 board_8x18_24_104324_none
01111291
12923942
94229939
99112221
22211000
00191000
00111111
00001291
00112932
01394391
12994921
92394210
11129111
11011119
91000011
11000011
11100019
19100011

6 14 20 board_6x14_20_104353_none
191111
222293
293499
393994
933492
922931
112920
001232
011299
129233
921119
110022
000129
000192

4 6 5 board_4x6_5_104377_none
0000
0000
1100
9211
9439
2992

5 5 4 board_5x5_4_104383_none
00191
00111
00011
01239
01992

6 6 8 board_6x6_8_104388_none
292000
293110
112921
002492
012993
019492

10 14 35 board_10x14_35_104397_none
1399211000
2995492100
9549939111
9933332329
2339119293
0192112459
1232101999
2929101232
9221211011
1101291019
0113931022
0193932129
1324392932
9292922291

15 19 39 board_15x19_39_104434_none
001910000000000
001110000000000
011100001121100
129100001939111
192100001293229
222000011212921
191112129101110
111192921101110
000112110123921
011211000199491
129291011223921
921211019101110
111232123321100
001999119929210
002595223433910
001999229292110
001344921322000
000293221191000
000292191111000

18 16 71 board_18x16_71_104476_none
001110002993999222
002931002949594299
002993233332392233
111394999391111191
921324999422112321
139392249329229910
039411013933932321
029211214932920191
011119393932233321
122223922393299931
199392233493949959
123921199922123499
002231239421001943
012939322291001291
019349391112121211
011292211001929100

18 4 10 board_18x4_10_104553_none
011119119100001129
019223221100012921
011292910122119210
000112110199111100

18 4 10 board_18x4_10_104564_none
920000011100019100
931000129100122111
291112292100191019
111192921000111011

14 8 29 board_14x8_29_104575_none
19921000111029
13492221192129
23934992139322
99495993249692
94499339299992
12943211334321
01129100192100
00011100129100

7 19 17 board_7x19_17_104609_none
1910199
1111249
0001921
0001110
0001110
0124931
0199991
0123321
0000111
0000191
1100111
9200111
9200191
1101221
0001910
0001110
0001110
1101910
9101110

4 12 11 board_4x12_11_104629_none
9999
3432
9100
1100
1110
1910
1232
0299
0293
1221
2910
9210

5 6 4 board_5x6_4_104641_none
00000
01221
01991
01221
01121
01929

6 5 4 board_6x5_4_104646_none
001910
002220
112910
192121
111019

11 6 18 board_11x6_18_104651_none
01111921100
01934459211
23399999329
99434443392
39912932921
12212992110

12 8 26 board_12x8_26_104672_none
192292999100
249312393211
949200111191
943432100111
129999210000
125953922321
195942229992
129939112492

17 16 40 board_17x16_40_104702_none
00000000000000139
11000111011100199
92111291019100233
29129322111100191
11129219212221111
00012221292993110
11001910112394910
91001221122229210
11000191199332100
00112221123991000
00192910112232100
00113232392239100
00001929922992100
11212233333321000
29291191299100000
92211111293100000

19 18 90 board_19x18_90_104745_none
0199200001921101910
1249211112229102331
1932229229122201991
2492192393229223432
9492223392192299291
9312293931111133311
3322934920112239100
9929339211393992111
9444933312994222129
2399239922993012921
3953229921493019210
9959234311393111211
9992399202959211291
9521299203969339311
9310245323992299311
2922399939432133493
1139933392291129399
0029310111111192222

16 6 13 board_16x6_13_104852_none
9939100111111000
3931100292191000
1111110292112110
0012910112111910
0019210112912220
0011100192111910

11 4 11 board_11x4_11_104866_none
91192299299
11113943332
11013921910
91019211110

9 6 15 board_9x6_15_104883_none
111139200
193399300
129949421
134322991
199333432
123999291

5 14 11 board_5x14_11_104901_none
19929
12221
01110
12910
19210
11100
00000
01110
02920
03930
13931
93291
92111
11000

4 19 18 board_4x19_18_104914_none
0139
0199
0122
1121
1929
2231
2931
3949
3941
2920
1221
1291
1932
1291
0111
1222
9399
2943
1129

4 19 20 board_4x19_20_104936_none
0000
2210
9910
2210
1221
2992
3949
9232
2329
9292
2321
1921
2391
3931
9930
5952
9999
2332
0000

8 10 11 board_8x10_11_104957_none
00000000
01121100
12929211
93231291
24920111
19921110
23312931
19102939
11101121
00000000

16 5 20 board_16x5_20_104970_none
9119291111001129
1234532192213931
1299993229293920
9234599111334321
1119222100199291

19 18 60 board_19x18_60_104992_none
1929111119299391000
1121119122323933110
0000122119211292910
0011292134920123332
0019223929920129299
0122239322210192239
0191199201221111011
0222133202991000111
1291019213931000191
3942011292221000111
9992221111191000000
9422991001221000000
1101221002931100000
1111100003949332100
9229200002943999100
9229322102392243200
1111299201921029211
0000139201110029219

16 16 53 board_16x16_53_105060_none
1911993910111199
1111349221291122
0000193229421000
1211239129910000
9292292234421000
1229322199392100
1122392239329211
2912959111222291
9224993211192322
1129994391129392
0029439932011393
1111123592000139
9100019493000029
1100022594100011
1111129399100000
1911921222100000

8 4 8 board_8x4_8_105120_none
99492000
23992000
23321111
99100191

4 10 5 board_4x10_5_105131_none
1910
2221
9129
1129
0011
1110
1910
1110
0000
0000

4 16 11 board_4x16_11_105137_none
9119
1111
0000
1100
9311
9391
1222
1119
9221
3910
9321
1291
0111
1110
1910
1110

4 18 17 board_4x18_17_105149_none
1221
1991
1232
1229
9393
9539
9392
1222
0019
1111
9100
1100
1100
9210
4920
9941
3991
1221

10 16 28 board_10x16_28_105168_none
9100199100
1111222100
0019100000
0012210000
1101921111
9102392292
2201933959
9101292299
2200111122
9210011100
2910019100
1111232100
1113991111
9119931191
2334310122
9299100019

16 6 21 board_16x6_21_105202_none
2210000000192910
9921211000234210
2339292121399210
0194534949394921
0129995992212129
0012499321000011

19 4 19 board_19x4_19_105228_none
9101111111991199129
2222922933443223239
2939392299399101921
2931211123932101110

19 6 21 board_19x6_21_105250_none
0111019229102922920
0192121293202922931
1222910129101111392
1912231222100011392
2222929292111129211
9119221212911921100

17 18 72 board_17x18_72_105272_none
19211000192291111
22391123339321191
19332299934931322
12929359696949291
01122949499931211
00002493223332111
01122994221299119
01929339929222111
13231113331100000
93910002920112221
39210002920293991
92100001111393332
22211001123931191
29392123939942322
94932929943499291
24922232393595322
29322910129999119
29219210013942111

16 19 78 board_16x19_78_105356_none
0000294912920000
0000399212931011
2322393212291019
9994932393343122
3997953995999119
1399999494995222
0245443312499119
0299229222494222
0295492299393292
0129942223333949
0013949112929492
0001292119222921
2210111011101110
9931100112221000
3939100192991111
1121111335431192
1111129299920249
1911933334932399
1111292911129932

8 12 14 board_8x12_14_105449_none
19211019
11291122
01232291
12929211
92121100
22101110
19101910
11101110
12210011
19910129
13320192
01910111

4 4 3 board_4x4_3_105466_none
0000
1111
9229
1292

4 5 3 board_4x5_3_105470_none
0000
1211
9291
2311
9100

9 18 41 board_9x18_41_105474_none
911929399
111121494
000001392
000112921
000194331
121229929
939223321
149429100
029494321
022594992
019393349
132323393
929119939
122333221
001992221
112234992
293129992
293923931

10 19 50 board_10x19_50_105521_none
1299119100
9234444310
1119999910
0014964210
0113992211
0192249391
1343129421
1999223920
2494912920
9334223331
1299119939
0123335941
0113993920
1294943231
2923932939
9322239239
2392293211
2934949100
9229931100

18 12 37 board_18x12_37_105578_none
019992221191000019
123432991111111011
922922321011292110
129229212129212910
123343392932202220
292999212239211910
923342211193911110
111910192222110111
001232223910000191
012399229210000111
129932292211000000
193210111191000000

19 6 32 board_19x6_32_105616_none
9593921019229229991
9993393233394595431
2432299299449993910
0191122239399533231
0111000011335922939
0000000000193922931

19 4 19 board_19x4_19_105654_none
0000123911939492110
0000199333469922910
0111246939999311221
0191199932332100191

15 12 38 board_15x12_38_105677_none
191001921291000
232112239311111
939129229211291
294449211229322
129992112392291
012332129921111
000029339321100
111029931239311
192113920199391
129113431133311
022229991019211
019129931011291

11 18 52 board_11x18_52_105725_none
29322499311
29929999391
23223453433
92113939299
92193932332
22323111910
19291001110
11212121100
11002939100
93214952100
99295993110
33229994920
93112434920
99211192221
22393211191
11299421233
93359991199
29939421122

5 16 12 board_5x16_12_105782_none
12391
19921
23310
19100
12210
13920
29920
29421
11291
00122
00019
01121
01910
01110
11000
91000

4 6 6 board_4x6_6_105796_none
0029
0029
0022
0029
1239
9292

5 4 3 board_5x4_3_105805_none
19100
22200
19210
12910

10 10 21 board_10x10_21_105809_none
9920199229
4930234932
2920192129
1110111011
1111100000
9119100011
2322112229
9292139921
1212949420
0001293910

14 16 58 board_14x16_58_105835_none
91000012222221
11011229929939
11019293223942
92122312111291
29229334931322
23922999939292
39422244322349
99392129112939
93212932219331
33102239112910
99102942224331
93103991299939
11002954496449
11113399949921
92393933239310
12993110011100

19 16 54 board_19x16_54_105899_none
0199910000111001921
1223210000191112291
9210012210111192232
2921229920000223939
1129294931100293139
2333323239211292022
9994921932292221019
3695921292212910011
1993111239101110000
2321001932200000000
9200112129100011100
9311292022211119100
1291292019129322211
1222322012239391191
9119292222932311111
1111212992129100000

19 8 39 board_19x8_39_105959_none
1139211111211199100
2949339219392122211
4941299322393212392
9931122291129494992
9492101232112999431
2349201939102343921
1949212392101923392
1292119211001292939

15 4 8 board_15x4_8_106004_none
939100191011100
931101221029200
110001921029200
000001291011100

12 6 13 board_12x6_13_106013_none
122129310019
299339910022
299493221119
139311029211
011100029200
000000011100

7 16 27 board_7x16_27_106028_none
9229991
2933421
2229100
9211100
9301110
9301932
9311299
3920133
2920019
2331122
2993291
9493921
3422110
9921100
9329211
1111291

4 19 13 board_4x19_13_106060_none
0111
0191
1211
9111
1119
0011
2210
9910
2210
0000
0111
0191
0111
2210
9910
9421
9229
2229
9111

4 14 14 board_4x14_14_106075_none
9391
9532
2992
1493
1392
1921
2210
9200
9200
1111
0019
2221
9920
3920

10 4 5 board_10x4_5_106091_none
0000111000
1110192110
1921213920
1129102920

17 12 53 board_17x12_53_106098_none
92393932101910111
29495399101121292
11399332112229239
22223910019921129
99112210123211132
22239312292102949
12299393949212992
93933445932912331
94221999222211910
23922232239201110
29594221299311110
93999929223911910

19 19 55 board_19x19_55_106157_none
0011100000000000000
1129310000112110111
9239932111292911291
2394992911923221921
1922222111122922110
1110000000139491000
0000000012399311000
0000000019932222100
0000011112211399100
1111119111102993211
9129332219114941191
1239929111229920111
0294232200194321110
0292129210112911910
0122294910002221221
1239229210001910192
1993222200001110129
1239119100011101121
0011111100019101910

19 18 70 board_19x18_70_106216_none
9212910019211221019
1292222122911991122
0222192922333322392
0192223229299101993
0129119221233201239
0011123910019101132
1100139321122201939
9100199429229112393
1100149922493129449
1221029311992029939
2991122113432133321
9322291019932929100
2211921013992121100
1911111111221012321
1110002921221019991
0122103931991012321
1399102933342100111
1993101292929100191

15 8 25 board_15x8_25_106297_none
001121292121100
111939322929111
912394911132229
111939332119249
001121299232499
110000123929494
921000012221393
291000019100129

11 4 6 board_11x4_6_106324_none
00192291000
00112932000
11001291011
91000111019

5 10 14 board_5x10_14_106332_none
01139
01939
01121
11000
92211
29391
13942
13993
92499
11299

4 16 11 board_4x16_11_106349_none
0191
1332
1991
1221
0000
0011
0129
0193
0239
0193
0129
0011
0000
1211
9392
1392

4 18 10 board_4x18_10_106364_none
9392
1392
0222
1393
9399
1239
0011
0000
0000
0000
0000
1110
1910
1110
0011
0019
0011
0000

7 16 29 board_7x16_29_106375_none
0019931
0025991
0019931
1122332
2920199
3931343
2933992
1129992
1113431
9311910
9911110
9410000
9212321
2339991
3993321
9931000

12 6 11 board_12x6_11_106409_none
001129921000
012923592000
019211992000
022312221000
139391000000
199311000000

17 4 14 board_17x4_14_106422_none
00000191001111232
00012433112921999
00019993922921259
00013933921110029

19 16 45 board_19x16_45_106438_none
1910019921000001110
1221012391000001910
0191000111000001110
0111000000111000000
0000111000293100011
1221191001399100029
1993211001955310029
1499100012499922121
1393111119394392910
9211019111211123210
2222332211112129100
1929991191192921100
1123942233323110000
0001291199292100000
1111221123339210000
1911910001922910000

18 19 59 board_18x19_59_106487_none
221191129100111191
991222192100191222
931193321111111191
110129910192100111
000012210239210000
110111000193922210
920192100112129921
931129210000012392
393122922210000129
293911239922121111
112110194492929100
000122339213231111
000199292101910129
000122322112111292
110000292191112921
910122392222192110
110199433391111000
000139949932110111
000013949921910191

10 10 17 board_10x10_17_106552_none
1111933210
2921299931
2920235991
1110192232
1100233119
9100199111
1111222100
0019100000
1111100122
9100000199

4 5 5 board_4x5_5_106570_none
2921
9229
1122
0029
0029

4 6 6 board_4x6_6_106576_none
1211
9391
2932
1129
1122
9119

4 14 9 board_4x14_9_106584_none
1100
9100
1100
1121
1929
3331
9921
2229
0022
0019
1121
1910
1121
0019

7 19 22 board_7x19_22_106595_none
9111100
1119100
0011211
1211191
9492111
9493110
1212910
0001232
2210199
9910139
3331122
1939229
1139229
1121222
1911292
1111939
0001121
0000000
0000000

10 19 50 board_10x19_50_106619_none
0299992191
1394492222
1921234492
2332299992
9299323332
1349312129
1395493953
2999923999
9696311232
9599210000
2933921000
1123493210
1249939920
1999323931
1232101249
0000000199
0000000122
0000123210
0000199910

12 16 49 board_12x16_49_106679_none
191001112939
221012912931
932229321232
949933921199
943229492354
391123933999
933293393349
393939349222
949443939229
942993121139
933694100029
239999100011
922343200000
110019210000
000023910000
000019210000

18 5 16 board_18x5_16_106735_none
112910292122101110
293110292199101910
292001222343101110
222222922991011100
911992129321019100

18 10 32 board_18x10_32_106753_none
110001221199101129
921001992122101921
291013593100113220
221019949421192910
910012239992212110
110000012349310000
011101110029920111
129101910014941191
194422111112991111
129991001911221000

16 16 37 board_16x16_37_106793_none
0000192232102920
0001222999102920
0001911343112210
0012210191019100
0019100222011100
0122111291111000
0191019211191111
1221122100111292
2932291111012492
2993942191029921
2323991222029310
9212221191011211
1292110111000191
1212910011100222
9101110029310191
1100000029910111

15 18 45 board_15x18_45_106833_none
110000000111000
921000000193221
292121100129929
112929100023321
001121101129100
111000112932311
192222292249491
129399321199921
022495922344210
019229393991000
133211239421000
199200029200000
139422121111100
012995932129222
001399992921299
000134422110122
000019111100000
000011119100000

8 16 26 board_8x16_26_106884_none
11111100
29219210
29213920
22214930
19119920
22213320
19102942
33202999
99322232
95991011
13931129
01110192
11211111
19392111
12492191
01921111

6 12 10 board_6x12_10_106916_none
199210
123910
122210
929100
121111
000019
000022
110029
910029
110011
000111
000191

4 4 3 board_4x4_3_106929_none
2321
9991
2321
0000

8 12 13 board_8x12_13_106934_none
01112920
01923920
01292121
11211029
19100149
11211199
00192232
00112921
00001392
00000292
00000111
00000000

14 19 69 board_14x19_69_106948_none
00199111101992
00122239201392
23221299200111
99939454200000
99932999101221
45323453202991
99219949203952
49325959313992
93494931292392
23994220222222
92222910191292
11002221222392
12112943912931
93922999422931
24932359922229
92129239329122
22012922233329
92102222939921
29101912932210

19 12 31 board_19x12_31_107033_none
1212110000019210111
9392910001122921392
4932110112911129392
9921110192110012321
9311910111000012910
1101110001111129320
1110000001911922910
1910000012211112220
1110001129211001910
0000112932391013320
0001293239211019910
0001922921100012210

19 6 25 board_19x6_25_107068_none
0123492199210122222
0199992135920299299
0234321019931495332
1292110012339493921
1922910000193923239
1111110000112111921

15 8 17 board_15x8_17_107100_none
910001992910000
221001222110111
191000001110192
111111002921349
110192112921992
921212911112331
129101110012910
011100000019210

9 18 38 board_9x18_38_107118_none
139399119
939322111
121211111
121392191
949492111
399422100
399329100
955931100
995930011
969920019
399321222
293119291
221011222
910011119
110019221
111012921
191113239
111192921

4 16 10 board_4x16_10_107165_none
0000
0000
0000
0011
1229
9394
2599
1993
1232
0019
0011
0000
0000
1110
2910
9210

4 12 7 board_4x12_7_107180_none
9221
2929
1121
0000
0011
1119
9111
1211
0191
1211
9100
1100

5 5 6 board_5x5_6_107189_none
12910
29320
94920
13931
01291

7 4 6 board_7x4_6_107196_none
1100011
9212239
1293992
0129321

15 14 44 board_15x14_44_107203_none
192910292199391
113220393123932
001910293101139
001110129210029
000000124931011
121111395992110
939229399432932
932921334911399
111121292110394
111019211000292
292011111100111
493001239111100
993102993239200
239102932939200

19 19 76 board_19x19_76_107254_none
9999292292292291011
2333333922922921019
0001929222211110133
1213231119101110199
9394910011101910122
1399311110012210011
1359201910129100019
1994201110293112332
3599321100292029991
9959929111211039643
4449333329211139399
9921119943911932222
2321013993323391000
1291001239392933110
1921011112922292921
1222239101122323391
0192992100129911921
0112232100193212331
0000019100111001991

18 8 34 board_18x8_34_107341_none
191123992922939100
111199543129392211
001234991011211191
122913952122212221
939212992199292910
292102492122323110
123322922111392111
019992111911992191

11 5 8 board_11x5_8_107378_none
19111100191
22129310111
92139920000
12923920000
01111110000

8 10 14 board_8x10_14_107387_none
01111991
12911332
19221291
22219211
19112321
22101991
91002331
11001910
12211121
19910019

4 18 21 board_4x18_21_107405_none
9910
2210
0000
1211
9391
2932
1239
1293
1949
1149
1129
9122
1119
1233
9399
1495
1499
1993

4 16 11 board_4x16_11_107429_none
0111
0191
1221
1921
1249
1299
1943
1139
0039
0029
0011
0000
1121
1929
1121
0000

5 14 13 board_5x14_13_107441_none
11000
91000
11000
00011
00019
00011
00011
00019
01121
02920
14941
93993
24599
19949

9 6 15 board_9x6_15_107456_none
922910292
129210292
011211111
121392111
939594492
139939992

11 4 9 board_11x4_9_107472_none
29101921000
93323391111
29299321191
11223910111

15 5 10 board_15x5_10_107484_none
110011211191000
910019291111000
222121322011111
192910191029219
112110111029211

19 18 83 board_19x18_83_107496_none
2943323932222922210
3999994949939339921
9445933933932923492
9329211222111111949
2921100191000112259
2331111111000191199
2991192100000111133
3943239211110001129
9493922922922212942
9549543339229912992
9939999293323222339
3322443229392129211
9100191123939349211
2221212292122992229
1929212922111221193
1121292122921000129
0112232119492000022
0192929111392000019

18 19 47 board_18x19_47_107588_none
001139492111922910
012939923921292110
029322212920111000
029200112121100000
012210191019100000
001921111022201221
001291000019212991
000112232112913941
000112999101223920
011293332100192110
029439100000222000
139942100000191000
923991000011211000
111221011119100111
112121119111100191
192929111101121211
222121100001929100
921000000002242200
291000000001929100

14 10 36 board_14x10_36_107645_none
01291192293910
01921234939221
12111399221129
91002995221139
11002993939129
00001223394332
12121112939939
93929339332239
94333993921111
29292222129100

6 5 4 board_6x5_4_107685_none
910111
221191
291111
921000
110000

4 12 12 board_4x12_12_107690_none
9200
9200
1100
0122
0199
1259
1939
1232
1291
2942
3939
9221

4 14 14 board_4x14_14_107704_none
2210
9920
3942
2399
9322
9200
1100
2210
9910
3320
1932
2399
1943
1291

6 19 16 board_6x19_16_107720_none
000019
000011
000000
111000
292000
292000
233211
199392
234492
192921
112110
000000
110111
920192
920129
110122
000191
011222
019119

14 8 26 board_14x8_26_107738_none
12211123931019
19912949991011
23312994931111
19102444232391
11101993929931
00001494124930
00011392014941
00019211019939

16 5 13 board_16x5_13_107771_none
0192110019119291
0112910023322321
1112211239922910
9119101993229210
1111101221011100

18 4 9 board_18x4_9_107785_none
001291000019100192
001921001121211129
001221012910191011
000191019210111000

19 5 16 board_19x5_16_107795_none
1910000292019212910
2331000292011292110
2991011322000234210
9321029391000199910
1100029311000139310

18 16 62 board_18x16_62_107815_none
911910000001234931
221110012322999991
922221119993233432
239939113992122291
923494311232299211
232939931119332100
929334949112910011
133913941101221019
019212920001393122
011223321001999229
011299291012494392
019222211029422921
012211221029911121
001933991134321119
111299432199119111
910122291122111100

12 18 46 board_12x18_46_107893_none
002999212221
002953494991
002249499432
112939333391
293354329222
922999921229
112343210192
001921001221
012492001910
019393222110
011212991000
011223321000
129299321211
192249929291
232129444432
929111299939
121100124492
000000001921

11 16 44 board_11x16_44_107945_none
91000192299
12110112943
02920001129
03930000122
13921121292
93212939239
39202953339
29202399493
33323944992
99499229332
39932111229
34310112292
99100192932
33200223129
39311291011
99911921000

4 4 3 board_4x4_3_107995_none
0019
0011
1111
9119

4 5 4 board_4x5_4_107999_none
0011
1129
1932
2391
9211

4 8 9 board_4x8_9_108004_none
1110
2921
9391
1333
1399
9393
2432
1991

10 19 29 board_10x19_29_108014_none
9910001929
2210002353
1100002999
9100002959
2221212121
1929292110
1121212910
0000013320
1111119921
9119123491
1112229211
0001932100
0001292110
0000112910
1110013320
1910019910
1111122210
1101921000
9101291000

14 18 58 board_14x18_58_108047_none
92911991000191
12111333232211
00000192999100
00012444333210
00019999223921
00012343499492
01110019499329
01921123594221
12339239932910
19293939933331
11212245439929
12210199922221
19921223210000
12339111211122
00293119393499
11393122939999
29423911123959
29392110001121

18 10 37 board_18x10_37_108109_none
239292121112921100
992212939129339211
221112293239439219
000191139229393221
000111029322223921
000112121291029491
000293910223139322
000293121292932219
001221029422139333
001910029910029399

19 5 13 board_19x5_13_108152_none
1921100011100000019
1129100019100111011
0012333332100292000
0001999992011392000
0001233492019211000

18 8 37 board_18x8_37_108166_none
111191199393210000
291122239329910111
933129221112210191
292922921001121211
223234593234939210
291199994999943910
944334444954492121
299911929229211019

12 18 30 board_12x18_30_108208_none
000000292000
011101392000
029212921011
029219210019
011112210011
000001910000
111001221000
191011292110
221019322910
920012922221
931112291191
291191111111
111233100000
000199211000
110133493100
920019499100
931012493100
291001921000

9 19 36 board_9x19_36_108242_none
910019291
110022311
000129100
001393100
002993121
113965949
923999992
392235941
931002920
920113220
110192921
012433291
019992221
233333910
991029421
332029391
191011211
112221000
001991000

4 12 12 board_4x12_12_108282_none
0000
0011
1119
9111
3432
9999
9432
1100
2321
9992
2449
0192

5 4 5 board_5x4_5_108296_none
00019
01232
23991
99321

9 10 19 board_9x10_19_108302_none
949291019
994322121
393911910
112111110
111000011
191000139
332000199
991000122
931123210
110199910

12 16 27 board_12x16_27_108323_none
110000000000
920001121100
920112929111
221192121119
192333110011
113993921000
003969591111
002949921191
001122210111
001121100000
001929100000
002231100000
001921112110
001291192910
221111112232
991000000199

16 19 64 board_16x19_64_108352_none
0000191002993991
0000112112994221
0000001911493111
1121101110293292
1949311000249339
1299492011399229
2332393119394222
9910129111229229
2211121100122292
1101910001291111
9333210113943110
2999201395992910
1359201999323220
0193212494201910
1213932939101110
9114992232100011
1129931191000129
2239322321000192
9921119910000111

19 10 28 board_19x10_28_108423_none
9100111000000019111
1211191000001232229
0191111000012992393
1332000000019459493
1992100001122949329
2459100001911292111
1992211001110111000
2332291000001110000
9119211112111910011
1111100192911110019

16 4 17 board_16x4_17_108455_none
0112910293129492
0192110299139592
1333211133229433
9299291019111299

9 14 17 board_9x14_17_108479_none
000122100
000199210
000123910
000001110
110111000
911291000
111932111
111129119
910011222
121101291
019101921
232101110
992001110
992001910

8 16 18 board_8x16_18_108497_none
12122910
92929321
13231292
01911349
02222992
01912931
01222221
00191191
00111111
11011100
92129100
23921100
92110000
11000011
00000019
00000011

5 19 24 board_5x19_24_108516_none
00122
12299
92943
23391
29322
29329
23921
93110
94110
94921
29239
22129
91011
23210
19910
12332
11299
19343
12929

4 19 23 board_4x19_23_108544_none
1111
9329
9492
9311
2200
9111
2229
2942
3992
2959
2239
9211
9432
2999
1232
2210
9920
9920
9310

4 19 20 board_4x19_20_108570_none
9111
1129
1129
9122
1119
0133
0199
0249
1393
9393
1229
0133
0199
1239
9221
3910
9332
1299
0122

4 10 6 board_4x10_6_108597_none
0000
0000
0011
0019
1121
2931
2991
2442
1991
1221

7 5 7 board_7x5_7_108605_none
0002931
0013939
1129221
2932200
9229100

9 4 9 board_9x4_9_108613_none
992291000
239333222
011299399
000122393

17 14 35 board_17x14_35_108623_none
01110000001299100
02932221001932100
02992991001110000
13432332001232100
19921292122999100
34329224939332100
99122329942100000
22119293391000000
00122211111000000
11191000000000000
91233100011100111
22399200019100191
19399200022200222
11222100019100191

19 18 71 board_19x18_71_108660_none
2921111992101911110
4931933339101111910
9921299112222322232
9321222101929993399
2229101222122493993
2933311991000112332
9329923331112110191
9323392910193910111
2492112110239431000
9392000011293992000
1222111119223492000
0029329233219212221
1139921299322101991
1933222349593111332
1393119932993910191
0299223921222121211
0123911122210129100
0001110019910192100

15 6 19 board_15x6_19_108743_none
191129920192921
111195920112291
000239221100111
000193219100000
123339232201221
199922929101991

11 4 11 board_11x4_11_108764_none
91139920129
11199941292
00124949311
00001139200

9 5 9 board_9x5_9_108777_none
921000000
391111011
921293119
331299111
991122100

6 10 8 board_6x10_8_108788_none
019929
134321
199100
122211
011291
019321
012910
001110
000000
000000

4 14 11 board_4x14_11_108798_none
2920
2931
1129
0022
0129
0192
1322
9291
1211
1110
1910
1232
1299
9222

4 19 18 board_4x19_18_108813_none
1121
2949
3992
2931
1221
1393
1999
1399
0122
0000
0000
1211
9492
2993
1239
0011
1211
9291
1211

6 16 14 board_6x16_14_108833_none
921129
392193
293239
112921
001110
000000
000000
011100
019111
011119
011111
019321
023991
019431
012910
001110

8 12 14 board_8x12_14_108849_none
93229100
99292100
22211000
00111000
11291000
19211011
22211019
91191011
11122111
11119129
19111129
11100011

14 4 15 board_14x4_15_108864_none
01292212991000
01949392332011
12149521192239
91029910129299

15 4 14 board_15x4_14_108881_none
910111192221191
110292112992232
012593112333929
019992191192121

19 10 28 board_19x10_28_108897_none
9211910191000019210
2922110111000013920
2391000001110002920
9211000001921101110
2221100002239100000
2939100001933310011
3942100112129931119
9391000293113949222
1211000299201139219
0000000139200011111

19 16 76 board_19x16_76_108927_none
2210193391019101932
9922239922232102399
9594933432991001932
3949921992221001110
2943222333321000111
1291139229992110191
0112399229943911221
1102994212393332910
9212959111213993232
3921292229213994399
2920122293393339943
2221229459439124549
9119294999393329992
1111229454329295531
1100011299111229910
9100000122100012210

17 19 55 board_17x19_55_109016_none
01111991001291111
01922443101932192
01129399101292249
11012944310112949
91001129910112139
12110013320191122
01911111921222392
01111922229119393
00001129222111229
00000011291001121
11100011211112910
19210019100293110
12921122200292000
01129119211221000
12121112922910000
92910123239310111
12111299249311291
00123932299429222
00199210139921119

10 8 19 board_10x8_19_109080_none
0000122129
2210199129
9921244332
9921939929
2222395431
0019229920
0022214930
0019102920

4 5 3 board_4x5_3_109103_none
1110
2910
9210
2210
1910

4 10 6 board_4x10_6_109107_none
1929
2342
1991
1332
1291
9211
1100
0000
0000
0000

8 19 26 board_8x19_26_109114_none
00012910
00019210
01121100
02921110
03931921
02922239
01111932
00001291
11101221
19222910
12939210
01292100
00123210
00129921
00193492
00111293
22223449
99299992
22223321

12 14 31 board_12x14_31_109142_none
000000111029
222110192129
992910139211
222110029200
110001122210
920013943910
932249999210
394999433321
939942101991
123431002331
001992112920
001222912931
000001111129
000000000011

18 5 21 board_18x5_21_109175_none
292199219910011291
293349212211129211
129393100013942100
121392011119992121
910111019113932929

19 5 13 board_19x5_13_109205_none
0000111019100011222
0000292011212139499
0111292000192939594
0191111000112121493
0111000000000000292

19 8 27 board_19x8_27_109219_none
0019101910019212921
0022312110012392292
0129392001112953239
1293492002922999229
9349311002922359211
1299200001111921211
0123210000112110191
0001910000191000111

18 12 54 board_18x12_54_109252_none
911910193993992991
233320113944943332
929921113493391292
122239219922921292
232239224432210111
999292229929111111
244532194331119129
019991223911132239
012432294323949229
111191299294969422
191222123323949391
111191001911121211

11 19 29 board_11x19_29_109315_none
11001110000
91001911110
11001111910
00000001110
00000111000
01111291000
02921921011
02932210019
12229211011
19123592000
22229992000
93293321000
93921111122
12110191199
00000111122
12110000000
94921121211
29921939391
12211139311

10 18 26 board_10x18_26_109351_none
9100191000
1211222000
0191292122
0111293299
1100129239
9101132211
2201929210
9101122910
2210123210
1921299100
1129333100
0122291000
1291112110
9222101910
1119101110
0011100000
0001232100
0001999100

6 10 16 board_6x10_16_109378_none
129993
923999
222243
191019
233222
199292
122229
011111
129211
192291

4 4 3 board_4x4_3_109396_none
9200
9200
2210
1910

7 12 22 board_7x12_22_109400_none
1292121
9213939
1102931
0001110
1111222
9239399
2939349
1132239
1129239
1921293
3321249
9911939

12 19 35 board_12x19_35_109428_none
191000000292
221000001493
922210123992
129932299321
012399222100
001233210000
001911910111
012211110191
019100111122
121111292139
910019322939
110012911132
000001110019
121111211011
929119291000
121111323110
111011292921
192129212292
112921100129

14 19 36 board_14x19_36_109467_none
00293100001110
00299200001910
00139211112321
00011119119392
00000011112492
11123210012921
91199921129210
11124932921100
00002239210000
11101932111100
29202391019100
29201921011100
22101111110000
91011101911110
23129101122910
92932211029310
12291191029200
00111112132200
00000001929100

15 19 41 board_15x19_41_109508_none
192911293999210
112122923994910
111129211333110
911921100191111
221110000111192
921000000000129
291000111000011
221000191000111
910111111000191
231292110111222
939312921192291
249212392239311
293119229129311
292011111111291
232100000000111
929100000001110
231100000001910
910000000001121
110000000000019

19 6 25 board_19x6_25_109551_none
0019291019911992110
0012321124321222910
0001910293911111221
1112333493111922493
9119299933211129999
1111239329910012332

18 4 11 board_18x4_11_109578_none
910111112291011100
110191192943119211
000111112299112492
000000000122101992

17 6 22 board_17x6_22_109590_none
11100129212110000
29310193393921232
39910112923921999
29420001111111494
23922211221000293
19229911991000129

10 18 31 board_10x18_31_109615_none
9921100000
2229111111
1133329119
1939932211
2349329100
9293221100
1212921000
0002392100
0001939100
1212121100
9291000111
2311011292
9100019229
2332222111
2999291000
9332211000
2212221100
9119929100

8 19 21 board_8x19_21_109650_none
19921100
12229100
12121100
93910000
29211110
11101910
00001110
00000000
01121100
12939111
19392119
11211022
00000019
00000011
22100122
99210199
34932222
92299100
11122100

4 16 18 board_4x16_18_109672_none
9339
3993
9592
9421
3910
9210
1100
1111
9119
1233
0199
1239
9222
9219
2211
9100

4 8 6 board_4x8_6_109697_none
0111
0293
0299
0122
0000
1211
9391
2921

7 4 5 board_7x4_5_109704_none
9910011
3310129
9100192
1100111

14 14 41 board_14x14_41_109710_none
92992111910011
12233911221129
00019210192292
00011111339432
11000029493992
94211149945592
99912949499921
23213941239420
00124920012910
00199210002220
01343100001910
12991111012210
92332192129111
11191112921119

17 19 43 board_17x19_43_109756_none
00001911939200000
00001222139200000
11012391022200000
91019921019111100
11012221112229210
00001249201922910
11101999412111110
19212249391000111
22293221322012391
92229920191019931
29114931221013920
11102932910001110
00001239210011100
00000192100019210
11211111011112910
19291000019101110
11211000011111100
00012210000019210
00019910000012910

18 19 62 board_18x19_62_109806_none
122929212111939339
929221292922139399
122221223391011239
001929119332100122
001121112929210293
000000001133910299
000001110129221344
000001910294229399
000012210293922493
122229100123211921
929932101239211110
122391002994931211
000111113933949391
011112392111139311
019119921011111100
122112321019211111
292110191022391191
922910123229211222
111110019921100191

18 8 25 board_18x8_25_109872_none
122229100000000111
939921100000000292
293210011101121393
111001129102939449
001223942202932992
001994949213321221
001239239229921000
000011111129491000

17 5 11 board_17x5_11_109898_none
00001921119291000
00012339222222100
11019292291019210
91011322111012910
11000191000001110

12 5 15 board_12x5_15_109910_none
001911992139
001111333939
011211192243
019392234399
011392199932

8 12 20 board_8x12_20_109928_none
01929291
12332211
19291011
22212139
91112949
11193239
11229222
19112392
11223939
11199221
91233100
11191000

4 19 17 board_4x19_17_109951_none
2221
9929
3321
9100
1111
0019
1111
9111
1129
1139
2942
2991
1221
0000
2221
9939
2349
1292
1921

4 18 18 board_4x18_18_109973_none
1993
1399
0122
1221
2992
9449
2943
1399
1393
1921
1121
0019
0022
0019
1111
9111
2229
1921

4 14 16 board_4x14_16_110000_none
9111
1129
0029
0011
0011
1239
2993
2959
2249
1932
2492
1993
3592
9921

5 12 13 board_5x12_13_110022_none
29100
92211
11292
00292
01232
23929
99442
39929
23221
91000
11111
00191

8 6 6 board_8x6_6_110041_none
00191000
00223110
00192910
11212221
19111291
11119211

9 5 6 board_9x5_6_110048_none
019100111
011100191
000122211
111299100
911932100

11 4 9 board_11x4_9_110055_none
01910191019
12210111011
29222212110
92299292910

12 4 12 board_12x4_12_110067_none
299113921291
943119922931
392123212920
292191001110

14 5 18 board_14x5_18_110081_none
19292112992100
11239219349200
11029322129200
93233392232111
93992922991019

19 16 41 board_19x16_41_110103_none
0000000019100111000
1100011112210191000
9100019101910122211
2200022201111129392
9100019100001921393
1111111100012210129
0029200012339100011
0029200019992100011
0012210013431001139
2211910112910001939
9911110293110123221
3310000292122299100
9101110112399222100
2201910112994100011
9211110192393110019
2910000111112910011

19 18 50 board_19x18_50_110147_none
9219210191000000111
9324920111111000192
1395930000192221129
1394920011323993111
9212121119393399100
1100029321393222111
0000039910129100019
0000029310012210011
1100011100001910000
9111100011101110000
1119100019100011100
0011111111100019211
1100019100001121291
9100022211212910111
1100019119293220000
1100011233424920011
9101111399393931019
1101911994922291011

18 16 69 board_18x16_69_110205_none
993299119992001110
993933222493222921
332122910112992129
910129321112221022
110194592192110029
000129992123910029
011223432019321132
019392291012922929
012949312111293342
002369301921212991
113999312139201232
293942291139211119
922121211294219111
121119212399221211
129223393966931291
192292923999939211

11 5 9 board_11x5_9_110286_none
00191000000
00223110000
00192922121
11213393939
19101923931

4 10 8 board_4x10_8_110298_none
1100
9100
2200
9200
9410
9920
3920
1121
0129
0192

4 18 12 board_4x18_12_110307_none
1910
1221
0191
0111
1100
9111
1229
0192
0111
1100
9100
1100
0111
1292
1949
2393
1939
1121

4 19 16 board_4x19_16_110320_none
0011
1119
9222
9219
2232
1929
2342
1991
2432
9291
1211
0111
1292
9439
9921
2210
0000
0111
0191

4 19 22 board_4x19_22_110337_none
9993
4999
2993
1332
1291
2931
3931
9391
1211
1100
9222
1399
0294
0139
0139
0193
0239
0192
0111

8 16 26 board_8x16_26_110361_none
01929299
01121233
00000019
00000011
11000011
92110019
12932111
12399111
19334229
23393931
92924941
23223991
92292332
23922291
19321921
12911110

10 12 18 board_10x12_18_110392_none
1291112110
1921193910
1222239210
0293921100
0293110011
1211000019
9211000011
2391112110
1921192932
1110112299
0001221122
0001991000

17 4 17 board_17x4_17_110416_none
23910013993959200
99210019945999322
93100012229942299
11000000012210122

19 10 28 board_19x10_28_110435_none
0001910011100191019
1112231129421111011
2921929129991000000
3921121112321011100
9222210000000019100
1119921000000011111
1234491112110111129
1992921193920292192
1222221113920292122
0000191001110111019

17 19 85 board_17x19_85_110465_none
92911939213959200
13332293394999311
23992223933942291
99322913931110111
22101112931011211
00012212493119291
12229922999321222
19924943969921129
13322939494229349
12923332493113993
92239922939113959
12293493122239492
23932393111939311
99229334922232200
22111299229229111
00111133211293349
11191139200112999
92221199321113599
12910123929119932

12 16 35 board_12x16_35_110563_none
292111139200
923921939211
222932221119
911239221111
111293929100
001923231100
012211921111
019101291292
011100112392
000112112942
012392912991
129943111221
195991000000
349332111100
992119119111
221011111119

7 6 9 board_7x6_9_110603_none
1910293
1110299
1121333
1929391
1123931
0002920

4 4 4 board_4x4_4_110613_none
1100
9100
2332
1999

4 6 4 board_4x6_4_110618_none
0000
0122
0199
1333
9291
1211

4 10 5 board_4x10_5_110623_none
0000
1121
2929
9331
2910
1110
0111
0191
0111
0000

8 19 39 board_8x19_39_110630_none
12332100
29999210
95554910
95993110
39993110
29422910
12334442
01999999
02344694
01911994
12212599
19101993
22201221
39311111
99491191
23921111
01111232
11101999
19101232

14 16 32 board_14x16_32_110674_none
00011100012910
01129100019210
01921100012210
02331000012910
02992100129210
02959210293111
02393911393139
12933111922939
92292101111121
11139211100000
00029219222100
12221222299100
19910293232100
12210293910011
00000112110019
00000000000011

15 14 29 board_15x14_29_110713_none
001921100001221
113239111112991
292921119119332
932110011222119
921110000191011
111910001221000
001110001922110
000000001292910
001121211112110
112929392000000
193231494100000
113920299210000
113930123911110
912920001111910

18 8 30 board_18x8_30_110744_none
112110199100001910
192921122100113231
113391011100193949
001921029321336959
002220029929299942
001921024553323391
013491019999211122
019921012332291019

19 5 16 board_19x5_16_110780_none
0192922110000019111
0124593910111133229
0019993110192299129
0012332100112932122
0000019100001110019

17 12 35 board_17x12_35_110799_none
00019210191123210
00012911221199921
12111111922333239
92910012229921129
12121129212229122
00019129421011119
11122112991011111
92191001221019100
94223210000011100
99119921001110000
94222492001921011
12910292001291019

16 14 47 board_16x14_47_110839_none
0191000191012321
0111111122119992
0112394229113993
0192999931101239
0124556942321011
0019993939992221
0124443223932991
1292939322222221
9335494991192211
1299923942229291
0123222229111211
0111019111211111
0192121100292191
0112910000292111

15 16 58 board_15x16_58_110892_none
993921000292122
239392110294499
011323921129993
110192293334931
931111129992221
992001122432191
392001910292122
344211121393119
999910129339222
994210193932392
221000112139339
122223211139229
299299922921111
295433493232100
239910293299100
193210129222100

11 19 53 board_11x19_53_110958_none
00192911991
12322233321
29910299100
93332393211
22199432192
91124991139
11002942129
11001139211
91000029211
11012332129
01249992139
01999523931
13599314930
29959339920
39942399421
29339322392
11129201392
11133201932
91199101129

8 18 20 board_8x18_20_111016_none
00019392
00122392
00191111
00111000
00011100
11129100
91192111
22111019
91000122
11000191
00111122
00192239
00239299
00192233
12321019
19910011
12210111
00000191

5 12 11 board_5x12_11_111039_none
00011
00129
00192
00111
11111
91191
22211
19100
22322
29299
93233
92019

4 5 5 board_4x5_5_111051_none
1111
9129
2239
1932
1291

5 5 3 board_5x5_3_111058_none
01110
01910
12221
91191
11111

9 12 23 board_9x12_23_111062_none
192299229
129333932
122911239
911110193
110011349
012229399
019921399
122210149
910112139
110192921
000112110
000000000

16 19 53 board_16x19_53_111086_none
1121392000000019
1939392111000122
3492211191111191
9932111123392211
2392291029939100
1212921039421100
9112221129200011
1119119221100019
0011112910001121
0000002331001921
1100001991113249
9100002331193939
1111101910129221
1129102220022200
3932322910019100
9921992222122210
4421221193911910
9920001239332210
9920001922929100

18 18 43 board_18x18_43_111143_none
011100000000191292
129100011101232392
921100129112939321
110012393229495920
001129949129339920
001922493111129310
001110292111011100
112110112392001110
192910001992012910
113220001332019320
001910000191123910
013431000122393110
019992000019392000
012492000011211000
000222000000000000
000191000000000111
000122100011100191
000019100019100111

19 5 22 board_19x5_22_111188_none
1922929210191012929
1292233932322019331
0111193399391012921
0000129235942012492
0000011119991019392

14 8 19 board_14x8_19_111219_none
91002920191111
22102920111191
19101110001221
11100000001921
00000012323239
00000129993932
00000295594239
00000293939129

6 19 20 board_6x19_20_111240_none
192910
234321
299291
293222
111019
000011
011100
129211
192392
222392
921932
922239
111921
002220
001921
113391
192921
112110
000000

4 18 11 board_4x18_11_111264_none
1921
1129
1111
9100
2210
2910
9210
1211
0191
0111
0000
0000
0000
0000
1110
1932
1399
0299

5 6 8 board_5x6_8_111277_none
01939
01293
22229
99111
44200
99100

10 5 7 board_10x5_7_111288_none
1110000000
2921001121
9391112929
1211193221
0000129100

18 18 65 board_18x18_65_111296_none
019911911129291011
012211122921211129
111012239310000192
191129969301110111
221295999312910011
921393233392221029
932922111932291039
292111911129321149
112223220012921199
222993910001291122
992239210011222222
221022201239119299
000129101994232322
011394322393929111
019393991112121129
232213331111011129
991012911291019111
221019211921011100

19 19 53 board_19x19_53_111369_none
0011111100019921100
0019119211012229111
0011112391001121119
0000012921002920011
0011239310002920000
1119299200001121100
9111233200011119100
1100019100029211100
0112122211249200111
0192911911992100191
0224221111221000122
0194931211011101129
0239949291019101921
1295941333111101110
9324920199321000011
1292110124991001129
0222000113931001921
2392221192110001221
9922991111000000191

18 12 58 board_18x12_58_111424_none
110192922910292000
922323493232493000
129911992199493011
013432221122393129
111992233221324942
922344999939495969
292299444349597999
113954911921399942
123993221110124431
939322910111112991
293222221393292332
112929119399211191

11 4 7 board_11x4_7_111492_none
00000112129
00000192921
12322222110
19992910000

7 10 18 board_7x10_18_111501_none
0123399
1299932
9239310
1111100
1100000
9200000
9212221
3329929
9932343
9920199

5 14 18 board_5x14_18_111521_none
29200
29200
11211
01291
12943
19499
24953
39991
99931
23221
22119
99111
33100
91000

4 18 13 board_4x18_13_111542_none
1991
1221
0000
1221
1991
2331
2910
9210
1211
0191
0111
0111
0292
0293
1229
9111
2221
1929

5 16 20 board_5x16_20_111557_none
99100
22211
11292
91292
12332
23992
99693
39593
22492
19222
11129
01139
01921
12210
39200
99200

10 6 11 board_10x6_11_111578_none
0112129492
0293922992
0395211221
1399100000
9222101110
1100001910

15 4 10 board_15x4_10_111590_none
392001991011100
992112221129100
332191001292100
191111001921000

17 6 25 board_17x6_25_111601_none
92110019119299200
12911244321239211
01123999911121129
01139944321921029
12939312922392222
19221102921939291

19 14 57 board_19x14_57_111629_none
1929991001999111111
1122433233332119229
0111192999100012392
0191112232100001932
0111000111000013339
1100000191001239921
9112321123211993210
1129992119911222221
1129439112211222991
9111222212111993331
1223391294933432921
0199933394939922392
0139695932133491292
0012999920019211111

18 19 69 board_18x19_69_111693_none
001222293931229321
111992923939294991
932233211121213942
992119100111001392
959223210294210292
931293921399921211
111223921944229100
001922222391011100
001139219222100000
110139212239200000
932292101949422100
299422002249499311
149491112921399491
029312293220123921
011101922910002331
011212112220001991
019293222921112221
011229939591192100
000012239921129100

14 12 40 board_14x12_40_111774_none
19211910129111
12922321194329
01129291129943
01121322012399
13932291000122
19994931000011
13595920000129
12949432211393
93249939911993
12923933321239
13443211911121
19999101111910

9 5 6 board_9x5_6_111822_none
019100192
011100129
221000011
992100000
239100000

4 6 7 board_4x6_7_111829_none
0199
1233
9219
9321
2921
1291

4 16 10 board_4x16_10_111838_none
1929
1121
0111
0191
0222
1392
1992
2332
9119
1111
0000
0000
1110
1921
1291
0111

4 18 11 board_4x18_11_111850_none
1910
1121
0019
1233
9399
2932
1110
0000
0000
0000
0111
0191
0111
0000
1211
9291
2432
1991

9 18 41 board_9x18_41_111864_none
192119321
129112992
122211349
932921292
993129321
493122910
923921110
222920000
932322110
949393910
139329210
011111222
221011299
993239339
239959432
125969929
194949321
129221100

16 6 13 board_16x6_13_111910_none
0129929100019100
0294333210011100
0292192921000000
0122212291000000
1239100122100000
1992100019100000

18 4 12 board_18x4_12_111924_none
000192929100129291
110112121100193311
910011100112349100
110019100192992100

19 8 38 board_19x8_38_111938_none
0000299210001299222
0111395921112955499
0192394393494399943
0129322949999459429
0012933394459939443
0123399212922222999
0199222101110002342
0122100000000001910

18 16 39 board_18x16_39_111986_none
001110000000012910
001921100122119320
112129100199112910
292011100134311110
292000001239921100
233221112993229100
929929119321011100
123331112221101110
001910112929101910
001110192121101110
000000111000000000
011101232101221000
019101999211992110
011101495923432910
001221293129922210
001991111012229100

11 18 52 board_11x18_52_112030_none
00192292291
00129349543
11012949999
92101139693
49201122921
99312922110
33292291000
92233222100
93399229221
39594294939
94992129392
13931011211
01232101232
00199222999
00123939432
22101259411
99200199591
39200139921

10 16 39 board_10x16_39_112092_none
2939959200
2944999200
2392244310
9223339910
1119993210
1123433210
9219119920
9222214941
1129202939
0039301232
0029200192
1132212339
1929229932
1122494229
1122993011
1929492000

4 5 4 board_4x5_4_112139_none
1110
1921
1139
0139
0192

4 8 7 board_4x8_7_112144_none
0122
0199
1232
1910
1221
1292
9239
1129

6 12 10 board_6x12_10_112153_none
001932
001299
000139
000122
000191
000111
011100
019321
012991
002331
002920
002920

11 19 53 board_11x19_53_112167_none
39993911929
99693111121
35931011222
29941119299
96949334449
99459399932
23993333391
01333922221
11292394910
29321299210
94932443100
13939991000
01122332100
01221019100
12992022322
19492129299
11211192239
00111112121
00191001910

15 18 63 board_15x18_63_112232_none
121292910192100
929334210239111
232399323493119
912959399992011
112931239643221
112220012994992
921910001495949
921110000294232
232101110249219
199212921299432
122393129224991
110293111113931
911349100029310
222992100029200
294453111111222
393999119221299
933333222939222
129101911292100

19 6 21 board_19x6_21_112305_none
0129119393992292111
0192111393222939229
0111001222222122921
0001222911991001121
1111993111221000029
1911392000000000029

18 5 22 board_18x5_22_112328_none
129210192921293221
932910123391293992
931110019223322493
931211022229910393
129291019129310292

17 8 23 board_17x8_23_112352_none
01129101910000011
02942202231100129
03949101939310192
13942101139911221
19491111012211910
12932292111111110
12339322911910000
19293911111110000

12 16 35 board_12x16_35_112376_none
191192922391
111223249943
001291299499
111932293239
922391111011
129321000011
012911111129
001111911921
110123211221
921199211191
392234391111
292193921000
122229331100
129112929100
921101121100
110000000000

6 18 22 board_6x18_22_112414_none
000000
122100
299221
944939
129239
011233
122299
199222
123321
111992
922339
129111
133200
199100
234332
192999
112232
000000

4 5 5 board_4x5_5_112441_none
9221
2929
2332
9291
1211

10 10 14 board_10x10_14_112449_none
2210001110
9910002920
9310113920
1100293110
2210294210
9910129910
2210023310
0001129100
0001932200
0001129100

18 19 83 board_18x19_83_112466_none
000111001921129229
111292113391293394
292292192932392299
393222112139421233
394292111139911291
295959229339311932
129959339932312291
233393923339391222
992212222923932392
959310193335942992
149932229299939321
139499111224342200
293322211001929111
939100191002353329
233210233213999293
193920199493942229
114930249933210011
002920193229211000
001110111011291000

18 19 72 board_18x19_72_112560_none
931000001929210000
991000001122910000
221112121113320111
011292929229911392
019212134932212992
011100019942113931
000122123599119210
001299229393111111
233932292222223229
999321111019399921
342291000013965321
910222011103999119
111291129113953111
233921192119593211
999221222112999392
342119229112344592
922122922239219921
293921122939322210
113920019222910000

19 8 32 board_19x8_32_112639_none
1993999102931111211
1393232113949219292
0111000019359311239
1110111012399310029
2910191002954911121
9310222125949321910
9200191299932911110
1100111294211110000

15 4 13 board_15x4_13_112677_none
129211929291192
922911232211129
222331292000011
911991292000000

10 10 15 board_10x10_15_112694_none
1100011291
9322129322
2993931292
1223920139
0112110029
0191000011
0222000000
1392111000
9392191000
1211111000

8 14 23 board_8x14_23_112712_none
01949200
12399311
19223392
23311939
19911132
23221119
92019111
93111100
29210000
12911110
01122921
11019339
92222292
29291111

4 19 22 board_4x19_22_112738_none
0000
2210
9921
2392
2449
9992
3532
9292
1229
1111
9221
3949
3979
3999
3952
3930
2920
2220
1910

4 19 17 board_4x19_17_112767_none
9111
2219
9111
1100
0000
0000
2210
9920
9920
3442
1999
1393
0111
0011
1239
1992
2332
9219
9211

4 19 13 board_4x19_13_112792_none
1929
1132
0019
0011
0111
0292
1493
9492
3921
9210
1100
0000
2210
9910
9310
1100
0011
0019
0011

4 18 10 board_4x18_10_112807_none
0011
0019
0011
1100
9321
2991
2332
9119
2322
9291
1211
0000
0000
0000
0000
0000
1121
1929

5 10 11 board_5x10_11_112819_none
00292
00393
11392
19211
22222
92199
93122
92000
33100
99100

12 5 9 board_12x5_9_112832_none
000011100199
000019210139
112122911121
192911222910
112110192110

18 16 77 board_18x16_77_112843_none
123210001939100011
199921013493211119
249491029949219122
943433239339211119
499299393221100011
995445933921111100
399399339339229100
259423932294932100
299212392229391000
394349439234432100
923999932299929211
123944491139432292
019211932223392339
132201129294949394
929101232239931399
121101991029310139

19 18 45 board_19x18_45_112935_none
0001992110001110000
1101333921112910011
9321292292393110029
9939211129392000029
3932321022311000011
1222991129111211000
0192221293119291000
0223110292011211011
0192910111000000019
0112121100000000011
1100019100000000000
9100011111211000011
1100000019291000019
0001221011211000011
0001992121100000000
1102333939100000000
9312922943310000111
9912921129910000191

15 8 31 board_15x8_31_112981_none
019212111139492
022493923949493
029593129952229
029942135992121
013991199423931
124431139203959
199910011102992
139310000001221

8 5 5 board_8x5_5_113019_none
00000000
11000000
92111000
92193210
11129910

4 16 16 board_4x16_16_113025_none
2942
2999
2493
9211
1100
0111
1392
9592
9932
3329
9111
1211
0191
1221
2920
2920

4 19 14 board_4x19_14_113044_none
1999
1232
0000
0000
1100
9310
9910
2210
0000
1110
2931
3991
9542
2991
1221
0011
1129
1921
1110

4 19 13 board_4x19_13_113061_none
1921
1291
0111
0000
1110
1921
2239
1943
1299
0122
0111
0292
0292
0111
1221
1993
1399
0122
0000

10 10 26 board_10x10_26_113075_none
0112291019
1394931011
2995931100
3995249200
2994959311
1224969219
0003992122
0002942119
2211139321
9910029910

14 5 14 board_14x5_14_113108_none
00191011119119
00111019111122
01110133311029
12910199392139
92110123939129

17 4 9 board_17x4_9_113126_none
91000000000000199
11011111112210122
00019129219910011
00011129212210019

18 6 20 board_18x6_20_113137_none
291000000029310000
921001221029931111
110001992224939239
001111249492121299
002920029932100133
002920012229100019

18 19 60 board_18x19_60_113162_none
922991011291191000
139433229211122100
029329921101249200
012933210001999211
001291000112344229
000111000191193942
122101110122213939
299101921129212132
943112391192293229
292229211111129931
239292100011113920
193321000019101110
113931000022200011
113992100029201129
294349100029201921
494921100011101110
993111122210000111
332012929910001291
191019222210001921

18 19 50 board_18x19_50_113230_none
192100000111011211
129210111192129291
013920192212921222
003942339101221019
003959921100191011
003969410000111000
002959300011112210
002249200019119910
111922210011112210
932322910000012210
939292110000019910
231211122100023421
910000199210019292
110000134921011229
111000019492101121
192121112939101910
223939101121112210
912931100000019211
111110000000011291

12 14 43 board_12x14_43_113285_none
922222291011
294993921019
139996443221
029599999910
011239569410
000011299300
011111349200
019119293210
022333313920
019299102920
121223333210
932112999311
992934969491
222299239311

7 5 6 board_7x5_6_113337_none
1119119
9112221
1101921
0112291
0191111

4 4 3 board_4x4_3_113345_none
0000
1121
2929
9221

4 8 7 board_4x8_7_113350_none
1910
2210
9210
3910
9421
9391
1222
0019

8 19 21 board_8x19_21_113359_none
19129200
11129200
00122100
11191011
92221019
12910011
12110000
91000000
11000000
00001110
11213920
29293931
92212291
11111111
12492000
19992011
12432019
00191022
00111019

9 19 25 board_9x19_25_113382_none
000191000
000111000
121222100
929399200
122949310
001122910
011101110
129210000
293910000
922110111
220000191
921211111
129291000
122211000
191000000
122101110
029212921
039429339
029922921

