10 18 26 board_10x18_26_28416_none
9211001921
2492001139
1994101139
2599101932
9393101129
1211011222
0000019291
0000012332
0000001929
0011212121
0019391000
0012921000
0012221100
0019119100
1121122200
1910019100
1222121100
0192910000

4 5 4 board_4x5_4_28446_none
0019
1132
2929
9221
1100

4 6 5 board_4x6_5_28451_none
9920
3920
1221
1291
1921
1110

7 12 22 board_7x12_22_28457_none
9213939
9219963
1113999
2222349
9929111
2222210
1122910
1939210
1292211
1211292
9112492
1119921

15 19 41 board_15x19_41_28484_none
019211019100111
011291011100191
000222000000111
221191000000000
991223110000122
221192921100199
000234229100233
001399112332291
012994211999321
019322922395910
011101292239321
110000223921292
910011292110129
111129211000011
111921211000000
911221191111000
121292332191011
019212991111019
011101221000011

17 16 57 board_17x16_57_28529_none
01291001939310122
23921001139910199
99321000123210139
34592000191000011
29992012443101110
95931019999101921
93110013993102391
12121223321012932
01939499111129329
12359954219239322
19299599123492292
22339323229932239
19111101922229239
11100001110023921
00000000001129221
00000000001921119

18 14 61 board_18x14_61_28590_none
921991000000000292
921222110111000393
110112910292000393
221194320394110292
991239922595910111
332295329999210011
292499124993211029
949393229432292029
931212393292392011
110002992129443211
110002932234999491
921001111993999921
392111212222234331
939119291000001929

18 12 58 board_18x12_58_28657_none
299119229221119291
393111293929222322
932122213231292393
392199212932349499
392233292299299339
942393332122222222
939393991000012492
121323222121119992
011392012929225963
019492029322494999
012922139212995493
001111921119493921

19 10 49 board_19x10_49_28723_none
1222110012222992291
1994921119949669311
2499339335969999200
1932294995993494322
3320113999332239399
9910001243219139422
2210011119221129310
0012229333910012910
1119922993221223220
9112211222911992910

18 4 11 board_18x4_11_28783_none
191000019991019211
111000023421122291
111110019100192221
911910011100112910

11 16 38 board_11x16_38_28796_none
00129993999
00195533993
00129911221
12122321000
93921291000
24932921000
92394321000
22399291000
91294311011
33229100019
99221211011
96920192211
95931129291
29391011322
11222100191
00019100111

7 19 19 board_7x19_19_28838_none
1991000
1232100
0019221
0123939
0295593
0299992
0123321
0000000
0000000
0000111
1100191
9211111
1291000
0112110
0002920
0003930
0013920
0019221
0011119

4 14 15 board_4x14_15_28860_none
1932
2399
9333
1292
0129
1111
9111
2339
2993
2949
2231
1921
2239
1921

6 4 3 board_6x4_3_28879_none
001939
001292
000111
000000

14 14 41 board_14x14_41_28883_none
29921129119129
94921921111139
13221110000029
02921110011122
03942921019119
13939392244321
93332223999921
39492019494391
29492122211222
22211191000192
92000112110239
93100001910192
39201111121211
29201910019100

15 16 41 board_15x16_41_28927_none
000000029421000
000000029991111
000111012321191
000191000012321
000111001129910
111001222922210
192112994210000
249329499321000
199392223994210
122211013599910
221001239933221
991002993210019
941002942100011
920001239322110
110011293993910
000019212393110

17 19 43 board_17x19_43_28976_none
11211001910000000
29391001110000000
29422000011100000
23492000029200000
92993110029312121
23222910011292939
91112221011213249
11191191019101921
00111111011112210
01121100000029211
01929211000029229
02231291000022229
02931222100029321
02939119100029910
01121111100012221
00122100000000019
22299100001111121
99233200001911921
22119100001111129

18 19 62 board_18x19_62_29027_none
192910019223910000
124320133499210111
019911299394322291
233212942229399211
991002931022493100
332002492019211011
191001994111100019
111112399111100011
111192222119100000
191129101121100000
111022202931211111
110019113949491191
922121119349932211
393921012933329111
294391112129111119
129211192122311011
232100129119392011
991011122211392029
221019119100111029

18 8 25 board_18x8_25_29093_none
000019299910019111
011112333210012229
019101910000013942
232101110001129939
991011100002932221
221019211014941000
111011393119992110
191000299112322910

15 4 10 board_15x4_10_29119_none
122999100122100
929493211199100
121212291122100
000001921000000

7 14 17 board_7x14_17_29130_none
9210000
2910000
2232210
2939910
3953310
3939100
9333210
1393910
0293110
0122100
0019321
1122991
2911221
9210000

4 19 17 board_4x19_17_29151_none
0000
1111
9119
2332
1991
2342
1939
2392
2931
3930
3930
2920
3320
9921
2492
0292
1211
9200
9200

4 18 18 board_4x18_18_29171_none
9921
9439
1292
1232
1929
1121
0111
1291
1932
1129
2232
9929
3331
1921
1139
0039
0139
0192

9 5 6 board_9x5_6_29191_none
110111000
910191000
220111000
931000011
991000019

10 4 7 board_10x4_7_29198_none
0191000111
1333100293
9299100299
1222100122

12 4 12 board_12x4_12_29206_none
911222110019
112992910133
124932111399
199210001993

14 5 18 board_14x5_18_29221_none
99921100111111
39439111292292
12932119212939
02392112333232
01939101999119

19 18 50 board_19x18_50_29242_none
0001239100112921100
0001993100193239100
0112393101222921100
0191129211922210011
1343112922229211019
1999101129111291022
2332211012210122119
9111291013921129111
2229211019921932100
2942100012211291000
2992112221100111000
1239119929101121100
0022212222322939100
0019100002993392100
0122111214943931000
0191019293922921110
0111011212111111910
0000000000000001110

18 18 85 board_18x18_85_29299_none
911393110123210019
343994922399910011
999595392995310000
464493934469311000
999212394999392100
994100294953329100
392011212139322210
112239100039922910
233994200139329321
999699100192222291
395993111222293332
239332119229339939
932219122393923349
129112229334211921
233212943399112321
992923994932119392
223392399210011494
001921122100000299

12 6 11 board_12x6_11_29398_none
000112911399
000192111993
221111001332
992110000191
222910011211
001110019100

7 5 9 board_7x5_9_29410_none
9212921
2392291
1932211
3339210
9922910

4 12 7 board_4x12_7_29422_none
0000
0000
0000
0111
1291
2931
3931
9391
1222
1129
1921
1110

5 19 26 board_5x19_26_29431_none
19932
12499
01393
01932
01393
00299
22239
99111
34310
19910
13331
12929
93243
92199
22222
39310
99910
49410
29200

6 19 29 board_6x19_29_29461_none
910191
111232
001939
112493
923992
249941
299931
295329
129222
022391
019322
022492
019493
012939
111121
921100
249200
299311
932291

14 6 15 board_14x6_15_29496_none
19119910001110
22224420001910
19119910013320
11112210019931
00001110135949
00001910199392

16 4 16 board_16x4_16_29512_none
2991199391000292
2953224942101392
2399102939112921
9222101121119210

18 4 19 board_18x4_19_29529_none
123392922210113993
199923239910193999
234222922221212359
191019210019100192

19 12 32 board_19x12_32_29552_none
9100192101910191000
1100139201110111111
0000139311000000192
1110193392101221129
1910129229101992011
1110011122212492111
0000000019119222292
0011211011222119239
1129291001291011129
1921211001922121111
2321000001122929100
9291000000019221100

16 19 80 board_16x19_80_29590_none
1910001122912931
1222222949323992
1292993399219493
1923459222112449
2232992111101992
2939432019101332
3941291011211191
3921233221392111
9322929929494210
2393223332949910
9329211922495442
9533922129394999
9992291022329343
9421222139432119
1211192299992121
0191112944333921
0111113393229492
2222392939932593
9929922122229392

14 18 51 board_14x18_51_29683_none
00192911299100
00123211933210
00019101222921
22222112493291
99291029992222
22322029953392
00192112499392
00129100395322
00012210399229
01111921496492
01912239599921
01222922995221
01292111392019
12921001221011
94222212920000
99119912920000
22112322110011
00000191000019

7 6 9 board_7x6_9_29747_none
9292110
1223910
0029310
0039311
1139319
9129211

4 8 4 board_4x8_4_29757_none
1910
1110
0111
1292
9229
1111
0000
0000

6 16 20 board_6x16_20_29762_none
239221
994949
223993
123592
939932
139492
011339
000192
000111
011100
029200
029200
022200
019221
012929
001121

11 19 44 board_11x19_44_29784_none
29211111291
29329119211
34932211211
99229100292
33211100292
19101122321
22112929910
92129343421
12922929391
02344332932
23999923493
99443494999
23910294953
12210113391
29311001921
29391001110
11211000000
01232100000
01999100000

18 8 30 board_18x8_30_29834_none
110000000012210000
920000011119910000
931111019113432110
393391011112992910
949921112129334320
139421294921129932
122291299422139599
191111139392921393

19 4 18 board_19x4_18_29868_none
0001233221112939211
1111999929229393391
1922595222922322932
1129392001111911291

18 8 20 board_18x8_20_29890_none
111000011100111000
291000129100191000
921011292100222000
221129432000292111
911934993100292292
221293999100111292
911222232100000111
111910000000000000

18 10 26 board_18x10_26_29913_none
199391000012211129
139311000019911932
011100000012211292
111000000000122229
292000000000199111
292000000001243311
223221000001929291
292992101122221211
932239212929100000
920011292121100000

17 12 35 board_17x12_35_29944_none
00000001911910111
11000002332110191
92100112991111222
29222392333392191
12939921192992111
02394310113331111
01939321001910191
01233991001221222
01293432000191192
01939391000222239
01123931011291192
00002920019211111

10 19 41 board_10x19_41_29983_none
9299119119
2443111111
2991000000
9322110111
1102931293
1102991399
9211221394
2910001392
1110112921
0011292121
1119212129
9111112921
2322139321
1993949219
1224941111
1112932221
1912249939
1122949339
0019392111

9 19 29 board_9x19_29_30032_none
001922939
012392292
019432222
012991192
001333239
110192921
910112110
121100000
129210122
394910299
994211393
349101921
921101110
121211122
019291199
011211139
000000011
000000000
000000000

4 8 8 board_4x8_8_30065_none
0000
0000
2321
9991
9543
2399
9332
2910

4 5 5 board_4x5_5_30076_none
2999
2942
1110
1100
9100

7 8 8 board_7x8_8_30084_none
0000000
1111222
9119299
1111239
0001121
0012910
0019321
0011291

10 14 35 board_10x14_35_30093_none
1233929921
2999222492
2994100393
1392000292
0222111111
0191191000
1212233210
9201929910
9212233432
2339239399
2993299322
2994233221
1393922939
0112292139

12 18 58 board_12x18_58_30137_none
122239932949
299299993399
393225992294
932014941129
391019920133
922122210199
111921100122
012229101110
129111112910
193210019210
222910133311
911233499291
122399995421
139957959921
199499943329
244445439222
199299292291
122222211111

17 19 46 board_17x19_46_30204_none
11112391000011119
19119921001129111
22112210123932100
91000000199493210
11000000123939910
11100000002343210
19100000001992110
22200001222222921
19111101991001291
22219101221000111
19332100122100111
12992100299200191
01239100299321211
00011100123929210
00000122101122921
00011299100012391
11029322100019322
91149300111011291
11199200191000111

19 6 32 board_19x6_32_30259_none
9201299992110029491
9201959632922239932
2202359911129943329
9102993211124959321
1102932122912949931
0001111929211123991

15 6 13 board_15x6_13_30301_none
191011100000111
222019210000191
191012932111222
112111299229119
001921222292222
001129100111191

12 10 26 board_12x10_26_30315_none
394931111119
994939229111
932133922210
220129222910
910192129321
110112149319
110001939211
921101232211
129100293292
011100299229

6 19 20 board_6x19_20_30346_none
122100
199210
233910
912331
222991
192221
233100
299100
293100
233111
199219
139211
122111
293129
293921
112110
000011
000129
000192

4 14 11 board_4x14_11_30367_none
0019
1232
1991
1221
1100
9200
9211
2229
1932
1139
1139
1921
1221
0191

7 4 5 board_7x4_5_30379_none
0111191
0192332
1222991
1911221

12 8 21 board_12x8_21_30385_none
191013992110
232119932910
929112322221
121100191292
111122211293
192299201359
139339201999
029211101232

15 12 47 board_15x12_47_30411_none
299119119299210
494122211223921
993249311001139
333999491000029
193469311011111
112993322129100
113333993921100
193922993110011
125931232212139
019942119293949
134599122329459
929932119112992

18 18 65 board_18x18_65_30464_none
191192111999920019
111112911249941011
221001121113992110
992000029311222921
392000029910001291
111000012210000222
111000012221100292
291000019929210292
932101122344910111
239213920299310000
193394920299201110
223959321333212910
924969429392294220
239959492392293910
195459521111223110
129949910000292000
123494210000292011
191292000000111019

18 19 60 board_18x19_60_30536_none
000111111000111000
011292291001291111
029449311002942191
139499211102992221
293495239201223920
292293939310013920
111112122932119321
000000001299111392
000011100122100292
001249200122211122
001999311299291129
001243392494211192
001129229494100111
112942111399211000
913991112232292221
112931294910223991
001110299210192221
000011333211122100
000019291191019100

19 19 53 board_19x19_53_30603_none
1991000191019100019
3554210122111100011
9999932129100111000
4944992921111291000
9321223220019211000
2910001910122100000
1110001110191000000
2210001221111000000
9910001992000122100
3320002492000199100
2931101921000122100
2949201110000000111
1139311112110000192
1222392193910001359
9392292129210001999
1392222011100012332
1332292001110019100
1991292001910122100
1221111001110191000

18 12 58 board_18x12_58_30666_none
199210002920000191
234922112920000111
192294921121222222
223239931019299299
194944592122443239
239959943911991122
944599949211232291
939959931111129421
233239421129239910
191022392292295531
332019229212349992
991011111101994992

15 5 13 board_15x5_13_30734_none
000000191111000
111110223292121
932910293922929
993221293111121
392191111000000

8 8 15 board_8x8_15_30748_none
19492000
23993111
92393392
12239492
12922921
92222221
22191191
91111111

4 19 10 board_4x19_10_30764_none
0191
1232
1929
3331
9910
2210
1100
9100
2200
9100
1100
0000
1100
9111
2229
1921
1110
0000
0000

6 14 22 board_6x14_22_30776_none
019339
123992
192232
221019
921222
129493
133999
929442
123920
003941
112992
912349
122921
019210

7 12 22 board_7x12_22_30799_none
1110139
2910299
9211399
1102942
1102931
9102349
1212993
0193339
1229221
9234921
2399391
9222211

10 6 11 board_10x6_11_30823_none
0001911232
1101112999
9321113959
2991192121
1221122100
0000019100

17 6 25 board_17x6_25_30836_none
19992100123210192
13949210199932239
01133911233399129
00019211910233122
00011113432394229
00000019992999921

19 18 50 board_19x18_50_30871_none
0012210000191000191
0019942100123210111
1123999111119921100
1922243219112229211
1291019122200122392
0123221119210191292
0019932222921322111
0024939911129291000
1239333210011211000
1992292110011100000
2321113920139200000
9100013920199432100
1100019210245999200
0000022201299349200
0000029311932111100
0000029922110001110
0000012391000001921
0000000111000001129

15 14 55 board_15x14_55_30923_none
911911999493229
122322244999292
029391029554432
249322129949929
993219113959421
249323211139322
139393931134499
944434991199932
299939322249431
139492101933939
011322001393139
110191000292011
910122101221000
110019101910000

10 6 9 board_10x6_9_30991_none
0199910000
1244310122
1929100199
1121100133
0000011119
0000019111

7 4 4 board_7x4_4_31001_none
0000000
1110000
1922221
1129929

4 6 7 board_4x6_7_31006_none
0029
2349
9992
9521
9200
1100

4 8 9 board_4x8_9_31014_none
1291
2942
3949
3942
9339
1293
0129
0011

6 19 20 board_6x19_20_31025_none
011222
129299
921349
220192
910111
220000
932121
992939
222293
000129
000011
000000
001110
001910
001110
000111
001291
122932
929391

9 18 41 board_9x18_41_31047_none
129229931
921294939
110234232
001299329
001949393
111121229
910000011
220001110
911222921
111993339
002349292
123943432
939939939
139555931
012999221
002342229
123922392
199229921

16 6 13 board_16x6_13_31094_none
1910000001911910
1110000012211121
0000000019111239
1100001121119299
9100002931011333
1100002991000191

18 4 14 board_18x4_14_31109_none
019101129393110000
022212932393910000
129119491112121222
192112921000019299

18 14 38 board_18x14_38_31128_none
019100000199291000
022200000122211000
129101233211110000
193212999911910000
129119443212220000
012233910001910000
012929210001121100
019331101110019111
013920001911121229
003930001222910192
112920000193211232
911221001239112929
221191113931119331
191111193920012910

12 19 61 board_12x19_61_31171_none
931119212291
949211292932
139311112392
232392000293
991293100239
942339112493
139392229993
139311194459
932311112939
129392122343
122922929399
922122222943
291029312492
111039921993
000139922349
111194311932
191139213339
221149429931
910199923920

5 6 4 board_5x6_4_31239_none
29119
93111
92000
11000
00000
00000

4 4 3 board_4x4_3_31245_none
0199
0139
0011
0000

4 8 7 board_4x8_7_31250_none
1110
2910
9321
1292
0129
1132
2929
9221

11 19 53 board_11x19_53_31259_none
12239310000
19939910111
12333321191
11291192232
19333433929
24939992121
19933442100
13322939211
01913941291
12113941211
93112939210
94912344931
39443995949
95999799392
29969993222
12239931029
12222210039
19910000029
12210000011

14 19 67 board_14x19_67_31328_none
00000012239492
00000029959693
00001139949593
11012933221494
91029692000399
23239992000399
29934531000294
94339921000129
23923492100011
92111949101121
34211292112949
99910111019399
49310112122443
93210194921992
23910139932493
19210039429339
22200029223932
29111112239591
92119101939921

15 18 63 board_15x18_63_31407_none
019292921119921
011223229112229
001129222210011
123933922910111
199349492110191
233939311111111
911133432292211
331019999439392
991135679942492
222299999939222
001959659432229
012239494911921
019221394221121
012910112910019
001110112110011
001232291000122
122999434210199
929349399910122

17 14 41 board_17x14_41_31476_none
00000191292192121
00111111292224939
01291123321193931
01944499910112221
01299995320111191
00123433921291111
00000293129211011
11111394232211119
19119229929119122
22211223222221119
29322291001910011
29499211013320000
11393101129910000
00111001922210000

19 4 19 board_19x4_19_31520_none
1992922911129920011
1233339222923931119
0029392119212249332
0029311011101939929

18 6 23 board_18x6_23_31541_none
001222922912922920
001993393212934941
001233949212294939
000019393392239221
111011229212932111
191000011101291019

14 14 28 board_14x14_28_31570_none
00019100000000
01121101221000
02920001991000
13921111232100
92112921129210
11002932923920
11001393112920
92000394101110
92011399100000
22119333211111
19111291192291
11100111129322
00000111022492
00000191019392

8 19 40 board_8x19_40_31600_none
19991019
13442111
13939221
93933949
13223959
12912931
19222221
23329129
29922239
29311921
11101110
11101110
29433910
29999210
23332100
94210111
99921191
99492333
93229299

7 19 31 board_7x19_31_31647_none
0001110
0013920
0019920
0024420
0019910
1234310
9499100
9933221
9311929
2211121
1911110
2222920
1935930
3499920
9949310
2232200
2349200
9999421
3943991

5 16 14 board_5x16_14_31681_none
91192
11129
00122
11192
92239
23921
92110
22000
91000
22000
91000
22000
91111
11192
11229
19111

4 10 5 board_4x10_5_31699_none
0000
0000
1100
9100
1100
1221
1992
2339
9111
1100

4 5 5 board_4x5_5_31708_none
0019
1111
9321
3991
2931

9 8 10 board_9x8_10_31714_none
910000011
110000129
112221192
193992211
129339100
012232200
001929100
001121100

11 12 20 board_11x12_20_31728_none
02920000000
13931212110
93129292910
93121212221
12910000191
01122210222
11019921393
92122229399
23910011222
19210011100
22100019100
91000011100

12 14 31 board_12x14_31_31750_none
111001910191
192101221122
239100191029
192100222029
221001293221
910001949920
221111139920
923920024420
129931019920
122494334920
921299992110
391123322110
921000001910
110000001110

14 16 46 board_14x16_46_31782_none
11101122912920
19222939212920
23929494211110
19332493911110
12911933211921
12322129212291
19493112391111
12999311932100
13469921129100
19949930011111
23239920001139
91012210002949
11011100114941
11129310194930
29229910113920
29212210001110

16 19 78 board_16x19_78_31839_none
2910019910012921
9210012222229492
1100001139922594
0000123949521999
0001299349922349
0012933933339111
0129322292292100
0192291234921000
0222222199211110
0293291122101921
0395921011212392
1499333229393393
2994399933599339
3993399559933921
9322955999322221
1102399332119119
1213942223221222
9295931299920191
1229921934920111

19 12 34 board_19x12_34_31931_none
1111110112910000111
1911910293110012391
2233321392000129932
1939911921000193229
1395311110011211011
0299100000019210011
0123211111123921129
0002921911913931921
0002932111112921110
1111291000001232100
2931211000000199210
2939100000000123910

15 4 13 board_15x4_13_31970_none
999119321019399
993112991011494
221001221000292
000000000000111

11 8 12 board_11x8_12_31984_none
00000011100
00000029200
22100029211
99100011119
23221100011
01939111100
12393219111
19229111119

4 19 22 board_4x19_22_31998_none
9111
2229
3931
9920
3431
1991
2342
1929
1243
2399
9942
3931
2391
9311
9300
9311
1292
1349
1992

4 19 17 board_4x19_17_32023_none
0000
1222
9299
2332
1921
1392
0292
1222
9229
1293
0129
0022
0019
0122
1291
9311
9322
1299
0139

6 8 11 board_6x8_11_32044_none
129392
293392
392111
922221
111991
001221
112121
192929

14 6 12 board_14x6_12_32058_none
92119100000000
29112210000000
12211910111000
12911110294210
92110000399921
11000000294391

15 8 17 board_15x8_17_32071_none
000112110111019
122293920191011
199225942321111
122229949910292
000193393321292
000111111192221
000000000112910
000000000001110

19 19 87 board_19x19_87_32093_none
1939202949219100000
2239203969222201121
9111214993229212929
1100193993293392232
1110112333933932292
1921111293339239329
1129229229393239322
1121292113932932492
1921211003942239492
2359310013991195942
1999910029531129939
1259521029910012221
0029493224321121111
0023699293911929119
0019993229321233221
0123321012922393920
0192221001249923931
1223992001399421291
9119492001994910111

19 19 65 board_19x19_65_32191_none
1110013943210122100
1922129999911299111
2392922459422932119
9323110192292110011
1291111123432011111
0122291019992239119
0019321124432993222
0123921193921239229
0193391113920012932
0239322122210002239
0194921929100001932
1224921121100001291
9119221211000011322
1111119291000019391
0000011211000012921
0111000000001112231
0192111212112921929
1349119393913931121
1992111393112920000

15 8 31 board_15x8_31_32267_none
192910001921122
112110001292299
121100000223949
929223211394342
121399922994991
000295493435952
011339349394939
019293939329221

7 6 6 board_7x6_6_32302_none
0011100
1119100
9221111
3921019
9391011
1211000

5 10 11 board_5x10_11_32310_none
11119
19232
12929
01121
11011
92239
34992
99321
33200
19100

4 19 14 board_4x19_14_32322_none
0000
0000
0111
1292
2949
9239
1111
0000
0000
0111
1292
2959
2959
1292
0222
0192
0239
0192
0111

10 10 26 board_10x10_26_32342_none
9111112910
1229119210
1292111100
9443100111
2999211191
3553292332
9992212991
9439101343
1123432399
0019999399

16 4 9 board_16x4_9_32370_none
0000111294322110
1100191299993910
9100111123493110
1100000000111000

18 6 20 board_18x6_20_32382_none
011101111921119291
129102922239122311
931103931933229100
920002921293922210
110002231229323920
000001929111293920

19 16 75 board_19x16_75_32405_none
0011100192129292292
1119222323921339349
9111299292221192399
3321223321191111299
9929212910122211122
9542292110019291000
3991111001243311000
2931111001999101121
1111392001495212939
1101993110399229593
9101345942394933993
1211199999212139659
1293444493222239992
2939991222199395942
9222321192249329239
1100000112921111129

19 18 70 board_19x18_70_32496_none
9992221000001993211
2323991000113499291
1123943210294942211
2929229911394931000
9232323222933291000
1119291019593221000
0011322012993921111
1111392112233391191
9119393291019322111
1111223921122393110
1100019210191293921
9321011112321112291
2992121119921110111
1222929223921921211
1222122911222139492
2992102220191139492
9339212921233293321
1111292291199212910

18 19 50 board_18x19_50_32578_none
111000019921000191
292000123492000111
292000192393110000
122100124932910000
029200019932221011
029310012391191019
122911110222111122
911122932392000192
221019499392011229
191011393222239222
122100111019299219
019111211122234321
122229291191019910
191193311111012210
222129100000001110
192222100000002920
129291000000002920
011211000111002220
000000000191001910

15 18 45 board_15x18_45_32634_none
012910001110000
019210001921000
011111112391000
000019119322000
011111112493211
129211001999291
192291012343311
111111019229100
011111111293210
019339111212910
013992119212110
003952111291000
112959312232211
922399392939393
349343312393399
993929100293222
222121101239100
000000001921100

7 5 6 board_7x5_6_32683_none
1111910
2921221
2920192
1110239
0000192

4 5 3 board_4x5_3_32691_none
0019
0122
0192
0129
0011

4 10 10 board_4x10_10_32695_none
0029
0029
0022
0019
0122
0293
2499
9949
9321
1100

6 18 18 board_6x18_18_32707_none
291000
921011
110019
011111
019100
011100
000000
110000
920011
921239
222992
192221
112121
001949
001399
112393
193931
113920

10 19 33 board_10x19_33_32727_none
0012910000
1239211232
1993112999
1392019332
0222011111
0191000019
1222111121
1911912920
1111112920
0000001221
0000000191
0000000111
0122223210
0199399942
0123495999
0123922232
0199310000
1249211222
1921119299

15 12 47 board_15x12_47_32763_none
991000112292110
232100293934931
139311395394939
949392393949331
292239434393921
122239399212392
139393332211394
199312922291399
122212292932395
011292212291299
029439100122233
029392100019119

19 4 10 board_19x4_10_32817_none
1922210000000000000
1129910000000011100
0012211111221029321
0000001911991029929

18 10 48 board_18x10_48_32829_none
999939222101139200
396932399212949200
129223942294493211
012339920129939119
002993332112222232
223943399101222939
992293994101993393
333223992112222939
192923331192102231
112292910129101910

16 16 44 board_16x16_44_32886_none
9391192911912920
9432212123433920
2929100029992110
1121100029533110
1110011111292910
2920029310112110
2920039920000000
1111249920000000
0001993210001110
1222232211001910
2991019291013320
3931011211019921
9210012322123491
2200029992911932
9100029932111291
1100012210000111

8 16 33 board_8x16_33_32933_none
19392293
11493299
01393222
12949210
93394931
39313991
29212432
12339292
01992229
01233343
00029999
00139953
11193391
92212332
29101991
11101221

4 8 6 board_4x8_6_32969_none
1910
1221
0191
1222
9229
1293
0129
0011

4 4 3 board_4x4_3_32977_none
9211
1291
0122
0019

9 14 22 board_9x14_22_32981_none
111191299
291111294
921000239
110000293
000001493
110002993
910002992
110001221
000000011
011211129
019392192
123492111
192932100
112129100

14 19 46 board_14x19_46_33004_none
01911922912939
12111129212942
91111122101291
23391191000222
29921122100191
29422129210111
23492922921000
19922112391111
12210013932292
00111019921939
00292012222221
00292000019100
00111000011100
00011211000000
12229292121100
29932213949310
95591002949920
29921002233920
12210001911110

18 16 74 board_18x16_74_33058_none
112991012910029492
292233229210149693
921019921100199593
221012210000233493
393111222121292493
993922994949329392
222129339949222422
000022212343219291
112139201399112321
293939311995312910
939444932399393210
233993991234949321
933933342393139939
949212939594123492
931102943999119211
110001129332111100

19 12 48 board_19x12_48_33141_none
0112991000193991111
1394321001345942191
1999211111999492111
1394912921494392011
1333223921392111029
1991192122921012239
1221122229210129932
0000019293200295491
0000022329100299211
1110139323211243200
1921199392911929211
1291122212111121291

19 6 16 board_19x6_16_33198_none
1221019910000111000
1991012210011291011
1221000122129311129
0000000299139301293
0011100293129201939
0019100111011101121

18 4 17 board_18x4_17_33215_none
001993921212129100
123339229292932311
299211112434239291
949200001992921211

12 12 26 board_12x12_26_33234_none
001932100000
013499211000
129943392110
193229213931
111011213991
000000192221
112233432000
192999992000
123445593110
019392922910
122933211110
911129100000

6 19 28 board_6x19_28_33262_none
111111
191192
111129
011222
129291
293432
943991
949431
293921
112249
011299
019222
233210
992921
932292
331139
992249
222992
001221

5 19 26 board_5x19_26_33300_none
22299
99222
22100
11100
29100
92100
33222
99299
22222
22111
99239
33399
19239
12332
01992
12494
93399
99322
39200

4 6 4 board_4x6_4_33333_none
0111
0191
1232
1939
1292
0111

5 5 4 board_5x5_4_33338_none
99100
33100
91011
11019
00011

8 4 8 board_8x4_8_33343_none
00002931
01112992
13922492
93921921

14 12 24 board_14x12_24_33353_none
11211111191000
19291192211000
11223339210000
11029933910000
92249492221000
12993321191000
01222921111000
00002391000000
00123921000000
00199320000111
00124931100292
00002939100292

19 19 95 board_19x19_95_33380_none
9392994992119129310
2934349959211249932
2493922239311299499
9493110013922954543
9423111123933939992
1292911939239334949
0112111292129229321
0001111332011239200
1101911991011293200
9212221232119339211
2911921129322393292
2211249229492394229
9211199321393399232
2392244921239444939
9433939391193992149
3992292211112333149
3941111000000192949
2942111111101333249
1299119119101991192

19 16 65 board_19x16_65_33494_none
2911111293333392921
9211911939999923249
1102221134969411949
0013920029339322349
1239921139223929293
9299311921119332239
1222212111132391029
0112292101929211011
1293939211121100000
2949222921011211011
2931101291019392019
1110011222111493011
0000019229100293100
0111122293211239111
1392193433911921119
1992129992111110011

15 4 15 board_15x4_15_33566_none
191122119294999
122299211229993
019239212222321
011111119910000

11 5 13 board_11x5_13_33583_none
01121299910
23929359410
99222939200
22212132211
00191019119

7 12 11 board_7x12_11_33597_none
0000199
0000122
0000122
0111199
0293222
0299100
0122100
0001110
0013920
0029920
0029310
0011100

5 16 14 board_5x16_14_33609_none
01110
02931
02939
13231
92910
12221
11191
92211
29100
11100
00000
12210
19921
12492
01393
01939

4 18 15 board_4x18_15_33626_none
1291
1943
1299
1343
2992
9349
1129
0011
1100
9200
9211
1229
0192
1211
9111
1119
0011
0000

9 6 12 board_9x6_12_33644_none
129100111
921211293
220191299
911221233
233910192
199210129

14 4 13 board_14x4_13_33658_none
12229213920000
29943595920011
94939999210019
12122332100011

17 8 20 board_17x8_20_33674_none
29200001291029310
29200001921039921
23310012210029329
29910029200011111
93210029200011100
11122122200019100
00199229211011100
00122292291000000

19 18 83 board_19x18_83_33697_none
9299929221100019229
2444223939100023932
2992113941100019239
3942912920001121139
2921122321001922249
1110019391124339949
1100123922399934953
9210192122994229499
2922321019432012493
1129910022391112943
2223320019433393299
9911911123994993249
3321111923959943932
1911111292294492139
1112920223222921029
1123931192911110022
1929391223122222229
1121211191019929921

18 18 54 board_18x18_54_33789_none
029201929100192100
029311121100129211
012910000001122391
001111222111911921
000012993921111110
000019323920001110
000023311110123921
110019921011299229
911122391019223221
332921111011101910
992292110000001110
343212910011211111
199211111139391293
344910001949411299
992121101139200133
333129212121100029
192921394932110029
112110294992910011

12 8 21 board_12x8_21_33846_none
110019129200
922122349200
292911992100
112123553111
111019999129
192112494229
239101239221
921101922910

10 5 13 board_10x5_13_33870_none
9393392000
1399593011
0123993129
1111223942
1910002991

7 4 6 board_7x4_6_33884_none
1239200
9399200
2933210
1111910

4 16 15 board_4x16_15_33891_none
0000
0000
0000
0111
1291
9322
1292
0239
1292
3931
9930
9930
4920
9321
2492
9392

4 19 23 board_4x19_23_33907_none
0292
0393
1392
2942
2991
1221
0000
1211
9392
1493
1393
2949
9393
2329
9233
1399
1399
9333
9219

5 19 24 board_5x19_24_33938_none
99991
99421
33200
19100
11211
00191
11111
92211
29392
22392
92222
92292
11292
00222
22292
99349
22299
01249
01921

9 16 20 board_9x16_20_33971_none
111911221
912232991
122929432
019221291
022311222
029391191
029311111
122100000
191111000
122291111
019222291
011119211
000011222
000011299
000019222
000011100

10 14 21 board_10x14_21_33992_none
0000000191
0011100111
1129100000
1922321000
1111991000
0012332100
0019119100
1121111111
3920011229
9931129394
3921921499
1111110394
0000111293
0000191129

15 6 24 board_15x6_24_34018_none
112111129119920
393922943335920
994292299399210
993222222393211
239339212221191
012992292910111

17 4 17 board_17x4_17_34048_none
00000111000029229
12321192111129349
19991129339221399
13931012993910293

19 12 49 board_19x12_49_34068_none
1119299310012910000
9122339921119211110
1229112229112211921
0293222233201911291
0393299299312111221
2493393239391012910
9922922121211019331
3422112932211122929
9391113939912921132
9311192233212931129
1111212292101292393
0019101939100129392

16 19 64 board_16x19_64_34125_none
1291111001929119
9321192101232222
2910129100191191
2221232222222211
1911993299129421
1111395942129991
0001239920012321
0001922210000000
1111111110000011
2920112911111129
3942493111923931
2939992001129920
1123543122222221
0123994949932129
0199495959992921
0134545932433110
0019999210292000
2222343322493000
9910019299392000

8 10 19 board_8x10_19_34201_none
00129100
11292100
29433100
29499111
12943339
13339399
29921393
39410111
49411000
99391000

7 8 14 board_7x8_14_34225_none
9492019
2992011
2321122
9101299
2212942
1923920
2393220
9212910

4 4 3 board_4x4_3_34243_none
0029
0139
0192
0111

4 10 9 board_4x10_9_34247_none
1921
1129
0122
1291
9311
9311
1291
0122
1129
9129

10 19 34 board_10x19_34_34258_none
0129211111
0192292291
1211139422
9321029391
2991012432
1332001992
0192102349
1239101921
1922212220
1112932910
0002993220
0002443910
0112992110
0192221000
1222232100
1922999100
1393243211
0292129119
0111192111

18 10 46 board_18x10_46_34293_none
111292111123991000
191294391199322221
332239931122101992
994395930000013592
399934920000019932
244329442101245693
929123999101999999
132219332112333349
129222210029321111
922911910029929100

19 4 11 board_19x4_11_34346_none
9910001291001999200
2210012921001249200
0000029310000022200
0000029200000019100

18 8 30 board_18x8_30_34360_none
920293221112111110
932394991192922910
293944931123493221
113939210019393291
002242200122229322
001929211192132391
111122391223929222
910001921192121119

17 10 41 board_17x10_41_34393_none
11000111019910011
91001292113320019
22123949211921011
92299395943391000
93395339999311000
92394945969301110
11293299239322921
11211244212939491
19100199212294942
11100122291113991

12 18 46 board_12x18_46_34439_none
000000111000
001110293100
111910399100
911110294210
121223333910
019299929221
121239321119
921111222111
239100299100
193200394100
139311292111
029492332192
134922992239
199432222932
344992101291
993239333432
392013999991
111002994321

11 19 37 board_11x19_37_34492_none
99399219929
99349423221
44229391000
99111211000
33101110000
91112910000
22192110122
92211000299
29100000293
22211111211
19119119222
22111111299
91000012332
11000019910
00001134420
11002939910
91002932210
22001121100
91000019100

5 14 18 board_5x14_18_34535_none
02931
13949
19239
23332
92991
13342
01949
12399
29433
29391
22311
19111
11129
00029

4 6 5 board_4x6_5_34555_none
1910
1121
1239
9299
1222
0000

4 4 3 board_4x4_3_34561_none
1910
3320
9910
2210

5 4 3 board_5x4_3_34565_none
11000
91011
11029
00029

12 16 42 board_12x16_42_34569_none
012212993232
019945994999
124999943993
192396921221
112239333210
112933499921
193239933391
113932211232
002931212949
001239292299
000294311122
111299100000
291122100000
921000000000
110011211000
000019291000

15 19 41 board_15x19_41_34615_none
000001992000000
000112393222100
000191129399100
000112121394200
111001910129111
192122321011119
112929392000011
001121494121211
112110294929291
192921229221211
112239222100000
000193391111111
000112921192291
000001121223921
000000029229310
111111139229310
191191192112910
112221111113220
001910000192910

19 14 71 board_19x14_71_34661_none
0001911112999299329
1223343924952249492
1993999229920039411
3594493223211139200
9949323391112933210
2239329922292293921
1121395311922249491
1910299101122949411
1221122100129239211
1393221011393111129
1994991019492123239
1349542012943299931
0294993222399335920
0293239929239219210

19 6 20 board_19x6_20_34747_none
1239311110011119229
9299911921129111292
1334211392192100111
0193210292122100111
0129910111019211192
0012210000011291129

17 4 9 board_17x4_9_34770_none
00111000000019391
00292000001233921
00293111111992110
00112911911221000

16 4 11 board_16x4_11_34781_none
3931000299392000
9991000293392000
9421000111112110
1100000000001910

9 14 27 board_9x14_27_34793_none
910000192
110000139
122111129
299119111
294232200
222929211
921132392
920019229
221121111
912920000
233921121
939333929
394399221
293932100

4 18 17 board_4x18_17_34823_none
0011
0019
1111
9321
2991
1232
0019
0133
1399
9494
9329
2211
9111
1229
1293
1939
1132
0019

4 16 16 board_4x16_16_34845_none
0000
0000
0000
0000
0122
0299
1499
1999
3442
9910
2332
1299
9322
9310
4920
9920

4 14 14 board_4x14_14_34865_none
9100
2200
9221
2949
2399
2959
9392
1211
0011
0019
1121
1910
2221
9119

9 4 6 board_9x4_6_34882_none
991000000
931000111
121211191
019291111

16 12 40 board_16x12_40_34889_none
0293110293910000
0293921495221100
1223239499229111
9119129444392119
1234333499321122
1399929943910191
9394223922220222
1211002221910191
0000001911233321
1221001111299921
1991000112934449
1221000192111992

17 14 41 board_17x14_41_34934_none
00001911910019100
11101222111232100
19101291012991011
11101921019321029
00001221122100029
00122291191000022
11299322122101129
92395391129223932
92299211192299391
11122100111122222
01221000001110019
13991011213932121
93931129293993910
12110192212393110

19 19 52 board_19x19_52_34980_none
1911110293911921100
2211910293111139421
9201110111000029992
9200000000112133439
2200000000192929221
9100111011212122910
1101291139200001110
0001922299201110000
0112122932101921211
0191019221223339291
0111012239499292211
0122102959593211000
1299102949311001110
9222101122210001921
1100011101911122391
0000019101111929211
0001121111101132200
1101910019100019210
9101110011100012910

19 19 65 board_19x19_65_35037_none
0000002939991000111
0000002943332111291
1121101392129229322
1939212392293294492
2494394942392129939
1993939949211012221
1222122392100000000
1121101343211001110
1939101999292101910
1293223442239201110
0223929910029311000
0293122210133392110
0293101110199423910
0129212911359392221
1111292111992211191
9221323112331000111
2929292911910000000
1121212111110011222
0000000000000019299

17 10 29 board_17x10_29_35112_none
11019211001110011
91011291012910019
11001221129322121
11001921293394931
91002391292294949
11002932221112139
11002921921111122
91012211291292292
11129100111292393
00192100000111292

11 4 9 board_11x4_9_35143_none
00001110111
00012911392
11029433992
91029399321

7 8 13 board_7x8_13_35153_none
1392019
9393111
1239200
1129211
9123339
1229939
0193332
0111191

4 18 10 board_4x18_10_35167_none
0019
1111
9210
4920
9920
9310
1100
0000
0000
0000
0000
0000
2321
9991
2321
0000
0111
0191

5 18 24 board_5x18_24_35179_none
29210
94921
93392
12392
13942
19949
24931
93110
93000
93211
39391
29322
11239
00299
00294
12239
92921
12110

6 16 23 board_6x16_23_35206_none
199211
122392
000292
111233
192399
239394
921339
221192
192211
129100
012332
001999
123343
299219
299322
122291

10 8 11 board_10x8_11_35232_none
0001110000
0001921011
1112391129
1911921193
1111110129
1232100011
1999101110
1232101910

17 5 22 board_17x5_22_35245_none
29101929929921929
92102244555932221
11001949999229211
00001399433221292
00000293101910129

18 8 31 board_18x8_31_35270_none
192299493991112910
112949495432292110
001232239921921011
012391149921110029
019921199421000139
123210122292101293
191000001239101949
111000001921101292

19 10 33 board_19x10_33_35305_none
1129292100011119100
1921229100019221100
1110011100012921100
1121100000001129111
1939322210122112229
1249929910299101932
1293222210293101291
9433211111122101221
9399292291129101932
1222212921192101299

19 18 59 board_19x18_59_35340_none
1221000112292139200
1992122393932939200
2332939934921122210
1922249329210112910
2392293211212292121
9229339100192932019
3322921100112291011
9911221000000111000
9421292000001110000
2392393111111910000
9239313921922110011
1129312921291011119
0012911111221019111
1112220001910123210
1911921213331293910
2212239393991293110
9101932493221122100
1101129211000019100

18 19 89 board_18x19_89_35404_none
939292129991139321
394324943332399929
299119991019395331
243214941023422921
949225941129911129
994399991295421022
393934932399492019
222123432933992011
911239993322221000
112993449291111011
002931192211191139
111110123322221299
921000029993921494
292101139439229392
129102942211122422
123212939100019391
292922133321112921
923391029939112221
111921029931119119

14 14 34 board_14x14_34_35509_none
00000000000000
00000111123210
01111291299921
01922932396449
01292129229949
00111012333239
00122112992222
12399119449393
29932112921399
93321001110122
11191000001221
12321000001991
19921001111221
12391001910000

11 10 15 board_11x10_15_35545_none
23210112921
99910294391
24320294931
01910113920
01110001110
00111000000
01291011100
01921019100
12110122100
91000191000

5 4 5 board_5x4_5_35561_none
01939
23392
99211
22100

4 5 5 board_4x5_5_35568_none
0111
1292
9339
2392
1921

4 8 5 board_4x8_5_35574_none
1121
2939
3931
9321
1291
0111
0000
0000

4 16 13 board_4x16_13_35582_none
9291
1211
1100
9100
1100
0000
0122
1399
9499
2932
1121
0029
1249
1992
1221
0000

11 16 32 board_11x16_32_35596_none
00199119100
12332111100
19921111100
12229119210
01121234910
01910199210
12121344200
91129299311
11192239391
22223232311
99129929211
33129321291
91012210233
11112910199
00193221222
00129119100

17 6 22 board_17x6_22_35632_none
01299100112991019
01943311192222121
01129392112111921
11022494211911291
92019449932210111
92012994939100000

19 5 20 board_19x5_20_35656_none
1910129391199229119
1111293921234393322
0001922221293939291
0001222292393121211
0000192939211000000

19 8 22 board_19x8_22_35680_none
0000001291112939222
0111123921192292299
0191199210112221122
0222122101223920000
1392000001993920000
9493011101222121100
1392019100111019100
0111011100191011100

18 12 33 board_18x12_33_35705_none
939911110000011100
394211922210129111
293111129920192119
112910013920111011
112110002220000011
191000112910111019
111000293111292132
000011392001922939
000129321001112259
000193921101122939
111223129101929221
191191011101121100

14 19 69 board_14x19_69_35739_none
29112921111000
93239592192110
13949593113931
02942492003993
12239322002999
93293391002594
99329322001992
39211291001232
22100122100029
92100129100149
29221394211299
12929393911943
23344423332291
99399922991122
93394494453119
11112494999321
01111994459921
01922339294592
01129111212992

9 16 21 board_9x16_21_35822_none
011101110
019101910
012322110
012991111
019432191
023491111
129942011
924992019
112993111
001239100
000022200
000029310
110029910
910023310
110019100
000011100

6 10 10 board_6x10_10_35845_none
111000
293100
299321
123991
001332
110192
910129
110122
110191
910111

4 6 7 board_4x6_7_35858_none
1221
1991
2331
2931
3949
9239

4 5 3 board_4x5_3_35866_none
0129
0193
0129
0011
0000

9 16 35 board_9x16_35_35870_none
293991000
293221122
111011299
011239339
019399432
011394992
000112393
000011229
001129222
013932492
019921992
023434431
019399920
022599930
019496931
011393291

17 16 37 board_17x16_37_35911_none
93110019292101992
93921111229101239
12129210012321011
00012910001992000
00001110002492111
00001122211921191
00001929911110122
00001122210111019
00000000000191022
12110000000111019
92910000111111122
12121100292191191
01129100292111111
02931222211000000
02931299210000111
01291294910000191

18 12 39 board_18x12_39_35950_none
292392000111191019
939393101291112121
132439102931001921
029493102921112239
029493122211911921
122212939323211110
293101139399100111
299222222332100191
124939911911110122
002932212221910019
001110012911121122
000000019210019119

19 6 32 board_19x6_32_35992_none
9921910019223210199
9921111121299932249
3331112910124993931
2939229221101234920
3953494219210019331
2992999112910012929

19 5 25 board_19x5_25_36030_none
1101929393939910191
9101132494394310111
2332119322939322110
2999112912232994921
9332101111911399391

18 4 13 board_18x4_13_36059_none
910011119922129211
220019113493932391
910011101924931921
110000001112921110

15 10 26 board_15x10_26_36074_none
110111000191011
921191000122119
292221001129222
222910001921291
911111111221233
110001921292299
012211129444959
019910013999239
012321002942222
000191001110191

9 19 41 board_9x19_41_36103_none
933929492
299333993
122292239
122211011
199200000
249310000
293910000
933221221
932922991
392292221
933322221
239933991
193499421
123499200
129943111
293392129
921112932
110001392
000000292

4 14 10 board_4x14_10_36150_none
1100
9100
1100
0000
1221
1991
1221
2210
9910
9420
2910
1110
1222
9299

4 8 8 board_4x8_8_36164_none
1221
1991
1232
0029
0139
1393
2992
9321

8 5 5 board_8x5_5_36175_none
99211000
33291000
91111000
11000011
00000019

16 18 68 board_16x18_68_36181_none
1212993942112991
9293344999229321
1212939432293200
0001149301249322
1110029312949399
2921133913952322
2921929212939210
1222233322122921
0293294993111291
1399229993921111
3942123422392011
9931119100293129
3339111100112921
1932211100002231
2229119211113939
9322122492194941
9491019493124931
9311011392019391

18 19 59 board_18x19_59_36258_none
291000292019291129
921000293111211294
221001239100012499
191001922321019943
221001112991023491
920000002953239311
930111001299399311
920192110149422291
110113920029201221
110002931111112910
920123349200129210
920199299300192100
110233239311111000
011291012391000000
019211113953211000
011101293999291011
000002932232211019
110002920001111121
910001110001911910

19 16 54 board_19x16_54_36326_none
1119391191000002999
9333921111000002994
2992110000000112392
1221000122100191111
1212110199111333100
9293910233119299100
2449321293222443100
9399439229912992221
2496992112212932991
2949942000112111232
2943491112392011119
1129211192992029211
0011100112221029200
0001110000000011100
0001910001110000011
0001110001910000019

19 12 56 board_19x12_56_36384_none
9211233929332212910
2912999222999393110
3323994202595493110
9912959212999223910
9311149329543119221
2200029229494222339
9211122112499922992
1393292222934492221
2499212993322932100
9942102349293229100
3920001932229111100
1110001291011100000

18 6 27 board_18x6_27_36447_none
110011224933932910
920019299995949221
952111249539931229
999211029433210192
243391123991000222
019211192221000191

10 8 17 board_10x8_17_36480_none
1111223932
9119299399
1111222333
1110000292
1910111393
1221192392
1392129321
9392012910

4 19 12 board_4x19_12_36501_none
0000
0000
0011
0019
0022
0029
0139
0192
0111
1110
2931
2939
1232
0191
1211
9111
1229
1292
1921

4 16 14 board_4x16_14_36517_none
0000
1110
1910
2331
1991
2432
9291
2321
2921
9692
9993
9439
2211
9100
1100
0000

10 4 6 board_10x4_6_36535_none
0122293920
0199213920
0122101221
0000000191

14 5 12 board_14x5_12_36542_none
00001929112391
00012221119921
23229100012332
99921101110199
23210001910122

17 10 44 board_17x10_44_36556_none
11019119920129222
91022213931293299
12129322293493232
01944991239932921
12399443294922391
19344499323232921
23929933933939531
29223321299339991
92102920139212332
11002920011100019

19 19 51 board_19x19_51_36605_none
0112110000191112110
0192921101221192921
0112129212910123229
0000122292121119111
0012391122119111211
0019921019111100191
0012221111100011211
1111129112210019100
1911932239910011100
1111291199311110000
0011322123222910000
0019392001929221100
0011392001121129310
1110222000011129921
1910191111019113339
2321111293222101932
9492000299291012492
2992000233211019392
1221000191000011211

18 18 68 board_18x18_68_36659_none
191191191000111129
111111111000192292
011211011100129321
129292129100023921
194533921212129239
239992110193922249
922321000129333949
121222111112399249
019299129322932129
243322129939210022
999112233492100019
343119929211000022
192122221211000019
112921112391000122
233239329931000191
999139596941011211
232239495991129210
000192229321193910

16 12 50 board_16x12_50_36733_none
1129991011100011
9249643129211119
3949599129219111
9349942111223210
9239931100193931
1129439222323991
1112922939922332
9101222249329229
1100191293123943
0000233493129399
1211199493293349
9291139329212921

11 5 8 board_11x5_8_36788_none
19211019111
11291022219
01221019111
01910011222
01110000199

6 6 9 board_6x6_9_36797_none
019910
012210
122211
299292
294449
112992

4 14 11 board_4x14_11_36808_none
0111
2391
9921
2210
0000
0011
0019
0122
1291
2921
9421
9391
2422
9291

4 16 10 board_4x16_10_36820_none
9222
1299
0233
0191
0122
0029
0029
0011
1100
9200
9200
1100
0011
0129
0192
0111

4 19 13 board_4x19_13_36831_none
1129
1921
2220
1921
1129
0011
1100
9200
9200
1100
0011
0019
1121
1921
2492
1992
2432
9291
1211

8 16 33 board_8x16_33_36847_none
92992991
12233321
11119111
29211119
49421111
99949200
49599200
39534210
39593921
93993139
12332029
00192222
00239391
11193921
92112121
92000019

10 12 30 board_10x12_30_36887_none
0113999921
1293995329
2922249211
9321029310
1291135920
0122399920
0139494221
0199322229
0122129593
1211029992
9291012332
1211000019

16 4 9 board_16x4_9_36922_none
0000000191112110
1121211111192921
1929291011213239
1121211019101921

19 8 40 board_19x8_40_36932_none
9910192100000019100
9310249200000122100
1112399212211292100
0019954229923969310
1124993922229999920
9119596331124999930
2232499929119349920
1929239321111112210

18 18 44 board_18x18_44_36979_none
000019100000000111
000011111100000191
000000019100000222
000000012221100191
000000001939200111
000000112139311000
000011291011291000
012229212110222122
129922211921291199
194433911129212243
129299210011212929
012332100000192121
001921101110112110
001129102921111910
111011224932911110
292111299392110000
959329333222100111
299392291019100191

15 19 67 board_15x19_67_37027_none
000191000199932
110222000234499
910191011291399
221221029311294
912920029200129
222920011211011
943321000292111
999392001392192
952494112932129
920399119393221
220293111239921
921123210029549
293229911122992
239943211912331
295991012322921
293221029393492
221000039423994
910001139219499
110001921111239

8 8 9 board_8x8_9_37108_none
01291011
01921019
01110122
00001291
00001932
00012229
11119221
19112910

4 5 5 board_4x5_5_37119_none
0191
1221
1932
1299
0139

7 18 18 board_7x18_18_37126_none
0000000
1101110
9101921
1212129
0192111
0129332
0012999
0002353
0001929
1212121
9291011
1211019
0000011
0000000
0000111
2210192
9920129
3920011

12 18 58 board_12x18_58_37147_none
111129210019
923932911121
239932211910
193349313331
221199392992
932333323493
299392291292
123939322233
001233391299
121293922393
939329322932
139211393129
023310394243
139910293999
959411223599
949312911994
133493221392
019922910111

18 6 17 board_18x6_17_37217_none
192921193991000000
112291129321000011
000111012210000019
110111112921112121
921392192291192910
129392111111112110

19 4 18 board_19x4_18_37237_none
0191129910019922221
1211193211123492991
9101221013932923442
1101910019992111991

18 10 31 board_18x10_31_37258_none
019910000011100000
012210011119100000
000001239111111100
000002992112229222
111013931029931399
191019210029920293
221011100123222432
910111000292129991
122494210292193332
019999910111111019

10 19 51 board_10x19_51_37293_none
9991111000
3931191011
2221322019
9119291122
1222333291
0191199322
2432139449
9992012999
4992112359
9332393292
1119494932
0023949339
0019392393
0122323393
1393393949
9399393393
2322211292
9310011211
9910019100

6 14 15 board_6x14_15_37354_none
111000
392111
992191
221122
001129
002931
013920
129320
922910
123320
029921
029491
122211
191000

4 4 4 board_4x4_4_37371_none
2992
9339
1111
0000

6 6 8 board_6x6_8_37376_none
000199
000149
110029
921122
139219
029211

14 19 62 board_14x19_62_37386_none
00000000000011
00112221000019
12393992100011
19933959211011
24932393393129
29392392294932
94533922239391
39992112931211
94431002921221
23911112343991
19212921999321
22202921233321
29222210112991
94929211394331
29333911996931
22393322399991
29439291123432
29493211122291
11392000199211

15 19 75 board_15x19_75_37464_none
001121100000011
001939101221029
012393202991039
019239325942149
132339399932939
949392349594343
949322292499299
121129311294322
000039311339211
122349329392291
939994923932221
294594222921932
223933922211299
192239449100122
122294993111111
129229594239119
931122494994232
920019349694929
110011299493121

16 19 80 board_16x19_80_37552_none
1110111001129100
2920192101921111
2932239101110019
2493943311000011
2993299391011100
9431123932129310
2910002239129910
2220124953212321
1921299999211292
2392394499329239
2939212345932239
9221101994921943
1212233594111399
0294999393111494
1499444349219393
9495393949321239
2493924964921139
9213233999239239
1101929493129229

17 19 76 board_17x19_76_37642_none
01991001992110000
12343213333920011
91299393924930129
11294493395942292
00129323399599211
00011393949932111
11111294222322139
91292239111292949
22292193339323239
92333239399219122
12992932393223229
01233391112293931
00019321001924941
00123910012212991
00294210019101221
00299221111211000
01233939321192110
23923393991113942
99392922221002999

19 12 32 board_19x12_32_37731_none
0192910000000019100
0223110000011123310
0191000000019119910
0111000000122112210
1100011101291000000
9211019212933210000
2391011393239920122
9322000293295931199
1392011212939392222
0293119211122339100
0129112910001921211
0011101110001110191

19 6 25 board_19x6_25_37766_none
0019129311011119100
2232229392119111211
9939221339122200192
2394942292119212249
1213999322011292949
9101232291000112139

14 8 16 board_14x8_16_37796_none
19921110000000
13921910001110
01111221112910
00122291193210
00199211239100
11222112393200
29100019939100
92100012221100

10 14 25 board_10x14_25_37815_none
0019101921
0011212292
1110293239
2921394921
9239339310
1129349311
2221299219
9910134332
2210019929
0011112343
0019100199
1111100122
9100000000
1100000000

7 19 34 board_7x19_34_37845_none
0199991
0139532
0022492
0029492
1139311
2921211
9432292
2993959
2344949
1929221
2221100
9211000
3492211
9939292
3433339
9393921
1394210
1239210
1922910

4 19 18 board_4x19_18_37884_none
1100
9200
9300
9200
2211
9129
1249
0199
0122
1100
9211
2492
9494
2499
1954
1299
0122
0011
0019

4 10 7 board_4x10_7_37905_none
0111
1291
9332
2939
1292
0111
0122
0199
0122
0000

10 5 8 board_10x5_8_37914_none
0011101921
0019101291
1121211111
1910292122
1110292199

14 10 20 board_14x10_20_37924_none
11001922922210
91002239239910
11001933339421
00012229931291
00019224920111
00011292110122
01121211000199
01929211000122
01121292100000
00000129100000

19 19 78 board_19x19_78_37946_none
9100011119210019920
1100029223910124931
1122239339421192291
1929933939392233432
2243593122333939992
1939392112929349949
2494311192233933321
9499321111193349100
2495991000112993311
9339321000001239492
1293311000111013992
0129292121393102931
1121212929399101110
1911111122333221211
1123921111922939291
0019921911393294432
0013321110292129929
0112910011211023332
0192110019100019119

19 18 50 board_19x18_50_38031_none
1910111001122921011
1110292002949491019
0000292002949311011
0122211001121100000
0299100000000000000
0293100000000000000
0112221000000011100
1222992111111239200
1992349229119299200
2321192293221222211
9210111112911232291
2910111112222999211
2221392192293333210
1911993129239201910
1122492011139302231
0019211000029201939
0011212110011101139
0000192910000000011

17 8 33 board_17x8_33_38084_none
19222239939399921
11299299339323492
00123332111101392
00112911122211932
11293112939933391
93493113932399311
29959119210139200
13992111100011100

16 6 26 board_16x6_26_38123_none
1291129119213959
9211192122394999
3310233119213979
9921299211112499
2229349200029493
0012921100029311

15 5 19 board_15x5_19_38154_none
292100000013993
949211001239999
392291001995959
921111001249432
110000000029391

12 4 10 board_12x4_10_38175_none
000002921392
111003942993
192102939492
129101121211

6 12 15 board_6x12_15_38187_none
929100
133321
019929
024431
019920
013931
112391
922921
292110
112110
112921
192291

4 16 19 board_4x16_19_38205_none
2339
9993
9692
2921
2321
9291
3543
9999
2359
1129
9221
2921
1139
0029
0011
0000

4 19 15 board_4x19_15_38226_none
0000
0011
1119
9221
2921
1291
0122
1129
1932
1129
0011
0111
0191
0122
0139
1299
9333
9329
1292

4 19 13 board_4x19_13_38243_none
9211
2391
1921
2221
9229
9229
2221
1921
1292
0129
0011
0011
0019
0011
1100
9211
1291
0111
0000

4 19 11 board_4x19_11_38257_none
0191
0122
1239
3992
9931
2221
0019
0011
0000
0000
0111
0293
0299
0139
0011
0000
0000
0000
0000

5 16 12 board_5x16_12_38269_none
91019
11022
00019
00011
00000
00000
11111
92291
29211
12210
01910
01110
11000
92000
94211
99291

7 12 17 board_7x12_17_38282_none
0122111
1399119
9394221
2312921
9102492
3311992
9911221
9311110
1101910
2211110
9911110
2211910

9 8 19 board_9x8_19_38302_none
299299100
943222211
291123392
122299939
029434221
139391000
932223221
291019929

10 6 16 board_10x6_16_38324_none
1122910293
1939210399
2493101393
9492012932
9432119391
2929111211

12 4 11 board_12x4_11_38341_none
191122291000
232299311000
939359410000
292299910000

18 10 38 board_18x10_38_38355_none
111191199299211199
191222122222292222
111192212121229111
000129394949112339
000012496992101993
110112949932111239
910192149411922221
220123349212229910
910029992119112210
110029421011100000

19 19 63 board_19x19_63_38400_none
0112933391000191191
0193399921000222122
0129333210011291129
0012921100029532293
0001129100029992292
1110012210023592111
1910001921019211011
1110001291011111129
0011212221000019129
1129392921100012221
1922922129101111921
1122332112211911291
1119299101911110111
9222223211110000000
3491123921101111221
9921199239201911991
9310244229311122432
1100199333910029491
0000139929210029921

18 19 45 board_18x19_45_38472_none
001110001222111999
111910001992911232
911221001222121100
110191001111129211
000112111922921291
000001933229210111
000001299122200011
000000122239200019
000000011299200011
110000019223210000
921000122112910111
291000192129210191
111000123921100111
001221019210000000
123992121101110000
299322910001910011
293102232211111139
233101929910001939
199101122210001121

12 10 33 board_12x10_33_38523_none
000129101292
000192223949
000112299459
221012949499
992019333942
994222923920
239912393231
024421933939
019921139449
013920029392

9 5 9 board_9x5_9_38561_none
123210111
399910191
994321111
222392000
001992000

4 10 9 board_4x10_9_38573_none
1929
2231
1921
1292
1239
1921
2220
3920
9920
2210

4 14 14 board_4x14_14_38583_none
9119
2322
9292
2329
9222
1291
2332
9929
3432
9291
2311
9100
1211
0191

4 16 16 board_4x16_16_38598_none
9291
1211
1110
3920
9920
2210
1111
9119
2211
9100
1211
1291
9322
9439
9949
2239

4 18 17 board_4x18_17_38616_none
1991
1221
1100
9222
1299
0133
1119
9222
2391
1932
1129
0022
1229
9392
9311
3310
9910
9310

10 16 34 board_10x16_34_38635_none
0199991292
0234321292
0191011211
1332129100
1992292100
1222943100
1222299211
1992232291
2333921111
9129594210
1129499921
1112333229
9102921232
2202921991
9113321221
1119910000

15 8 29 board_15x8_29_38672_none
000001110000139
000001921000199
112123491112354
293929932192999
394122391124599
293100112129954
239211001934699
921291001129993

16 6 21 board_16x6_21_38704_none
0019933921929222
1113993921122399
9101333221001943
2211291191002239
9219211122112921
9211100019119210

19 8 38 board_19x8_38_38731_none
9494392291000191011
9499949432001332019
1223393992122991011
1211112234939432110
9292110019954912931
2323931223499212991
3922939292393112321
9921121229211019100

18 14 63 board_18x14_63_38777_none
112293920191000199
193944920111000233
113992111221000292
002453102991001392
012999213931124931
029693293210199920
139932339222345420
295349394929929921
394949329333223339
923931223391001943
122221293943212299
019119229499292222
122123443594229100
191019999392011100

17 18 52 board_17x18_52_38852_none
91012991000001110
11019322221001910
00022202991012321
00029203941019291
01249202921121211
01993201111921000
12239100112291000
91122100191111011
22292110222011129
29312910192119239
39213431129112392
92119991011101932
12122333210001129
12910129932100022
29210193399212129
92100112232293931
11000001922324930
00000001129912920

9 14 33 board_9x14_33_38909_none
139910199
399432233
994299229
393233393
249219339
949323931
293912942
112122499
000029493
000039411
000029200
111243200
911999100
111393100

8 12 25 board_8x12_25_38947_none
19210000
12911121
13332939
29939449
39449392
93943311
23399200
29449310
29393921
11212139
12111139
92911921

4 4 3 board_4x4_3_38975_none
0191
2321
9910
2210

6 12 17 board_6x12_17_38979_none
110111
910292
220292
920111
921121
112949
002993
122594
939399
293322
239100
192100

7 14 20 board_7x14_20_38999_none
1111910
2921110
2921110
2211910
9312110
9391111
2443291
2999322
9493392
2321393
1910292
2221221
1911921
1111129

9 18 23 board_9x18_23_39023_none
000191000
000112221
000001991
000001221
001121100
113939100
194931100
139321100
139229200
921239200
121292100
019211011
132200019
929100011
232321111
922992291
129322921
011101110

12 19 42 board_12x19_42_39047_none
000000001110
011211012921
019291029329
011322029211
111291011211
911922233391
222111999943
292001233499
292000011394
111011119349
000019111299
000011111222
011101129100
019101921222
122112211299
191019223959
332011299392
994211232211
399911910000

19 8 26 board_19x8_26_39095_none
1110019910000011292
1911123321121119239
1111911922929112239
0002221129221112921
1234920011100129210
2999931000011393100
9433391011119392000
9200111019111211000

18 6 29 board_18x6_29_39123_none
922920293100129210
923942399111295920
123992933339239930
129323221992239920
294311922332193210
939911291191111000

17 8 35 board_17x8_35_39158_none
01912921110001929
13322921910112121
29933222210191011
93499229111211019
11394293229310133
01493249229932399
01993299225959949
01239222119949321

11 18 27 board_11x18_27_39198_none
00019991000
00012333210
00000019910
11100012210
19100000000
12210000000
13920111000
93931291011
12129322029
12232391029
19929211133
12221111299
01121119222
12929122200
19221119111
11100122119
01110191011
01910111000

10 19 28 board_10x19_28_39228_none
9100111199
1100191122
0000122100
1101129100
9212932100
1292291000
1221222000
2920192110
2920113920
1110002931
0000001291
1221000233
1991000199
1221001343
0000001991
0000002331
0000002920
1122223931
1929929229

9 19 30 board_9x19_30_39260_none
000011100
232119100
999221211
396931291
139949211
029931100
023311110
019101910
121101110
910000000
110111000
111291000
911922110
112222931
111923992
921239449
931293921
129213220
011101910

8 19 32 board_8x19_32_39293_none
12210019
19921122
12229229
00012921
01112220
12922921
19393391
22339322
29229329
29211292
22201232
29112929
93219232
29111229
22201292
29101921
93201232
29100299
11100293

6 18 28 board_6x18_28_39328_none
000029
221029
991011
331000
920011
931239
349399
994932
394220
234931
939939
954321
299100
122100
110000
932110
993921
239391

4 10 7 board_4x10_7_39364_none
0122
1299
9222
1111
0029
0029
0011
0111
1291
9211

4 5 3 board_4x5_3_39372_none
0191
0122
0019
0122
0191

10 10 21 board_10x10_21_39376_none
3992993221
9942394991
3920249531
1110299910
1100294210
9101221000
1101910000
1212222110
9291192910
1211112110

12 14 26 board_12x14_26_39399_none
000000001921
000000001291
000001122321
011212929910
019293232210
133423910000
199394331011
232393991019
911222221011
122910000111
019221100191
011119100222
122112210293
199101910299

16 19 52 board_16x19_52_39427_none
1291111112129332
9222291192933999
2219222213392232
9112339211921000
1112995911221000
0019499210293100
1121222112499310
1910000019949921
1111110013332391
1111921101910111
1911249311110000
1110199910000000
0011223210012210
1139201110019910
1949301922123320
2249311293911921
1922910139311291
1222110029200111
0191000011100000

19 12 41 board_19x12_41_39484_none
9100000111191000000
1100001292211111111
0011101939100191191
0029312121100122333
1239392211000019399
9292339392100012932
1212294949100001232
0112924941212221199
0192112931293991122
2443113339213932110
9999119921102221921
2332112210001911291

17 4 14 board_17x4_14_39533_none
91011111100000111
23229129311111292
29932139491192392
29491029311112921

15 4 16 board_15x4_16_39548_none
111192139931211
191223939949291
233292135952311
199211019939100

10 10 17 board_10x10_17_39567_none
0001910000
0001110000
1111211000
9119291000
2212432111
9112991292
2339321292
2993210122
9432911129
2911111921

4 19 22 board_4x19_22_39587_none
1392
9694
9999
2349
0011
0011
0019
2221
9921
3329
9111
2221
2949
3949
9221
1222
0199
1343
1991

4 16 13 board_4x16_13_39613_none
1991
1221
0111
0192
0139
0029
1122
9119
2221
1921
2229
9111
1211
0293
0299
0122

8 5 8 board_8x5_8_39628_none
00199910
11223210
29111111
92119129
11011129

14 6 18 board_14x6_18_39637_none
92110111000191
23910192111211
95331339119100
99939392122200
35449323229100
19921119921100

16 10 23 board_16x10_23_39659_none
0000012210000192
1222129910011229
1992923431019122
2332111991011129
1910123321000029
1110199100000122
0000123321000191
0000001991000122
1100113342100019
9100192929100011

19 19 87 board_19x19_87_39685_none
1100111000001991000
9421192110113342211
9992233921192929391
9943939392344233921
2229393312999119320
1122339223343223910
2932933499339229331
2993239943993496939
1223934931349399942
0014943920192234339
1129992232212139239
2932321299101939229
2920000293101122343
1110000222000112999
1110001291111193353
2920001933391123929
2920001139942029321
1221111139992029311
0191191193492011291

19 19 87 board_19x19_87_39780_none
1939292399202921399
1293322999314931994
1212911232293921393
9102220000234210129
2312911221299211232
9293221992394912991
1212922239212113952
0001392133211102991
1100293299219102331
9100123949322211932
2210019222912922499
1910011212234921994
1232101292299222492
0299102959443119211
1393102994991133200
1933211249421199100
2239911139323455421
1922212931299999991
1110002920123334931

15 8 20 board_15x8_20_39879_none
011100002921910
019100003931110
122100002921110
191011101111921
111029322101291
000029599221222
110123994929229
910192222121292

14 6 18 board_14x6_18_39905_none
92292001121291
93493112929211
23992192122210
19332322012910
11239492019210
00199492011100

11 4 12 board_11x4_12_39925_none
39329349200
99932999311
95921232291
12110000111

4 12 8 board_4x12_8_39941_none
9211
9229
1129
1111
9210
2921
1291
0222
0191
0111
0000
0000

4 19 21 board_4x19_21_39950_none
1232
1999
2353
1929
2231
2910
9221
3329
9931
3920
1110
0111
0292
0292
2321
9932
9499
2459
1992

10 10 17 board_10x10_17_39977_none
0000192100
0001349100
0012992100
1129332100
2921119100
9320023310
2910129910
2220295321
1910299229
1110122292

12 6 19 board_12x6_19_39998_none
921029939200
392139449200
393293392222
949229322199
293211291139
129100111011

16 4 14 board_16x4_14_40021_none
1292212291029200
1939292921039311
2242424220029219
1929292910011111

19 8 21 board_19x8_21_40037_none
0000000000000001110
0000000000000002920
0122101121100113920
0199201929111394342
0139311232119394999
0012922391022313942
1111129921019112210
1910012210011119100

18 19 90 board_18x19_90_40064_none
001299100001129210
001943212211922910
111129339922211232
921112994339111299
139201223932239322
029310002921949311
123921123322394392
293392299291299329
939229222222349333
122332100129392299
113991001294932243
394932111935943949
993223933393993993
953293993922333239
299435459420192233
149499939921129299
249444333491011239
993929239323210011
222122939219910000

11 12 24 board_11x12_24_40161_none
00299100000
00294311000
01239291011
01932311019
01239100011
11192100000
91123210111
22019910191
92113443321
29212999910
13933994210
02939321000

8 6 13 board_8x6_13_40192_none
92110299
12911393
01122932
11119592
19234992
11299321

7 5 9 board_7x5_9_40209_none
0000199
1121333
2949291
2992333
1221199

5 4 4 board_5x4_4_40219_none
11000
91111
22292
19229

4 6 3 board_4x6_3_40226_none
0000
0000
1100
9211
1292
0129

4 10 7 board_4x10_7_40230_none
1910
1110
0000
0011
0139
1399
9393
1211
0011
0019

4 14 16 board_4x14_16_40239_none
9939
4942
9592
9594
1399
0249
0192
0111
1111
9119
1222
1291
1921
1110

6 18 28 board_6x18_28_40257_none
944942
999999
244449
019111
012210
012910
029310
149300
949310
932910
222331
933991
993942
932392
220292
910111
110011
000019

12 16 29 board_12x16_29_40286_none
001291000000
111921000122
922110111199
291000191133
122100111019
129100000011
921211000111
111291011291
013942119222
129949211119
193239200122
221012211291
910001922932
221001293229
291000129111
921000011100

15 12 38 board_15x12_38_40320_none
000199922939100
122335933943210
199292129393910
232211123339321
910000193921292
221000239332449
192101294929993
129101939222449
011212132200192
000292019100111
011393122211100
019229119119100

19 4 11 board_19x4_11_40365_none
0199310029391000019
0139910029422000011
0012221222291000000
0000019291111000000

17 14 62 board_17x14_62_40377_none
99200111292001291
99310192392112921
23922239212292221
01393921102942392
00294221102939392
00129339112222321
01123994329112910
12923949933329321
39329222229921392
99332200012211393
23929210000001959
02232911232112499
23922122999329499
99391019499921399

14 19 54 board_14x19_54_40452_none
01911112959329
01222912999392
00192111233321
12321000012921
19910000019392
23221100011229
93119211110011
99112922910000
22112392111221
01129322112993
02932933913999
13921299323959
19431233293231
12992191112921
01493122101291
12492019100222
29922121100192
29422910000129
11292110000011

8 16 22 board_8x16_22_40511_none
01110000
01910000
01221000
11192100
91139200
11029310
00023921
11119449
19112993
22201239
19211121
12922932
02493299
12992122
93321000
29100000

4 4 3 board_4x4_3_40536_none
1119
9111
1111
0019

4 4 3 board_4x4_3_40542_none
0111
0192
1229
9111

5 6 5 board_5x6_5_40546_none
01110
12910
19221
22219
29211
29200

8 12 25 board_8x12_25_40552_none
00029910
11139421
29129329
93223921
39219320
39212921
93313249
39492949
39922393
29310394
11100299
00000122

14 19 39 board_14x19_39_40581_none
29211911232292
93911222999349
23210192394499
19100111129393
11112210011211
00019922210000
00012339910000
00000194320000
00000223910000
00000192110000
11000111000000
91000000000000
11001110011100
11001911129100
91012333921111
12139499420019
01939499910122
01121223210292
00000000000292

17 18 52 board_17x18_52_40625_none
91001910000019100
11001110111011211
11212111291001291
19392912942002931
13932112991002931
02920012322111291
12110029311910111
91011129922210011
12129123329212129
02932229111292921
02932922210112110
01293332911221000
00112994211993210
11001399101239921
93210122100123392
29922221001291239
12392991001921293
00112221001110292

18 16 59 board_18x16_59_40679_none
000000001922210192
110001123339910129
921101929933421011
139201244329291000
139200199111212121
192211123211122929
111292001922929221
110293212129232200
920239291011119100
932393321000023310
239933911111129921
294393211922922391
393129212239322232
394223922932293929
399292293392229332
932211129229111291

19 4 11 board_19x4_11_40743_none
0019291000001939311
0011211000001139391
0011101110112121222
0019101910192910019

14 10 36 board_14x10_36_40755_none
00000129399311
22222292399391
99599332222322
49994939100192
29423493100239
22112992000192
92229321122222
39292101299229
93321001944392
12910001292921

12 12 40 board_12x12_40_40795_none
921193992222
291113959299
222002392222
191001921011
111123221119
110199219111
931139444321
991012999949
331001396699
931000239994
991012394949
931019922121

8 19 22 board_8x19_22_40844_none
01111110
02921910
02921110
12110000
91000000
12221122
12991199
92221139
11000011
00011100
12129100
93921100
94210000
29100011
11100019
11112132
91192929
22212232
19100191

6 19 17 board_6x19_17_40868_none
192100
129211
011291
000122
000029
233239
999932
233229
000133
000199
000133
000019
000011
001110
001910
012210
019211
022391
019211

4 12 12 board_4x12_12_40887_none
1291
9422
9391
1211
1110
1921
1291
0122
0129
1292
9433
9399

7 4 3 board_7x4_3_40904_none
0011100
1129100
1921211
1110191

14 12 40 board_14x12_40_40908_none
19223210029310
22399921139931
19224449239949
22101993934942
92112233229229
93392019111111
13993022201110
02992029201910
12222149312332
91112939229399
11293122239333
00292001921119

19 19 75 board_19x19_75_40954_none
9922239391000002920
2393993932000002920
0113943291000001110
0002391122100000111
0001921019100011292
1212110011212129229
9292122221293922221
2322939939329321910
1911293249312911110
1111221039301110000
1102931149300122100
9113991299300199210
1229443399421135931
0294499223991139949
0299493101221199593
0123933221211122392
0001129939493121211
1221134339493929111
1991199111212121119

18 10 38 board_18x10_38_41036_none
011212110019100199
019394931123222469
133494991192929999
299312221113232332
969411111001921000
399491191001291111
299311111111111292
123210111292000393
012921191393000292
019391111292000111

17 6 15 board_17x6_15_41079_none
01139200000000111
12949300000000191
19349200122100111
23922210199321000
93221921223991000
12911129101221000

12 4 11 board_12x4_11_41098_none
192110293119
112921399222
001292393392
000112921292

8 10 19 board_8x10_19_41110_none
92111110
12923920
12129920
92112210
39201110
39301910
29323210
34499211
99959219
39931111

4 18 11 board_4x18_11_41132_none
1910
2220
1910
1110
0000
0000
1121
1929
1232
0191
0111
1100
9111
2229
1921
1232
0199
0139

4 19 13 board_4x19_13_41147_none
0000
0000
0000
0000
0011
1119
9111
2210
1910
2321
9392
9329
2221
2910
9421
9492
1392
1211
9100

4 18 19 board_4x18_19_41162_none
0011
1119
9333
9499
9322
1100
2210
9910
2321
0192
1239
2942
3992
9593
1493
0394
0299
0122

9 6 7 board_9x6_7_41184_none
111929910
911233210
110191000
000111000
011211000
019291000

10 5 7 board_10x5_7_41192_none
0191000129
0112110192
1112910111
9119210011
1111100019

17 8 33 board_17x8_33_41201_none
11001921101910000
92102249201221000
29223949521191111
33499349992212392
99497933449101992
22499943944311232
00295499399910019
00129222223210011

18 10 37 board_18x10_37_41239_none
993111221111000000
495921992292100000
395932222939111100
294392101121229321
239229221211194991
921113939291113931
110013931212222110
000129321001992111
000193393211494291
000112939910293921

19 19 88 board_19x19_88_41279_none
1923920001932101110
1293921111299211910
0112122921124921110
0011119491002932121
1129112921002392929
1921101110112922121
1110012332393222121
2210139999493292929
9920299559329444343
5941294393212999499
9992239449102359493
3593294993202942422
9229335959113939291
1113939942219232311
1102932339221129322
9422110295920029399
9993101394920122222
2599201922110191122
0299201110000111199

17 16 65 board_17x16_65_41385_none
19929100199112210
23221100133329931
91122100129295959
22299100293213959
91394111393101139
11293139329211011
12233939222493100
92929333229499211
13231393922493291
01910293112931111
12110111003930111
91001121102920191
11112929112322232
00194342229394949
11249949139539992
91199992129393321

10 5 8 board_10x5_8_41467_none
9392111000
1393292110
0129433910
0012992110
0001221000

7 4 7 board_7x4_7_41476_none
1929299
1132433
0129291
0192211

5 6 8 board_5x6_8_41485_none
29910
29431
13949
13949
92121
11000

4 19 18 board_4x19_18_41494_none
0011
0029
0039
1249
1992
1221
1110
1910
1121
1229
9392
2943
1299
0139
0122
1291
2943
9399
1222

7 19 34 board_7x19_34_41516_none
9311029
9491039
9412139
9312921
1294320
0129910
2222321
9921292
2229229
1233322
9399492
1399949
2334942
9912392
2211939
1111121
1921000
2391000
1921000

8 18 34 board_8x18_34_41557_none
19911910
23311110
29310111
39911393
93333999
11299343
12393229
92921193
23321129
29393232
29329929
11112332
01110292
12910292
19210122
11111239
11019299
91011222

12 10 17 board_12x10_17_41596_none
191111192100
111191129100
000111023310
000011119910
000129112221
000293100019
112493000011
192992000000
113454210000
001999910000

15 6 16 board_15x6_16_41615_none
191001129399100
222111933932100
911922293220000
111292222921011
000123912391019
000019211921011

17 4 17 board_17x4_17_41633_none
92000000001910129
93222111111110192
23994922931112432
19494922939119991

19 12 32 board_19x12_32_41654_none
1910012391111000191
1111129921191001332
0012922321111001991
1129310192211001221
9129200239291111000
1111100192322192110
1110000111191112910
1910001111221113220
1110001911910192910
0000001222110112110
1100011291111012332
9100019211191019999

17 19 76 board_17x19_76_41688_none
91001910192101921
11012210129102391
23229101122211932
99921101911922139
35442112211293349
92999229212349992
23343392292993321
19119212233332111
23332101939329119
92991112139932211
12232292223239200
12229229392149311
29921113943939439
29420013939332993
23911129333911493
19322921292110292
12394321221001221
23939923920112921
99222229920192291

15 19 75 board_15x19_75_41771_none
110001992929931
910001334233939
110012393932343
000129924959499
001395433959694
111994992139592
923493222234931
393932101994920
294239212393221
112932393333291
112291299499321
192221249944921
124942395492291
129999393922221
194432223211921
129100019211291
011101233933321
111123993399921
191199322933391

7 8 9 board_7x8_9_41855_none
0191011
0111019
2210022
9920129
3920192
1110111
0111111
0191191

4 4 4 board_4x4_4_41867_none
2321
9991
9421
1100

5 12 9 board_5x12_9_41872_none
11000
91000
11000
00000
00011
01129
12921
93210
29100
22211
19239
11299

11 19 53 board_11x19_53_41885_none
11191111000
92233493111
12939999339
23239954993
99112229593
22101233492
00002992921
01223933231
13992112949
19932112993
12222911392
01129211221
01932101921
01292101129
01349221111
12994939310
39594249931
99312935991
22101293931

15 16 35 board_15x16_35_41948_none
000000000111000
011111211191000
029329291111000
029921322011211
012211291019291
001222921012321
111992110112910
922221000193210
291000001239100
111000001921100
111011112210000
192119229100111
129222921100191
134921122211232
939920129922929
293210193229221

19 5 25 board_19x5_25_41986_none
0199292291112239299
0233229322192993333
1291012391223239339
9433112931191123992
2992912920111192221

19 4 18 board_19x4_18_42013_none
1992112991019239200
1233912931123949421
0129321110293139929
0193910000292012221

19 5 16 board_19x5_16_42036_none
0191112991191112121
0222192222221192929
1392222001911333121
1992191012211991000
1221111019101221000

15 14 44 board_15x14_44_42054_none
999201122333910
249201939999210
011102359953100
000001994491111
000112239322191
000191122392122
000111192494229
000000223999292
111000194442322
191011229922291
112129124693932
001932129994129
002391029693011
001921011392000

10 19 47 board_10x19_47_42106_none
2912931100
9334949100
1299392100
1233312110
9349323910
2999399210
2342333100
2920191000
2921332111
2333991191
9399431111
9435920000
9219932210
2222229910
2942112221
3999312139
4969392939
9932444221
2211999100

5 14 11 board_5x14_11_42163_none
00000
00011
23229
99943
34499
19332
12910
12210
19100
22200
19211
11291
00111
00000

4 8 7 board_4x8_7_42176_none
1100
9221
2929
3331
9921
2229
0122
0191

4 5 5 board_4x5_5_42186_none
2210
9920
9930
3920
1110

4 4 3 board_4x4_3_42192_none
0000
1221
1992
1239

8 8 9 board_8x8_9_42196_none
19211000
11292111
11229129
19111129
12210011
12910000
92121100
11019100

12 16 53 board_12x16_53_42207_none
949394939321
969329942991
992224932221
332292292232
922932113999
129391002942
121322002342
931191112999
992111293259
393211393029
129392493011
012949594221
002249493992
001921212239
012210112243
019100192999

18 19 49 board_18x19_49_42266_none
112110011100111000
192910019100191000
112221022311122100
111191139391019210
191111199412233910
112121239201992110
001929221101332000
001122921000192111
111111291122339119
922921111199292122
129391000122211139
011211111011100199
011100191019100133
019212221122101239
022392910191001992
019212110111001221
132200112110000000
929101293910000111
121101939210000191

19 10 47 board_19x10_47_42320_none
1110129212993992949
2931292292224953399
3969311112112992293
2999201222911392111
2494211992111221111
2932911221001922291
4942221101112392921
9939129212923944331
2221129329229939929
0000012921112222221

18 5 22 board_18x5_22_42375_none
191001921292199100
221001291293232222
911110111113920199
221921012323943443
911291019992299991

17 4 11 board_17x4_11_42399_none
00019921111100000
00123349329100000
00191199921111111
00111139310019119

11 10 24 board_11x10_24_42412_none
92111929100
23911122210
19331213931
12929395992
13353499793
92999239992
12232112321
00122100000
00199210000
00123910000

5 19 17 board_5x19_17_42440_none
19100
22211
91191
11122
11029
91139
22192
92111
94110
93921
12129
11011
91011
11019
00011
00111
00191
11222
91191

4 16 10 board_4x16_10_42461_none
9100
2321
1992
2459
1992
1232
0029
0029
1111
9100
1100
0111
0191
0111
0000
0000

5 8 11 board_5x8_11_42473_none
02949
03993
02992
12332
19119
12221
12921
92291

10 4 5 board_10x4_5_42488_none
1929100029
1121100039
0000000029
0000000011

14 8 23 board_14x8_23_42494_none
00122100191011
11199212332129
91122292991192
22000123332211
91000019339100
11122113994321
11299212949939
19223911122392

19 19 61 board_19x19_61_42520_none
1110000019101910199
1910000011101121222
1110000000000019100
1111110001110022200
1911910001910129111
1111121212110192119
0000029392110122122
1101139312921119119
9212942223229122211
2913991199112339100
1112931122101993111
0002220001222393129
0001910002991112932
1111110113942101129
2910000192129101132
9211121211022202949
2211939201129223993
1922249212923949449
1291192119212993921

18 14 63 board_18x14_63_42587_none
122210001992393921
949910001239493249
299521000012921199
139391000012332222
011223210019299200
110129922221239200
921295329911233210
392399323332994920
494499922929496941
999394494231229992
942222393910012339
110029313220001132
000029323921002949
000011299391002949

16 8 31 board_16x8_31_42657_none
2211922922911910
9911239492111221
3432294943210191
9299324939910122
2459319344532129
9299323939992921
1223392293322110
0001921111000000

12 4 7 board_12x4_7_42690_none
001911929210
002332122910
001992001110
001392000000

9 5 7 board_9x5_7_42699_none
012211921
029922229
139329111
921111100
110000000

4 16 14 board_4x16_14_42707_none
1110
1921
2239
1921
1110
0000
0111
1392
2992
9432
9219
1111
1221
2991
9442
2929

4 19 10 board_4x19_10_42726_none
2929
9331
2921
1239
0192
0111
0000
1100
9100
1100
0000
0000
0000
0000
0000
0000
2210
9910
9310

4 19 15 board_4x19_15_42738_none
1222
9399
3593
9932
9329
2221
1921
2239
2931
3930
2920
1110
0000
0111
0192
0129
0011
0000
0000

10 8 17 board_10x8_17_42754_none
9102939910
2202932210
9211122210
2910019931
1110124991
1110194431
1921229920
1129113920

17 5 17 board_17x5_17_42772_none
11123991001921000
92299433111292110
23933493911222910
92122993111922210
11019321001129100

18 6 27 board_18x6_27_42792_none
920000000019229921
931211112132395591
249391192949329931
949422112299224931
293391000244219491
129211000199112921

18 8 38 board_18x8_38_42821_none
129100019492000191
294321112992000111
949959311332001121
249999921392002949
295956931993112992
294239931223932332
129129931002949119
011112391001292111

19 16 54 board_19x16_54_42868_none
0000001911111910011
1121212111923220139
1929292101294920199
1121349312239921232
0112299492933211921
2392949423291001291
9922132391222000111
2210019211294321111
1221011100299991191
1991000000139421111
2331000000011100000
2931111122100000111
2992392199100000192
2339393232100111129
9112434921110191011
1101993921910111000

19 19 48 board_19x19_48_42927_none
0001111291191111000
0012911921223291000
0019222210193943210
0011119100113939921
1110022211113332392
2920129129219910129
3930192129323320011
2920111012911910011
1110011102221110029
0000019112921011129
0001122229491019111
0001911923931012210
0001111123920012910
0000000129221119210
0000001292119222100
0000001921023491000
1100001110129921011
9100000000193210019
1100000000111000011

12 12 37 board_12x12_37_42978_none
112221001991
193992112232
139692191129
029932211192
012229111211
000122239321
112392199949
292992124599
922343112994
110199229449
111123394942
191001923991

9 6 8 board_9x6_8_43024_none
000001121
000001929
110123221
910199210
110134921
000019391

4 5 5 board_4x5_5_43033_none
0000
0000
1111
9439
9992

4 14 10 board_4x14_10_43040_none
0000
0111
0191
0111
0011
0129
0192
0111
0000
1110
1932
1399
1499
9393

5 18 12 board_5x18_12_43052_none
00000
00000
11000
91011
22119
19232
12929
12232
92292
29229
22211
19100
22200
19100
11100
11100
19100
11100

11 16 48 board_11x16_48_43065_none
92110199100
12910122100
13331211000
19929393110
23343494931
92399435949
12999699339
12349999222
29223333229
92292213931
11129394920
01133593110
01939922110
13459432910
39994939321
99423931291

18 5 13 board_18x5_13_43122_none
000000111111000000
112110293291000011
194920294921000129
129920129332100192
012210011299100111

19 6 32 board_19x6_32_43137_none
1921019129200019211
1291123239200123492
1332192933211394994
3991112292922999599
9952101233239433954
3939101929129201299

15 19 48 board_15x19_48_43173_none
910019119100029
110012332100139
111111992221192
922911233991111
129442119321000
012999221100000
222244911110011
992029311921019
393139312292111
112921291239210
001110111193910
000122100123210
011299210019100
019223910011100
022201110001110
129210111001910
932910191012210
931110122129421
920000019129991

7 12 14 board_7x12_14_43224_none
1929100
1132200
0019100
1112321
9101992
1101239
0000011
0111000
0191111
0111191
2332322
9999291

4 4 3 board_4x4_3_43240_none
0000
1111
9129
1129

5 8 9 board_5x8_9_43244_none
19100
11100
12321
19991
12332
11019
93232
93991

7 12 12 board_7x12_12_43254_none
0019921
0135591
0299921
0294210
0122100
1119100
9111211
1100191
0000222
0001291
0001921
0001110

9 16 21 board_9x16_21_43268_none
000111000
000191000
000111011
001111129
222911943
993232399
932939432
111149920
112139920
192922221
112110129
000000192
110111111
910191000
110111000
000000000

16 18 68 board_16x18_68_43294_none
0199210112922110
1234910192394910
9119320111299210
3333911110133211
9939211910019229
2494312110012921
1399392000001110
1933494332100000
1111939999322110
0012233433993910
0129239201239320
0293299310012921
1393224931101139
9339325949222239
9339599942299392
9329494492149522
9322322392029391
2911911921011211

18 12 33 board_18x12_33_43379_none
001910000111192910
001110000191123210
111112110112129100
192292910123932200
112933210299229100
123229210293111211
299223921111000191
293393292100011211
111292129100019100
000111022211122311
001111129129219391
001911921129212921

18 4 20 board_18x4_20_43417_none
920000019921129939
932210013593394359
129911111999493199
012211911232392122

11 16 32 board_11x16_32_43440_none
01110292000
01911392122
12111921299
92112331294
12911991129
01112332121
00001911921
11001112492
92100002992
39200114952
39423393991
29399933321
11239549100
00012992100
00001221000
00000000000

5 18 19 board_5x18_19_43478_none
39391
99422
33291
91111
11011
00129
11292
19321
12932
01399
11399
19222
11100
00000
00011
11019
92222
29291

4 8 5 board_4x8_5_43500_none
9100
2210
1910
1121
0019
1111
9200
9200

5 4 5 board_5x4_5_43506_none
92221
23991
29321
92100

6 4 6 board_6x4_6_43512_none
192222
239399
193932
112110

11 10 15 board_11x10_15_43521_none
11000000011
91000000019
11000001243
00000001999
00000001232
00123210000
00299931100
00295939111
00234332119
00199291011

16 18 68 board_16x18_68_43540_none
9291000019222399
1223221123499595
0029949239969599
2249993399992393
9939439223321122
9321222100111019
1112391011394332
0019932019499991
0012391012945431
0000222012493910
0000293119493221
0000399112921292
1122594101110293
1929993110111139
1122322910192249
0111001110129299
0292000012222332
0292000019911910

19 19 74 board_19x19_74_43618_none
1991011291191011299
1343119211122229349
0199111100019294931
1222100011122425930
9111100019119394920
1239310011111393110
0199920000001222221
0125931221001911991
0002932991001112342
1101292232100013939
9100222019222229953
1111291123939922399
1129321193249420122
1922910224954910000
1111110193999211110
2210000124594201910
9910001129949322221
2221213932394992292
0019293920129492292

19 12 34 board_19x12_34_43704_none
3991000192929129200
9942000112132229200
9691000111019112210
9942100293111101910
3939100299100112110
1232111222100191000
0191019210000111000
0111012910001221000
0000001110001994321
0000000111001499992
0000000191111294492
0000000111191111111

18 8 31 board_18x8_31_43743_none
019100292192939910
011100294322294320
000000129921113920
001121112392114930
002939100129129920
224941222112239310
994920299113942100
239210293119991000

18 6 27 board_18x6_27_43781_none
011119391019929119
139212921123343322
199413220192399392
149492910112994949
139323210013432139
921119100019910011

17 5 22 board_17x5_22_43812_none
11123221399111211
91199959494229392
22224999313932939
19102494213931121
11101922912920000

14 4 12 board_14x4_12_43837_none
11001929111111
93123331129219
93929911139321
12122211922910

10 8 11 board_10x8_11_43850_none
1100000011
9211111029
1291191029
0111111011
0000011100
0011229111
0019394229
0011393921

5 18 24 board_5x18_24_43863_none
19239
11299
12332
19921
23391
92211
39111
92129
12139
13931
94941
13939
02231
13931
29939
94221
92011
11019

4 19 19 board_4x19_19_43896_none
0000
1110
3920
9930
9920
3321
9229
1292
0222
1393
1999
1494
0393
0393
0292
0111
2210
9910
9310

6 10 12 board_6x10_12_43920_none
019119
122111
291111
932292
391292
921111
342100
999100
233210
001910

12 4 9 board_12x4_9_43934_none
019102939210
011102933920
000002222942
000001911299

17 10 29 board_17x10_29_43944_none
00122100000012939
11199111101239239
91122119211992122
22112222911221129
19119911111232394
11112210001999499
00011211112233932
00019292291012210
12121229211019100
92910011100011100

19 19 79 board_19x19_79_43976_none
0199119392191123991
0122111494322199531
1101110299493239910
9212910139499112210
1292111121222101121
0112122910001122939
1101929333322929492
9101121399993122921
1100001396992001110
0112122934943121211
1292929339393929291
9334332922339332211
3939911222921291122
9394432292221122299
1212993921191129222
0112496321221293100
0193499911910292000
0139943211110111011
0029920000000000019

18 18 44 board_18x18_44_44069_none
000111000191000000
111191000222000000
191112110192101121
221001921339102939
910001129393202931
220000012939101110
910011101121100000
110139200000000000
000299311000000111
111293293210000191
291222129921111111
953392012492191000
999392001392111000
343211112921000000
191122393110000000
122299392000001110
019223321011112910
011101910019119210

18 16 42 board_18x16_42_44118_none
994211921229222222
399932229292299299
124939222211122222
001233391000000000
111293921000000011
191394121211000019
111292129392000011
000111193493110000
011100129212910000
019100011212110011
011211111191000019
000292192211011122
000292129100129119
000111012210192111
001110001910112121
001910001110001929

14 8 29 board_14x8_29_44165_none
00001121100000
01111939210122
12922495910199
93129399320133
93011335921129
92122294942932
34499224992139
99993119321029

10 4 8 board_10x4_8_44201_none
1211000000
9392111211
9429229291
9211292211

5 8 7 board_5x8_7_44210_none
11199
92333
39391
29322
11119
00011
00000
00000

4 18 17 board_4x18_17_44221_none
2991
2942
1139
0149
0299
1399
1943
3491
9921
9310
1100
0000
0000
0000
1110
2920
3930
2920

4 19 15 board_4x19_15_44242_none
9100
3421
9991
3442
2929
9221
1111
0139
1299
1932
1221
0191
0122
1129
2921
9210
1100
0000
0000

8 16 22 board_8x16_22_44259_none
01910011
01122239
00129959
00194949
00124331
00019921
00012229
00000133
00011299
00019344
00012399
00001943
01111291
01910222
12210192
19100129

16 4 11 board_16x4_11_44284_none
1100000299311111
9100000399491191
1211001394921111
0191001922110000

19 12 62 board_19x12_62_44296_none
1129322999229222211
1944994594294499291
1299493992239942211
1222212232396930000
9212221229394931011
9219939394312292229
1224931399100129292
0294321122112221211
0299392101129932110
2459439222934993910
9993393929339449210
9422922122922921100

16 19 42 board_16x19_42_44369_none
1100019119100000
9111111111211000
1119111100191000
0011239201332000
0000199212991000
0000122119322110
0011101132201910
0019212939422110
0011292149991011
0000222029421029
0000191122222129
0000111191199111
1110000112232100
1921111112910000
1291192292110000
0222139422011100
1292129391129100
1939233421192100
1122929910111000

9 10 23 board_9x10_23_44417_none
922293221
393959939
933993392
921221111
232212110
299292921
293212239
111111192
111191233
191111199

5 4 3 board_5x4_3_44443_none
00000
11122
91199
11122

4 4 3 board_4x4_3_44447_none
1921
1292
0129
0011

4 6 5 board_4x6_5_44451_none
9129
1129
0011
1100
9210
2910

5 14 18 board_5x14_18_44459_none
29200
39311
92291
33211
99200
59311
99329
94932
23291
91111
23210
19931
13991
01221

10 19 29 board_10x19_29_44482_none
1100000011
9211000019
2493121111
9394949111
1213993349
1101222999
9100001232
1112211110
2229922910
9922392110
2210233100
0111199100
0192222100
1349210000
1993910000
1222110000
1110000000
1910001110
1110001910

11 19 37 board_11x19_37_44515_none
01910000129
01110011292
11111229321
29129394910
92239329321
11192122392
00111019229
11000011111
92000011211
93111229291
29339293332
12992323929
01222292121
00001932100
01111139200
01921239311
01129292291
22111212221
99100001910

15 14 55 board_15x14_55_44556_none
000112922221100
221192129939100
992111012495310
393101121399920
249323949339931
299399499423339
294359669911921
123939999311221
139322332100191
199422221000233
134993993321299
019595459991293
012939939422221
001122221101910

17 10 41 board_17x10_41_44624_none
01139929111119211
12939332339322291
94231119399392211
93911121494229111
23222910393011119
19119210393011111
11111100293129310
01222122339139931
02993949932339939
02933949329293221

18 8 30 board_18x8_30_44672_none
129211000001122339
293292121101929993
395322929101233339
299911121212291011
139311110192921000
122222910224220000
911939531293921100
111139991293129100

19 4 11 board_19x4_11_44706_none
1921100111001110111
1129101291001910292
0012222921012211392
0001929210019101921

18 10 46 board_18x10_46_44718_none
129292993922921129
943324449239329239
299119942129323932
122124992011292239
110129594210122292
910193949911139322
221112294311949229
293100139311292139
299100029921211139
122100012229100192

17 12 49 board_17x12_49_44774_none
00122112910199119
12399119331222122
19943113939211029
23393212931392029
91129911110292133
22223211110112299
29392234920001943
29324999920013592
33219954210019993
99113593101122449
33212999101910293
91192232101110292

12 19 32 board_12x19_32_44833_none
001921011291
001291019321
000122112910
001129101121
012921100029
019210000029
011211122111
000191199100
111111122111
191000000019
111000111022
111000292019
192100292011
249200111111
949311001292
942391112949
129211293139
011100292122
000000111191

7 16 29 board_7x16_29_44872_none
1911910
3444331
9999929
3565321
1999100
1394321
1223991
9229431
2922921
1111291
1111211
9119321
1234991
1399321
2994210
2932910

4 8 6 board_4x8_6_44912_none
9200
9310
4920
9920
3310
9100
1100
0000

4 6 3 board_4x6_3_44919_none
1110
1910
1110
0111
1291
9211

7 8 14 board_7x8_14_44923_none
1212110
9293920
1213931
2211239
9911393
9411992
9302331
9201910

12 18 30 board_12x18_30_44938_none
921291019222
129211123399
012210192943
001910112129
001111121111
000001929100
000012221211
000019210192
110012910129
921002220022
391001910019
921002221121
110001911910
112112222220
192911911910
112222233210
000191199100
000111122100

19 14 65 board_19x14_65_44971_none
2920001922939223910
3930001293494399431
4930112222994954991
9930192911223993321
3920123322111249311
2210019392922139391
9210123933293921211
2921292292229210111
2339212239232200191
9293201944939311111
1229224499339391011
0012499949322222239
0013999322391019299
0019942101921011222

19 5 13 board_19x5_13_45047_none
2210000000029200111
9910000000029201291
9521000111011101921
9391001291000002231
1211001921000001929

15 6 24 board_15x6_24_45062_none
011291192392000
019212223993000
022323913993100
249399223949211
999433239431291
943911939910111

14 8 26 board_14x8_26_45093_none
12921129322910
92292293993110
11139312392000
00029311112110
01233492113931
12993992193949
93495331112139
92293910000011

7 19 22 board_7x19_22_45122_none
0000000
1111100
9119210
1223910
0192110
1222211
9119492
1123994
1129499
1921222
2210000
9100111
1100191
1110111
2920000
3941111
2939119
1233221
0192910

4 12 8 board_4x12_8_45146_none
0129
1293
9229
1111
0000
0011
0029
1129
9111
1100
0111
0191

5 6 4 board_5x6_4_45155_none
13920
93920
12110
00011
00019
00011

7 4 6 board_7x4_6_45160_none
0129391
0193921
0124320
0019910

10 5 13 board_10x5_13_45167_none
9392012210
2492029920
2921029941
9211124949
1101912931

14 10 24 board_14x10_24_45184_none
91001991111199
22101332192232
29200191113931
29312221002939
11292910001132
01222110000019
12910000011111
92110011119210
11000129222932
00000193911299

18 19 72 board_18x19_72_45210_none
292122100012392299
395499201129922932
299999201922211110
245942101110111000
929320000122392000
122910000199493110
013321110123944910
129922932101399310
295492299100299200
393932233100122100
922291191111011100
222221111293119100
192910111299433210
123210191139992910
019211221024643110
122911921229992100
911111239293349200
111110294422039421
001910299291029929

19 19 88 board_19x19_88_45292_none
1991001139992991011
2432002959933331129
9291113959532910293
1211193239929320293
0111139322222910129
0192249910001110011
0129499310011100000
0013993222129200111
0002932299129201392
0001111932123311994
1222122211139922499
1993929102959592399
2595232212959329233
1993922911293333339
2322129321139399299
9211011292129543239
2392100129222992232
1939211123921223991
1122911912920002931

19 19 95 board_19x19_95_45393_none
1939391000019493221
1139432100012994991
1234939100001239332
1995941112322121119
1394920019992922332
1333110135932239991
1993111299221394321
1399219222119393110
0149423321133423910
1139592993299493110
9239933499344993110
1394339334929432921
0293394493233911392
0112999493293331292
0002359423943993321
0112922923992249920
1393233392221029931
9393299332222113449
1229223929299101992

17 8 20 board_17x8_20_45498_none
19211000112932222
11291000192299399
11111111122239322
91000191019112210
11000111011101910
11000011100113220
92111119210192910
29119112910112110

12 4 12 board_12x4_12_45521_none
129102999210
192103994910
222002944320
191001129910

6 12 10 board_6x12_10_45536_none
291191
921111
110000
011100
239100
993200
239111
011119
000011
110111
910191
110111

4 19 20 board_4x19_20_45548_none
0111
1292
1949
1292
0122
0019
1243
1999
2343
9119
1222
0292
2493
9939
2332
1393
9399
1233
0019

6 14 12 board_6x14_12_45575_none
000011
110139
910199
110133
111129
921921
921110
121100
019211
121291
910111
110011
000019
000011

14 4 13 board_14x4_13_45588_none
91192911921192
22213221292239
29312910129129
29392110011111

17 6 18 board_17x6_18_45603_none
00299101129101921
01393101921101291
01932101111111221
13339111102922920
29922229102922920
29311921101111110

19 19 94 board_19x19_94_45624_none
9392392111000000000
4949494292222111222
9942393939299119299
3492333122333221349
9224991001912920293
1129931012334931493
0029420129299449492
1112911292239399433
9212211933222332399
9439102239911910294
3992101923332332239
9542001112939399239
3993100003952394921
2999421013992222110
1399992019433921122
1346993011393291199
1993992000394233332
1233321000293929931
0019100000112123991

17 18 52 board_17x18_52_45741_none
02931001239210029
02993112994911139
01393923993111921
11213239321001110
19101922321111000
11101111992191000
11000002493211000
91000001939101110
11111112121101910
00191191001111232
00111111001910199
00000111113220244
11000191192922399
91000222112129949
22111392000023332
19119392000019239
22211212121124949
19100001929119931

16 16 37 board_16x16_37_45800_none
0000122112921119
0001299119339222
1222932113931291
1992110002920111
2331001112220111
1910002921910191
1110002932211221
0000001139201921
0000000139201291
1110000193321111
1911111222991111
1111922911221191
0002239321000111
1112942391111011
2912939211191019
9211121100111011

14 12 24 board_14x12_24_45841_none
19321001911910
34991001111110
99421011100000
39211119221100
11119224939111
00123393931119
00192933221111
00112129119100
00000011122311
00000000129291
11111000192211
91191000111000

11 8 19 board_11x8_19_45867_none
11001399291
91112993322
11293221191
01392012332
01921129929
12211394221
19211993110
12911222910

8 4 8 board_8x4_8_45891_none
12129211
93921292
39420129
29910011

5 5 4 board_5x5_4_45902_none
19211
22391
29311
29200
11100

4 12 8 board_4x12_8_45907_none
0000
1110
2910
9310
9200
1111
0029
0029
0011
0111
2391
9921

8 19 26 board_8x19_26_45916_none
91001110
11002920
00002920
00001110
11100000
19111100
11119100
12332100
29992000
39692011
93932029
23291029
91111011
22111000
93291000
93921000
24442100
19999210
13943910

12 12 26 board_12x12_26_45947_none
191191293910
111111295320
012332229921
019999112391
013942211111
111110192111
910000139329
110011139921
011119129321
019111222119
012211291011
001911921000

19 4 13 board_19x4_13_45977_none
0199100192910000191
1222111212110000222
9211029311111000292
1291029391191000292

19 12 48 board_19x12_48_45993_none
0019119119101111991
0011222222212911232
0001392293294320019
1122992399239922121
1929321295449493920
1121100129993213931
1110000023593112229
2921000129229229222
9491000194333932291
2921011229929592111
1111129113443992000
0001921101992221000

12 19 34 board_12x19_34_46056_none
019222100000
121299200000
910139311122
220011392299
911110393293
112920292111
003930111111
014930011291
139920019222
939310011119
121100111011
001110192100
112910139200
192110139311
111001292291
000012921111
000019210111
000133200191
000199100111

11 18 27 board_11x18_27_46092_none
11211019100
29392111100
93939100111
12132200292
00019211292
00011291122
01110111019
01910000011
13220000000
93911110000
49311910000
99411110000
49910112110
94310193910
29100129210
11100122100
11000191000
91000111000

5 6 8 board_5x6_8_46122_none
00019
12221
19920
25941
94939
29221

4 6 3 board_4x6_3_46132_none
0000
1100
9111
1119
1121
1910

10 19 40 board_10x19_40_46136_none
0012929291
1249321322
2999200191
3995211221
2994932910
1223939320
2322122921
9991001291
3542000111
1991012221
1221019929
0012222221
1129910000
1922210000
1222111110
0294911910
1499222210
9593119211
9921011291

14 19 35 board_14x19_35_46183_none
00000001921291
00000002239211
00011101943200
00019101299210
11011100123910
92001110001110
93001910001110
93101110001932
29101110001299
11101910000233
00001221000191
00011291000233
00019211111199
01121100192232
01910011212921
12211129101292
19212932201239
22293229101921
91129111101110

15 18 38 board_15x18_38_46224_none
393111921119910
994911129112210
393110012321011
221011101992129
911129101392192
111932101221111
001291001910011
000112223231119
000002992939211
011102932139310
019112321123921
012229291192239
112921211111192
192110000000111
222000011100000
191000019100000
111000011211000
000000000191000

18 12 52 board_18x12_52_46268_none
921119939939312291
129112359549392921
011101299493212110
112122933492111000
192929222932292000
113231119492392011
113920012949334229
194930001292399921
224953210222295310
923999922391129210
292395339921013931
111112922210002939

19 5 20 board_19x5_20_46328_none
0000001139211119100
0000123939219222321
2211299233322912992
9922932119922223992
2392110012391192221

19 4 10 board_19x4_10_46350_none
0000001110001922910
1110012911111292110
1910019321922321000
1110012911129910000

18 5 13 board_18x5_13_46361_none
019100000011111100
011111100019119100
000129211012333210
001292291001994931
001921111001394991

14 14 51 board_14x14_51_46376_none
19101910019292
11212121222239
12392119292139
19949222322932
23393922922139
93223229492029
99119222392011
22222392111111
11293392122291
91395953299422
23496999349392
93999333921239
29343323210029
11119299100011

9 19 25 board_9x19_25_46438_none
001291000
012932100
019349310
123949910
923932210
292110111
111011292
000019229
000012221
000001910
110001110
910111000
220191000
921122100
292119210
239222910
922923320
111129910
000012210

8 19 21 board_8x19_21_46465_none
91012221
11019929
00012221
00001110
11001910
92212110
29292100
11229100
00022211
22229229
99393921
39312110
11111211
00029391
00029311
00011100
11000000
91011100
11019100

7 19 19 board_7x19_19_46490_none
9921991
3921221
1110000
0000000
0000111
0000192
0011229
0029211
0029311
1111291
9111211
1229100
0192100
0111000
0000111
0001292
1123949
1929931
1122210

4 12 13 board_4x12_13_46511_none
1211
9291
1211
1100
9210
3921
9239
1139
1139
3931
9930
9920

4 5 3 board_4x5_3_46525_none
0111
1291
9211
2210
1910

8 6 10 board_8x6_10_46529_none
91192921
11113392
11001949
91002249
11002931
00002920

14 16 46 board_14x16_46_46540_none
00029910019291
00029310122222
01121112492019
12911139992011
19211949422110
12333394311910
12999339922210
19554922239200
12992111139200
02342112921100
01929119211221
01122233311992
11002949921392
92002995920111
94111239211110
93910011101910

15 18 45 board_15x18_45_46596_none
000029399201939
121139549201393
929129921100292
121123310001221
111129100112910
292192100193210
394232100129100
393929101122210
923231102921910
221921003931110
911392002920111
122493111121291
019922910019211
123211221011100
192121291001110
123929322001910
019332291001110
011291111000000

16 19 44 board_16x19_44_46644_none
1991019229100000
1221012921211000
0000002220191111
0000001910111191
1110113220000111
2920193920000011
2921224941100129
1111924949211192
0001239943491111
2321193239921000
9991111029310000
9421000011100000
1100001110001110
0000001922112931
1100001292923991
9101110112129321
1101922210011100
0013349921000000
0019939491000000

18 19 60 board_18x19_60_46690_none
012929211910011111
019222911110019119
122101110000022211
291000111111019100
932000191292122100
291000111292191000
111000000122222100
000000122129329100
111000299339932100
192101399923492110
129212933211933910
022393222211292110
019229229921222222
011112394339339299
000001923932993322
000012224932349100
122349329921921100
939999393212220111
139432211001910191

19 18 70 board_19x18_70_46761_none
1292921394931019100
9312129394991011100
9321111334321111000
3929211199100192110
9221393244422334920
1100293929993993931
1101222233323932291
9201910192111110111
9302221233910000111
9522923939210000191
9992129942111101221
3533122391019112910
9292910111012229210
2312110001112932210
9222211002922921910
2399392003942212331
2932393102949212991
9210129101292292221

19 14 72 board_19x14_72_46838_none
1232119992922229210
1999333433139954921
1395992393129999592
0124969599235999693
1129399932299349592
2922349421133212932
9422922492019102391
9392222992011212921
2311192332000293110
9100112292222494221
1212111922992993991
1292911122444433221
9334210029399391000
1299100029323921000

19 8 32 board_19x8_32_46926_none
2921911110001921211
3942322910002239292
3949292110012921229
3953322110019210011
2992922910023310000
2322293222229921211
9311239119923449291
9911921112211992211

16 4 9 board_16x4_9_46961_none
1910122100191129
1110199100111192
1222232100000111
1992910000000000

11 8 24 board_11x8_24_46971_none
13931100129
93949211394
13249219499
12921234943
92111399339
33212994932
99292333291
22211191111

4 19 13 board_4x19_13_47003_none
9111
1119
1121
1910
2210
9210
2921
1291
0222
0191
0111
0111
0192
0239
1292
1932
2391
1921
1110

4 12 13 board_4x12_13_47020_none
0292
0292
1332
1993
2499
9222
1100
2210
9921
9339
2229
9111

6 8 8 board_6x8_8_47035_none
111019
191122
332191
991111
221000
001121
112929
192121

12 5 15 board_12x5_15_47044_none
921139200019
392299311011
939334392100
121293949211
000129392291

18 16 43 board_18x16_43_47064_none
001910000191000000
111110001221000111
920011101910011291
931139212321019211
922949329292111111
112942393229100019
012391294221100011
019222229910000000
122119112210000000
192112210000000000
239113920112111110
192119932392911910
111012229922111221
000011112222210191
110019100139931211
910011100199939100

19 19 79 board_19x19_79_47113_none
0001129211191000000
0112921392222111000
1292110292192292221
9433110111129323991
4993920000012393321
9944931000001949200
3493391000001249310
1922922221000194910
2221112991001239210
2921002931013931211
9491001221019942392
9423210192223499493
9329921129292393493
4954492121212922392
9999212911111123931
2493101111921229941
1221112223349294991
2920192993993323321
2920112393239119100

17 12 43 board_17x12_43_47205_none
93233912920019111
93999312920122229
12259412110191193
00039592000111129
11029493101110122
92132329223920191
12949334939920122
01299929932211129
11123333321001921
92000191192111110
92001332234910000
11001991199210000

12 5 9 board_12x5_9_47250_none
000111011111
000191029219
000111039322
110012239219
910019921111

11 4 8 board_11x4_8_47260_none
11111001291
92392002931
39492002920
29311001110

7 6 11 board_7x6_11_47271_none
0001910
1122332
2929299
9322443
9301992
9201239

4 12 10 board_4x12_10_47284_none
1100
9221
3929
9221
1211
0191
0111
1111
9229
1394
0299
0122

4 19 13 board_4x19_13_47296_none
9200
9200
1100
0111
2391
9932
2492
0292
1221
2931
2991
1221
0000
0122
0199
0233
0191
0111
0000

7 16 27 board_7x16_27_47311_none
9299993
1223499
1111222
9239322
1299499
0122393
0000111
2211221
9911993
9311399
1100122
0111000
0191011
1221019
1922232
1292991

11 8 12 board_11x8_12_47342_none
00011100000
00019211000
00122291111
00191222191
12221191222
92922221191
13392911221
01922111910

15 4 13 board_15x4_13_47355_none
292112210011100
949119921129211
292112239239429
111000029229921

19 10 33 board_19x10_33_47370_none
9101110019291000000
1101921111211000111
1111139200000122392
2910029201110199492
9210011101910134921
1112210001110029310
1139910000001139200
2939310012222932211
9433210019949239219
9392910013992129211

17 19 85 board_17x19_85_47406_none
19393939921292111
11393294339349339
22211112934969599
99222112494999499
33399219393232333
91299222322100293
33333119119100299
99291012332100122
22212112992110011
00013922955931129
00129931299993393
00195942344694992
00114949949593221
11002932399932100
91001121235549100
22011119239992211
91019223949632191
34221292139491222
99910111012921191

9 8 10 board_9x8_10_47504_none
111111199
192292233
113949119
113931111
192110000
111011100
000019100
000011100

8 6 8 board_8x6_8_47517_none
01921000
01291000
01221011
01910029
01233239
00199921

4 6 5 board_4x6_5_47526_none
9100
2210
2920
2920
2321
9291

4 10 5 board_4x10_5_47532_none
0000
0000
0011
0019
0011
1211
9291
2311
9211
1291

9 19 45 board_9x19_45_47538_none
013921110
019931921
136953391
299999333
299593299
244322344
199119299
122122433
001139392
111949329
912392233
233921199
199321122
133391011
129211129
194310293
239921493
922339392
110192211

17 8 23 board_17x8_23_47591_none
00199119119100000
11222122322100111
19211019293210191
11292111339910122
00129100194332239
11111100123939939
29100000019394321
92100000011229100

19 4 19 board_19x4_19_47616_none
9229921012211922221
2923491019923492992
1122921012229933493
0019210000013921939

18 12 31 board_18x12_31_47636_none
192910111001110191
113232391001910111
001929921001111110
001133310011102920
011229100019102931
029392100012333229
029311000001999211
012210000112399200
001910000191122100
113220000112121111
192910011102939229
112110019102932921

15 18 63 board_15x18_63_47671_none
112110001110011
293922123931239
293292939949299
111123249794443
001239239994991
112992293339443
292232322012399
933129292112942
393932424922931
939229293921129
232112322221011
191001921392111
123333229393392
019999222229492
023432392012921
129100293111110
932200223921111
129100192291191

11 19 53 board_11x19_53_47751_none
01921393910
01129393110
01121322011
02920192229
13943339292
93399943321
29236994910
11119999321
22112332393
99101110399
22101922399
00002493943
11223993291
29399322232
93495422929
39339992121
29229421111
22222201291
19119101921

8 16 18 board_8x16_18_47812_none
00000000
11100000
29310111
29910191
12210111
11100011
19101129
11101921
01111110
02931000
13991111
29422392
29311993
12911392
01110122
00000019

4 6 6 board_4x6_6_47831_none
9229
1292
0111
1111
9229
1292

6 8 6 board_6x8_6_47839_none
911392
111992
001221
000000
000000
000000
111110
911910

11 18 52 board_11x18_52_47846_none
99391192921
49433213249
92299423949
12359993931
01994433220
24432923920
99923394931
34392949592
91112139492
11000022311
00011119211
00019111292
00011111339
11100029594
29211129999
29219223443
12221393393
01910293999

15 19 60 board_15x19_60_47905_none
910001991129239
111112332293939
012911911922121
129211122321122
921100019291199
220001244421122
911123999910111
122929994321191
139434942192211
199493393339100
244492299394200
299322243499100
294911929222100
112111121100000
001110000000000
001921112110000
113392293921000
192923969491011
112112999311019

16 19 52 board_16x19_52_47970_none
1110122211001110
1911299391001910
2221949323211110
1922221119911110
1129111112323942
1222119101293999
9391011112922259
9532111019221129
2991192111119111
1233339100011111
0029931101110019
0029930001911121
0013920001111921
0002221110001129
1101911922211121
9201122229932921
9200019124992291
1100122229321111
0000191192100000

17 18 44 board_17x18_44_48027_none
01921191111000000
01291111191012332
00111000122119999
11211001139212332
29291001939311000
92211112121392011
11000191000292019
00111111001221011
11192100012910000
92129211129210000
92022492192100000
11019595321000000
00123999910000000
00193334320000011
11339211921000129
19393912391000192
12922122921000111
01110019210000000

19 5 25 board_19x5_25_48073_none
0123911921129129910
1399212391193239310
9395323942112921100
2339939994211111110
1922239599910001910

15 8 17 board_15x8_17_48101_none
910000000199100
110111000122100
110191000111000
920111011291111
931110019211292
933920011100292
394921110111111
293111910191000

10 16 43 board_10x16_43_48119_none
9929239200
2222949300
1111139311
1911243492
1222999392
1394342322
2994932291
9694399321
9492396931
3432394939
9939313231
2239312920
0024933931
0029959491
0029949311
0012221100

8 19 36 board_8x19_36_48175_none
11001999
92112232
92293111
22399329
29449932
29933492
12229229
00011111
22100122
99211399
99219393
22112321
11001910
92222110
12992110
12222921
93211129
29921122
12229119

4 16 10 board_4x16_10_48214_none
1110
1921
2392
1949
1292
0111
0000
0111
1291
9211
1100
1100
9100
1211
0292
0292

5 5 6 board_5x5_6_48225_none
93920
13942
01299
11122
91000

12 10 26 board_12x10_26_48232_none
123910011119
199320019222
123922121291
012494931222
019394949329
023433239392
129939111322
933492100191
239321011211
193910019100

14 12 40 board_14x12_40_48259_none
00199219339399
00249334995943
11192299599229
92232234932111
23939119210000
92294332200000
11129939101110
00023492212921
00019211193492
00122100112993
12492111002492
19992191001921

19 19 49 board_19x19_49_48309_none
0001110000000000111
0112910000000012391
0193220111012229921
0112910191129933421
0012210122293229291
0019100019222111211
0011211012239311221
0000192212939911991
0000129292133322432
1110011323129119291
1910122293942211211
1110199323939210000
0111235921123931100
0191193920013939100
1211112111129221100
9101121101921100000
1101939201221000111
0001139200292000191
0000011100292000111

19 12 55 board_19x12_55_48364_none
9391012321129210292
2932119992294910292
2249322339349310111
2949921112939212210
9239449202342119921
1111299301992122239
0001359322333911249
0001993929119211993
0002332133322211393
0001921229933910239
0001139394499331293
0000029329223929229

16 5 16 board_16x5_16_48429_none
0019111101129321
0022219112922991
0139222219321232
0199219224931019
0122111293991011

10 6 11 board_10x6_11_48446_none
1100293100
9200299100
9200133211
1211019129
0191123239
0111192921

4 19 13 board_4x19_13_48461_none
1119
9222
1392
0393
0292
1211
9100
1100
1100
9100
1100
0011
0019
0011
0000
0011
2339
9992
9421

4 19 11 board_4x19_11_48476_none
0000
1110
1910
1110
0011
1119
9111
1100
2210
9931
3991
2331
1910
1232
0199
0122
0000
1100
9100

6 12 19 board_6x12_19_48488_none
192100
129210
122921
922391
239211
932321
922992
223992
923953
129399
122233
191019

8 8 15 board_8x8_15_48511_none
19910111
12321191
12291222
93921192
93111239
12223931
01995930
01394920

9 6 12 board_9x6_12_48528_none
000001991
000012321
000019332
000012999
123222594
199929392

15 5 13 board_15x5_13_48541_none
999210129100019
233921294211222
001392299119291
000292122111211
000111000000000

18 10 46 board_18x10_46_48555_none
393100002939222229
999100113931299293
393100192121344339
122100122229299229
239212129293339322
992394922339122392
344499432922229229
299943992111921222
396921332012321191
293110191019291111

19 19 51 board_19x19_51_48612_none
1922932222291019210
1129399299322012910
0122222333292111110
0191000192233910000
0111011212929210011
0000029201121101139
0000029200000002949
0000011100000002931
1100011100000002231
9200019100001222929
9201232100001993121
1101991000113492000
1212221001292932011
9291000001933393129
1211011101291293921
0011229100111123210
0019292100001129100
0133311000012922210
0199100000019211910

19 19 53 board_19x19_53_48669_none
0011100000000112129
0019100000111192921
0022200000192212110
0019210000129211000
1123920001121291000
1912920001910122100
2211221002220029200
9211291002921249311
9219211002932992291
2211211002393432111
9100192112949292110
1100123923932322910
0000019339211911121
0000011292112210019
1110001221029421011
1910001910139991000
1110001110295943110
0012321000294393910
0019991000112939210

18 18 65 board_18x18_65_48729_none
000111199100001921
111292233201122391
911939129202939211
111243239313942100
000199129219391000
001343111111211011
122992121211011119
929433939391139222
122494393932199219
112994923492122111
192349222993000000
223292129592000000
393921029322100000
995210011119321011
399210000012991029
124920001112331029
003930001923920133
002920001129920199

11 6 12 board_11x6_12_48799_none
11011119210
92139212910
92199312110
22122292110
92110123910
12910019210

10 5 7 board_10x5_7_48814_none
1221191000
1992123210
1392019921
0111012391
0000000111

6 5 6 board_6x5_6_48823_none
993931
223991
012321
019100
011100

4 14 11 board_4x14_11_48831_none
1100
9211
2391
9211
2311
9392
3949
2931
1110
0000
0111
0192
0139
0029

4 19 12 board_4x19_12_48844_none
0000
1111
9229
9439
9492
2921
2210
9100
1100
0000
0000
0111
0192
0139
0029
0011
1110
1910
1110

10 14 38 board_10x14_38_48860_none
0019101110
1122201910
9119212110
1122393221
0019339929
0123933343
0194491199
1249932122
2949593221
3953594993
4959959499
9949992222
4443421111
9929100191

17 4 10 board_17x4_10_48904_none
00019100111000199
00011100191000149
11211111111000139
19291191000000192

18 4 16 board_18x4_16_48916_none
299211921111393221
944911129119494991
129321011111394342
011291000000112929

19 8 41 board_19x8_41_48934_none
1119910129212110191
9333311293493922321
9939313932996339910
2239493933599933421
0023922129944239391
0019221112392249532
0133229311222994991
0199129911911239321

19 10 47 board_19x10_47_48987_none
2942119911929210129
3999123311134920192
2994239211129931222
2333939219129559219
9119221122212999311
3433211129101249311
9992933921100022392
2322299221211019449
0000234339292122992
0000192992212911221

16 19 53 board_16x19_53_49044_none
0000191122119100
1110111199111100
2920011222100000
2920129211123210
1221194493399910
0191239939945320
1211294222393920
9100293121213931
2200234929102392
9200199233422939
9211222119992121
1129200013942000
0149300112292110
0199201291112921
0122101921001129
0000112110001121
0001291122101910
2211921199112210
9911110122119100

8 10 14 board_8x10_14_49106_none
00001910
00002220
11102931
19212991
23922232
19391019
33311011
99310000
99910000
23210000

7 8 8 board_7x8_8_49122_none
1100000
9100000
1212110
0293910
0293221
1211191
9112321
1119910

4 4 4 board_4x4_4_49131_none
1100
9322
9399
1222

7 16 15 board_7x16_15_49136_none
0019391
0023932
0019229
0011111
0122100
0299222
0395399
0293932
0112110
0001110
0001921
0001291
0011211
0019100
0011100
0000000

8 18 20 board_8x18_20_49152_none
01121119
12929222
93121292
92000239
22100192
29100111
92100011
12221019
02991011
03942110
02921910
01111110
00000000
00000011
01110139
01910199
01110122
00000000

12 19 61 board_12x19_61_49173_none
019211299592
011292399993
111249323459
922939322299
239443399239
293993933332
933339321991
239224932232
193494991019
112993221022
012322111139
129112934949
292119499931
921013943210
220002932321
910001249991
220111199421
921393222100
129399100000

15 16 58 board_15x16_58_49242_none
294921019921910
299591024921110
139921129320122
123210193910199
191111224221249
112392294921932
001993394921292
112349213231339
292293212929292
392292192121222
943211111000019
399310000011222
949931111029491
124993292239921
003993939293221
002932121211019

17 12 35 board_17x12_35_49318_none
00000122119222119
00000199111299111
00000233100122100
11211191000000000
19291111111000000
11211111192112210
01221292129119910
01991292022323221
12232334229391019
92119399922921022
49324954322110019
99393991191000011

19 4 21 board_19x4_21_49355_none
2910019922234993110
9432112392999994931
9599100112234933991
9493100000001111221

19 5 24 board_19x5_24_49377_none
9229101222121101921
2493212992939211291
9493292345493910222
2949421299922111291
1139910294210001921

18 8 30 board_18x8_30_49411_none
122999100011299100
939454200019234421
932399101121119992
111932101911122339
001111111222910122
221002931192110191
992112992234210111
222911392199910000

10 19 47 board_10x19_47_49447_none
9100299211
1100293392
1111322293
9119493349
1223993992
1292223442
9321012991
2910129553
1111294999
1222939343
1992244339
1221199949
1100123239
9100000011
2212222210
9219929910
9213443332
2201991199
9101221139

5 14 13 board_5x14_13_49500_none
91199
11249
00192
01221
01921
01139
11129
19111
11100
22100
99211
22291
11211
19100

4 12 8 board_4x12_8_49516_none
1121
2949
3959
9392
1222
1119
9111
1100
0000
0000
0000
0000

4 4 4 board_4x4_4_49528_none
0111
0292
2492
9921

7 6 9 board_7x6_9_49533_none
0122111
1299219
1959222
2392119
1922121
1111910

12 16 35 board_12x16_35_49543_none
000012910000
232119221100
999111229100
232111292211
111129332291
932922929211
939212231100
121112910111
011129310191
239239200111
992292100000
931111111111
121100192392
019211344992
012911999421
001111399200

16 19 80 board_16x19_80_49582_none
0013991019293321
1239952022439991
1995992129495532
1223955932999292
0001299932333449
0001233239202992
1111911139323942
3921122933939229
9920019494393332
3310011394944991
9211101234939931
9329112929222210
1294329332100000
1239931292221011
2933932322991129
2922249923342292
2211939592939211
9213343922293200
9219929210129100

19 12 32 board_19x12_32_49673_none
0000199100000011100
0111233100000019221
0191191111000012929
0222112291123211121
0191001921299931100
0111001110295949211
1221000000112139229
1992011100000011129
1392029200000000022
1232129211101110019
2939223229101910011
2931292921101110000

19 8 27 board_19x8_27_49708_none
0000000000292111111
0001110011493193391
0001922229392129921
1101129932311012210
9111112229332100011
1229100135999101249
0192111399942101999
0111019394210001232

19 6 25 board_19x6_25_49737_none
1211112922110111111
9292292292910191293
2312932212121322399
9101129212139391293
2200123392949532111
9100192922293991000

16 4 16 board_16x4_16_49764_none
9101223921922929
2312994921129221
9292393122232311
1211111019929291

12 8 14 board_12x8_14_49787_none
011101910000
019212110000
011291000000
000234210000
110199921000
910234492111
110191394392
000111299392

7 18 29 board_7x18_29_49802_none
1293931
9224991
1119321
0022200
0019210
1234920
3993931
9932393
3320299
1910133
1110019
0001243
0001999
1102493
9212931
3922931
3921129
9210011

4 16 9 board_4x16_9_49841_none
0000
0000
0111
0191
0111
0000
0122
0199
0139
1111
9100
2200
9210
3921
9229
1111

6 6 9 board_6x6_9_49852_none
222939
994392
399211
122100
112110
192910

7 5 9 board_7x5_9_49864_none
3920029
9920029
3322221
9229910
2922210

15 10 22 board_15x10_22_49874_none
000112921100191
000192129100111
001221023310111
112910019921291
192110013339432
122101111933991
239102921129321
993212920011100
222922121100000
001291019100000

16 12 33 board_16x12_33_49900_none
0122291191012229
0199322122239932
1232292119299591
1921339112349421
2229292213932921
9112432194921129
1101991129210011
1122321011100000
1929100000001110
2231100000001921
2910000000002391
9210000000001921

19 19 79 board_19x19_79_49940_none
9201299991000000129
9302969521000111192
9313949200011291111
9219221211019322111
2221100192123491191
1921000139219933221
1292111139224593910
0112923953219949332
0001129999323392299
2211134669592122233
9922929995992019119
9492235999322122232
1211194953201911939
0011229229101111249
0019111122311000193
0011100019292111349
0000000122213922992
0122100191002922942
0199100111001111129

17 10 35 board_17x10_35_50032_none
99211110000192249
23922911121212999
01293211929112332
00139322332119100
01139929291011211
01922221211000191
02221221000011333
13921991011119299
94932332119223349
93129119111292921

9 5 6 board_9x5_6_50071_none
291000111
921111191
221191111
291111000
921000000

4 18 18 board_4x18_18_50078_none
1910
2210
9211
9229
1129
1222
9291
2321
1921
2391
9211
2311
9392
1493
0393
1494
1999
1232

4 19 13 board_4x19_13_50100_none
1211
9291
1211
1100
9200
9200
1111
1129
9139
1129
0011
0000
0011
1119
9211
9200
2210
1921
1291

6 16 14 board_6x16_14_50115_none
921111
293391
129921
012221
111019
191011
221000
910011
221019
191011
111000
000011
121119
929111
232100
191000

9 10 22 board_9x10_22_50131_none
012210011
129910019
194331111
223939200
394259300
993939311
334342292
294991129
299531022
139910019

16 4 9 board_16x4_9_50154_none
0002921910019210
0124921110012910
0199221111101110
0122119119100000

17 5 11 board_17x5_11_50165_none
19111100000000292
11119100001111392
00023310001922921
00029910001129320
00029310000012910

19 18 82 board_19x18_82_50177_none
1921001221000019210
3491001992000012921
9922222494111111292
2211992394911910129
0013432939321110122
1229911122921001392
9394320013594211993
9423921129999923694
2912921923459339999
1112332111922239543
1101992222112931392
9322222991014930293
2992112433239920129
1249219292993332111
0029322212221199221
1121291012221346949
2910112129939299959
9210001923931224931

16 18 41 board_16x18_41_50274_none
1100111000000000
9111291123210000
2329211199921111
9292100123391191
1222101110111111
0019101910000111
0011212110011392
2210191000129392
9921111000192211
2391111000111000
0222191000122100
0192332000199310
0112992011239910
0123493129223210
1299323921291000
1932292110111011
1121212111221019
0019101911991011

10 8 21 board_10x8_21_50322_none
0000029200
1212249321
9392993949
2922222399
1110112494
0000295992
0111299941
0191139920

5 4 3 board_5x4_3_50348_none
02920
02931
01291
00111

4 8 6 board_4x8_6_50352_none
0029
0139
0192
0111
0011
2229
9921
2210

7 19 19 board_7x19_19_50360_none
0112129
0192921
1222110
2931100
2939222
1122399
0001932
0112110
0191000
0111000
0001110
0001910
0012210
0029311
1149491
1949411
1249200
0293100
0292000

9 19 25 board_9x19_25_50382_none
929211000
132391011
129211019
921100011
343221100
999929100
344232200
191019100
111012210
000113920
011293920
019322110
012910000
001221000
111191000
191222011
111192129
000224931
000193920

10 18 31 board_10x18_31_50411_none
1933210011
1299910019
0245311121
0199101921
0233101129
0191011111
0111019100
0001121100
0001911110
1102221910
9212911232
2493110299
1992000293
2321001221
9221101910
2929223221
1133499229
0019932292

11 16 38 board_11x16_38_50448_none
13920011119
29921129111
93211932211
11001129119
00000011111
12221211000
29939392000
39492393100
92211129222
22101232399
19113992393
11229949322
12294332391
92933911943
13392112399
01921001932

17 6 22 board_17x6_22_50491_none
00199929911929119
00134333422132322
11019119292119291
91011111239211222
22101221029211229
19101991011119292

19 8 37 board_19x8_37_50520_none
9392112939129312129
3932923942339492921
2921292129395922221
1110233112599332291
1110199102993399322
2910123212931399219
9210001911221293233
1100001110191111199

15 19 41 board_15x19_41_50563_none
910191000000111
221122100000192
291129100001349
921293101111992
110292112911221
122211193332100
199100129299100
232111111222211
910019210000191
110012911110111
000001111910000
000011101110111
000129100000191
000192111100111
110111019332100
910000012999200
121101111399300
129211932239211
193911299111119

14 19 36 board_14x19_36_50608_none
11100011100191
29200029200111
49312239311000
99219921291000
22223210112121
11191000112929
91111000192121
11001110233100
00001921299100
00001239222100
12210293100000
29932392000000
39499211000011
92222100011119
22111000029211
91191000039300
11111011129211
00000129111119
00000192100011

6 10 14 board_6x10_14_50646_none
111910
911110
220000
922210
239942
935999
129942
123210
291111
921191

4 5 3 board_4x5_3_50665_none
0111
1392
9392
1211
0000

4 4 3 board_4x4_3_50670_none
1211
9391
9311
1100

6 10 16 board_6x10_16_50674_none
994339
499993
943339
920022
220019
910133
110199
001249
001921
001110

7 12 20 board_7x12_20_50691_none
1921100
2229100
9111111
2323229
9399931
9436930
2494920
9393110
2321000
3942100
9999111
2332119

11 19 29 board_11x19_29_50718_none
01921000029
12392110039
19213943239
11213999932
00192344492
00111191292
00122211111
00299100000
00293100000
00122100000
00019100000
00011100000
11100000011
19210000139
12911121299
01111939322
00001139310
01110012910
01910001110

16 18 68 board_16x18_68_50750_none
0111123949329229
1392199499944593
1993244594399992
1222929922233321
0001122222911110
0000111019211921
0000191011101139
1100111111000029
9100001292221122
1212122933992191
1393939695592111
1993249999931111
1233393334942291
1239931001299211
1995921110122100
1349432921112221
1293992393292992
1922221293922239

18 14 66 board_18x14_66_50826_none
110011112210293211
910029439910299392
220029995431234939
921112494991192121
139200129431112221
029211123910012992
123239329210019349
293949921101121249
494293221112910199
993112249339310233
493001999959311291
494111249994911921
995942113994222220
394999101222911910

18 12 54 board_18x12_54_50902_none
001232100191112910
111999212332294220
922233494991293910
292101994943322110
359311234339931111
999921129934949119
244329129493393211
139321111212949100
199921111001293210
345492291111123910
993949323392139310
223931292992199200

19 8 27 board_19x8_27_50964_none
0011119113949910011
0129111119994320019
0193200134422921111
1239211199101239210
2942291122212295920
2991111000193939931
1221000000129222391
0000000000011100111

18 4 16 board_18x4_16_50993_none
921119101221000191
129111213992001221
122101395992113920
191001994931193920

15 10 36 board_15x10_36_51013_none
191000000111199
111111000191149
232392011212249
999593019113994
359493112229999
932229101922332
392022312110000
392019292232100
932233322999211
921992911232291

11 16 27 board_11x16_27_51061_none
00000013931
00111019939
00191013331
00111112910
11000192110
92101221122
39101910199
92101110122
12110000011
01911110019
02222932221
02922959910
13921299420
19211234920
11101912920
00001111110

7 19 28 board_7x19_28_51091_none
2210011
9910019
4531011
9991000
2432000
0192110
2433910
9993210
9539100
9211111
1100019
0000011
2210000
9931122
3992299
2459339
9299222
1333119
0191011

4 16 19 board_4x16_19_51123_none
9291
1322
0292
0393
1393
2949
9493
1392
1221
1921
1392
2493
9949
2239
1222
9291

4 6 3 board_4x6_3_51144_none
0000
0000
0000
0122
1299
9222

7 4 7 board_7x4_7_51148_none
9219910
9433310
9929100
2221100

8 5 10 board_8x5_10_51156_none
00294910
11299310
91149300
12149410
01939910

11 10 24 board_11x10_24_51169_none
01992939399
01333249322
00191193200
00111129210
11100013931
19101124991
33201929931
99113343321
22229929119
00193221111

12 12 26 board_12x12_26_51195_none
129111100199
292119100122
942111211111
939210192392
122910129392
013320022311
019911129111
012211932219
000001239111
121100193200
929210239111
122910192119

15 16 32 board_15x16_32_51225_none
000000001110000
000000001910000
011100012210011
019100129100019
011100192100011
000000233100000
000111199222100
111191233399211
193321192393291
239911239333211
923322932399100
111912922942100
001112222920000
011112912220111
129129311910191
192129201110111

18 19 71 board_18x19_71_51262_none
000001993210001910
001111239921101221
001910013349200292
001221001959300293
000191001299200239
000122112333322293
011119119912993949
129122212212945952
932229211102249939
239239219322939321
932292123992122210
392111029421012910
394210039300129221
939910139200294239
123320295310293939
001910299910113342
001221123221102991
110293212129102942
910299292921101291

19 10 28 board_19x10_28_51344_none
0011100000000000000
0019100000000001110
2221100000000112910
9932111100111193221
2399229100191139329
0133393211332029921
0019213933992133310
0022202939943929111
0129101122229221129
0192100000011100029

16 4 13 board_16x4_13_51376_none
1291001999112910
1932112393119321
1292291122111291
0129211019100111

11 6 17 board_11x6_17_51391_none
99221399200
23929399211
01121222129
12110000139
92922210294
12129910299

4 19 18 board_4x19_18_51411_none
0299
0299
0139
0011
0111
0192
0129
1111
9100
1111
1119
9322
9391
1322
1393
1999
1393
0222
0191

4 16 14 board_4x16_14_51434_none
0019
1111
9211
1291
0122
0019
2221
9921
2391
0222
0191
1221
2931
3992
2959
1292

10 4 10 board_10x4_10_51452_none
0111019211
1392022391
1993139322
1392199219

11 4 11 board_11x4_11_51464_none
01291292122
01921293399
12210223994
19100192392

12 4 13 board_12x4_13_51477_none
129101294931
293212939939
293292122343
112921000199

19 16 53 board_19x16_53_51496_none
9221119101110000000
3929222101910011211
9331291001232119291
2910223110199111211
1110192910234211110
0000224220193922920
1110193920124922920
1922323931019322221
2239922291022492292
2932493221129392393
3931393921293443392
9329212129223999211
9211100011119332100
2200111000011100000
9200192110000001121
9200112910000001929

19 18 71 board_19x18_71_51557_none
9219910192910001921
9423210124331113339
9492000019949119931
2493110024992124931
1923920019442129491
1112931123929249521
0013339119222939910
2239932212211122221
9939329101921211019
4442211101129291122
9929100122111211192
2222221399111222339
0112929393119299393
0192122332112332392
0122101929101910122
0139202242201111129
0199201929100112932
0122101121100192129

19 19 97 board_19x19_97_51634_none
1992192211112129239
2594239392393922399
9393933922994111932
1223239433493101110
1139239499349311000
2949239433499592211
2942229219499959391
1239221112944499411
0193910001291299211
1222111111222232229
2931112923922921293
4969329394922921939
9999932349322211121
2455492299219223332
1299339233211299999
9433292229100139993
9391122292100012321
1323129211112122210
0192921100192929910

15 10 22 board_15x10_22_51750_none
000199212111929
110122292912353
910000113221999
221001111911249
191123911110011
122299210000000
129222100111111
921100000191191
220000000222111
910000000191000

8 4 8 board_8x4_8_51773_none
19292221
11213991
11114941
19119920

5 8 6 board_5x8_6_51782_none
00000
11100
19100
33200
99210
24931
02991
01221

4 18 17 board_4x18_17_51789_none
1110
2920
2920
1121
1139
1959
2399
9222
1100
1221
2992
2992
1221
0111
1292
9339
3921
9210

8 16 18 board_8x16_18_51812_none
91122100
11199100
00123321
00001991
00112221
01291111
01921292
01121392
00019211
00022200
00129211
00192292
00111129
11111111
19239200
11299200

10 12 18 board_10x12_18_51834_none
1911139310
1111939921
1111122229
1910000011
1110122100
0111199200
0191139200
1322011100
9292110000
1212921000
0112392111
0191292191

15 5 19 board_15x5_19_51853_none
992000001111921
992000001912391
344211111111932
199923920123239
139493920199129

18 4 15 board_18x4_15_51875_none
910000001922933321
220000001394499991
921211111293994321
129291191112221000

19 10 28 board_19x10_28_51895_none
9100029200112110019
1100029211292922221
0000011239312129910
0000000199321112210
2210111134929100000
9910191019233310000
9310122123339921000
1100019229939491000
1110011293232311000
1910000111019100000

19 16 73 board_19x16_73_51927_none
1100000112910000111
9311001293332110192
9392101944993911239
2339213499493111921
9249319953311001110
2949325949210122100
1139229942921299321
0012239932291396992
1223933492222399492
1993932939129322322
2323239232229212391
9212933229111239921
1292393921211199421
1222393122392333393
9119211029939291299
1111100029321211139

15 19 48 board_15x19_48_52010_none
019111129910000
132219139410011
929221129310019
243911122910011
929322911121211
132392221129291
019322191293222
121291111294229
921212111349921
129101911993210
011213222342100
110293922929100
921393292121100
129211122111100
022201129229210
019101933923920
022201292223920
019100111192110
011100000111000

11 14 23 board_11x14_23_52064_none
01110000000
01910000011
01111221129
00013992192
11119992222
29112332291
92212129211
22292921211
19212110293
11100000299
00111000149
22291000029
99211000011
22100000000

10 12 21 board_10x12_21_52089_none
1991001999
1233211232
0019922210
0012229921
1221023492
1992019339
1392011292
0111000111
0122100000
0199210000
0123911221
0001111991

5 4 5 board_5x4_5_52114_none
91019
11022
12129
92921

4 12 12 board_4x12_12_52120_none
0000
0000
0122
1299
9233
1119
1222
9492
3993
9492
2432
1991

7 18 32 board_7x18_32_52135_none
9119100
1222100
1291000
9211000
3310000
9910111
3442392
1999493
1232392
1233432
1999992
2444449
9291192
1212343
1223999
9399493
3943432
2921991

10 19 34 board_10x19_34_52172_none
2920000019
2931000022
1291111019
0222191011
0191111000
0111001121
0000001949
1121113599
1939119993
1393112321
0292000000
2321001121
9910124939
2211299931
0112949321
0192232119
0112291011
1212932100
9292129100

11 19 31 board_11x19_31_52213_none
00199211191
00122392111
00112493000
11192992000
91223221111
23291000191
92932011211
23391019111
19222111119
11119212232
00011292992
11211112249
29391000029
29311000011
11100001110
00000112921
00001292291
11101921111
19101110000

16 12 40 board_16x12_40_52247_none
1292921211011100
1934239291019100
2392922433122221
2922112994921929
9221113995942221
1119339434939100
1122994393231100
1912499212932211
2211932102399291
9201222111932211
9311192911111110
1291112110001910

19 4 16 board_19x4_16_52290_none
2999100192100011291
2993100129211029311
2321011112392149300
9100019101922939200

19 4 13 board_19x4_13_52310_none
1939322291019119100
1139399212121222222
0011222101910292199
0000000001110292122

17 12 49 board_17x12_49_52324_none
29229100029200000
95942101139200000
49992101932100000
99559311292100000
23939931339100000
13233949293322211
92922292339299292
13393322293332229
23939911922910011
99444332212221221
34993939211922991
19323932911129321

15 16 62 board_15x16_62_52379_none
000292199992011
011494244693129
019394939393393
122229392212992
192122321013431
123922921129910
029693129129321
029994222111119
244599392001232
999222392012992
494101232119492
294322929222322
239993242492292
193433929394593
222192121339992
191111000193321

10 19 29 board_10x19_29_52451_none
1122910000
1929320000
1133910000
1119210000
9122200111
2229100191
2921100111
9321001110
1393111921
1494922291
1995391111
1399321000
1223911110
9101122910
2210019331
1910012929
1110012221
0000019210
0000012910

5 12 15 board_5x12_15_52484_none
11000
92000
92000
11011
12339
29992
94421
39310
39921
93339
23392
19921

4 4 3 board_4x4_3_52502_none
1292
9229
1111
0000

6 6 6 board_6x6_6_52506_none
191111
111191
001221
112910
193331
112991

14 19 45 board_14x19_45_52514_none
01929100000000
23221100112121
99100000192929
33100000112232
92111100112392
29119100192992
22111100124442
91001110019929
11001921123221
00001293391000
00001239931000
11113933942100
19119921299100
12222221222100
13920139200000
19920199200111
12210134432392
00111129999492
00191193333921

17 19 46 board_17x19_46_52562_none
19211199321191000
33493233991112110
99394911221001910
93239321100012221
22129219100019119
19221111211011111
12932100191123321
12299112321299991
91123229910299421
12111923320122100
01911111910000111
01110001110000191
00000000000011211
01110001110019210
12910001911122921
92110001111922391
12110011101129211
01910019100011100
01110011100000000

19 14 65 board_19x14_65_52611_none
1999393111291000191
1343495921921122211
0192395931110199310
0129335921221139921
1122399312992012229
9229239313992000022
2393232494331111019
2932929494932291122
3942121496499222292
3991000399944349439
9421000295492999492
9200000129223459311
1100000123229294310
0000000192921229910

18 4 9 board_18x4_9_52682_none
000111000000029910
000292122100029310
000292199101122210
000111122101911910

10 14 35 board_10x14_35_52693_none
0029321100
0039929210
1129322910
9322101221
9492001392
1392013993
0111129959
1121395493
1929399239
1132322139
2229100039
9932200029
3349310133
1939910199

7 19 19 board_7x19_19_52729_none
1992000
1392111
0111191
0000222
0000191
0000233
0000199
1221139
1991011
2342111
1929119
2221122
9100019
1100011
0000111
0111191
0191111
0222011
0191019

4 12 12 board_4x12_12_52753_none
1932
1399
0299
0122
0011
0019
1111
9100
2200
9311
9492
9329

6 5 4 board_6x5_4_52766_none
000011
000019
012332
019991
012321

10 5 10 board_10x5_10_52771_none
0012211110
1139923920
1939494930
1243313920
0199101110

16 14 47 board_16x14_47_52784_none
1129229210001910
1922934920002220
1111129920001910
0001123321222110
0012923922991111
1129239932931191
1933239932211232
1292933329212929
0123229111292243
0029211101221299
0029200001910299
2333210001111249
9992910012322943
9422110019992299

19 19 53 board_19x19_53_52837_none
2920000029200000000
2920112139200011100
1110294932100019100
1100299593111121111
9101249493911922129
2212931213221292921
1912920001932223221
1111110001299119119
0000000011223232211
1110001139201949311
1910001939202399391
2210001121101932211
9100001110112111110
1100001921192112920
1110001291112912931
1921222211001122392
1239299100011119229
0192222100019122211
0111000000011119100

19 16 81 board_19x16_81_52900_none
1232101110019101110
1999101921223211910
2594113349593922210
9392019939994349210
1211013343534994932
0000013939394993399
0112239942494331294
0294994239323910129
0299493259439531122
0122212999939992191
1100112233222493232
9100292111012333939
1211294392139939239
0293239923969943321
1399239422999439921
1933922911233922391

15 5 10 board_15x5_10_52991_none
939100000000000
932210000000000
221910011100011
911121129200129
110019129200192

7 10 17 board_7x10_17_53002_none
0000029
1222149
1993949
2434942
9292393
2321299
2921122
9391000
2312110
9101910

6 12 15 board_6x12_15_53022_none
292000
292000
111011
000019
111011
192232
234999
929942
233210
292011
393129
292192

4 19 16 board_4x19_16_53039_none
1129
1921
1110
2210
9910
2210
0011
0019
0022
0129
0192
0111
1121
3949
9959
2239
1121
2921
9229

9 8 10 board_9x8_10_53061_none
001992910
001222110
000111000
001292100
112949221
912932929
111111121
000000000

15 4 15 board_15x4_15_53073_none
949922211910199
993229912220133
931123322910019
110191192110011

19 14 40 board_19x14_40_53090_none
1911110000199911392
1122910011223211993
1229210019100001393
9292100011100001239
2321000000000001921
1921100001121101232
1129100001929100199
0011211002231111222
1100192111910019111
9100112911221011229
1101112231292111393
0001912939239219393
0001112942239211229
0000001291192100011

18 19 86 board_18x19_86_53133_none
000000191000129100
000011222100192100
110019239212322221
921112949219921993
239223392124921399
293399211019431233
943932101234992291
992121212995944942
331029392399494991
921039522234944931
291139922913949210
223294329224952211
192939123439992191
334342119995592233
992991012493922299
343332111323111932
929339119292111221
244992112333910292
199321001929210292

15 14 44 board_15x14_44_53232_none
191001910192929
112111110223121
001921222392000
001239499392011
000193995311019
000113499222111
000001932299111
001111110122239
113921110111199
193932910192222
113359421139310
111999491039921
921249422039592
920011291029329

8 4 6 board_8x4_6_53286_none
01221000
01992100
12239222
91011299

4 8 7 board_4x8_7_53293_none
0000
1221
1992
1393
0129
1111
9310
9910

6 19 28 board_6x19_28_53302_none
129910
933431
921992
112359
001939
002231
234920
999920
943210
110011
221129
992293
239339
122293
191129
112121
001921
123391
199211

9 18 38 board_9x18_38_53334_none
001921111
001129229
000012932
111112291
294492111
499993110
994444910
343299310
199249532
122129999
000012443
001221191
002991111
002942100
012349211
249399329
999422292
399200111

11 14 28 board_11x14_28_53374_none
11211012221
19292239929
11212993221
01111221011
01910011119
01222239111
01393994421
01993239991
01221124431
00000192932
00001233399
11101939333
19212139219
11291011111

16 6 17 board_16x6_17_53411_none
1291011111100019
9211019129311011
2211121139491011
1922932129311139
1139499111100199
0029322100000122

18 4 18 board_18x4_18_53429_none
999111100019392191
243339200022593122
129299411019392129
192239391011211192

19 10 28 board_19x10_28_53453_none
0000000112121100000
0000122292929100000
0000199212243312232
1100122100199292999
9100000011222323232
2201110019211191000
9312911132392211000
9392111929239201110
1211013331129201932
0000019910011101299

15 19 75 board_15x19_75_53484_none
001939392001921
001293492001291
222233921111111
992929221292221
344332119333991
199394223939321
123499913941100
001955323920111
112299229332291
293333293399311
499391112959310
999322212395920
394339493394931
222994994922129
912493394221222
122943229339391
019399112995931
011233201395952
000019100113999

11 18 42 board_11x18_42_53572_none
02931299332
14959334999
93994913963
12393223939
00222193231
00192212921
11229101129
19222100011
11293210000
22349910000
99299420111
22235920293
00029920299
00039410122
00029200111
11011111292
92110019229
12910011111

4 5 5 board_4x5_5_53619_none
0011
0139
1299
2932
9210

5 10 7 board_5x10_7_53625_none
19291
12321
01921
01129
12221
19910
12210
00000
11100
19100

12 19 59 board_12x19_59_53634_none
991293291000
222499211111
002993211192
113932292229
193232949211
223929239200
192232112321
123391001991
139942223332
959939399119
959431394211
293910139200
124432139211
029993931119
039524941022
139213993239
192119449949
222122923492
911911111921

16 16 37 board_16x16_37_53701_none
1110000000019291
2911110000011222
9311910112110019
9202220192911121
1102920113221910
0002920112911110
0001121292221000
0000019432191011
0000012992221139
0000002332910199
0011101912331133
1229211122991029
9393910019431029
2933210123910011
1139200192110000
0029200111000000

19 8 32 board_19x8_32_53740_none
1291000112129292910
2931000293922333321
2920000293111939491
1222110122101139953
1393910019100013999
1993122343211102342
2321019999119212921
9100012493111292291

18 5 16 board_18x5_16_53777_none
012322111921292991
019993911239212221
013459321292100000
001949219211111000
001292111100191000

15 12 31 board_15x12_31_53796_none
000011291019949
012229211013992
029921100001221
139310000012210
931100001129910
921122211933310
111939911139200
001394321029311
111293291012391
191129332101932
111012929101292
000001121100129

12 16 49 board_12x16_49_53834_none
019111119291
012229111211
233921212121
999431292939
249929323139
123221393132
191112394939
221192934942
931112292129
993101221011
399213931000
122394991000
000395321111
122499222291
299596499311
294999949200

9 19 42 board_9x19_42_53898_none
011100000
029322100
249499100
994942100
944931100
359549100
999993111
359592019
192211022
221000019
931000011
992111232
234921999
019921399
012210139
111111022
191192239
232212994
929101399

4 10 8 board_4x10_8_53944_none
0000
0111
0192
1349
1993
1393
0239
0192
1221
1910

5 4 4 board_5x4_4_53953_none
19119
22211
29100
92100

11 12 29 board_11x12_29_53958_none
00011100293
00029311299
11129392222
19111239211
22100029329
92100012943
29100001299
11101232222
00123999321
00199433991
12459322432
19993929291

15 18 68 board_15x18_68_53991_none
291019399100000
922122594111211
111911994239391
012211393994932
019210223393239
122921191123393
932291122119939
991112129223332
332111932493291
911911239394931
222110192214930
192121222102942
233939119112399
939394443329239
292229999293221
112234953435920
002993239299920
002932921239310

19 14 48 board_19x14_48_54066_none
1911121292110000000
1122949312910000011
0019399212210111019
1122333219100192222
9119119112322239391
1111111101993933931
1110000001223923930
1910011100012212920
2220029311019113431
1921239392111119991
2229292229111112432
9212321022229322291
9201922129129499322
1101292921111393291

18 5 21 board_18x5_21_54118_none
013942239922910000
129999299492110011
194553223322110019
112992102921921122
001239102921291191

15 4 9 board_15x4_9_54144_none
933910129210000
299221293921100
122119212129100
000011100011100

14 5 9 board_14x5_9_54154_none
19111119211011
11119112391029
01122211921029
01911911110011
01111110000000

11 8 16 board_11x8_16_54165_none
19921100000
12339321000
22293991000
99334322110
33299102920
91122213920
22111292110
19119211000

6 18 26 board_6x18_26_54184_none
192929
234331
949921
949439
121292
000222
000191
121322
949392
992392
343211
199322
139399
011222
122211
299291
932211
110000

4 18 10 board_4x18_10_54215_none
1991
2321
9100
2210
1921
1291
0111
0000
0000
0000
2210
9921
2229
0011
1100
9100
1111
0019

5 10 14 board_5x10_14_54226_none
12239
39949
99339
23221
01921
01139
12139
93921
93121
11019

8 5 8 board_8x5_8_54245_none
11011100
91129100
12394210
01994921
01393291

11 4 6 board_11x4_6_54254_none
00011119100
22119122200
99111119210
22100012910

18 16 71 board_18x16_71_54261_none
001910000019212110
002220112121294920
013921393910239931
129921993111293391
294322453213942111
934932999293991000
239949442212222110
295932910011212921
494111110019392291
994222110013931122
495992921002931029
294932291013491039
113220222129943139
012933493294499239
019399999439334921
011239449921292110

19 19 53 board_19x19_53_54342_none
0192110019119210019
0112910011112910011
0001110122101110011
1110000199100111019
1910001232100192111
1110002920000129100
0000003930001121222
0112123931101910299
0192929229112210293
1212232111119101232
9100192110011101929
1100112921000002231
0001111393122211921
1112910293929921291
9229320223123920111
2923920192111110000
1224930112910111011
1395930001110292019
9394920000000292011

16 10 41 board_16x10_41_54398_none
9101993211999291
2202359921393211
9211949920111011
3923493210001139
9549932000001939
9993392211001132
9931129392011239
2210022493129399
1110019322922943
1910012911111129

14 6 18 board_14x6_18_54450_none
12229211110000
29934921921111
93394932492191
11124921993332
00019222323991
00011119102931

9 4 5 board_9x4_5_54471_none
000112110
000293921
000294229
000129111

7 6 9 board_7x6_9_54477_none
0011119
1119111
9222100
2393210
2939920
9223920

4 19 11 board_4x19_11_54490_none
0191
1221
1910
1110
0122
0199
0122
0000
0000
0000
1110
2920
2920
1121
0129
1292
2931
3920
9210

7 16 27 board_7x16_27_54502_none
0129939
2394931
9922110
2221100
0029200
1139310
1923920
1112920
1101121
9201129
9202931
2313931
9593292
9993129
3592122
1921191

14 5 10 board_14x5_10_54535_none
01129210001110
01933911122910
12239321929210
91193911121100
11112110000000

15 4 8 board_15x4_8_54546_none
000191000001291
011211011101921
129111129201110
192119129200000

19 10 50 board_19x10_50_54555_none
0019119101111910000
0122112212932210000
0191013922949111222
0111019921393229299
2210124332593193469
9921193939993234999
4591124943693199593
9921019449594249421
3331113993993933921
1929102932222292291

19 14 58 board_19x14_58_54614_none
1999100192112991191
2454311129119432332
9299393122324922991
2444499119294922942
2992943211239311292
2932129100139200139
1122221101293211129
0029910001939129222
0039532101121129229
1129399111101232139
9111233219101991139
2211129222212221192
1912942291191000111
1112991111111000000

18 19 47 board_18x19_47_54684_none
122100139211119291
199100199219123421
232100133211119910
921001129100023310
291013931111129200
111019920019239200
000012221111292100
000000019100111000
122100011100000000
199101221000011100
133323992121119100
019299323939343200
011222102932999210
111000001233495931
191001110299224991
111001921294219321
000001291129111100
000000111011100000
000000000000000000

16 19 62 board_16x19_62_54733_none
0000000012229292
1212110019922339
9393921113321932
1393129101911291
1222111112332222
9239321229299119
1299929392233211
0249334932239111
1292119942992119
9323124992221022
2494924941000019
9399229930000011
1222235921110000
0000199311910011
0011239202331019
0019112211992011
0022201922392000
0129102392332000
0192101922991000

10 10 21 board_10x10_21_54799_none
0192111291
0112933921
0001399210
1100293100
9201221111
9201922391
2201239921
9100194310
2322349210
1992993910

7 5 4 board_7x5_4_54826_none
0001129
0001921
1111121
1910019
1110011

4 6 6 board_4x6_6_54832_none
2991
2931
1110
0011
1129
9129

4 8 8 board_4x8_8_54839_none
1119
9111
2321
3991
9931
2321
0292
0292

4 14 11 board_4x14_11_54848_none
1292
1949
1293
1229
9111
1100
1110
1910
1110
1121
1929
1132
0129
0192

10 19 46 board_10x19_46_54861_none
0019111100
2221119211
9910011292
2210111139
0001292149
0112923969
0192112999
0123223694
0129929992
0194333931
0112923220
0112293920
1291113931
2932213391
9339493943
2944993299
2399333454
1932119999
1110012332

16 10 27 board_16x10_27_54908_none
0019229111100000
0122292229101110
0191222192112921
1211191222029592
9311332191029492
9923991111011222
9494931111001129
1229210191002931
0011100111002931
0000000000001129

18 5 13 board_18x5_13_54938_none
291191111000000000
921111192112210000
121101239229921000
019101933922392100
011101129210129100

19 4 19 board_19x4_19_54952_none
2211239119119291011
9911992111234432119
3433321001299939221
9299100001933393910

19 5 25 board_19x5_25_54974_none
9229299321001929921
2932334991002243592
1129239421001939492
0023939422233239311
0019222992999111100

19 6 32 board_19x6_32_55004_none
1292239201129102931
1949399302942113991
3493499202992019432
9959334311393111292
4959439910129100239
2932993210011100192

18 12 37 board_18x12_37_55042_none
000019229229100000
000013942292101221
012212991111001992
019911222122211239
012210012929931122
000111019223939119
000191011212121111
000222000191122100
232392112221199111
999493292921122229
359312923391000192
192101111921000111

16 16 35 board_16x16_35_55084_none
1100194920011100
9100129932229210
1100123229932910
1110191013932110
1910122101291000
1121119100111111
0019223210001291
0012392910001921
0002932110013320
0002920000019910
0001110000123210
1121100122291000
1939100299211000
2392100293100000
2932000222000011
9391000191000019

9 18 41 board_9x18_41_55123_none
191000019
122112221
139219910
949323321
292392192
343393339
999239392
394239311
234932210
939921910
953311110
949111111
932229119
222932111
193391011
113954229
013999932
019333391

7 14 20 board_7x14_20_55169_none
1910000
2221110
2932921
3993291
9493221
2433910
2992110
2931011
1110019
0001121
1111921
1911139
2222239
9119921

4 6 3 board_4x6_3_55191_none
2920
2931
1291
0111
0000
0000

4 5 3 board_4x5_3_55195_none
9119
1111
0011
0019
0011

7 10 12 board_7x10_12_55199_none
0191192
0111249
0000299
0000293
0011211
0029311
0029491
0013942
0002939
0001121

11 18 35 board_11x18_35_55213_none
01922111910
12393912220
91294333920
22112993931
92001222291
94110000111
94920001110
14930001910
02931212110
02239292100
12932229100
92393121211
12393921291
01922129211
13320022200
19910029211
12210029329
00000012921

18 16 59 board_18x16_59_55253_none
121119911929100019
929112222221100022
121111119100000029
110019233200112249
932221299100192992
939920133211224442
123932339239229939
012339994939229459
019394594243211299
011392292199112349
011211123343329932
019210019929394229
023910023322492011
019320019101921000
012910012211111110
001110001910001910

19 12 33 board_19x12_33_55325_none
0000011119911122210
0000019223321939910
0001122912921293210
0112911113931221111
0193210013921910191
0239100019211111332
0293111111100002992
0293119100000002993
0129222100000123492
0011291000000199321
0000222000000124931
0000191000000002991

19 4 19 board_19x4_19_55363_none
0000299922222921100
0011394229929349311
0129333123321399491
0192299119100294921

12 12 21 board_12x12_21_55385_none
000000191191
001221111111
111991011100
911221019100
221001121211
292013920192
293119920239
239112210192
921211000222
220191000191
910111111122
110000191019

11 14 23 board_11x14_23_55412_none
00001222991
00001992221
00002332121
12211911929
19921122232
13931019239
01291011299
00112110139
00002920011
11102920000
19101111110
22100002920
92100002920
29100001110

7 19 35 board_7x19_35_55438_none
1299119
3942111
9920000
3320011
2920019
2920122
1232291
0299211
0294332
0113999
0114993
1394931
9595331
9949939
9943392
2392221
0123921
0029491
0029311

6 19 30 board_6x19_30_55481_none
912991
112942
123229
199111
133200
129321
933992
139439
139332
933939
922931
332110
991011
221129
112393
293993
293239
122122
019119

4 14 8 board_4x14_8_55518_none
0000
1100
9100
1100
0000
0111
0292
0393
0293
0129
2232
9929
2221
0000

5 5 6 board_5x5_6_55528_none
11000
92110
34921
99239
22129

11 8 13 board_11x8_13_55537_none
00011291019
11119211022
29212210029
29201910029
11102220011
11212910111
19292121291
11211019211

15 14 37 board_15x14_37_55551_none
123221100000000
299929211000111
944321293221291
239210129929321
193911244322910
113221999201110
002921249200111
002931011101291
001291111001921
001221191123210
111921223399311
911129119959591
220011112239932
910000000012391

18 19 86 board_18x19_86_55594_none
139932210011129229
949939922249229229
249323593999421122
393212994359911139
992193322944312949
442239212299102953
992192291122113499
393222332111029932
112911992292139420
233211223933933931
999322112923932991
344993911223921332
193359310293221292
222959421393392292
911399929212993221
110295342201222910
000112939200001110
111112139200011111
191191011100019119

19 18 60 board_19x18_60_55695_none
0112929391000111011
2393222932000192119
9939101291000139322
9321111222100029492
1212129229100123939
0192933921100193242
0112292110111112929
0011211122292102242
0019100199229112929
0012210122223239321
0001910111293939200
0001221191293122210
0000191111111002920
0000111000000002931
0000001232111101129
0111123999229100133
1291299495931111399
9211293213920019393

19 12 33 board_19x12_33_55761_none
1291019111100001110
9211011119101111910
1101221012211911121
1222991012911110019
1992221129210112132
2321000192100192929
9222210111111112121
2929922210191000000
2222229911333110000
9210123211993910000
2932291001239210000
1299211000011100000

15 4 16 board_15x4_16_55800_none
991191019211291
943432024921921
129992129921232
012322922210199

9 8 10 board_9x8_10_55820_none
110199211
910233292
110191129
000122111
000029200
001139200
012921100
019210000

6 14 18 board_6x14_18_55831_none
000019
000011
121211
939392
952493
991393
331394
910399
110293
000122
011119
129221
193910
112110

4 19 18 board_4x19_18_55850_none
2920
4930
9941
4991
2931
1110
0011
1129
1932
2391
9222
1129
0139
0192
0111
1110
2921
9339
1292

4 16 10 board_4x16_10_55870_none
0191
0111
0000
0000
0000
0000
0011
0029
1139
1921
2220
2910
9221
2219
9232
2929

8 8 15 board_8x8_15_55882_none
00299299
00394233
11392019
19211011
23321000
94992110
94933920
12112920

14 4 10 board_14x4_10_55898_none
22102939323920
99102932993920
33101111222110
91000000000000

16 6 13 board_16x6_13_55909_none
0029200000111000
1129200000191000
9321211111111000
9921291191001221
3329211112111991
9111100001911221

19 16 81 board_19x16_81_55923_none
1910001911992929321
1221112122433133992
0191191029391129492
0123332139521192222
0019929129911221139
1123331223222922299
1911910193339492949
1111221129994933242
0111191123324942939
1291122293213993393
1933129229934992393
1293932212499432292
1239239211393393221
1921249429444594921
2221299922999995449
1911933211394339992

19 19 63 board_19x19_63_56022_none
0191000002920011119
0112122213930019111
1222929913941011100
1992234322991000011
1332192922233321019
0292112291019992222
1392001221013949292
1921002931101121229
2220003949100000011
2910002931101221000
9211111121101991111
1212910019101232291
0193221121100019321
0223911910000013920
1292222222111112931
9312291193932911139
9201921113993122239
1102220113493119921
0001910192939112210

18 19 50 board_18x19_50_56096_none
000000011100122211
111000019101299291
192211011101932322
129291000001121292
011211000000129229
000000000000192111
110000000012321011
910011100019921019
110129212122391011
000192292922221000
011212222393910000
019223911394220111
232299312933920292
992139312922920292
392013932322110111
111002949292100000
001111292339100011
001910122292111129
001110019211019129

11 6 18 board_11x6_18_56149_none
39201299992
99201935959
33212123931
91192119210
11129332211
00012991191

8 4 5 board_8x4_5_56176_none
01911910
12223320
19119910
11112210

4 10 9 board_4x10_9_56182_none
1910
2210
9311
9491
9311
2221
1929
2231
2910
9210

4 16 16 board_4x16_16_56193_none
0011
1119
9211
9311
9219
2211
9210
3921
9492
2493
1939
1232
2391
9921
2221
0019

8 18 20 board_8x18_20_56213_none
12110000
92911110
12111921
11001129
91000011
11011100
12239200
19949421
25942991
93932332
23229119
19111111
11100000
00011100
00019100
11111100
19100111
11100191

12 10 33 board_12x10_33_56236_none
932939929229
994349432292
359921291222
959431211192
994939111229
345931119221
299210012910
932100012321
220122229291
910199292211

19 5 13 board_19x5_13_56275_none
1910000002939910000
2220000002932210000
1910000001121211000
1110012211129293210
0000019911921229910

19 14 70 board_19x14_70_56290_none
9492019112939111100
9493121239492119100
1224920199422121222
1129952223922921299
9249999113492249449
3959693129921299921
2959521139421295320
2249921292291223910
2932239532111293110
2942139992123492011
2499229993299921019
1999212339234421011
1394210122119291000
0112910191011211000

18 18 65 board_18x18_65_56371_none
121102921110000000
949102921911121100
992101111112959200
333221000003999200
194991001112995421
139942112911239992
139491293221013459
192211292191001949
111000222111001149
111000192100111139
291112239100191193
943292943200111239
399322299100011292
944921133211119211
129491129229111100
012921295931101110
111111394921111921
910001922111911129

12 18 38 board_12x18_38_56445_none
921119922110
129223393931
011292334992
000123992239
000019332111
110011119210
921000012910
293210001110
129920111000
013920191000
112221233111
192291199229
222921122293
932210012339
939100019921
132311012210
019392000111
011392000191

8 10 21 board_8x10_21_56489_none
01293992
12939492
93221211
39310111
39920292
95931292
29492211
12939111
01232129
00191029

4 5 3 board_4x5_3_56517_none
0011
0029
1139
1921
1110

6 14 20 board_6x14_20_56521_none
000000
001110
001921
111129
931011
992100
349100
942211
949439
369992
999643
959399
121222
000000

11 19 32 board_11x19_32_56542_none
00111299100
00191293100
12221111000
92921000000
12291000000
01232100011
01929211019
01121292111
12321129210
39991012910
99432223221
93119299119
22111222122
19101111129
11112912931
00019322931
00123911291
00192110111
00111000000

12 19 41 board_12x19_41_56576_none
019111100011
011129201129
000039301921
011129202220
239222212910
993291192221
392112221191
111112921111
000294391000
111394921000
191294321111
221129291292
920011322293
921110191129
111911221011
002222931211
002933939291
113993243311
192392199100

16 14 59 board_16x14_59_56624_none
1292100000123221
9239201122399939
3339422939943392
9943993394921221
9939322922111921
3321213220002349
9112392921002992
1239922291124931
1299522232299310
1959492929239200
1394944222221100
0294499212922221
0223994393392992
0192239212922239

18 10 43 board_18x10_43_56690_none
029312129211191122
029392921291223299
011212221234493932
001111292299993221
111922934959931191
932339229943311221
939393112349312921
121392000299393249
000122211293334939
000019291111199221

19 5 19 board_19x5_19_56741_none
1212932129229200000
9292399129239311111
2311294211129329129
9100129211011292239
1100011291000111192

18 6 28 board_18x6_28_56761_none
992192949212210191
392113399429920222
221001959923931191
920001139311292221
942332111211223910
939999100191192110

17 10 44 board_17x10_44_56791_none
91012911921001949
22129322392212299
19349219229291259
24992111223322299
94942222292911949
93129299212223231
12121333211192910
01911393292212110
01233994949312110
00199493139392910

15 14 44 board_15x14_44_56850_none
910111001910000
220193222211110
911239939211910
112932393911110
234943433110000
999399992011211
342249692019392
911149411011392
221939200000122
921121212122229
931100192929921
129100123334331
133211119293929
199119111229221

14 16 38 board_14x16_38_56903_none
11291000111011
29211111191129
92100192323292
11000239392932
00001293922292
23322934320129
99992129921111
94443223229211
22299291012391
19222211001921
12210000001110
01911110000122
12211910000299
19211110111294
12910000191129
01110000111011

7 18 29 board_7x18_29_56947_none
0000011
1111229
9119493
1223994
1393399
9393243
1212929
1102231
9101921
2322392
1991293
2331129
1921122
2239219
9129211
1122211
0029229
0029229

4 8 5 board_4x8_5_56980_none
0000
1121
2929
9221
1100
0000
1221
1991

4 6 3 board_4x6_3_56986_none
0011
1119
9111
2200
9100
1100

5 4 4 board_5x4_4_56990_none
11100
29210
93921
12129

8 8 16 board_8x8_16_56995_none
01922991
23392221
99211011
22101139
01222939
12993221
94359200
93939200

15 19 41 board_15x19_41_57013_none
000011100019939
000019100023349
122332222119129
939991199122211
139422232119211
011101910012391
000001110001921
000000000112110
000000000292000
001110001392000
112910001921000
192110112110000
111000191001110
222110222012910
993921191019210
249492212243311
029329102999291
122111213942211
191000192110000

17 19 68 board_17x19_68_57059_none
00012210011100191
01139921019211111
01939491023491000
12121333129921000
93211299239310000
39922942292101121
95923941223111929
29223991193932221
22219322223949111
19112211911394229
34311911110295931
99912221121349920
23211911949399431
00001111299323929
00000111122212132
01232291011291019
12999322129212121
95442291192102931
99910111111002939

