Fitter report for minesweeper_submission_local_mu500
Sun Aug 23 19:35:00 2026
Quartus Prime Version 24.1std.0 Build 1077 03/04/2025 SC Lite Edition


---------------------
; Table of Contents ;
---------------------
  1. Legal Notice
  2. Fitter Summary
  3. Fitter Settings
  4. Parallel Compilation
  5. Fitter Netlist Optimizations
  6. Incremental Compilation Preservation Summary
  7. Incremental Compilation Partition Settings
  8. Incremental Compilation Placement Preservation
  9. Pin-Out File
 10. Fitter Resource Usage Summary
 11. Fitter Partition Statistics
 12. Input Pins
 13. Output Pins
 14. Dual Purpose and Dedicated Pins
 15. I/O Bank Usage
 16. All Package Pins
 17. I/O Assignment Warnings
 18. Fitter Resource Utilization by Entity
 19. Delay Chain Summary
 20. Pad To Core Delay Chain Fanout
 21. Control Signals
 22. Global & Other Fast Signals
 23. Non-Global High Fan-Out Signals
 24. Fitter RAM Summary
 25. Fitter DSP Block Usage Summary
 26. DSP Block Details
 27. Routing Usage Summary
 28. LAB Logic Elements
 29. LAB-wide Signals
 30. LAB Signals Sourced
 31. LAB Signals Sourced Out
 32. LAB Distinct Inputs
 33. I/O Rules Summary
 34. I/O Rules Details
 35. I/O Rules Matrix
 36. Fitter Device Options
 37. Operating Settings and Conditions
 38. Estimated Delay Added for Hold Timing Summary
 39. Estimated Delay Added for Hold Timing Details
 40. Fitter Messages
 41. Fitter Suppressed Messages



----------------
; Legal Notice ;
----------------
Copyright (C) 2025  Altera Corporation. All rights reserved.
Your use of Altera Corporation's design tools, logic functions 
and other software and tools, and any partner logic 
functions, and any output files from any of the foregoing 
(including device programming or simulation files), and any 
associated documentation or information are expressly subject 
to the terms and conditions of the Altera Program License 
Subscription Agreement, the Altera Quartus Prime License Agreement,
the Altera IP License Agreement, or other applicable license
agreement, including, without limitation, that your use is for
the sole purpose of programming logic devices manufactured by
Altera and sold by Altera or its authorized distributors.  Please
refer to the Altera Software License Subscription Agreements 
on the Quartus Prime software download page.



+--------------------------------------------------------------------------------------+
; Fitter Summary                                                                       ;
+------------------------------------+-------------------------------------------------+
; Fitter Status                      ; Successful - Sun Aug 23 19:35:00 2026           ;
; Quartus Prime Version              ; 24.1std.0 Build 1077 03/04/2025 SC Lite Edition ;
; Revision Name                      ; minesweeper_submission_local_mu500              ;
; Top-level Entity Name              ; minesweeper_jtag_submission_local_top           ;
; Family                             ; Cyclone IV E                                    ;
; Device                             ; EP4CE30F23I7                                    ;
; Timing Models                      ; Final                                           ;
; Total logic elements               ; 22,546 / 28,848 ( 78 % )                        ;
;     Total combinational functions  ; 21,301 / 28,848 ( 74 % )                        ;
;     Dedicated logic registers      ; 8,331 / 28,848 ( 29 % )                         ;
; Total registers                    ; 8331                                            ;
; Total pins                         ; 83 / 329 ( 25 % )                               ;
; Total virtual pins                 ; 0                                               ;
; Total memory bits                  ; 38,943 / 608,256 ( 6 % )                        ;
; Embedded Multiplier 9-bit elements ; 17 / 132 ( 13 % )                               ;
; Total PLLs                         ; 0 / 4 ( 0 % )                                   ;
+------------------------------------+-------------------------------------------------+


+----------------------------------------------------------------------------------------------------------------------------------------------------+
; Fitter Settings                                                                                                                                    ;
+--------------------------------------------------------------------+---------------------------------------+---------------------------------------+
; Option                                                             ; Setting                               ; Default Value                         ;
+--------------------------------------------------------------------+---------------------------------------+---------------------------------------+
; Device                                                             ; EP4CE30F23I7                          ;                                       ;
; Maximum processors allowed for parallel compilation                ; 4                                     ;                                       ;
; Fit Attempts to Skip                                               ; 0                                     ; 0.0                                   ;
; Perform Physical Synthesis for Combinational Logic for Fitting     ; On                                    ; Off                                   ;
; Use smart compilation                                              ; Off                                   ; Off                                   ;
; Enable parallel Assembler and Timing Analyzer during compilation   ; On                                    ; On                                    ;
; Enable compact report table                                        ; Off                                   ; Off                                   ;
; Auto Merge PLLs                                                    ; On                                    ; On                                    ;
; Router Timing Optimization Level                                   ; Normal                                ; Normal                                ;
; Perform Clocking Topology Analysis During Routing                  ; Off                                   ; Off                                   ;
; Placement Effort Multiplier                                        ; 1.0                                   ; 1.0                                   ;
; Router Effort Multiplier                                           ; 1.0                                   ; 1.0                                   ;
; Optimize Hold Timing                                               ; All Paths                             ; All Paths                             ;
; Optimize Multi-Corner Timing                                       ; On                                    ; On                                    ;
; Power Optimization During Fitting                                  ; Normal compilation                    ; Normal compilation                    ;
; SSN Optimization                                                   ; Off                                   ; Off                                   ;
; Optimize Timing                                                    ; Normal compilation                    ; Normal compilation                    ;
; Optimize Timing for ECOs                                           ; Off                                   ; Off                                   ;
; Regenerate Full Fit Report During ECO Compiles                     ; Off                                   ; Off                                   ;
; Optimize IOC Register Placement for Timing                         ; Normal                                ; Normal                                ;
; Limit to One Fitting Attempt                                       ; Off                                   ; Off                                   ;
; Final Placement Optimizations                                      ; Automatically                         ; Automatically                         ;
; Fitter Aggressive Routability Optimizations                        ; Automatically                         ; Automatically                         ;
; Fitter Initial Placement Seed                                      ; 1                                     ; 1                                     ;
; Periphery to Core Placement and Routing Optimization               ; Off                                   ; Off                                   ;
; PCI I/O                                                            ; Off                                   ; Off                                   ;
; Weak Pull-Up Resistor                                              ; Off                                   ; Off                                   ;
; Enable Bus-Hold Circuitry                                          ; Off                                   ; Off                                   ;
; Auto Packed Registers                                              ; Auto                                  ; Auto                                  ;
; Auto Delay Chains                                                  ; On                                    ; On                                    ;
; Auto Delay Chains for High Fanout Input Pins                       ; Off                                   ; Off                                   ;
; Allow Single-ended Buffer for Differential-XSTL Input              ; Off                                   ; Off                                   ;
; Treat Bidirectional Pin as Output Pin                              ; Off                                   ; Off                                   ;
; Perform Physical Synthesis for Combinational Logic for Performance ; Off                                   ; Off                                   ;
; Perform Register Duplication for Performance                       ; Off                                   ; Off                                   ;
; Perform Logic to Memory Mapping for Fitting                        ; Off                                   ; Off                                   ;
; Perform Register Retiming for Performance                          ; Off                                   ; Off                                   ;
; Perform Asynchronous Signal Pipelining                             ; Off                                   ; Off                                   ;
; Fitter Effort                                                      ; Auto Fit                              ; Auto Fit                              ;
; Physical Synthesis Effort Level                                    ; Normal                                ; Normal                                ;
; Logic Cell Insertion - Logic Duplication                           ; Auto                                  ; Auto                                  ;
; Auto Register Duplication                                          ; Auto                                  ; Auto                                  ;
; Auto Global Clock                                                  ; On                                    ; On                                    ;
; Auto Global Register Control Signals                               ; On                                    ; On                                    ;
; Reserve all unused pins                                            ; As input tri-stated with weak pull-up ; As input tri-stated with weak pull-up ;
; Synchronizer Identification                                        ; Auto                                  ; Auto                                  ;
; Enable Beneficial Skew Optimization                                ; On                                    ; On                                    ;
; Optimize Design for Metastability                                  ; On                                    ; On                                    ;
; Force Fitter to Avoid Periphery Placement Warnings                 ; Off                                   ; Off                                   ;
; Enable input tri-state on active configuration pins in user mode   ; Off                                   ; Off                                   ;
+--------------------------------------------------------------------+---------------------------------------+---------------------------------------+


+------------------------------------------+
; Parallel Compilation                     ;
+----------------------------+-------------+
; Processors                 ; Number      ;
+----------------------------+-------------+
; Number detected on machine ; 24          ;
; Maximum allowed            ; 4           ;
;                            ;             ;
; Average used               ; 1.17        ;
; Maximum used               ; 4           ;
;                            ;             ;
; Usage by Processor         ; % Time Used ;
;     Processor 1            ; 100.0%      ;
;     Processor 2            ;   8.9%      ;
;     Processor 3            ;   4.2%      ;
;     Processor 4            ;   3.8%      ;
+----------------------------+-------------+


+----------------------------------------------------------------------------------------------------------------------------------------------------------------------------------------------------------------------------------------------------------------------------------------------------------------------------------------------------------------------------------------------------------------------------------------------------------------------------------------------------------------------------------------------+
; Fitter Netlist Optimizations                                                                                                                                                                                                                                                                                                                                                                                                                                                                                                                 ;
+-----------------------------------------------------------------------------------------------------------------------------------------------------------------------------------------+-----------------+------------------+---------------------+-----------+----------------+-----------------------------------------------------------------------------------------------------------------------------------------------------------------------------------------------------------------+------------------+-----------------------+
; Node                                                                                                                                                                                    ; Action          ; Operation        ; Reason              ; Node Port ; Node Port Name ; Destination Node                                                                                                                                                                                                ; Destination Port ; Destination Port Name ;
+-----------------------------------------------------------------------------------------------------------------------------------------------------------------------------------------+-----------------+------------------+---------------------+-----------+----------------+-----------------------------------------------------------------------------------------------------------------------------------------------------------------------------------------------------------------+------------------+-----------------------+
; minesweeper_jtag_top:u_top|board_stream_controller:u_stream|cfg_height[0]                                                                                                               ; Packed Register ; Register Packing ; Timing optimization ; Q         ;                ; minesweeper_jtag_top:u_top|minesweeper_mu500_system:u_system|minesweeper_deterministic_system:g_deterministic.u_core|minesweeper_game_core:u_game|lpm_mult:Mult0|mult_u9t:auto_generated|mac_mult1              ; DATAB            ;                       ;
; minesweeper_jtag_top:u_top|board_stream_controller:u_stream|cfg_height[0]                                                                                                               ; Duplicated      ; Register Packing ; Timing optimization ; Q         ;                ; minesweeper_jtag_top:u_top|board_stream_controller:u_stream|cfg_height[0]~_Duplicate_1                                                                                                                          ; Q                ;                       ;
; minesweeper_jtag_top:u_top|board_stream_controller:u_stream|cfg_height[1]                                                                                                               ; Packed Register ; Register Packing ; Timing optimization ; Q         ;                ; minesweeper_jtag_top:u_top|minesweeper_mu500_system:u_system|minesweeper_deterministic_system:g_deterministic.u_core|minesweeper_game_core:u_game|lpm_mult:Mult0|mult_u9t:auto_generated|mac_mult1              ; DATAB            ;                       ;
; minesweeper_jtag_top:u_top|board_stream_controller:u_stream|cfg_height[1]                                                                                                               ; Duplicated      ; Register Packing ; Timing optimization ; Q         ;                ; minesweeper_jtag_top:u_top|board_stream_controller:u_stream|cfg_height[1]~_Duplicate_1                                                                                                                          ; Q                ;                       ;
; minesweeper_jtag_top:u_top|board_stream_controller:u_stream|cfg_height[2]                                                                                                               ; Packed Register ; Register Packing ; Timing optimization ; Q         ;                ; minesweeper_jtag_top:u_top|minesweeper_mu500_system:u_system|minesweeper_deterministic_system:g_deterministic.u_core|minesweeper_game_core:u_game|lpm_mult:Mult0|mult_u9t:auto_generated|mac_mult1              ; DATAB            ;                       ;
; minesweeper_jtag_top:u_top|board_stream_controller:u_stream|cfg_height[2]                                                                                                               ; Duplicated      ; Register Packing ; Timing optimization ; Q         ;                ; minesweeper_jtag_top:u_top|board_stream_controller:u_stream|cfg_height[2]~_Duplicate_1                                                                                                                          ; Q                ;                       ;
; minesweeper_jtag_top:u_top|board_stream_controller:u_stream|cfg_height[3]                                                                                                               ; Packed Register ; Register Packing ; Timing optimization ; Q         ;                ; minesweeper_jtag_top:u_top|minesweeper_mu500_system:u_system|minesweeper_deterministic_system:g_deterministic.u_core|minesweeper_game_core:u_game|lpm_mult:Mult0|mult_u9t:auto_generated|mac_mult1              ; DATAB            ;                       ;
; minesweeper_jtag_top:u_top|board_stream_controller:u_stream|cfg_height[3]                                                                                                               ; Duplicated      ; Register Packing ; Timing optimization ; Q         ;                ; minesweeper_jtag_top:u_top|board_stream_controller:u_stream|cfg_height[3]~_Duplicate_1                                                                                                                          ; Q                ;                       ;
; minesweeper_jtag_top:u_top|board_stream_controller:u_stream|cfg_height[4]                                                                                                               ; Packed Register ; Register Packing ; Timing optimization ; Q         ;                ; minesweeper_jtag_top:u_top|minesweeper_mu500_system:u_system|minesweeper_deterministic_system:g_deterministic.u_core|minesweeper_game_core:u_game|lpm_mult:Mult0|mult_u9t:auto_generated|mac_mult1              ; DATAB            ;                       ;
; minesweeper_jtag_top:u_top|board_stream_controller:u_stream|cfg_height[4]                                                                                                               ; Duplicated      ; Register Packing ; Timing optimization ; Q         ;                ; minesweeper_jtag_top:u_top|board_stream_controller:u_stream|cfg_height[4]~_Duplicate_1                                                                                                                          ; Q                ;                       ;
; minesweeper_jtag_top:u_top|board_stream_controller:u_stream|cfg_width[0]                                                                                                                ; Packed Register ; Register Packing ; Timing optimization ; Q         ;                ; minesweeper_jtag_top:u_top|minesweeper_mu500_system:u_system|minesweeper_deterministic_system:g_deterministic.u_core|minesweeper_game_core:u_game|lpm_mult:Mult0|mult_u9t:auto_generated|mac_mult1              ; DATAA            ;                       ;
; minesweeper_jtag_top:u_top|board_stream_controller:u_stream|cfg_width[0]                                                                                                                ; Duplicated      ; Register Packing ; Timing optimization ; Q         ;                ; minesweeper_jtag_top:u_top|board_stream_controller:u_stream|cfg_width[0]~_Duplicate_1                                                                                                                           ; Q                ;                       ;
; minesweeper_jtag_top:u_top|board_stream_controller:u_stream|cfg_width[1]                                                                                                                ; Packed Register ; Register Packing ; Timing optimization ; Q         ;                ; minesweeper_jtag_top:u_top|minesweeper_mu500_system:u_system|minesweeper_deterministic_system:g_deterministic.u_core|minesweeper_game_core:u_game|lpm_mult:Mult0|mult_u9t:auto_generated|mac_mult1              ; DATAA            ;                       ;
; minesweeper_jtag_top:u_top|board_stream_controller:u_stream|cfg_width[1]                                                                                                                ; Duplicated      ; Register Packing ; Timing optimization ; Q         ;                ; minesweeper_jtag_top:u_top|board_stream_controller:u_stream|cfg_width[1]~_Duplicate_1                                                                                                                           ; Q                ;                       ;
; minesweeper_jtag_top:u_top|board_stream_controller:u_stream|cfg_width[2]                                                                                                                ; Packed Register ; Register Packing ; Timing optimization ; Q         ;                ; minesweeper_jtag_top:u_top|minesweeper_mu500_system:u_system|minesweeper_deterministic_system:g_deterministic.u_core|minesweeper_game_core:u_game|lpm_mult:Mult0|mult_u9t:auto_generated|mac_mult1              ; DATAA            ;                       ;
; minesweeper_jtag_top:u_top|board_stream_controller:u_stream|cfg_width[2]                                                                                                                ; Duplicated      ; Register Packing ; Timing optimization ; Q         ;                ; minesweeper_jtag_top:u_top|board_stream_controller:u_stream|cfg_width[2]~_Duplicate_1                                                                                                                           ; Q                ;                       ;
; minesweeper_jtag_top:u_top|board_stream_controller:u_stream|cfg_width[3]                                                                                                                ; Packed Register ; Register Packing ; Timing optimization ; Q         ;                ; minesweeper_jtag_top:u_top|minesweeper_mu500_system:u_system|minesweeper_deterministic_system:g_deterministic.u_core|minesweeper_game_core:u_game|lpm_mult:Mult0|mult_u9t:auto_generated|mac_mult1              ; DATAA            ;                       ;
; minesweeper_jtag_top:u_top|board_stream_controller:u_stream|cfg_width[3]                                                                                                                ; Duplicated      ; Register Packing ; Timing optimization ; Q         ;                ; minesweeper_jtag_top:u_top|board_stream_controller:u_stream|cfg_width[3]~_Duplicate_1                                                                                                                           ; Q                ;                       ;
; minesweeper_jtag_top:u_top|board_stream_controller:u_stream|cfg_width[4]                                                                                                                ; Packed Register ; Register Packing ; Timing optimization ; Q         ;                ; minesweeper_jtag_top:u_top|minesweeper_mu500_system:u_system|minesweeper_deterministic_system:g_deterministic.u_core|minesweeper_game_core:u_game|lpm_mult:Mult0|mult_u9t:auto_generated|mac_mult1              ; DATAA            ;                       ;
; minesweeper_jtag_top:u_top|board_stream_controller:u_stream|cfg_width[4]                                                                                                                ; Duplicated      ; Register Packing ; Timing optimization ; Q         ;                ; minesweeper_jtag_top:u_top|board_stream_controller:u_stream|cfg_width[4]~_Duplicate_1                                                                                                                           ; Q                ;                       ;
; minesweeper_jtag_top:u_top|jtag_protocol_engine:u_protocol|begin_height[0]                                                                                                              ; Packed Register ; Register Packing ; Timing optimization ; Q         ;                ; minesweeper_jtag_top:u_top|board_stream_controller:u_stream|lpm_mult:Mult0|mult_u9t:auto_generated|mac_mult1                                                                                                    ; DATAB            ;                       ;
; minesweeper_jtag_top:u_top|jtag_protocol_engine:u_protocol|begin_height[0]                                                                                                              ; Duplicated      ; Register Packing ; Timing optimization ; Q         ;                ; minesweeper_jtag_top:u_top|jtag_protocol_engine:u_protocol|begin_height[0]~_Duplicate_1                                                                                                                         ; Q                ;                       ;
; minesweeper_jtag_top:u_top|jtag_protocol_engine:u_protocol|begin_height[1]                                                                                                              ; Packed Register ; Register Packing ; Timing optimization ; Q         ;                ; minesweeper_jtag_top:u_top|board_stream_controller:u_stream|lpm_mult:Mult0|mult_u9t:auto_generated|mac_mult1                                                                                                    ; DATAB            ;                       ;
; minesweeper_jtag_top:u_top|jtag_protocol_engine:u_protocol|begin_height[1]                                                                                                              ; Duplicated      ; Register Packing ; Timing optimization ; Q         ;                ; minesweeper_jtag_top:u_top|jtag_protocol_engine:u_protocol|begin_height[1]~_Duplicate_1                                                                                                                         ; Q                ;                       ;
; minesweeper_jtag_top:u_top|jtag_protocol_engine:u_protocol|begin_height[2]                                                                                                              ; Packed Register ; Register Packing ; Timing optimization ; Q         ;                ; minesweeper_jtag_top:u_top|board_stream_controller:u_stream|lpm_mult:Mult0|mult_u9t:auto_generated|mac_mult1                                                                                                    ; DATAB            ;                       ;
; minesweeper_jtag_top:u_top|jtag_protocol_engine:u_protocol|begin_height[2]                                                                                                              ; Duplicated      ; Register Packing ; Timing optimization ; Q         ;                ; minesweeper_jtag_top:u_top|jtag_protocol_engine:u_protocol|begin_height[2]~_Duplicate_1                                                                                                                         ; Q                ;                       ;
; minesweeper_jtag_top:u_top|jtag_protocol_engine:u_protocol|begin_height[3]                                                                                                              ; Packed Register ; Register Packing ; Timing optimization ; Q         ;                ; minesweeper_jtag_top:u_top|board_stream_controller:u_stream|lpm_mult:Mult0|mult_u9t:auto_generated|mac_mult1                                                                                                    ; DATAB            ;                       ;
; minesweeper_jtag_top:u_top|jtag_protocol_engine:u_protocol|begin_height[3]                                                                                                              ; Duplicated      ; Register Packing ; Timing optimization ; Q         ;                ; minesweeper_jtag_top:u_top|jtag_protocol_engine:u_protocol|begin_height[3]~_Duplicate_1                                                                                                                         ; Q                ;                       ;
; minesweeper_jtag_top:u_top|jtag_protocol_engine:u_protocol|begin_height[4]                                                                                                              ; Packed Register ; Register Packing ; Timing optimization ; Q         ;                ; minesweeper_jtag_top:u_top|board_stream_controller:u_stream|lpm_mult:Mult0|mult_u9t:auto_generated|mac_mult1                                                                                                    ; DATAB            ;                       ;
; minesweeper_jtag_top:u_top|jtag_protocol_engine:u_protocol|begin_height[4]                                                                                                              ; Duplicated      ; Register Packing ; Timing optimization ; Q         ;                ; minesweeper_jtag_top:u_top|jtag_protocol_engine:u_protocol|begin_height[4]~_Duplicate_1                                                                                                                         ; Q                ;                       ;
; minesweeper_jtag_top:u_top|jtag_protocol_engine:u_protocol|begin_width[0]                                                                                                               ; Packed Register ; Register Packing ; Timing optimization ; Q         ;                ; minesweeper_jtag_top:u_top|board_stream_controller:u_stream|lpm_mult:Mult0|mult_u9t:auto_generated|mac_mult1                                                                                                    ; DATAA            ;                       ;
; minesweeper_jtag_top:u_top|jtag_protocol_engine:u_protocol|begin_width[0]                                                                                                               ; Duplicated      ; Register Packing ; Timing optimization ; Q         ;                ; minesweeper_jtag_top:u_top|jtag_protocol_engine:u_protocol|begin_width[0]~_Duplicate_1                                                                                                                          ; Q                ;                       ;
; minesweeper_jtag_top:u_top|jtag_protocol_engine:u_protocol|begin_width[1]                                                                                                               ; Packed Register ; Register Packing ; Timing optimization ; Q         ;                ; minesweeper_jtag_top:u_top|board_stream_controller:u_stream|lpm_mult:Mult0|mult_u9t:auto_generated|mac_mult1                                                                                                    ; DATAA            ;                       ;
; minesweeper_jtag_top:u_top|jtag_protocol_engine:u_protocol|begin_width[1]                                                                                                               ; Duplicated      ; Register Packing ; Timing optimization ; Q         ;                ; minesweeper_jtag_top:u_top|jtag_protocol_engine:u_protocol|begin_width[1]~_Duplicate_1                                                                                                                          ; Q                ;                       ;
; minesweeper_jtag_top:u_top|jtag_protocol_engine:u_protocol|begin_width[2]                                                                                                               ; Packed Register ; Register Packing ; Timing optimization ; Q         ;                ; minesweeper_jtag_top:u_top|board_stream_controller:u_stream|lpm_mult:Mult0|mult_u9t:auto_generated|mac_mult1                                                                                                    ; DATAA            ;                       ;
; minesweeper_jtag_top:u_top|jtag_protocol_engine:u_protocol|begin_width[2]                                                                                                               ; Duplicated      ; Register Packing ; Timing optimization ; Q         ;                ; minesweeper_jtag_top:u_top|jtag_protocol_engine:u_protocol|begin_width[2]~_Duplicate_1                                                                                                                          ; Q                ;                       ;
; minesweeper_jtag_top:u_top|jtag_protocol_engine:u_protocol|begin_width[3]                                                                                                               ; Packed Register ; Register Packing ; Timing optimization ; Q         ;                ; minesweeper_jtag_top:u_top|board_stream_controller:u_stream|lpm_mult:Mult0|mult_u9t:auto_generated|mac_mult1                                                                                                    ; DATAA            ;                       ;
; minesweeper_jtag_top:u_top|jtag_protocol_engine:u_protocol|begin_width[3]                                                                                                               ; Duplicated      ; Register Packing ; Timing optimization ; Q         ;                ; minesweeper_jtag_top:u_top|jtag_protocol_engine:u_protocol|begin_width[3]~_Duplicate_1                                                                                                                          ; Q                ;                       ;
; minesweeper_jtag_top:u_top|jtag_protocol_engine:u_protocol|begin_width[4]                                                                                                               ; Packed Register ; Register Packing ; Timing optimization ; Q         ;                ; minesweeper_jtag_top:u_top|board_stream_controller:u_stream|lpm_mult:Mult0|mult_u9t:auto_generated|mac_mult1                                                                                                    ; DATAA            ;                       ;
; minesweeper_jtag_top:u_top|jtag_protocol_engine:u_protocol|begin_width[4]                                                                                                               ; Duplicated      ; Register Packing ; Timing optimization ; Q         ;                ; minesweeper_jtag_top:u_top|jtag_protocol_engine:u_protocol|begin_width[4]~_Duplicate_1                                                                                                                          ; Q                ;                       ;
; minesweeper_jtag_top:u_top|minesweeper_mu500_system:u_system|active_height[0]                                                                                                           ; Packed Register ; Register Packing ; Timing optimization ; Q         ;                ; minesweeper_jtag_top:u_top|minesweeper_mu500_system:u_system|minesweeper_metrics:u_metrics|lpm_mult:Mult2|mult_u9t:auto_generated|mac_mult1                                                                     ; DATAB            ;                       ;
; minesweeper_jtag_top:u_top|minesweeper_mu500_system:u_system|active_height[0]                                                                                                           ; Duplicated      ; Register Packing ; Timing optimization ; Q         ;                ; minesweeper_jtag_top:u_top|minesweeper_mu500_system:u_system|active_height[0]~_Duplicate_1                                                                                                                      ; Q                ;                       ;
; minesweeper_jtag_top:u_top|minesweeper_mu500_system:u_system|active_height[1]                                                                                                           ; Packed Register ; Register Packing ; Timing optimization ; Q         ;                ; minesweeper_jtag_top:u_top|minesweeper_mu500_system:u_system|minesweeper_metrics:u_metrics|lpm_mult:Mult2|mult_u9t:auto_generated|mac_mult1                                                                     ; DATAB            ;                       ;
; minesweeper_jtag_top:u_top|minesweeper_mu500_system:u_system|active_height[1]                                                                                                           ; Duplicated      ; Register Packing ; Timing optimization ; Q         ;                ; minesweeper_jtag_top:u_top|minesweeper_mu500_system:u_system|active_height[1]~_Duplicate_1                                                                                                                      ; Q                ;                       ;
; minesweeper_jtag_top:u_top|minesweeper_mu500_system:u_system|active_height[2]                                                                                                           ; Packed Register ; Register Packing ; Timing optimization ; Q         ;                ; minesweeper_jtag_top:u_top|minesweeper_mu500_system:u_system|minesweeper_metrics:u_metrics|lpm_mult:Mult2|mult_u9t:auto_generated|mac_mult1                                                                     ; DATAB            ;                       ;
; minesweeper_jtag_top:u_top|minesweeper_mu500_system:u_system|active_height[2]                                                                                                           ; Duplicated      ; Register Packing ; Timing optimization ; Q         ;                ; minesweeper_jtag_top:u_top|minesweeper_mu500_system:u_system|active_height[2]~_Duplicate_1                                                                                                                      ; Q                ;                       ;
; minesweeper_jtag_top:u_top|minesweeper_mu500_system:u_system|active_height[3]                                                                                                           ; Packed Register ; Register Packing ; Timing optimization ; Q         ;                ; minesweeper_jtag_top:u_top|minesweeper_mu500_system:u_system|minesweeper_metrics:u_metrics|lpm_mult:Mult2|mult_u9t:auto_generated|mac_mult1                                                                     ; DATAB            ;                       ;
; minesweeper_jtag_top:u_top|minesweeper_mu500_system:u_system|active_height[3]                                                                                                           ; Duplicated      ; Register Packing ; Timing optimization ; Q         ;                ; minesweeper_jtag_top:u_top|minesweeper_mu500_system:u_system|active_height[3]~_Duplicate_1                                                                                                                      ; Q                ;                       ;
; minesweeper_jtag_top:u_top|minesweeper_mu500_system:u_system|active_height[4]                                                                                                           ; Packed Register ; Register Packing ; Timing optimization ; Q         ;                ; minesweeper_jtag_top:u_top|minesweeper_mu500_system:u_system|minesweeper_metrics:u_metrics|lpm_mult:Mult2|mult_u9t:auto_generated|mac_mult1                                                                     ; DATAB            ;                       ;
; minesweeper_jtag_top:u_top|minesweeper_mu500_system:u_system|active_height[4]                                                                                                           ; Duplicated      ; Register Packing ; Timing optimization ; Q         ;                ; minesweeper_jtag_top:u_top|minesweeper_mu500_system:u_system|active_height[4]~_Duplicate_1                                                                                                                      ; Q                ;                       ;
; minesweeper_jtag_top:u_top|minesweeper_mu500_system:u_system|active_width[0]                                                                                                            ; Packed Register ; Register Packing ; Timing optimization ; Q         ;                ; minesweeper_jtag_top:u_top|minesweeper_mu500_system:u_system|minesweeper_metrics:u_metrics|lpm_mult:Mult2|mult_u9t:auto_generated|mac_mult1                                                                     ; DATAA            ;                       ;
; minesweeper_jtag_top:u_top|minesweeper_mu500_system:u_system|active_width[0]                                                                                                            ; Duplicated      ; Register Packing ; Timing optimization ; Q         ;                ; minesweeper_jtag_top:u_top|minesweeper_mu500_system:u_system|active_width[0]~_Duplicate_1                                                                                                                       ; Q                ;                       ;
; minesweeper_jtag_top:u_top|minesweeper_mu500_system:u_system|active_width[1]                                                                                                            ; Packed Register ; Register Packing ; Timing optimization ; Q         ;                ; minesweeper_jtag_top:u_top|minesweeper_mu500_system:u_system|minesweeper_metrics:u_metrics|lpm_mult:Mult2|mult_u9t:auto_generated|mac_mult1                                                                     ; DATAA            ;                       ;
; minesweeper_jtag_top:u_top|minesweeper_mu500_system:u_system|active_width[1]                                                                                                            ; Duplicated      ; Register Packing ; Timing optimization ; Q         ;                ; minesweeper_jtag_top:u_top|minesweeper_mu500_system:u_system|active_width[1]~_Duplicate_1                                                                                                                       ; Q                ;                       ;
; minesweeper_jtag_top:u_top|minesweeper_mu500_system:u_system|active_width[2]                                                                                                            ; Packed Register ; Register Packing ; Timing optimization ; Q         ;                ; minesweeper_jtag_top:u_top|minesweeper_mu500_system:u_system|minesweeper_metrics:u_metrics|lpm_mult:Mult2|mult_u9t:auto_generated|mac_mult1                                                                     ; DATAA            ;                       ;
; minesweeper_jtag_top:u_top|minesweeper_mu500_system:u_system|active_width[2]                                                                                                            ; Duplicated      ; Register Packing ; Timing optimization ; Q         ;                ; minesweeper_jtag_top:u_top|minesweeper_mu500_system:u_system|active_width[2]~_Duplicate_1                                                                                                                       ; Q                ;                       ;
; minesweeper_jtag_top:u_top|minesweeper_mu500_system:u_system|active_width[3]                                                                                                            ; Packed Register ; Register Packing ; Timing optimization ; Q         ;                ; minesweeper_jtag_top:u_top|minesweeper_mu500_system:u_system|minesweeper_metrics:u_metrics|lpm_mult:Mult2|mult_u9t:auto_generated|mac_mult1                                                                     ; DATAA            ;                       ;
; minesweeper_jtag_top:u_top|minesweeper_mu500_system:u_system|active_width[3]                                                                                                            ; Duplicated      ; Register Packing ; Timing optimization ; Q         ;                ; minesweeper_jtag_top:u_top|minesweeper_mu500_system:u_system|active_width[3]~_Duplicate_1                                                                                                                       ; Q                ;                       ;
; minesweeper_jtag_top:u_top|minesweeper_mu500_system:u_system|active_width[4]                                                                                                            ; Packed Register ; Register Packing ; Timing optimization ; Q         ;                ; minesweeper_jtag_top:u_top|minesweeper_mu500_system:u_system|minesweeper_metrics:u_metrics|lpm_mult:Mult2|mult_u9t:auto_generated|mac_mult1                                                                     ; DATAA            ;                       ;
; minesweeper_jtag_top:u_top|minesweeper_mu500_system:u_system|active_width[4]                                                                                                            ; Duplicated      ; Register Packing ; Timing optimization ; Q         ;                ; minesweeper_jtag_top:u_top|minesweeper_mu500_system:u_system|active_width[4]~_Duplicate_1                                                                                                                       ; Q                ;                       ;
; minesweeper_jtag_top:u_top|minesweeper_mu500_system:u_system|minesweeper_deterministic_system:g_deterministic.u_core|minesweeper_solver_deterministic:u_solver|best_candidate_mines[0]  ; Packed Register ; Register Packing ; Timing optimization ; Q         ;                ; minesweeper_jtag_top:u_top|minesweeper_mu500_system:u_system|minesweeper_deterministic_system:g_deterministic.u_core|minesweeper_solver_deterministic:u_solver|lpm_mult:Mult1|mult_4dt:auto_generated|mac_mult1 ; DATAA            ;                       ;
; minesweeper_jtag_top:u_top|minesweeper_mu500_system:u_system|minesweeper_deterministic_system:g_deterministic.u_core|minesweeper_solver_deterministic:u_solver|best_candidate_mines[1]  ; Packed Register ; Register Packing ; Timing optimization ; Q         ;                ; minesweeper_jtag_top:u_top|minesweeper_mu500_system:u_system|minesweeper_deterministic_system:g_deterministic.u_core|minesweeper_solver_deterministic:u_solver|lpm_mult:Mult1|mult_4dt:auto_generated|mac_mult1 ; DATAA            ;                       ;
; minesweeper_jtag_top:u_top|minesweeper_mu500_system:u_system|minesweeper_deterministic_system:g_deterministic.u_core|minesweeper_solver_deterministic:u_solver|best_candidate_mines[2]  ; Packed Register ; Register Packing ; Timing optimization ; Q         ;                ; minesweeper_jtag_top:u_top|minesweeper_mu500_system:u_system|minesweeper_deterministic_system:g_deterministic.u_core|minesweeper_solver_deterministic:u_solver|lpm_mult:Mult1|mult_4dt:auto_generated|mac_mult1 ; DATAA            ;                       ;
; minesweeper_jtag_top:u_top|minesweeper_mu500_system:u_system|minesweeper_deterministic_system:g_deterministic.u_core|minesweeper_solver_deterministic:u_solver|best_candidate_mines[3]  ; Packed Register ; Register Packing ; Timing optimization ; Q         ;                ; minesweeper_jtag_top:u_top|minesweeper_mu500_system:u_system|minesweeper_deterministic_system:g_deterministic.u_core|minesweeper_solver_deterministic:u_solver|lpm_mult:Mult1|mult_4dt:auto_generated|mac_mult1 ; DATAA            ;                       ;
; minesweeper_jtag_top:u_top|minesweeper_mu500_system:u_system|minesweeper_deterministic_system:g_deterministic.u_core|minesweeper_solver_deterministic:u_solver|best_candidate_mines[4]  ; Packed Register ; Register Packing ; Timing optimization ; Q         ;                ; minesweeper_jtag_top:u_top|minesweeper_mu500_system:u_system|minesweeper_deterministic_system:g_deterministic.u_core|minesweeper_solver_deterministic:u_solver|lpm_mult:Mult1|mult_4dt:auto_generated|mac_mult1 ; DATAA            ;                       ;
; minesweeper_jtag_top:u_top|minesweeper_mu500_system:u_system|minesweeper_deterministic_system:g_deterministic.u_core|minesweeper_solver_deterministic:u_solver|best_candidate_mines[5]  ; Packed Register ; Register Packing ; Timing optimization ; Q         ;                ; minesweeper_jtag_top:u_top|minesweeper_mu500_system:u_system|minesweeper_deterministic_system:g_deterministic.u_core|minesweeper_solver_deterministic:u_solver|lpm_mult:Mult1|mult_4dt:auto_generated|mac_mult1 ; DATAA            ;                       ;
; minesweeper_jtag_top:u_top|minesweeper_mu500_system:u_system|minesweeper_deterministic_system:g_deterministic.u_core|minesweeper_solver_deterministic:u_solver|best_candidate_mines[6]  ; Packed Register ; Register Packing ; Timing optimization ; Q         ;                ; minesweeper_jtag_top:u_top|minesweeper_mu500_system:u_system|minesweeper_deterministic_system:g_deterministic.u_core|minesweeper_solver_deterministic:u_solver|lpm_mult:Mult1|mult_4dt:auto_generated|mac_mult1 ; DATAA            ;                       ;
; minesweeper_jtag_top:u_top|minesweeper_mu500_system:u_system|minesweeper_deterministic_system:g_deterministic.u_core|minesweeper_solver_deterministic:u_solver|best_candidate_mines[7]  ; Packed Register ; Register Packing ; Timing optimization ; Q         ;                ; minesweeper_jtag_top:u_top|minesweeper_mu500_system:u_system|minesweeper_deterministic_system:g_deterministic.u_core|minesweeper_solver_deterministic:u_solver|lpm_mult:Mult1|mult_4dt:auto_generated|mac_mult1 ; DATAA            ;                       ;
; minesweeper_jtag_top:u_top|minesweeper_mu500_system:u_system|minesweeper_deterministic_system:g_deterministic.u_core|minesweeper_solver_deterministic:u_solver|best_candidate_mines[8]  ; Packed Register ; Register Packing ; Timing optimization ; Q         ;                ; minesweeper_jtag_top:u_top|minesweeper_mu500_system:u_system|minesweeper_deterministic_system:g_deterministic.u_core|minesweeper_solver_deterministic:u_solver|lpm_mult:Mult1|mult_4dt:auto_generated|mac_mult1 ; DATAA            ;                       ;
; minesweeper_jtag_top:u_top|minesweeper_mu500_system:u_system|minesweeper_deterministic_system:g_deterministic.u_core|minesweeper_solver_deterministic:u_solver|best_candidate_mines[9]  ; Packed Register ; Register Packing ; Timing optimization ; Q         ;                ; minesweeper_jtag_top:u_top|minesweeper_mu500_system:u_system|minesweeper_deterministic_system:g_deterministic.u_core|minesweeper_solver_deterministic:u_solver|lpm_mult:Mult1|mult_4dt:auto_generated|mac_mult1 ; DATAA            ;                       ;
; minesweeper_jtag_top:u_top|minesweeper_mu500_system:u_system|minesweeper_deterministic_system:g_deterministic.u_core|minesweeper_solver_deterministic:u_solver|best_candidate_mines[10] ; Packed Register ; Register Packing ; Timing optimization ; Q         ;                ; minesweeper_jtag_top:u_top|minesweeper_mu500_system:u_system|minesweeper_deterministic_system:g_deterministic.u_core|minesweeper_solver_deterministic:u_solver|lpm_mult:Mult1|mult_4dt:auto_generated|mac_mult1 ; DATAA            ;                       ;
; minesweeper_jtag_top:u_top|minesweeper_mu500_system:u_system|minesweeper_deterministic_system:g_deterministic.u_core|minesweeper_solver_deterministic:u_solver|best_candidate_mines[11] ; Packed Register ; Register Packing ; Timing optimization ; Q         ;                ; minesweeper_jtag_top:u_top|minesweeper_mu500_system:u_system|minesweeper_deterministic_system:g_deterministic.u_core|minesweeper_solver_deterministic:u_solver|lpm_mult:Mult1|mult_4dt:auto_generated|mac_mult1 ; DATAA            ;                       ;
; minesweeper_jtag_top:u_top|minesweeper_mu500_system:u_system|minesweeper_deterministic_system:g_deterministic.u_core|minesweeper_solver_deterministic:u_solver|best_candidate_mines[12] ; Packed Register ; Register Packing ; Timing optimization ; Q         ;                ; minesweeper_jtag_top:u_top|minesweeper_mu500_system:u_system|minesweeper_deterministic_system:g_deterministic.u_core|minesweeper_solver_deterministic:u_solver|lpm_mult:Mult1|mult_4dt:auto_generated|mac_mult1 ; DATAA            ;                       ;
; minesweeper_jtag_top:u_top|minesweeper_mu500_system:u_system|minesweeper_deterministic_system:g_deterministic.u_core|minesweeper_solver_deterministic:u_solver|best_candidate_ways[0]   ; Packed Register ; Register Packing ; Timing optimization ; Q         ;                ; minesweeper_jtag_top:u_top|minesweeper_mu500_system:u_system|minesweeper_deterministic_system:g_deterministic.u_core|minesweeper_solver_deterministic:u_solver|lpm_mult:Mult0|mult_4dt:auto_generated|mac_mult1 ; DATAB            ;                       ;
; minesweeper_jtag_top:u_top|minesweeper_mu500_system:u_system|minesweeper_deterministic_system:g_deterministic.u_core|minesweeper_solver_deterministic:u_solver|best_candidate_ways[1]   ; Packed Register ; Register Packing ; Timing optimization ; Q         ;                ; minesweeper_jtag_top:u_top|minesweeper_mu500_system:u_system|minesweeper_deterministic_system:g_deterministic.u_core|minesweeper_solver_deterministic:u_solver|lpm_mult:Mult0|mult_4dt:auto_generated|mac_mult1 ; DATAB            ;                       ;
; minesweeper_jtag_top:u_top|minesweeper_mu500_system:u_system|minesweeper_deterministic_system:g_deterministic.u_core|minesweeper_solver_deterministic:u_solver|best_candidate_ways[2]   ; Packed Register ; Register Packing ; Timing optimization ; Q         ;                ; minesweeper_jtag_top:u_top|minesweeper_mu500_system:u_system|minesweeper_deterministic_system:g_deterministic.u_core|minesweeper_solver_deterministic:u_solver|lpm_mult:Mult0|mult_4dt:auto_generated|mac_mult1 ; DATAB            ;                       ;
; minesweeper_jtag_top:u_top|minesweeper_mu500_system:u_system|minesweeper_deterministic_system:g_deterministic.u_core|minesweeper_solver_deterministic:u_solver|best_candidate_ways[3]   ; Packed Register ; Register Packing ; Timing optimization ; Q         ;                ; minesweeper_jtag_top:u_top|minesweeper_mu500_system:u_system|minesweeper_deterministic_system:g_deterministic.u_core|minesweeper_solver_deterministic:u_solver|lpm_mult:Mult0|mult_4dt:auto_generated|mac_mult1 ; DATAB            ;                       ;
; minesweeper_jtag_top:u_top|minesweeper_mu500_system:u_system|minesweeper_deterministic_system:g_deterministic.u_core|minesweeper_solver_deterministic:u_solver|best_candidate_ways[4]   ; Packed Register ; Register Packing ; Timing optimization ; Q         ;                ; minesweeper_jtag_top:u_top|minesweeper_mu500_system:u_system|minesweeper_deterministic_system:g_deterministic.u_core|minesweeper_solver_deterministic:u_solver|lpm_mult:Mult0|mult_4dt:auto_generated|mac_mult1 ; DATAB            ;                       ;
; minesweeper_jtag_top:u_top|minesweeper_mu500_system:u_system|minesweeper_deterministic_system:g_deterministic.u_core|minesweeper_solver_deterministic:u_solver|best_candidate_ways[5]   ; Packed Register ; Register Packing ; Timing optimization ; Q         ;                ; minesweeper_jtag_top:u_top|minesweeper_mu500_system:u_system|minesweeper_deterministic_system:g_deterministic.u_core|minesweeper_solver_deterministic:u_solver|lpm_mult:Mult0|mult_4dt:auto_generated|mac_mult1 ; DATAB            ;                       ;
; minesweeper_jtag_top:u_top|minesweeper_mu500_system:u_system|minesweeper_deterministic_system:g_deterministic.u_core|minesweeper_solver_deterministic:u_solver|best_candidate_ways[6]   ; Packed Register ; Register Packing ; Timing optimization ; Q         ;                ; minesweeper_jtag_top:u_top|minesweeper_mu500_system:u_system|minesweeper_deterministic_system:g_deterministic.u_core|minesweeper_solver_deterministic:u_solver|lpm_mult:Mult0|mult_4dt:auto_generated|mac_mult1 ; DATAB            ;                       ;
; minesweeper_jtag_top:u_top|minesweeper_mu500_system:u_system|minesweeper_deterministic_system:g_deterministic.u_core|minesweeper_solver_deterministic:u_solver|best_candidate_ways[7]   ; Packed Register ; Register Packing ; Timing optimization ; Q         ;                ; minesweeper_jtag_top:u_top|minesweeper_mu500_system:u_system|minesweeper_deterministic_system:g_deterministic.u_core|minesweeper_solver_deterministic:u_solver|lpm_mult:Mult0|mult_4dt:auto_generated|mac_mult1 ; DATAB            ;                       ;
; minesweeper_jtag_top:u_top|minesweeper_mu500_system:u_system|minesweeper_deterministic_system:g_deterministic.u_core|minesweeper_solver_deterministic:u_solver|best_candidate_ways[8]   ; Packed Register ; Register Packing ; Timing optimization ; Q         ;                ; minesweeper_jtag_top:u_top|minesweeper_mu500_system:u_system|minesweeper_deterministic_system:g_deterministic.u_core|minesweeper_solver_deterministic:u_solver|lpm_mult:Mult0|mult_4dt:auto_generated|mac_mult1 ; DATAB            ;                       ;
; minesweeper_jtag_top:u_top|minesweeper_mu500_system:u_system|minesweeper_deterministic_system:g_deterministic.u_core|minesweeper_solver_deterministic:u_solver|best_candidate_ways[9]   ; Packed Register ; Register Packing ; Timing optimization ; Q         ;                ; minesweeper_jtag_top:u_top|minesweeper_mu500_system:u_system|minesweeper_deterministic_system:g_deterministic.u_core|minesweeper_solver_deterministic:u_solver|lpm_mult:Mult0|mult_4dt:auto_generated|mac_mult1 ; DATAB            ;                       ;
; minesweeper_jtag_top:u_top|minesweeper_mu500_system:u_system|minesweeper_deterministic_system:g_deterministic.u_core|minesweeper_solver_deterministic:u_solver|best_candidate_ways[10]  ; Packed Register ; Register Packing ; Timing optimization ; Q         ;                ; minesweeper_jtag_top:u_top|minesweeper_mu500_system:u_system|minesweeper_deterministic_system:g_deterministic.u_core|minesweeper_solver_deterministic:u_solver|lpm_mult:Mult0|mult_4dt:auto_generated|mac_mult1 ; DATAB            ;                       ;
; minesweeper_jtag_top:u_top|minesweeper_mu500_system:u_system|minesweeper_deterministic_system:g_deterministic.u_core|minesweeper_solver_deterministic:u_solver|best_candidate_ways[11]  ; Packed Register ; Register Packing ; Timing optimization ; Q         ;                ; minesweeper_jtag_top:u_top|minesweeper_mu500_system:u_system|minesweeper_deterministic_system:g_deterministic.u_core|minesweeper_solver_deterministic:u_solver|lpm_mult:Mult0|mult_4dt:auto_generated|mac_mult1 ; DATAB            ;                       ;
; minesweeper_jtag_top:u_top|minesweeper_mu500_system:u_system|minesweeper_deterministic_system:g_deterministic.u_core|minesweeper_solver_deterministic:u_solver|best_candidate_ways[12]  ; Packed Register ; Register Packing ; Timing optimization ; Q         ;                ; minesweeper_jtag_top:u_top|minesweeper_mu500_system:u_system|minesweeper_deterministic_system:g_deterministic.u_core|minesweeper_solver_deterministic:u_solver|lpm_mult:Mult0|mult_4dt:auto_generated|mac_mult1 ; DATAB            ;                       ;
; minesweeper_jtag_top:u_top|minesweeper_mu500_system:u_system|minesweeper_deterministic_system:g_deterministic.u_core|minesweeper_solver_deterministic:u_solver|height[0]                ; Packed Register ; Register Packing ; Timing optimization ; Q         ;                ; minesweeper_jtag_top:u_top|minesweeper_mu500_system:u_system|minesweeper_deterministic_system:g_deterministic.u_core|minesweeper_solver_deterministic:u_solver|lpm_mult:Mult2|mult_u9t:auto_generated|mac_mult1 ; DATAB            ;                       ;
; minesweeper_jtag_top:u_top|minesweeper_mu500_system:u_system|minesweeper_deterministic_system:g_deterministic.u_core|minesweeper_solver_deterministic:u_solver|height[0]                ; Duplicated      ; Register Packing ; Timing optimization ; Q         ;                ; minesweeper_jtag_top:u_top|minesweeper_mu500_system:u_system|minesweeper_deterministic_system:g_deterministic.u_core|minesweeper_solver_deterministic:u_solver|height[0]~_Duplicate_1                           ; Q                ;                       ;
; minesweeper_jtag_top:u_top|minesweeper_mu500_system:u_system|minesweeper_deterministic_system:g_deterministic.u_core|minesweeper_solver_deterministic:u_solver|height[1]                ; Packed Register ; Register Packing ; Timing optimization ; Q         ;                ; minesweeper_jtag_top:u_top|minesweeper_mu500_system:u_system|minesweeper_deterministic_system:g_deterministic.u_core|minesweeper_solver_deterministic:u_solver|lpm_mult:Mult2|mult_u9t:auto_generated|mac_mult1 ; DATAB            ;                       ;
; minesweeper_jtag_top:u_top|minesweeper_mu500_system:u_system|minesweeper_deterministic_system:g_deterministic.u_core|minesweeper_solver_deterministic:u_solver|height[1]                ; Duplicated      ; Register Packing ; Timing optimization ; Q         ;                ; minesweeper_jtag_top:u_top|minesweeper_mu500_system:u_system|minesweeper_deterministic_system:g_deterministic.u_core|minesweeper_solver_deterministic:u_solver|height[1]~_Duplicate_1                           ; Q                ;                       ;
; minesweeper_jtag_top:u_top|minesweeper_mu500_system:u_system|minesweeper_deterministic_system:g_deterministic.u_core|minesweeper_solver_deterministic:u_solver|height[2]                ; Packed Register ; Register Packing ; Timing optimization ; Q         ;                ; minesweeper_jtag_top:u_top|minesweeper_mu500_system:u_system|minesweeper_deterministic_system:g_deterministic.u_core|minesweeper_solver_deterministic:u_solver|lpm_mult:Mult2|mult_u9t:auto_generated|mac_mult1 ; DATAB            ;                       ;
; minesweeper_jtag_top:u_top|minesweeper_mu500_system:u_system|minesweeper_deterministic_system:g_deterministic.u_core|minesweeper_solver_deterministic:u_solver|height[2]                ; Duplicated      ; Register Packing ; Timing optimization ; Q         ;                ; minesweeper_jtag_top:u_top|minesweeper_mu500_system:u_system|minesweeper_deterministic_system:g_deterministic.u_core|minesweeper_solver_deterministic:u_solver|height[2]~_Duplicate_1                           ; Q                ;                       ;
; minesweeper_jtag_top:u_top|minesweeper_mu500_system:u_system|minesweeper_deterministic_system:g_deterministic.u_core|minesweeper_solver_deterministic:u_solver|height[3]                ; Packed Register ; Register Packing ; Timing optimization ; Q         ;                ; minesweeper_jtag_top:u_top|minesweeper_mu500_system:u_system|minesweeper_deterministic_system:g_deterministic.u_core|minesweeper_solver_deterministic:u_solver|lpm_mult:Mult2|mult_u9t:auto_generated|mac_mult1 ; DATAB            ;                       ;
; minesweeper_jtag_top:u_top|minesweeper_mu500_system:u_system|minesweeper_deterministic_system:g_deterministic.u_core|minesweeper_solver_deterministic:u_solver|height[3]                ; Duplicated      ; Register Packing ; Timing optimization ; Q         ;                ; minesweeper_jtag_top:u_top|minesweeper_mu500_system:u_system|minesweeper_deterministic_system:g_deterministic.u_core|minesweeper_solver_deterministic:u_solver|height[3]~_Duplicate_1                           ; Q                ;                       ;
; minesweeper_jtag_top:u_top|minesweeper_mu500_system:u_system|minesweeper_deterministic_system:g_deterministic.u_core|minesweeper_solver_deterministic:u_solver|height[4]                ; Packed Register ; Register Packing ; Timing optimization ; Q         ;                ; minesweeper_jtag_top:u_top|minesweeper_mu500_system:u_system|minesweeper_deterministic_system:g_deterministic.u_core|minesweeper_solver_deterministic:u_solver|lpm_mult:Mult2|mult_u9t:auto_generated|mac_mult1 ; DATAB            ;                       ;
; minesweeper_jtag_top:u_top|minesweeper_mu500_system:u_system|minesweeper_deterministic_system:g_deterministic.u_core|minesweeper_solver_deterministic:u_solver|height[4]                ; Duplicated      ; Register Packing ; Timing optimization ; Q         ;                ; minesweeper_jtag_top:u_top|minesweeper_mu500_system:u_system|minesweeper_deterministic_system:g_deterministic.u_core|minesweeper_solver_deterministic:u_solver|height[4]~_Duplicate_1                           ; Q                ;                       ;
; minesweeper_jtag_top:u_top|minesweeper_mu500_system:u_system|minesweeper_deterministic_system:g_deterministic.u_core|minesweeper_solver_deterministic:u_solver|width[0]                 ; Packed Register ; Register Packing ; Timing optimization ; Q         ;                ; minesweeper_jtag_top:u_top|minesweeper_mu500_system:u_system|minesweeper_deterministic_system:g_deterministic.u_core|minesweeper_solver_deterministic:u_solver|lpm_mult:Mult2|mult_u9t:auto_generated|mac_mult1 ; DATAA            ;                       ;
; minesweeper_jtag_top:u_top|minesweeper_mu500_system:u_system|minesweeper_deterministic_system:g_deterministic.u_core|minesweeper_solver_deterministic:u_solver|width[0]                 ; Duplicated      ; Register Packing ; Timing optimization ; Q         ;                ; minesweeper_jtag_top:u_top|minesweeper_mu500_system:u_system|minesweeper_deterministic_system:g_deterministic.u_core|minesweeper_solver_deterministic:u_solver|width[0]~_Duplicate_1                            ; Q                ;                       ;
; minesweeper_jtag_top:u_top|minesweeper_mu500_system:u_system|minesweeper_deterministic_system:g_deterministic.u_core|minesweeper_solver_deterministic:u_solver|width[1]                 ; Packed Register ; Register Packing ; Timing optimization ; Q         ;                ; minesweeper_jtag_top:u_top|minesweeper_mu500_system:u_system|minesweeper_deterministic_system:g_deterministic.u_core|minesweeper_solver_deterministic:u_solver|lpm_mult:Mult2|mult_u9t:auto_generated|mac_mult1 ; DATAA            ;                       ;
; minesweeper_jtag_top:u_top|minesweeper_mu500_system:u_system|minesweeper_deterministic_system:g_deterministic.u_core|minesweeper_solver_deterministic:u_solver|width[1]                 ; Duplicated      ; Register Packing ; Timing optimization ; Q         ;                ; minesweeper_jtag_top:u_top|minesweeper_mu500_system:u_system|minesweeper_deterministic_system:g_deterministic.u_core|minesweeper_solver_deterministic:u_solver|width[1]~_Duplicate_1                            ; Q                ;                       ;
; minesweeper_jtag_top:u_top|minesweeper_mu500_system:u_system|minesweeper_deterministic_system:g_deterministic.u_core|minesweeper_solver_deterministic:u_solver|width[2]                 ; Packed Register ; Register Packing ; Timing optimization ; Q         ;                ; minesweeper_jtag_top:u_top|minesweeper_mu500_system:u_system|minesweeper_deterministic_system:g_deterministic.u_core|minesweeper_solver_deterministic:u_solver|lpm_mult:Mult2|mult_u9t:auto_generated|mac_mult1 ; DATAA            ;                       ;
; minesweeper_jtag_top:u_top|minesweeper_mu500_system:u_system|minesweeper_deterministic_system:g_deterministic.u_core|minesweeper_solver_deterministic:u_solver|width[2]                 ; Duplicated      ; Register Packing ; Timing optimization ; Q         ;                ; minesweeper_jtag_top:u_top|minesweeper_mu500_system:u_system|minesweeper_deterministic_system:g_deterministic.u_core|minesweeper_solver_deterministic:u_solver|width[2]~_Duplicate_1                            ; Q                ;                       ;
; minesweeper_jtag_top:u_top|minesweeper_mu500_system:u_system|minesweeper_deterministic_system:g_deterministic.u_core|minesweeper_solver_deterministic:u_solver|width[3]                 ; Packed Register ; Register Packing ; Timing optimization ; Q         ;                ; minesweeper_jtag_top:u_top|minesweeper_mu500_system:u_system|minesweeper_deterministic_system:g_deterministic.u_core|minesweeper_solver_deterministic:u_solver|lpm_mult:Mult2|mult_u9t:auto_generated|mac_mult1 ; DATAA            ;                       ;
; minesweeper_jtag_top:u_top|minesweeper_mu500_system:u_system|minesweeper_deterministic_system:g_deterministic.u_core|minesweeper_solver_deterministic:u_solver|width[3]                 ; Duplicated      ; Register Packing ; Timing optimization ; Q         ;                ; minesweeper_jtag_top:u_top|minesweeper_mu500_system:u_system|minesweeper_deterministic_system:g_deterministic.u_core|minesweeper_solver_deterministic:u_solver|width[3]~_Duplicate_1                            ; Q                ;                       ;
; minesweeper_jtag_top:u_top|minesweeper_mu500_system:u_system|minesweeper_deterministic_system:g_deterministic.u_core|minesweeper_solver_deterministic:u_solver|width[4]                 ; Packed Register ; Register Packing ; Timing optimization ; Q         ;                ; minesweeper_jtag_top:u_top|minesweeper_mu500_system:u_system|minesweeper_deterministic_system:g_deterministic.u_core|minesweeper_solver_deterministic:u_solver|lpm_mult:Mult2|mult_u9t:auto_generated|mac_mult1 ; DATAA            ;                       ;
; minesweeper_jtag_top:u_top|minesweeper_mu500_system:u_system|minesweeper_deterministic_system:g_deterministic.u_core|minesweeper_solver_deterministic:u_solver|width[4]                 ; Duplicated      ; Register Packing ; Timing optimization ; Q         ;                ; minesweeper_jtag_top:u_top|minesweeper_mu500_system:u_system|minesweeper_deterministic_system:g_deterministic.u_core|minesweeper_solver_deterministic:u_solver|width[4]~_Duplicate_1                            ; Q                ;                       ;
; minesweeper_jtag_top:u_top|minesweeper_mu500_system:u_system|minesweeper_metrics:u_metrics|current_mines[0]                                                                             ; Packed Register ; Register Packing ; Timing optimization ; Q         ;                ; minesweeper_jtag_top:u_top|minesweeper_mu500_system:u_system|minesweeper_metrics:u_metrics|lpm_mult:Mult1|mult_pbt:auto_generated|mac_mult1                                                                     ; DATAA            ;                       ;
; minesweeper_jtag_top:u_top|minesweeper_mu500_system:u_system|minesweeper_metrics:u_metrics|current_mines[0]                                                                             ; Duplicated      ; Register Packing ; Timing optimization ; Q         ;                ; minesweeper_jtag_top:u_top|minesweeper_mu500_system:u_system|minesweeper_metrics:u_metrics|current_mines[0]~_Duplicate_1                                                                                        ; Q                ;                       ;
; minesweeper_jtag_top:u_top|minesweeper_mu500_system:u_system|minesweeper_metrics:u_metrics|current_mines[1]                                                                             ; Packed Register ; Register Packing ; Timing optimization ; Q         ;                ; minesweeper_jtag_top:u_top|minesweeper_mu500_system:u_system|minesweeper_metrics:u_metrics|lpm_mult:Mult1|mult_pbt:auto_generated|mac_mult1                                                                     ; DATAA            ;                       ;
; minesweeper_jtag_top:u_top|minesweeper_mu500_system:u_system|minesweeper_metrics:u_metrics|current_mines[1]                                                                             ; Duplicated      ; Register Packing ; Timing optimization ; Q         ;                ; minesweeper_jtag_top:u_top|minesweeper_mu500_system:u_system|minesweeper_metrics:u_metrics|current_mines[1]~_Duplicate_1                                                                                        ; Q                ;                       ;
; minesweeper_jtag_top:u_top|minesweeper_mu500_system:u_system|minesweeper_metrics:u_metrics|current_mines[2]                                                                             ; Packed Register ; Register Packing ; Timing optimization ; Q         ;                ; minesweeper_jtag_top:u_top|minesweeper_mu500_system:u_system|minesweeper_metrics:u_metrics|lpm_mult:Mult1|mult_pbt:auto_generated|mac_mult1                                                                     ; DATAA            ;                       ;
; minesweeper_jtag_top:u_top|minesweeper_mu500_system:u_system|minesweeper_metrics:u_metrics|current_mines[2]                                                                             ; Duplicated      ; Register Packing ; Timing optimization ; Q         ;                ; minesweeper_jtag_top:u_top|minesweeper_mu500_system:u_system|minesweeper_metrics:u_metrics|current_mines[2]~_Duplicate_1                                                                                        ; Q                ;                       ;
; minesweeper_jtag_top:u_top|minesweeper_mu500_system:u_system|minesweeper_metrics:u_metrics|current_mines[3]                                                                             ; Packed Register ; Register Packing ; Timing optimization ; Q         ;                ; minesweeper_jtag_top:u_top|minesweeper_mu500_system:u_system|minesweeper_metrics:u_metrics|lpm_mult:Mult1|mult_pbt:auto_generated|mac_mult1                                                                     ; DATAA            ;                       ;
; minesweeper_jtag_top:u_top|minesweeper_mu500_system:u_system|minesweeper_metrics:u_metrics|current_mines[3]                                                                             ; Duplicated      ; Register Packing ; Timing optimization ; Q         ;                ; minesweeper_jtag_top:u_top|minesweeper_mu500_system:u_system|minesweeper_metrics:u_metrics|current_mines[3]~_Duplicate_1                                                                                        ; Q                ;                       ;
; minesweeper_jtag_top:u_top|minesweeper_mu500_system:u_system|minesweeper_metrics:u_metrics|current_mines[4]                                                                             ; Packed Register ; Register Packing ; Timing optimization ; Q         ;                ; minesweeper_jtag_top:u_top|minesweeper_mu500_system:u_system|minesweeper_metrics:u_metrics|lpm_mult:Mult1|mult_pbt:auto_generated|mac_mult1                                                                     ; DATAA            ;                       ;
; minesweeper_jtag_top:u_top|minesweeper_mu500_system:u_system|minesweeper_metrics:u_metrics|current_mines[4]                                                                             ; Duplicated      ; Register Packing ; Timing optimization ; Q         ;                ; minesweeper_jtag_top:u_top|minesweeper_mu500_system:u_system|minesweeper_metrics:u_metrics|current_mines[4]~_Duplicate_1                                                                                        ; Q                ;                       ;
; minesweeper_jtag_top:u_top|minesweeper_mu500_system:u_system|minesweeper_metrics:u_metrics|current_mines[5]                                                                             ; Packed Register ; Register Packing ; Timing optimization ; Q         ;                ; minesweeper_jtag_top:u_top|minesweeper_mu500_system:u_system|minesweeper_metrics:u_metrics|lpm_mult:Mult1|mult_pbt:auto_generated|mac_mult1                                                                     ; DATAA            ;                       ;
; minesweeper_jtag_top:u_top|minesweeper_mu500_system:u_system|minesweeper_metrics:u_metrics|current_mines[5]                                                                             ; Duplicated      ; Register Packing ; Timing optimization ; Q         ;                ; minesweeper_jtag_top:u_top|minesweeper_mu500_system:u_system|minesweeper_metrics:u_metrics|current_mines[5]~_Duplicate_1                                                                                        ; Q                ;                       ;
; minesweeper_jtag_top:u_top|minesweeper_mu500_system:u_system|minesweeper_metrics:u_metrics|current_mines[6]                                                                             ; Packed Register ; Register Packing ; Timing optimization ; Q         ;                ; minesweeper_jtag_top:u_top|minesweeper_mu500_system:u_system|minesweeper_metrics:u_metrics|lpm_mult:Mult1|mult_pbt:auto_generated|mac_mult1                                                                     ; DATAA            ;                       ;
; minesweeper_jtag_top:u_top|minesweeper_mu500_system:u_system|minesweeper_metrics:u_metrics|current_mines[6]                                                                             ; Duplicated      ; Register Packing ; Timing optimization ; Q         ;                ; minesweeper_jtag_top:u_top|minesweeper_mu500_system:u_system|minesweeper_metrics:u_metrics|current_mines[6]~_Duplicate_1                                                                                        ; Q                ;                       ;
; minesweeper_jtag_top:u_top|minesweeper_mu500_system:u_system|minesweeper_metrics:u_metrics|current_mines[7]                                                                             ; Packed Register ; Register Packing ; Timing optimization ; Q         ;                ; minesweeper_jtag_top:u_top|minesweeper_mu500_system:u_system|minesweeper_metrics:u_metrics|lpm_mult:Mult1|mult_pbt:auto_generated|mac_mult1                                                                     ; DATAA            ;                       ;
; minesweeper_jtag_top:u_top|minesweeper_mu500_system:u_system|minesweeper_metrics:u_metrics|current_mines[7]                                                                             ; Duplicated      ; Register Packing ; Timing optimization ; Q         ;                ; minesweeper_jtag_top:u_top|minesweeper_mu500_system:u_system|minesweeper_metrics:u_metrics|current_mines[7]~_Duplicate_1                                                                                        ; Q                ;                       ;
; minesweeper_jtag_top:u_top|minesweeper_mu500_system:u_system|minesweeper_metrics:u_metrics|current_mines[8]                                                                             ; Packed Register ; Register Packing ; Timing optimization ; Q         ;                ; minesweeper_jtag_top:u_top|minesweeper_mu500_system:u_system|minesweeper_metrics:u_metrics|lpm_mult:Mult1|mult_pbt:auto_generated|mac_mult1                                                                     ; DATAA            ;                       ;
; minesweeper_jtag_top:u_top|minesweeper_mu500_system:u_system|minesweeper_metrics:u_metrics|current_mines[8]                                                                             ; Duplicated      ; Register Packing ; Timing optimization ; Q         ;                ; minesweeper_jtag_top:u_top|minesweeper_mu500_system:u_system|minesweeper_metrics:u_metrics|current_mines[8]~_Duplicate_1                                                                                        ; Q                ;                       ;
; minesweeper_jtag_top:u_top|minesweeper_mu500_system:u_system|minesweeper_metrics:u_metrics|current_safe[0]                                                                              ; Packed Register ; Register Packing ; Timing optimization ; Q         ;                ; minesweeper_jtag_top:u_top|minesweeper_mu500_system:u_system|minesweeper_metrics:u_metrics|lpm_mult:Mult0|mult_eat:auto_generated|mac_mult1                                                                     ; DATAA            ;                       ;
; minesweeper_jtag_top:u_top|minesweeper_mu500_system:u_system|minesweeper_metrics:u_metrics|current_safe[0]                                                                              ; Duplicated      ; Register Packing ; Timing optimization ; Q         ;                ; minesweeper_jtag_top:u_top|minesweeper_mu500_system:u_system|minesweeper_metrics:u_metrics|current_safe[0]~_Duplicate_1                                                                                         ; Q                ;                       ;
; minesweeper_jtag_top:u_top|minesweeper_mu500_system:u_system|minesweeper_metrics:u_metrics|current_safe[1]                                                                              ; Packed Register ; Register Packing ; Timing optimization ; Q         ;                ; minesweeper_jtag_top:u_top|minesweeper_mu500_system:u_system|minesweeper_metrics:u_metrics|lpm_mult:Mult0|mult_eat:auto_generated|mac_mult1                                                                     ; DATAA            ;                       ;
; minesweeper_jtag_top:u_top|minesweeper_mu500_system:u_system|minesweeper_metrics:u_metrics|current_safe[1]                                                                              ; Duplicated      ; Register Packing ; Timing optimization ; Q         ;                ; minesweeper_jtag_top:u_top|minesweeper_mu500_system:u_system|minesweeper_metrics:u_metrics|current_safe[1]~_Duplicate_1                                                                                         ; Q                ;                       ;
; minesweeper_jtag_top:u_top|minesweeper_mu500_system:u_system|minesweeper_metrics:u_metrics|current_safe[2]                                                                              ; Packed Register ; Register Packing ; Timing optimization ; Q         ;                ; minesweeper_jtag_top:u_top|minesweeper_mu500_system:u_system|minesweeper_metrics:u_metrics|lpm_mult:Mult0|mult_eat:auto_generated|mac_mult1                                                                     ; DATAA            ;                       ;
; minesweeper_jtag_top:u_top|minesweeper_mu500_system:u_system|minesweeper_metrics:u_metrics|current_safe[2]                                                                              ; Duplicated      ; Register Packing ; Timing optimization ; Q         ;                ; minesweeper_jtag_top:u_top|minesweeper_mu500_system:u_system|minesweeper_metrics:u_metrics|current_safe[2]~_Duplicate_1                                                                                         ; Q                ;                       ;
; minesweeper_jtag_top:u_top|minesweeper_mu500_system:u_system|minesweeper_metrics:u_metrics|current_safe[3]                                                                              ; Packed Register ; Register Packing ; Timing optimization ; Q         ;                ; minesweeper_jtag_top:u_top|minesweeper_mu500_system:u_system|minesweeper_metrics:u_metrics|lpm_mult:Mult0|mult_eat:auto_generated|mac_mult1                                                                     ; DATAA            ;                       ;
; minesweeper_jtag_top:u_top|minesweeper_mu500_system:u_system|minesweeper_metrics:u_metrics|current_safe[3]                                                                              ; Duplicated      ; Register Packing ; Timing optimization ; Q         ;                ; minesweeper_jtag_top:u_top|minesweeper_mu500_system:u_system|minesweeper_metrics:u_metrics|current_safe[3]~_Duplicate_1                                                                                         ; Q                ;                       ;
; minesweeper_jtag_top:u_top|minesweeper_mu500_system:u_system|minesweeper_metrics:u_metrics|current_safe[4]                                                                              ; Packed Register ; Register Packing ; Timing optimization ; Q         ;                ; minesweeper_jtag_top:u_top|minesweeper_mu500_system:u_system|minesweeper_metrics:u_metrics|lpm_mult:Mult0|mult_eat:auto_generated|mac_mult1                                                                     ; DATAA            ;                       ;
; minesweeper_jtag_top:u_top|minesweeper_mu500_system:u_system|minesweeper_metrics:u_metrics|current_safe[4]                                                                              ; Duplicated      ; Register Packing ; Timing optimization ; Q         ;                ; minesweeper_jtag_top:u_top|minesweeper_mu500_system:u_system|minesweeper_metrics:u_metrics|current_safe[4]~_Duplicate_1                                                                                         ; Q                ;                       ;
; minesweeper_jtag_top:u_top|minesweeper_mu500_system:u_system|minesweeper_metrics:u_metrics|current_safe[5]                                                                              ; Packed Register ; Register Packing ; Timing optimization ; Q         ;                ; minesweeper_jtag_top:u_top|minesweeper_mu500_system:u_system|minesweeper_metrics:u_metrics|lpm_mult:Mult0|mult_eat:auto_generated|mac_mult1                                                                     ; DATAA            ;                       ;
; minesweeper_jtag_top:u_top|minesweeper_mu500_system:u_system|minesweeper_metrics:u_metrics|current_safe[5]                                                                              ; Duplicated      ; Register Packing ; Timing optimization ; Q         ;                ; minesweeper_jtag_top:u_top|minesweeper_mu500_system:u_system|minesweeper_metrics:u_metrics|current_safe[5]~_Duplicate_1                                                                                         ; Q                ;                       ;
; minesweeper_jtag_top:u_top|minesweeper_mu500_system:u_system|minesweeper_metrics:u_metrics|current_safe[6]                                                                              ; Packed Register ; Register Packing ; Timing optimization ; Q         ;                ; minesweeper_jtag_top:u_top|minesweeper_mu500_system:u_system|minesweeper_metrics:u_metrics|lpm_mult:Mult0|mult_eat:auto_generated|mac_mult1                                                                     ; DATAA            ;                       ;
; minesweeper_jtag_top:u_top|minesweeper_mu500_system:u_system|minesweeper_metrics:u_metrics|current_safe[6]                                                                              ; Duplicated      ; Register Packing ; Timing optimization ; Q         ;                ; minesweeper_jtag_top:u_top|minesweeper_mu500_system:u_system|minesweeper_metrics:u_metrics|current_safe[6]~_Duplicate_1                                                                                         ; Q                ;                       ;
; minesweeper_jtag_top:u_top|minesweeper_mu500_system:u_system|minesweeper_metrics:u_metrics|current_safe[7]                                                                              ; Packed Register ; Register Packing ; Timing optimization ; Q         ;                ; minesweeper_jtag_top:u_top|minesweeper_mu500_system:u_system|minesweeper_metrics:u_metrics|lpm_mult:Mult0|mult_eat:auto_generated|mac_mult1                                                                     ; DATAA            ;                       ;
; minesweeper_jtag_top:u_top|minesweeper_mu500_system:u_system|minesweeper_metrics:u_metrics|current_safe[7]                                                                              ; Duplicated      ; Register Packing ; Timing optimization ; Q         ;                ; minesweeper_jtag_top:u_top|minesweeper_mu500_system:u_system|minesweeper_metrics:u_metrics|current_safe[7]~_Duplicate_1                                                                                         ; Q                ;                       ;
; minesweeper_jtag_top:u_top|minesweeper_mu500_system:u_system|minesweeper_metrics:u_metrics|current_safe[8]                                                                              ; Packed Register ; Register Packing ; Timing optimization ; Q         ;                ; minesweeper_jtag_top:u_top|minesweeper_mu500_system:u_system|minesweeper_metrics:u_metrics|lpm_mult:Mult0|mult_eat:auto_generated|mac_mult1                                                                     ; DATAA            ;                       ;
; minesweeper_jtag_top:u_top|minesweeper_mu500_system:u_system|minesweeper_metrics:u_metrics|current_safe[8]                                                                              ; Duplicated      ; Register Packing ; Timing optimization ; Q         ;                ; minesweeper_jtag_top:u_top|minesweeper_mu500_system:u_system|minesweeper_metrics:u_metrics|current_safe[8]~_Duplicate_1                                                                                         ; Q                ;                       ;
; minesweeper_jtag_top:u_top|minesweeper_mu500_system:u_system|minesweeper_metrics:u_metrics|divider_denominator[0]                                                                       ; Packed Register ; Register Packing ; Timing optimization ; Q         ;                ; minesweeper_jtag_top:u_top|minesweeper_mu500_system:u_system|minesweeper_metrics:u_metrics|lpm_mult:Mult4|mult_obt:auto_generated|mac_out2                                                                      ; DATAOUT          ;                       ;
; minesweeper_jtag_top:u_top|minesweeper_mu500_system:u_system|minesweeper_metrics:u_metrics|divider_denominator[1]                                                                       ; Packed Register ; Register Packing ; Timing optimization ; Q         ;                ; minesweeper_jtag_top:u_top|minesweeper_mu500_system:u_system|minesweeper_metrics:u_metrics|divider_denominator[0]                                                                                               ; DATAOUT          ;                       ;
; minesweeper_jtag_top:u_top|minesweeper_mu500_system:u_system|minesweeper_metrics:u_metrics|divider_denominator[2]                                                                       ; Packed Register ; Register Packing ; Timing optimization ; Q         ;                ; minesweeper_jtag_top:u_top|minesweeper_mu500_system:u_system|minesweeper_metrics:u_metrics|divider_denominator[0]                                                                                               ; DATAOUT          ;                       ;
; minesweeper_jtag_top:u_top|minesweeper_mu500_system:u_system|minesweeper_metrics:u_metrics|divider_denominator[3]                                                                       ; Packed Register ; Register Packing ; Timing optimization ; Q         ;                ; minesweeper_jtag_top:u_top|minesweeper_mu500_system:u_system|minesweeper_metrics:u_metrics|divider_denominator[0]                                                                                               ; DATAOUT          ;                       ;
; minesweeper_jtag_top:u_top|minesweeper_mu500_system:u_system|minesweeper_metrics:u_metrics|divider_denominator[4]                                                                       ; Packed Register ; Register Packing ; Timing optimization ; Q         ;                ; minesweeper_jtag_top:u_top|minesweeper_mu500_system:u_system|minesweeper_metrics:u_metrics|divider_denominator[0]                                                                                               ; DATAOUT          ;                       ;
; minesweeper_jtag_top:u_top|minesweeper_mu500_system:u_system|minesweeper_metrics:u_metrics|divider_denominator[5]                                                                       ; Packed Register ; Register Packing ; Timing optimization ; Q         ;                ; minesweeper_jtag_top:u_top|minesweeper_mu500_system:u_system|minesweeper_metrics:u_metrics|divider_denominator[0]                                                                                               ; DATAOUT          ;                       ;
; minesweeper_jtag_top:u_top|minesweeper_mu500_system:u_system|minesweeper_metrics:u_metrics|divider_denominator[6]                                                                       ; Packed Register ; Register Packing ; Timing optimization ; Q         ;                ; minesweeper_jtag_top:u_top|minesweeper_mu500_system:u_system|minesweeper_metrics:u_metrics|divider_denominator[0]                                                                                               ; DATAOUT          ;                       ;
; minesweeper_jtag_top:u_top|minesweeper_mu500_system:u_system|minesweeper_metrics:u_metrics|divider_denominator[7]                                                                       ; Packed Register ; Register Packing ; Timing optimization ; Q         ;                ; minesweeper_jtag_top:u_top|minesweeper_mu500_system:u_system|minesweeper_metrics:u_metrics|divider_denominator[0]                                                                                               ; DATAOUT          ;                       ;
; minesweeper_jtag_top:u_top|minesweeper_mu500_system:u_system|minesweeper_metrics:u_metrics|divider_denominator[8]                                                                       ; Packed Register ; Register Packing ; Timing optimization ; Q         ;                ; minesweeper_jtag_top:u_top|minesweeper_mu500_system:u_system|minesweeper_metrics:u_metrics|divider_denominator[0]                                                                                               ; DATAOUT          ;                       ;
; minesweeper_jtag_top:u_top|minesweeper_mu500_system:u_system|minesweeper_metrics:u_metrics|divider_denominator[9]                                                                       ; Packed Register ; Register Packing ; Timing optimization ; Q         ;                ; minesweeper_jtag_top:u_top|minesweeper_mu500_system:u_system|minesweeper_metrics:u_metrics|divider_denominator[0]                                                                                               ; DATAOUT          ;                       ;
; minesweeper_jtag_top:u_top|minesweeper_mu500_system:u_system|minesweeper_metrics:u_metrics|divider_denominator[10]                                                                      ; Packed Register ; Register Packing ; Timing optimization ; Q         ;                ; minesweeper_jtag_top:u_top|minesweeper_mu500_system:u_system|minesweeper_metrics:u_metrics|divider_denominator[0]                                                                                               ; DATAOUT          ;                       ;
; minesweeper_jtag_top:u_top|minesweeper_mu500_system:u_system|minesweeper_metrics:u_metrics|divider_denominator[11]                                                                      ; Packed Register ; Register Packing ; Timing optimization ; Q         ;                ; minesweeper_jtag_top:u_top|minesweeper_mu500_system:u_system|minesweeper_metrics:u_metrics|divider_denominator[0]                                                                                               ; DATAOUT          ;                       ;
; minesweeper_jtag_top:u_top|minesweeper_mu500_system:u_system|minesweeper_metrics:u_metrics|divider_denominator[12]                                                                      ; Packed Register ; Register Packing ; Timing optimization ; Q         ;                ; minesweeper_jtag_top:u_top|minesweeper_mu500_system:u_system|minesweeper_metrics:u_metrics|divider_denominator[0]                                                                                               ; DATAOUT          ;                       ;
; minesweeper_jtag_top:u_top|minesweeper_mu500_system:u_system|minesweeper_metrics:u_metrics|divider_denominator[13]                                                                      ; Packed Register ; Register Packing ; Timing optimization ; Q         ;                ; minesweeper_jtag_top:u_top|minesweeper_mu500_system:u_system|minesweeper_metrics:u_metrics|divider_denominator[0]                                                                                               ; DATAOUT          ;                       ;
; minesweeper_jtag_top:u_top|minesweeper_mu500_system:u_system|minesweeper_metrics:u_metrics|divider_denominator[14]                                                                      ; Packed Register ; Register Packing ; Timing optimization ; Q         ;                ; minesweeper_jtag_top:u_top|minesweeper_mu500_system:u_system|minesweeper_metrics:u_metrics|divider_denominator[0]                                                                                               ; DATAOUT          ;                       ;
; minesweeper_jtag_top:u_top|minesweeper_mu500_system:u_system|minesweeper_metrics:u_metrics|divider_denominator[15]                                                                      ; Packed Register ; Register Packing ; Timing optimization ; Q         ;                ; minesweeper_jtag_top:u_top|minesweeper_mu500_system:u_system|minesweeper_metrics:u_metrics|divider_denominator[0]                                                                                               ; DATAOUT          ;                       ;
; minesweeper_jtag_top:u_top|minesweeper_mu500_system:u_system|minesweeper_metrics:u_metrics|divider_denominator[16]                                                                      ; Packed Register ; Register Packing ; Timing optimization ; Q         ;                ; minesweeper_jtag_top:u_top|minesweeper_mu500_system:u_system|minesweeper_metrics:u_metrics|divider_denominator[0]                                                                                               ; DATAOUT          ;                       ;
; minesweeper_jtag_top:u_top|minesweeper_mu500_system:u_system|minesweeper_metrics:u_metrics|divider_denominator[17]                                                                      ; Packed Register ; Register Packing ; Timing optimization ; Q         ;                ; minesweeper_jtag_top:u_top|minesweeper_mu500_system:u_system|minesweeper_metrics:u_metrics|divider_denominator[0]                                                                                               ; DATAOUT          ;                       ;
; minesweeper_jtag_top:u_top|minesweeper_mu500_system:u_system|minesweeper_metrics:u_metrics|divider_denominator[18]                                                                      ; Packed Register ; Register Packing ; Timing optimization ; Q         ;                ; minesweeper_jtag_top:u_top|minesweeper_mu500_system:u_system|minesweeper_metrics:u_metrics|divider_denominator[0]                                                                                               ; DATAOUT          ;                       ;
; minesweeper_jtag_top:u_top|minesweeper_mu500_system:u_system|minesweeper_metrics:u_metrics|mines_latched[0]                                                                             ; Packed Register ; Register Packing ; Timing optimization ; Q         ;                ; minesweeper_jtag_top:u_top|minesweeper_mu500_system:u_system|minesweeper_metrics:u_metrics|lpm_mult:Mult0|mult_eat:auto_generated|mac_mult1                                                                     ; DATAB            ;                       ;
; minesweeper_jtag_top:u_top|minesweeper_mu500_system:u_system|minesweeper_metrics:u_metrics|mines_latched[0]                                                                             ; Duplicated      ; Register Packing ; Timing optimization ; Q         ;                ; minesweeper_jtag_top:u_top|minesweeper_mu500_system:u_system|minesweeper_metrics:u_metrics|mines_latched[0]~_Duplicate_1                                                                                        ; Q                ;                       ;
; minesweeper_jtag_top:u_top|minesweeper_mu500_system:u_system|minesweeper_metrics:u_metrics|mines_latched[1]                                                                             ; Packed Register ; Register Packing ; Timing optimization ; Q         ;                ; minesweeper_jtag_top:u_top|minesweeper_mu500_system:u_system|minesweeper_metrics:u_metrics|lpm_mult:Mult0|mult_eat:auto_generated|mac_mult1                                                                     ; DATAB            ;                       ;
; minesweeper_jtag_top:u_top|minesweeper_mu500_system:u_system|minesweeper_metrics:u_metrics|mines_latched[1]                                                                             ; Duplicated      ; Register Packing ; Timing optimization ; Q         ;                ; minesweeper_jtag_top:u_top|minesweeper_mu500_system:u_system|minesweeper_metrics:u_metrics|mines_latched[1]~_Duplicate_1                                                                                        ; Q                ;                       ;
; minesweeper_jtag_top:u_top|minesweeper_mu500_system:u_system|minesweeper_metrics:u_metrics|mines_latched[2]                                                                             ; Packed Register ; Register Packing ; Timing optimization ; Q         ;                ; minesweeper_jtag_top:u_top|minesweeper_mu500_system:u_system|minesweeper_metrics:u_metrics|lpm_mult:Mult0|mult_eat:auto_generated|mac_mult1                                                                     ; DATAB            ;                       ;
; minesweeper_jtag_top:u_top|minesweeper_mu500_system:u_system|minesweeper_metrics:u_metrics|mines_latched[2]                                                                             ; Duplicated      ; Register Packing ; Timing optimization ; Q         ;                ; minesweeper_jtag_top:u_top|minesweeper_mu500_system:u_system|minesweeper_metrics:u_metrics|mines_latched[2]~_Duplicate_1                                                                                        ; Q                ;                       ;
; minesweeper_jtag_top:u_top|minesweeper_mu500_system:u_system|minesweeper_metrics:u_metrics|mines_latched[3]                                                                             ; Packed Register ; Register Packing ; Timing optimization ; Q         ;                ; minesweeper_jtag_top:u_top|minesweeper_mu500_system:u_system|minesweeper_metrics:u_metrics|lpm_mult:Mult0|mult_eat:auto_generated|mac_mult1                                                                     ; DATAB            ;                       ;
; minesweeper_jtag_top:u_top|minesweeper_mu500_system:u_system|minesweeper_metrics:u_metrics|mines_latched[3]                                                                             ; Duplicated      ; Register Packing ; Timing optimization ; Q         ;                ; minesweeper_jtag_top:u_top|minesweeper_mu500_system:u_system|minesweeper_metrics:u_metrics|mines_latched[3]~_Duplicate_1                                                                                        ; Q                ;                       ;
; minesweeper_jtag_top:u_top|minesweeper_mu500_system:u_system|minesweeper_metrics:u_metrics|mines_latched[4]                                                                             ; Packed Register ; Register Packing ; Timing optimization ; Q         ;                ; minesweeper_jtag_top:u_top|minesweeper_mu500_system:u_system|minesweeper_metrics:u_metrics|lpm_mult:Mult0|mult_eat:auto_generated|mac_mult1                                                                     ; DATAB            ;                       ;
; minesweeper_jtag_top:u_top|minesweeper_mu500_system:u_system|minesweeper_metrics:u_metrics|mines_latched[4]                                                                             ; Duplicated      ; Register Packing ; Timing optimization ; Q         ;                ; minesweeper_jtag_top:u_top|minesweeper_mu500_system:u_system|minesweeper_metrics:u_metrics|mines_latched[4]~_Duplicate_1                                                                                        ; Q                ;                       ;
; minesweeper_jtag_top:u_top|minesweeper_mu500_system:u_system|minesweeper_metrics:u_metrics|mines_latched[5]                                                                             ; Packed Register ; Register Packing ; Timing optimization ; Q         ;                ; minesweeper_jtag_top:u_top|minesweeper_mu500_system:u_system|minesweeper_metrics:u_metrics|lpm_mult:Mult0|mult_eat:auto_generated|mac_mult1                                                                     ; DATAB            ;                       ;
; minesweeper_jtag_top:u_top|minesweeper_mu500_system:u_system|minesweeper_metrics:u_metrics|mines_latched[5]                                                                             ; Duplicated      ; Register Packing ; Timing optimization ; Q         ;                ; minesweeper_jtag_top:u_top|minesweeper_mu500_system:u_system|minesweeper_metrics:u_metrics|mines_latched[5]~_Duplicate_1                                                                                        ; Q                ;                       ;
; minesweeper_jtag_top:u_top|minesweeper_mu500_system:u_system|minesweeper_metrics:u_metrics|mines_latched[6]                                                                             ; Packed Register ; Register Packing ; Timing optimization ; Q         ;                ; minesweeper_jtag_top:u_top|minesweeper_mu500_system:u_system|minesweeper_metrics:u_metrics|lpm_mult:Mult0|mult_eat:auto_generated|mac_mult1                                                                     ; DATAB            ;                       ;
; minesweeper_jtag_top:u_top|minesweeper_mu500_system:u_system|minesweeper_metrics:u_metrics|mines_latched[6]                                                                             ; Duplicated      ; Register Packing ; Timing optimization ; Q         ;                ; minesweeper_jtag_top:u_top|minesweeper_mu500_system:u_system|minesweeper_metrics:u_metrics|mines_latched[6]~_Duplicate_1                                                                                        ; Q                ;                       ;
; minesweeper_jtag_top:u_top|minesweeper_mu500_system:u_system|minesweeper_metrics:u_metrics|mines_latched[7]                                                                             ; Packed Register ; Register Packing ; Timing optimization ; Q         ;                ; minesweeper_jtag_top:u_top|minesweeper_mu500_system:u_system|minesweeper_metrics:u_metrics|lpm_mult:Mult0|mult_eat:auto_generated|mac_mult1                                                                     ; DATAB            ;                       ;
; minesweeper_jtag_top:u_top|minesweeper_mu500_system:u_system|minesweeper_metrics:u_metrics|mines_latched[7]                                                                             ; Duplicated      ; Register Packing ; Timing optimization ; Q         ;                ; minesweeper_jtag_top:u_top|minesweeper_mu500_system:u_system|minesweeper_metrics:u_metrics|mines_latched[7]~_Duplicate_1                                                                                        ; Q                ;                       ;
; minesweeper_jtag_top:u_top|minesweeper_mu500_system:u_system|minesweeper_metrics:u_metrics|mines_latched[8]                                                                             ; Packed Register ; Register Packing ; Timing optimization ; Q         ;                ; minesweeper_jtag_top:u_top|minesweeper_mu500_system:u_system|minesweeper_metrics:u_metrics|lpm_mult:Mult0|mult_eat:auto_generated|mac_mult1                                                                     ; DATAB            ;                       ;
; minesweeper_jtag_top:u_top|minesweeper_mu500_system:u_system|minesweeper_metrics:u_metrics|mines_latched[8]                                                                             ; Duplicated      ; Register Packing ; Timing optimization ; Q         ;                ; minesweeper_jtag_top:u_top|minesweeper_mu500_system:u_system|minesweeper_metrics:u_metrics|mines_latched[8]~_Duplicate_1                                                                                        ; Q                ;                       ;
; minesweeper_jtag_top:u_top|minesweeper_mu500_system:u_system|minesweeper_metrics:u_metrics|safe_cells[0]                                                                                ; Packed Register ; Register Packing ; Timing optimization ; Q         ;                ; minesweeper_jtag_top:u_top|minesweeper_mu500_system:u_system|minesweeper_metrics:u_metrics|lpm_mult:Mult1|mult_pbt:auto_generated|mac_mult1                                                                     ; DATAB            ;                       ;
; minesweeper_jtag_top:u_top|minesweeper_mu500_system:u_system|minesweeper_metrics:u_metrics|safe_cells[0]                                                                                ; Duplicated      ; Register Packing ; Timing optimization ; Q         ;                ; minesweeper_jtag_top:u_top|minesweeper_mu500_system:u_system|minesweeper_metrics:u_metrics|safe_cells[0]~_Duplicate_1                                                                                           ; Q                ;                       ;
; minesweeper_jtag_top:u_top|minesweeper_mu500_system:u_system|minesweeper_metrics:u_metrics|safe_cells[1]                                                                                ; Packed Register ; Register Packing ; Timing optimization ; Q         ;                ; minesweeper_jtag_top:u_top|minesweeper_mu500_system:u_system|minesweeper_metrics:u_metrics|lpm_mult:Mult1|mult_pbt:auto_generated|mac_mult1                                                                     ; DATAB            ;                       ;
; minesweeper_jtag_top:u_top|minesweeper_mu500_system:u_system|minesweeper_metrics:u_metrics|safe_cells[1]                                                                                ; Duplicated      ; Register Packing ; Timing optimization ; Q         ;                ; minesweeper_jtag_top:u_top|minesweeper_mu500_system:u_system|minesweeper_metrics:u_metrics|safe_cells[1]~_Duplicate_1                                                                                           ; Q                ;                       ;
; minesweeper_jtag_top:u_top|minesweeper_mu500_system:u_system|minesweeper_metrics:u_metrics|safe_cells[2]                                                                                ; Packed Register ; Register Packing ; Timing optimization ; Q         ;                ; minesweeper_jtag_top:u_top|minesweeper_mu500_system:u_system|minesweeper_metrics:u_metrics|lpm_mult:Mult1|mult_pbt:auto_generated|mac_mult1                                                                     ; DATAB            ;                       ;
; minesweeper_jtag_top:u_top|minesweeper_mu500_system:u_system|minesweeper_metrics:u_metrics|safe_cells[2]                                                                                ; Duplicated      ; Register Packing ; Timing optimization ; Q         ;                ; minesweeper_jtag_top:u_top|minesweeper_mu500_system:u_system|minesweeper_metrics:u_metrics|safe_cells[2]~_Duplicate_1                                                                                           ; Q                ;                       ;
; minesweeper_jtag_top:u_top|minesweeper_mu500_system:u_system|minesweeper_metrics:u_metrics|safe_cells[3]                                                                                ; Packed Register ; Register Packing ; Timing optimization ; Q         ;                ; minesweeper_jtag_top:u_top|minesweeper_mu500_system:u_system|minesweeper_metrics:u_metrics|lpm_mult:Mult1|mult_pbt:auto_generated|mac_mult1                                                                     ; DATAB            ;                       ;
; minesweeper_jtag_top:u_top|minesweeper_mu500_system:u_system|minesweeper_metrics:u_metrics|safe_cells[3]                                                                                ; Duplicated      ; Register Packing ; Timing optimization ; Q         ;                ; minesweeper_jtag_top:u_top|minesweeper_mu500_system:u_system|minesweeper_metrics:u_metrics|safe_cells[3]~_Duplicate_1                                                                                           ; Q                ;                       ;
; minesweeper_jtag_top:u_top|minesweeper_mu500_system:u_system|minesweeper_metrics:u_metrics|safe_cells[4]                                                                                ; Packed Register ; Register Packing ; Timing optimization ; Q         ;                ; minesweeper_jtag_top:u_top|minesweeper_mu500_system:u_system|minesweeper_metrics:u_metrics|lpm_mult:Mult1|mult_pbt:auto_generated|mac_mult1                                                                     ; DATAB            ;                       ;
; minesweeper_jtag_top:u_top|minesweeper_mu500_system:u_system|minesweeper_metrics:u_metrics|safe_cells[4]                                                                                ; Duplicated      ; Register Packing ; Timing optimization ; Q         ;                ; minesweeper_jtag_top:u_top|minesweeper_mu500_system:u_system|minesweeper_metrics:u_metrics|safe_cells[4]~_Duplicate_1                                                                                           ; Q                ;                       ;
; minesweeper_jtag_top:u_top|minesweeper_mu500_system:u_system|minesweeper_metrics:u_metrics|safe_cells[5]                                                                                ; Packed Register ; Register Packing ; Timing optimization ; Q         ;                ; minesweeper_jtag_top:u_top|minesweeper_mu500_system:u_system|minesweeper_metrics:u_metrics|lpm_mult:Mult1|mult_pbt:auto_generated|mac_mult1                                                                     ; DATAB            ;                       ;
; minesweeper_jtag_top:u_top|minesweeper_mu500_system:u_system|minesweeper_metrics:u_metrics|safe_cells[5]                                                                                ; Duplicated      ; Register Packing ; Timing optimization ; Q         ;                ; minesweeper_jtag_top:u_top|minesweeper_mu500_system:u_system|minesweeper_metrics:u_metrics|safe_cells[5]~_Duplicate_1                                                                                           ; Q                ;                       ;
; minesweeper_jtag_top:u_top|minesweeper_mu500_system:u_system|minesweeper_metrics:u_metrics|safe_cells[6]                                                                                ; Packed Register ; Register Packing ; Timing optimization ; Q         ;                ; minesweeper_jtag_top:u_top|minesweeper_mu500_system:u_system|minesweeper_metrics:u_metrics|lpm_mult:Mult1|mult_pbt:auto_generated|mac_mult1                                                                     ; DATAB            ;                       ;
; minesweeper_jtag_top:u_top|minesweeper_mu500_system:u_system|minesweeper_metrics:u_metrics|safe_cells[6]                                                                                ; Duplicated      ; Register Packing ; Timing optimization ; Q         ;                ; minesweeper_jtag_top:u_top|minesweeper_mu500_system:u_system|minesweeper_metrics:u_metrics|safe_cells[6]~_Duplicate_1                                                                                           ; Q                ;                       ;
; minesweeper_jtag_top:u_top|minesweeper_mu500_system:u_system|minesweeper_metrics:u_metrics|safe_cells[7]                                                                                ; Packed Register ; Register Packing ; Timing optimization ; Q         ;                ; minesweeper_jtag_top:u_top|minesweeper_mu500_system:u_system|minesweeper_metrics:u_metrics|lpm_mult:Mult1|mult_pbt:auto_generated|mac_mult1                                                                     ; DATAB            ;                       ;
; minesweeper_jtag_top:u_top|minesweeper_mu500_system:u_system|minesweeper_metrics:u_metrics|safe_cells[7]                                                                                ; Duplicated      ; Register Packing ; Timing optimization ; Q         ;                ; minesweeper_jtag_top:u_top|minesweeper_mu500_system:u_system|minesweeper_metrics:u_metrics|safe_cells[7]~_Duplicate_1                                                                                           ; Q                ;                       ;
; minesweeper_jtag_top:u_top|minesweeper_mu500_system:u_system|minesweeper_metrics:u_metrics|safe_cells[8]                                                                                ; Packed Register ; Register Packing ; Timing optimization ; Q         ;                ; minesweeper_jtag_top:u_top|minesweeper_mu500_system:u_system|minesweeper_metrics:u_metrics|lpm_mult:Mult1|mult_pbt:auto_generated|mac_mult1                                                                     ; DATAB            ;                       ;
; minesweeper_jtag_top:u_top|minesweeper_mu500_system:u_system|minesweeper_metrics:u_metrics|safe_cells[8]                                                                                ; Duplicated      ; Register Packing ; Timing optimization ; Q         ;                ; minesweeper_jtag_top:u_top|minesweeper_mu500_system:u_system|minesweeper_metrics:u_metrics|safe_cells[8]~_Duplicate_1                                                                                           ; Q                ;                       ;
; minesweeper_jtag_top:u_top|minesweeper_mu500_system:u_system|minesweeper_metrics:u_metrics|safe_cells[9]                                                                                ; Packed Register ; Register Packing ; Timing optimization ; Q         ;                ; minesweeper_jtag_top:u_top|minesweeper_mu500_system:u_system|minesweeper_metrics:u_metrics|lpm_mult:Mult1|mult_pbt:auto_generated|mac_mult1                                                                     ; DATAB            ;                       ;
; minesweeper_jtag_top:u_top|minesweeper_mu500_system:u_system|minesweeper_metrics:u_metrics|safe_cells[9]                                                                                ; Duplicated      ; Register Packing ; Timing optimization ; Q         ;                ; minesweeper_jtag_top:u_top|minesweeper_mu500_system:u_system|minesweeper_metrics:u_metrics|safe_cells[9]~_Duplicate_1                                                                                           ; Q                ;                       ;
+-----------------------------------------------------------------------------------------------------------------------------------------------------------------------------------------+-----------------+------------------+---------------------+-----------+----------------+-----------------------------------------------------------------------------------------------------------------------------------------------------------------------------------------------------------------+------------------+-----------------------+


+----------------------------------------------------------------------------------------------------+
; Incremental Compilation Preservation Summary                                                       ;
+---------------------+----------------------+----------------------------+--------------------------+
; Type                ; Total [A + B]        ; From Design Partitions [A] ; From Rapid Recompile [B] ;
+---------------------+----------------------+----------------------------+--------------------------+
; Placement (by node) ;                      ;                            ;                          ;
;     -- Requested    ; 0.00 % ( 0 / 30002 ) ; 0.00 % ( 0 / 30002 )       ; 0.00 % ( 0 / 30002 )     ;
;     -- Achieved     ; 0.00 % ( 0 / 30002 ) ; 0.00 % ( 0 / 30002 )       ; 0.00 % ( 0 / 30002 )     ;
;                     ;                      ;                            ;                          ;
; Routing (by net)    ;                      ;                            ;                          ;
;     -- Requested    ; 0.00 % ( 0 / 0 )     ; 0.00 % ( 0 / 0 )           ; 0.00 % ( 0 / 0 )         ;
;     -- Achieved     ; 0.00 % ( 0 / 0 )     ; 0.00 % ( 0 / 0 )           ; 0.00 % ( 0 / 0 )         ;
+---------------------+----------------------+----------------------------+--------------------------+


+----------------------------------------------------------------------------------------------------------------------------------------------------------------------------------------+
; Incremental Compilation Partition Settings                                                                                                                                             ;
+--------------------------------+----------------+-------------------+-------------------------+------------------------+------------------------------+--------------------------------+
; Partition Name                 ; Partition Type ; Netlist Type Used ; Preservation Level Used ; Netlist Type Requested ; Preservation Level Requested ; Contents                       ;
+--------------------------------+----------------+-------------------+-------------------------+------------------------+------------------------------+--------------------------------+
; Top                            ; User-created   ; Source File       ; N/A                     ; Source File            ; N/A                          ;                                ;
; sld_hub:auto_hub               ; Auto-generated ; Post-Synthesis    ; N/A                     ; Post-Synthesis         ; N/A                          ; sld_hub:auto_hub               ;
; hard_block:auto_generated_inst ; Auto-generated ; Source File       ; N/A                     ; Source File            ; N/A                          ; hard_block:auto_generated_inst ;
+--------------------------------+----------------+-------------------+-------------------------+------------------------+------------------------------+--------------------------------+


+------------------------------------------------------------------------------------------------------------------------------------+
; Incremental Compilation Placement Preservation                                                                                     ;
+--------------------------------+-----------------------+-------------------------+-------------------+---------------------+-------+
; Partition Name                 ; Preservation Achieved ; Preservation Level Used ; Netlist Type Used ; Preservation Method ; Notes ;
+--------------------------------+-----------------------+-------------------------+-------------------+---------------------+-------+
; Top                            ; 0.00 % ( 0 / 29796 )  ; N/A                     ; Source File       ; N/A                 ;       ;
; sld_hub:auto_hub               ; 0.00 % ( 0 / 196 )    ; N/A                     ; Post-Synthesis    ; N/A                 ;       ;
; hard_block:auto_generated_inst ; 0.00 % ( 0 / 10 )     ; N/A                     ; Source File       ; N/A                 ;       ;
+--------------------------------+-----------------------+-------------------------+-------------------+---------------------+-------+


+--------------+
; Pin-Out File ;
+--------------+
The pin-out file can be found in C:/Users/nabeo/quartus_experiment_original_c4/quartus/output_submission_local_mu500/minesweeper_submission_local_mu500.pin.


+-------------------------------------------------------------------------+
; Fitter Resource Usage Summary                                           ;
+---------------------------------------------+---------------------------+
; Resource                                    ; Usage                     ;
+---------------------------------------------+---------------------------+
; Total logic elements                        ; 22,546 / 28,848 ( 78 % )  ;
;     -- Combinational with no register       ; 14215                     ;
;     -- Register only                        ; 1245                      ;
;     -- Combinational with a register        ; 7086                      ;
;                                             ;                           ;
; Logic element usage by number of LUT inputs ;                           ;
;     -- 4 input functions                    ; 14906                     ;
;     -- 3 input functions                    ; 3846                      ;
;     -- <=2 input functions                  ; 2549                      ;
;     -- Register only                        ; 1245                      ;
;                                             ;                           ;
; Logic elements by mode                      ;                           ;
;     -- normal mode                          ; 18914                     ;
;     -- arithmetic mode                      ; 2387                      ;
;                                             ;                           ;
; Total registers*                            ; 8,331 / 30,421 ( 27 % )   ;
;     -- Dedicated logic registers            ; 8,331 / 28,848 ( 29 % )   ;
;     -- I/O registers                        ; 0 / 1,573 ( 0 % )         ;
;                                             ;                           ;
; Total LABs:  partially or completely used   ; 1,671 / 1,803 ( 93 % )    ;
; Virtual pins                                ; 0                         ;
; I/O pins                                    ; 83 / 329 ( 25 % )         ;
;     -- Clock pins                           ; 1 / 7 ( 14 % )            ;
;     -- Dedicated input pins                 ; 3 / 9 ( 33 % )            ;
;                                             ;                           ;
; M9Ks                                        ; 9 / 66 ( 14 % )           ;
; Total block memory bits                     ; 38,943 / 608,256 ( 6 % )  ;
; Total block memory implementation bits      ; 82,944 / 608,256 ( 14 % ) ;
; Embedded Multiplier 9-bit elements          ; 17 / 132 ( 13 % )         ;
; PLLs                                        ; 0 / 4 ( 0 % )             ;
; Global signals                              ; 3                         ;
;     -- Global clocks                        ; 3 / 20 ( 15 % )           ;
; JTAGs                                       ; 1 / 1 ( 100 % )           ;
; CRC blocks                                  ; 0 / 1 ( 0 % )             ;
; ASMI blocks                                 ; 0 / 1 ( 0 % )             ;
; Oscillator blocks                           ; 0 / 1 ( 0 % )             ;
; Impedance control blocks                    ; 0 / 4 ( 0 % )             ;
; Average interconnect usage (total/H/V)      ; 22.4% / 21.0% / 24.4%     ;
; Peak interconnect usage (total/H/V)         ; 47.9% / 43.3% / 54.4%     ;
; Maximum fan-out                             ; 8144                      ;
; Highest non-global fan-out                  ; 1154                      ;
; Total fan-out                               ; 107255                    ;
; Average fan-out                             ; 3.51                      ;
+---------------------------------------------+---------------------------+
*  Register count does not include registers inside RAM blocks or DSP blocks.



+-------------------------------------------------------------------------------------------------------------------------------+
; Fitter Partition Statistics                                                                                                   ;
+---------------------------------------------+------------------------+-----------------------+--------------------------------+
; Statistic                                   ; Top                    ; sld_hub:auto_hub      ; hard_block:auto_generated_inst ;
+---------------------------------------------+------------------------+-----------------------+--------------------------------+
; Difficulty Clustering Region                ; Low                    ; Low                   ; Low                            ;
;                                             ;                        ;                       ;                                ;
; Total logic elements                        ; 22415 / 28848 ( 78 % ) ; 131 / 28848 ( < 1 % ) ; 0 / 28848 ( 0 % )              ;
;     -- Combinational with no register       ; 14159                  ; 56                    ; 0                              ;
;     -- Register only                        ; 1235                   ; 10                    ; 0                              ;
;     -- Combinational with a register        ; 7021                   ; 65                    ; 0                              ;
;                                             ;                        ;                       ;                                ;
; Logic element usage by number of LUT inputs ;                        ;                       ;                                ;
;     -- 4 input functions                    ; 14856                  ; 50                    ; 0                              ;
;     -- 3 input functions                    ; 3813                   ; 33                    ; 0                              ;
;     -- <=2 input functions                  ; 2511                   ; 38                    ; 0                              ;
;     -- Register only                        ; 1235                   ; 10                    ; 0                              ;
;                                             ;                        ;                       ;                                ;
; Logic elements by mode                      ;                        ;                       ;                                ;
;     -- normal mode                          ; 18801                  ; 113                   ; 0                              ;
;     -- arithmetic mode                      ; 2379                   ; 8                     ; 0                              ;
;                                             ;                        ;                       ;                                ;
; Total registers                             ; 8256                   ; 75                    ; 0                              ;
;     -- Dedicated logic registers            ; 8256 / 28848 ( 29 % )  ; 75 / 28848 ( < 1 % )  ; 0 / 28848 ( 0 % )              ;
;     -- I/O registers                        ; 0                      ; 0                     ; 0                              ;
;                                             ;                        ;                       ;                                ;
; Total LABs:  partially or completely used   ; 1662 / 1803 ( 92 % )   ; 12 / 1803 ( < 1 % )   ; 0 / 1803 ( 0 % )               ;
;                                             ;                        ;                       ;                                ;
; Virtual pins                                ; 0                      ; 0                     ; 0                              ;
; I/O pins                                    ; 83                     ; 0                     ; 0                              ;
; Embedded Multiplier 9-bit elements          ; 17 / 132 ( 13 % )      ; 0 / 132 ( 0 % )       ; 0 / 132 ( 0 % )                ;
; Total memory bits                           ; 38943                  ; 0                     ; 0                              ;
; Total RAM block bits                        ; 82944                  ; 0                     ; 0                              ;
; JTAG                                        ; 1 / 1 ( 100 % )        ; 0 / 1 ( 0 % )         ; 0 / 1 ( 0 % )                  ;
; M9K                                         ; 9 / 66 ( 13 % )        ; 0 / 66 ( 0 % )        ; 0 / 66 ( 0 % )                 ;
; Clock control block                         ; 3 / 24 ( 12 % )        ; 0 / 24 ( 0 % )        ; 0 / 24 ( 0 % )                 ;
;                                             ;                        ;                       ;                                ;
; Connections                                 ;                        ;                       ;                                ;
;     -- Input Connections                    ; 153                    ; 109                   ; 0                              ;
;     -- Registered Input Connections         ; 138                    ; 85                    ; 0                              ;
;     -- Output Connections                   ; 248                    ; 14                    ; 0                              ;
;     -- Registered Output Connections        ; 1                      ; 14                    ; 0                              ;
;                                             ;                        ;                       ;                                ;
; Internal Connections                        ;                        ;                       ;                                ;
;     -- Total Connections                    ; 107152                 ; 627                   ; 5                              ;
;     -- Registered Connections               ; 31241                  ; 417                   ; 0                              ;
;                                             ;                        ;                       ;                                ;
; External Connections                        ;                        ;                       ;                                ;
;     -- Top                                  ; 278                    ; 123                   ; 0                              ;
;     -- sld_hub:auto_hub                     ; 123                    ; 0                     ; 0                              ;
;     -- hard_block:auto_generated_inst       ; 0                      ; 0                     ; 0                              ;
;                                             ;                        ;                       ;                                ;
; Partition Interface                         ;                        ;                       ;                                ;
;     -- Input Ports                          ; 36                     ; 36                    ; 0                              ;
;     -- Output Ports                         ; 76                     ; 53                    ; 0                              ;
;     -- Bidir Ports                          ; 0                      ; 0                     ; 0                              ;
;                                             ;                        ;                       ;                                ;
; Registered Ports                            ;                        ;                       ;                                ;
;     -- Registered Input Ports               ; 0                      ; 3                     ; 0                              ;
;     -- Registered Output Ports              ; 0                      ; 20                    ; 0                              ;
;                                             ;                        ;                       ;                                ;
; Port Connectivity                           ;                        ;                       ;                                ;
;     -- Input Ports driven by GND            ; 0                      ; 2                     ; 0                              ;
;     -- Output Ports driven by GND           ; 0                      ; 28                    ; 0                              ;
;     -- Input Ports driven by VCC            ; 0                      ; 0                     ; 0                              ;
;     -- Output Ports driven by VCC           ; 0                      ; 0                     ; 0                              ;
;     -- Input Ports with no Source           ; 0                      ; 25                    ; 0                              ;
;     -- Output Ports with no Source          ; 0                      ; 0                     ; 0                              ;
;     -- Input Ports with no Fanout           ; 0                      ; 30                    ; 0                              ;
;     -- Output Ports with no Fanout          ; 0                      ; 46                    ; 0                              ;
+---------------------------------------------+------------------------+-----------------------+--------------------------------+


+--------------------------------------------------------------------------------------------------------------------------------------------------------------------------------------------------------------------------------------------------------------------------------------------+
; Input Pins                                                                                                                                                                                                                                                                                 ;
+-----------+-------+----------+--------------+--------------+--------------+-----------------------+--------------------+--------+----------------+---------------+-----------------+----------+--------------+--------------+---------------------------+----------------------+-----------+
; Name      ; Pin # ; I/O Bank ; X coordinate ; Y coordinate ; Z coordinate ; Combinational Fan-Out ; Registered Fan-Out ; Global ; Input Register ; Power Up High ; PCI I/O Enabled ; Bus Hold ; Weak Pull Up ; I/O Standard ; Termination Control Block ; Location assigned by ; Slew Rate ;
+-----------+-------+----------+--------------+--------------+--------------+-----------------------+--------------------+--------+----------------+---------------+-----------------+----------+--------------+--------------+---------------------------+----------------------+-----------+
; CLK_20MHZ ; A12   ; 7        ; 34           ; 43           ; 0            ; 8144                  ; 0                  ; yes    ; no             ; no            ; yes             ; no       ; Off          ; 3.3-V LVTTL  ; --                        ; User                 ; no        ;
; HEX_A[0]  ; A14   ; 7        ; 41           ; 43           ; 14           ; 0                     ; 0                  ; no     ; no             ; no            ; yes             ; no       ; Off          ; 3.3-V LVTTL  ; --                        ; User                 ; no        ;
; HEX_A[1]  ; B14   ; 7        ; 38           ; 43           ; 0            ; 0                     ; 0                  ; no     ; no             ; no            ; yes             ; no       ; Off          ; 3.3-V LVTTL  ; --                        ; User                 ; no        ;
; HEX_A[2]  ; E14   ; 7        ; 48           ; 43           ; 7            ; 0                     ; 0                  ; no     ; no             ; no            ; yes             ; no       ; Off          ; 3.3-V LVTTL  ; --                        ; User                 ; no        ;
; HEX_A[3]  ; F14   ; 7        ; 63           ; 43           ; 28           ; 0                     ; 0                  ; no     ; no             ; no            ; yes             ; no       ; Off          ; 3.3-V LVTTL  ; --                        ; User                 ; no        ;
; HEX_B[0]  ; A15   ; 7        ; 45           ; 43           ; 7            ; 0                     ; 0                  ; no     ; no             ; no            ; yes             ; no       ; Off          ; 3.3-V LVTTL  ; --                        ; User                 ; no        ;
; HEX_B[1]  ; B15   ; 7        ; 45           ; 43           ; 14           ; 0                     ; 0                  ; no     ; no             ; no            ; yes             ; no       ; Off          ; 3.3-V LVTTL  ; --                        ; User                 ; no        ;
; HEX_B[2]  ; C15   ; 7        ; 50           ; 43           ; 21           ; 0                     ; 0                  ; no     ; no             ; no            ; yes             ; no       ; Off          ; 3.3-V LVTTL  ; --                        ; User                 ; no        ;
; HEX_B[3]  ; D15   ; 7        ; 54           ; 43           ; 14           ; 0                     ; 0                  ; no     ; no             ; no            ; yes             ; no       ; Off          ; 3.3-V LVTTL  ; --                        ; User                 ; no        ;
; RESET_N   ; E15   ; 7        ; 54           ; 43           ; 21           ; 2                     ; 0                  ; no     ; no             ; no            ; yes             ; no       ; Off          ; 3.3-V LVTTL  ; --                        ; User                 ; no        ;
+-----------+-------+----------+--------------+--------------+--------------+-----------------------+--------------------+--------+----------------+---------------+-----------------+----------+--------------+--------------+---------------------------+----------------------+-----------+


+---------------------------------------------------------------------------------------------------------------------------------------------------------------------------------------------------------------------------------------------------------------------------------------------------------------------------------------------------------------------------------------------------------------------------------------+
; Output Pins                                                                                                                                                                                                                                                                                                                                                                                                                           ;
+------------+-------+----------+--------------+--------------+--------------+-----------------+------------------------+---------------+-----------+-----------------+------------+---------------+----------+--------------+--------------+------------------+-------------+---------------------------+----------------------------+-----------------------------+----------------------+----------------------+---------------------+
; Name       ; Pin # ; I/O Bank ; X coordinate ; Y coordinate ; Z coordinate ; Output Register ; Output Enable Register ; Power Up High ; Slew Rate ; PCI I/O Enabled ; Open Drain ; TRI Primitive ; Bus Hold ; Weak Pull Up ; I/O Standard ; Current Strength ; Termination ; Termination Control Block ; Output Buffer Pre-emphasis ; Voltage Output Differential ; Location assigned by ; Output Enable Source ; Output Enable Group ;
+------------+-------+----------+--------------+--------------+--------------+-----------------+------------------------+---------------+-----------+-----------------+------------+---------------+----------+--------------+--------------+------------------+-------------+---------------------------+----------------------------+-----------------------------+----------------------+----------------------+---------------------+
; SEG_A[0]   ; AA3   ; 3        ; 7            ; 0            ; 28           ; no              ; no                     ; no            ; 2         ; no              ; no         ; no            ; no       ; Off          ; 3.3-V LVTTL  ; 8mA              ; Off         ; --                        ; no                         ; no                          ; User                 ; -                    ; -                   ;
; SEG_A[1]   ; V5    ; 3        ; 1            ; 0            ; 21           ; no              ; no                     ; no            ; 2         ; no              ; no         ; no            ; no       ; Off          ; 3.3-V LVTTL  ; 8mA              ; Off         ; --                        ; no                         ; no                          ; User                 ; -                    ; -                   ;
; SEG_A[2]   ; AA4   ; 3        ; 9            ; 0            ; 28           ; no              ; no                     ; no            ; 2         ; no              ; no         ; no            ; no       ; Off          ; 3.3-V LVTTL  ; 8mA              ; Off         ; --                        ; no                         ; no                          ; User                 ; -                    ; -                   ;
; SEG_A[3]   ; AA5   ; 3        ; 9            ; 0            ; 14           ; no              ; no                     ; no            ; 2         ; no              ; no         ; no            ; no       ; Off          ; 3.3-V LVTTL  ; 8mA              ; Off         ; --                        ; no                         ; no                          ; User                 ; -                    ; -                   ;
; SEG_A[4]   ; AB4   ; 3        ; 9            ; 0            ; 21           ; no              ; no                     ; no            ; 2         ; no              ; no         ; no            ; no       ; Off          ; 3.3-V LVTTL  ; 8mA              ; Off         ; --                        ; no                         ; no                          ; User                 ; -                    ; -                   ;
; SEG_A[5]   ; W6    ; 3        ; 7            ; 0            ; 14           ; no              ; no                     ; no            ; 2         ; no              ; no         ; no            ; no       ; Off          ; 3.3-V LVTTL  ; 8mA              ; Off         ; --                        ; no                         ; no                          ; User                 ; -                    ; -                   ;
; SEG_A[6]   ; AB5   ; 3        ; 9            ; 0            ; 7            ; no              ; no                     ; no            ; 2         ; no              ; no         ; no            ; no       ; Off          ; 3.3-V LVTTL  ; 8mA              ; Off         ; --                        ; no                         ; no                          ; User                 ; -                    ; -                   ;
; SEG_A[7]   ; Y6    ; 3        ; 5            ; 0            ; 14           ; no              ; no                     ; no            ; 2         ; no              ; no         ; no            ; no       ; Off          ; 3.3-V LVTTL  ; 8mA              ; Off         ; --                        ; no                         ; no                          ; User                 ; -                    ; -                   ;
; SEG_B[0]   ; V6    ; 3        ; 1            ; 0            ; 28           ; no              ; no                     ; no            ; 2         ; no              ; no         ; no            ; no       ; Off          ; 3.3-V LVTTL  ; 8mA              ; Off         ; --                        ; no                         ; no                          ; User                 ; -                    ; -                   ;
; SEG_B[1]   ; W7    ; 3        ; 14           ; 0            ; 14           ; no              ; no                     ; no            ; 2         ; no              ; no         ; no            ; no       ; Off          ; 3.3-V LVTTL  ; 8mA              ; Off         ; --                        ; no                         ; no                          ; User                 ; -                    ; -                   ;
; SEG_B[2]   ; U7    ; 3        ; 3            ; 0            ; 28           ; no              ; no                     ; no            ; 2         ; no              ; no         ; no            ; no       ; Off          ; 3.3-V LVTTL  ; 8mA              ; Off         ; --                        ; no                         ; no                          ; User                 ; -                    ; -                   ;
; SEG_B[3]   ; Y7    ; 3        ; 14           ; 0            ; 7            ; no              ; no                     ; no            ; 2         ; no              ; no         ; no            ; no       ; Off          ; 3.3-V LVTTL  ; 8mA              ; Off         ; --                        ; no                         ; no                          ; User                 ; -                    ; -                   ;
; SEG_B[4]   ; V7    ; 3        ; 7            ; 0            ; 7            ; no              ; no                     ; no            ; 2         ; no              ; no         ; no            ; no       ; Off          ; 3.3-V LVTTL  ; 8mA              ; Off         ; --                        ; no                         ; no                          ; User                 ; -                    ; -                   ;
; SEG_B[5]   ; T8    ; 3        ; 14           ; 0            ; 28           ; no              ; no                     ; no            ; 2         ; no              ; no         ; no            ; no       ; Off          ; 3.3-V LVTTL  ; 8mA              ; Off         ; --                        ; no                         ; no                          ; User                 ; -                    ; -                   ;
; SEG_B[6]   ; AA7   ; 3        ; 16           ; 0            ; 0            ; no              ; no                     ; no            ; 2         ; no              ; no         ; no            ; no       ; Off          ; 3.3-V LVTTL  ; 8mA              ; Off         ; --                        ; no                         ; no                          ; User                 ; -                    ; -                   ;
; SEG_B[7]   ; U8    ; 3        ; 3            ; 0            ; 21           ; no              ; no                     ; no            ; 2         ; no              ; no         ; no            ; no       ; Off          ; 3.3-V LVTTL  ; 8mA              ; Off         ; --                        ; no                         ; no                          ; User                 ; -                    ; -                   ;
; SEG_C[0]   ; AB7   ; 3        ; 18           ; 0            ; 21           ; no              ; no                     ; no            ; 2         ; no              ; no         ; no            ; no       ; Off          ; 3.3-V LVTTL  ; 8mA              ; Off         ; --                        ; no                         ; no                          ; User                 ; -                    ; -                   ;
; SEG_C[1]   ; Y8    ; 3        ; 18           ; 0            ; 14           ; no              ; no                     ; no            ; 2         ; no              ; no         ; no            ; no       ; Off          ; 3.3-V LVTTL  ; 8mA              ; Off         ; --                        ; no                         ; no                          ; User                 ; -                    ; -                   ;
; SEG_C[2]   ; V8    ; 3        ; 16           ; 0            ; 14           ; no              ; no                     ; no            ; 2         ; no              ; no         ; no            ; no       ; Off          ; 3.3-V LVTTL  ; 8mA              ; Off         ; --                        ; no                         ; no                          ; User                 ; -                    ; -                   ;
; SEG_C[3]   ; AA8   ; 3        ; 22           ; 0            ; 7            ; no              ; no                     ; no            ; 2         ; no              ; no         ; no            ; no       ; Off          ; 3.3-V LVTTL  ; 8mA              ; Off         ; --                        ; no                         ; no                          ; User                 ; -                    ; -                   ;
; SEG_C[4]   ; W8    ; 3        ; 16           ; 0            ; 7            ; no              ; no                     ; no            ; 2         ; no              ; no         ; no            ; no       ; Off          ; 3.3-V LVTTL  ; 8mA              ; Off         ; --                        ; no                         ; no                          ; User                 ; -                    ; -                   ;
; SEG_C[5]   ; U9    ; 3        ; 16           ; 0            ; 21           ; no              ; no                     ; no            ; 2         ; no              ; no         ; no            ; no       ; Off          ; 3.3-V LVTTL  ; 8mA              ; Off         ; --                        ; no                         ; no                          ; User                 ; -                    ; -                   ;
; SEG_C[6]   ; AB8   ; 3        ; 22           ; 0            ; 0            ; no              ; no                     ; no            ; 2         ; no              ; no         ; no            ; no       ; Off          ; 3.3-V LVTTL  ; 8mA              ; Off         ; --                        ; no                         ; no                          ; User                 ; -                    ; -                   ;
; SEG_C[7]   ; V9    ; 3        ; 20           ; 0            ; 21           ; no              ; no                     ; no            ; 2         ; no              ; no         ; no            ; no       ; Off          ; 3.3-V LVTTL  ; 8mA              ; Off         ; --                        ; no                         ; no                          ; User                 ; -                    ; -                   ;
; SEG_D[0]   ; T9    ; 3        ; 14           ; 0            ; 21           ; no              ; no                     ; no            ; 2         ; no              ; no         ; no            ; no       ; Off          ; 3.3-V LVTTL  ; 8mA              ; Off         ; --                        ; no                         ; no                          ; User                 ; -                    ; -                   ;
; SEG_D[1]   ; U10   ; 3        ; 22           ; 0            ; 14           ; no              ; no                     ; no            ; 2         ; no              ; no         ; no            ; no       ; Off          ; 3.3-V LVTTL  ; 8mA              ; Off         ; --                        ; no                         ; no                          ; User                 ; -                    ; -                   ;
; SEG_D[2]   ; AA9   ; 3        ; 27           ; 0            ; 7            ; no              ; no                     ; no            ; 2         ; no              ; no         ; no            ; no       ; Off          ; 3.3-V LVTTL  ; 8mA              ; Off         ; --                        ; no                         ; no                          ; User                 ; -                    ; -                   ;
; SEG_D[3]   ; V10   ; 3        ; 20           ; 0            ; 14           ; no              ; no                     ; no            ; 2         ; no              ; no         ; no            ; no       ; Off          ; 3.3-V LVTTL  ; 8mA              ; Off         ; --                        ; no                         ; no                          ; User                 ; -                    ; -                   ;
; SEG_D[4]   ; AB9   ; 3        ; 27           ; 0            ; 0            ; no              ; no                     ; no            ; 2         ; no              ; no         ; no            ; no       ; Off          ; 3.3-V LVTTL  ; 8mA              ; Off         ; --                        ; no                         ; no                          ; User                 ; -                    ; -                   ;
; SEG_D[5]   ; AA10  ; 3        ; 34           ; 0            ; 7            ; no              ; no                     ; no            ; 2         ; no              ; no         ; no            ; no       ; Off          ; 3.3-V LVTTL  ; 8mA              ; Off         ; --                        ; no                         ; no                          ; User                 ; -                    ; -                   ;
; SEG_D[6]   ; W10   ; 3        ; 34           ; 0            ; 21           ; no              ; no                     ; no            ; 2         ; no              ; no         ; no            ; no       ; Off          ; 3.3-V LVTTL  ; 8mA              ; Off         ; --                        ; no                         ; no                          ; User                 ; -                    ; -                   ;
; SEG_D[7]   ; AB10  ; 3        ; 34           ; 0            ; 0            ; no              ; no                     ; no            ; 2         ; no              ; no         ; no            ; no       ; Off          ; 3.3-V LVTTL  ; 8mA              ; Off         ; --                        ; no                         ; no                          ; User                 ; -                    ; -                   ;
; SEG_E[0]   ; Y10   ; 3        ; 34           ; 0            ; 14           ; no              ; no                     ; no            ; 2         ; no              ; no         ; no            ; no       ; Off          ; 3.3-V LVTTL  ; 8mA              ; Off         ; --                        ; no                         ; no                          ; User                 ; -                    ; -                   ;
; SEG_E[1]   ; T12   ; 4        ; 45           ; 0            ; 7            ; no              ; no                     ; no            ; 2         ; no              ; no         ; no            ; no       ; Off          ; 3.3-V LVTTL  ; 8mA              ; Off         ; --                        ; no                         ; no                          ; User                 ; -                    ; -                   ;
; SEG_E[2]   ; U11   ; 3        ; 29           ; 0            ; 28           ; no              ; no                     ; no            ; 2         ; no              ; no         ; no            ; no       ; Off          ; 3.3-V LVTTL  ; 8mA              ; Off         ; --                        ; no                         ; no                          ; User                 ; -                    ; -                   ;
; SEG_E[3]   ; U12   ; 4        ; 43           ; 0            ; 0            ; no              ; no                     ; no            ; 2         ; no              ; no         ; no            ; no       ; Off          ; 3.3-V LVTTL  ; 8mA              ; Off         ; --                        ; no                         ; no                          ; User                 ; -                    ; -                   ;
; SEG_E[4]   ; V11   ; 3        ; 34           ; 0            ; 28           ; no              ; no                     ; no            ; 2         ; no              ; no         ; no            ; no       ; Off          ; 3.3-V LVTTL  ; 8mA              ; Off         ; --                        ; no                         ; no                          ; User                 ; -                    ; -                   ;
; SEG_E[5]   ; U13   ; 4        ; 50           ; 0            ; 28           ; no              ; no                     ; no            ; 2         ; no              ; no         ; no            ; no       ; Off          ; 3.3-V LVTTL  ; 8mA              ; Off         ; --                        ; no                         ; no                          ; User                 ; -                    ; -                   ;
; SEG_E[6]   ; V12   ; 4        ; 41           ; 0            ; 28           ; no              ; no                     ; no            ; 2         ; no              ; no         ; no            ; no       ; Off          ; 3.3-V LVTTL  ; 8mA              ; Off         ; --                        ; no                         ; no                          ; User                 ; -                    ; -                   ;
; SEG_E[7]   ; V13   ; 4        ; 48           ; 0            ; 28           ; no              ; no                     ; no            ; 2         ; no              ; no         ; no            ; no       ; Off          ; 3.3-V LVTTL  ; 8mA              ; Off         ; --                        ; no                         ; no                          ; User                 ; -                    ; -                   ;
; SEG_F[0]   ; T13   ; 4        ; 45           ; 0            ; 0            ; no              ; no                     ; no            ; 2         ; no              ; no         ; no            ; no       ; Off          ; 3.3-V LVTTL  ; 8mA              ; Off         ; --                        ; no                         ; no                          ; User                 ; -                    ; -                   ;
; SEG_F[1]   ; AA13  ; 4        ; 38           ; 0            ; 28           ; no              ; no                     ; no            ; 2         ; no              ; no         ; no            ; no       ; Off          ; 3.3-V LVTTL  ; 8mA              ; Off         ; --                        ; no                         ; no                          ; User                 ; -                    ; -                   ;
; SEG_F[2]   ; W13   ; 4        ; 43           ; 0            ; 28           ; no              ; no                     ; no            ; 2         ; no              ; no         ; no            ; no       ; Off          ; 3.3-V LVTTL  ; 8mA              ; Off         ; --                        ; no                         ; no                          ; User                 ; -                    ; -                   ;
; SEG_F[3]   ; AB13  ; 4        ; 38           ; 0            ; 21           ; no              ; no                     ; no            ; 2         ; no              ; no         ; no            ; no       ; Off          ; 3.3-V LVTTL  ; 8mA              ; Off         ; --                        ; no                         ; no                          ; User                 ; -                    ; -                   ;
; SEG_F[4]   ; Y13   ; 4        ; 43           ; 0            ; 21           ; no              ; no                     ; no            ; 2         ; no              ; no         ; no            ; no       ; Off          ; 3.3-V LVTTL  ; 8mA              ; Off         ; --                        ; no                         ; no                          ; User                 ; -                    ; -                   ;
; SEG_F[5]   ; U14   ; 4        ; 50           ; 0            ; 14           ; no              ; no                     ; no            ; 2         ; no              ; no         ; no            ; no       ; Off          ; 3.3-V LVTTL  ; 8mA              ; Off         ; --                        ; no                         ; no                          ; User                 ; -                    ; -                   ;
; SEG_F[6]   ; R14   ; 4        ; 65           ; 0            ; 28           ; no              ; no                     ; no            ; 2         ; no              ; no         ; no            ; no       ; Off          ; 3.3-V LVTTL  ; 8mA              ; Off         ; --                        ; no                         ; no                          ; User                 ; -                    ; -                   ;
; SEG_F[7]   ; V14   ; 4        ; 50           ; 0            ; 21           ; no              ; no                     ; no            ; 2         ; no              ; no         ; no            ; no       ; Off          ; 3.3-V LVTTL  ; 8mA              ; Off         ; --                        ; no                         ; no                          ; User                 ; -                    ; -                   ;
; SEG_G[0]   ; T14   ; 4        ; 52           ; 0            ; 14           ; no              ; no                     ; no            ; 2         ; no              ; no         ; no            ; no       ; Off          ; 3.3-V LVTTL  ; 8mA              ; Off         ; --                        ; no                         ; no                          ; User                 ; -                    ; -                   ;
; SEG_G[1]   ; AB14  ; 4        ; 38           ; 0            ; 7            ; no              ; no                     ; no            ; 2         ; no              ; no         ; no            ; no       ; Off          ; 3.3-V LVTTL  ; 8mA              ; Off         ; --                        ; no                         ; no                          ; User                 ; -                    ; -                   ;
; SEG_G[2]   ; W14   ; 4        ; 48           ; 0            ; 21           ; no              ; no                     ; no            ; 2         ; no              ; no         ; no            ; no       ; Off          ; 3.3-V LVTTL  ; 8mA              ; Off         ; --                        ; no                         ; no                          ; User                 ; -                    ; -                   ;
; SEG_G[3]   ; R15   ; 4        ; 65           ; 0            ; 21           ; no              ; no                     ; no            ; 2         ; no              ; no         ; no            ; no       ; Off          ; 3.3-V LVTTL  ; 8mA              ; Off         ; --                        ; no                         ; no                          ; User                 ; -                    ; -                   ;
; SEG_G[4]   ; AA14  ; 4        ; 38           ; 0            ; 14           ; no              ; no                     ; no            ; 2         ; no              ; no         ; no            ; no       ; Off          ; 3.3-V LVTTL  ; 8mA              ; Off         ; --                        ; no                         ; no                          ; User                 ; -                    ; -                   ;
; SEG_G[5]   ; V15   ; 4        ; 50           ; 0            ; 0            ; no              ; no                     ; no            ; 2         ; no              ; no         ; no            ; no       ; Off          ; 3.3-V LVTTL  ; 8mA              ; Off         ; --                        ; no                         ; no                          ; User                 ; -                    ; -                   ;
; SEG_G[6]   ; T15   ; 4        ; 52           ; 0            ; 7            ; no              ; no                     ; no            ; 2         ; no              ; no         ; no            ; no       ; Off          ; 3.3-V LVTTL  ; 8mA              ; Off         ; --                        ; no                         ; no                          ; User                 ; -                    ; -                   ;
; SEG_G[7]   ; W15   ; 4        ; 52           ; 0            ; 21           ; no              ; no                     ; no            ; 2         ; no              ; no         ; no            ; no       ; Off          ; 3.3-V LVTTL  ; 8mA              ; Off         ; --                        ; no                         ; no                          ; User                 ; -                    ; -                   ;
; SEG_H[0]   ; U15   ; 4        ; 50           ; 0            ; 7            ; no              ; no                     ; no            ; 2         ; no              ; no         ; no            ; no       ; Off          ; 3.3-V LVTTL  ; 8mA              ; Off         ; --                        ; no                         ; no                          ; User                 ; -                    ; -                   ;
; SEG_H[1]   ; R16   ; 4        ; 63           ; 0            ; 0            ; no              ; no                     ; no            ; 2         ; no              ; no         ; no            ; no       ; Off          ; 3.3-V LVTTL  ; 8mA              ; Off         ; --                        ; no                         ; no                          ; User                 ; -                    ; -                   ;
; SEG_H[2]   ; AA15  ; 4        ; 43           ; 0            ; 14           ; no              ; no                     ; no            ; 2         ; no              ; no         ; no            ; no       ; Off          ; 3.3-V LVTTL  ; 8mA              ; Off         ; --                        ; no                         ; no                          ; User                 ; -                    ; -                   ;
; SEG_H[3]   ; T16   ; 4        ; 63           ; 0            ; 7            ; no              ; no                     ; no            ; 2         ; no              ; no         ; no            ; no       ; Off          ; 3.3-V LVTTL  ; 8mA              ; Off         ; --                        ; no                         ; no                          ; User                 ; -                    ; -                   ;
; SEG_H[4]   ; AB15  ; 4        ; 43           ; 0            ; 7            ; no              ; no                     ; no            ; 2         ; no              ; no         ; no            ; no       ; Off          ; 3.3-V LVTTL  ; 8mA              ; Off         ; --                        ; no                         ; no                          ; User                 ; -                    ; -                   ;
; SEG_H[5]   ; AA16  ; 4        ; 45           ; 0            ; 21           ; no              ; no                     ; no            ; 2         ; no              ; no         ; no            ; no       ; Off          ; 3.3-V LVTTL  ; 8mA              ; Off         ; --                        ; no                         ; no                          ; User                 ; -                    ; -                   ;
; SEG_H[6]   ; U16   ; 4        ; 61           ; 0            ; 0            ; no              ; no                     ; no            ; 2         ; no              ; no         ; no            ; no       ; Off          ; 3.3-V LVTTL  ; 8mA              ; Off         ; --                        ; no                         ; no                          ; User                 ; -                    ; -                   ;
; SEG_H[7]   ; AB16  ; 4        ; 45           ; 0            ; 14           ; no              ; no                     ; no            ; 2         ; no              ; no         ; no            ; no       ; Off          ; 3.3-V LVTTL  ; 8mA              ; Off         ; --                        ; no                         ; no                          ; User                 ; -                    ; -                   ;
; SEG_SEL[0] ; V16   ; 4        ; 61           ; 0            ; 7            ; no              ; no                     ; no            ; 2         ; no              ; no         ; no            ; no       ; Off          ; 3.3-V LVTTL  ; 8mA              ; Off         ; --                        ; no                         ; no                          ; User                 ; -                    ; -                   ;
; SEG_SEL[1] ; AA17  ; 4        ; 54           ; 0            ; 28           ; no              ; no                     ; no            ; 2         ; no              ; no         ; no            ; no       ; Off          ; 3.3-V LVTTL  ; 8mA              ; Off         ; --                        ; no                         ; no                          ; User                 ; -                    ; -                   ;
; SEG_SEL[2] ; W17   ; 4        ; 59           ; 0            ; 0            ; no              ; no                     ; no            ; 2         ; no              ; no         ; no            ; no       ; Off          ; 3.3-V LVTTL  ; 8mA              ; Off         ; --                        ; no                         ; no                          ; User                 ; -                    ; -                   ;
; SEG_SEL[3] ; AB17  ; 4        ; 54           ; 0            ; 21           ; no              ; no                     ; no            ; 2         ; no              ; no         ; no            ; no       ; Off          ; 3.3-V LVTTL  ; 8mA              ; Off         ; --                        ; no                         ; no                          ; User                 ; -                    ; -                   ;
; SEG_SEL[4] ; Y17   ; 4        ; 61           ; 0            ; 28           ; no              ; no                     ; no            ; 2         ; no              ; no         ; no            ; no       ; Off          ; 3.3-V LVTTL  ; 8mA              ; Off         ; --                        ; no                         ; no                          ; User                 ; -                    ; -                   ;
; SEG_SEL[5] ; AB19  ; 4        ; 59           ; 0            ; 28           ; no              ; no                     ; no            ; 2         ; no              ; no         ; no            ; no       ; Off          ; 3.3-V LVTTL  ; 8mA              ; Off         ; --                        ; no                         ; no                          ; User                 ; -                    ; -                   ;
; SEG_SEL[6] ; AA18  ; 4        ; 54           ; 0            ; 14           ; no              ; no                     ; no            ; 2         ; no              ; no         ; no            ; no       ; Off          ; 3.3-V LVTTL  ; 8mA              ; Off         ; --                        ; no                         ; no                          ; User                 ; -                    ; -                   ;
; SEG_SEL[7] ; AA19  ; 4        ; 56           ; 0            ; 0            ; no              ; no                     ; no            ; 2         ; no              ; no         ; no            ; no       ; Off          ; 3.3-V LVTTL  ; 8mA              ; Off         ; --                        ; no                         ; no                          ; User                 ; -                    ; -                   ;
; SEG_SEL[8] ; AB18  ; 4        ; 52           ; 0            ; 0            ; no              ; no                     ; no            ; 2         ; no              ; no         ; no            ; no       ; Off          ; 3.3-V LVTTL  ; 8mA              ; Off         ; --                        ; no                         ; no                          ; User                 ; -                    ; -                   ;
+------------+-------+----------+--------------+--------------+--------------+-----------------+------------------------+---------------+-----------+-----------------+------------+---------------+----------+--------------+--------------+------------------+-------------+---------------------------+----------------------------+-----------------------------+----------------------+----------------------+---------------------+


+--------------------------------------------------------------------------------------------------------------------------+
; Dual Purpose and Dedicated Pins                                                                                          ;
+----------+------------------------------+--------------------------+-------------------------+---------------------------+
; Location ; Pin Name                     ; Reserved As              ; User Signal Name        ; Pin Type                  ;
+----------+------------------------------+--------------------------+-------------------------+---------------------------+
; D1       ; DIFFIO_L8n, DATA1, ASDO      ; As input tri-stated      ; ~ALTERA_ASDO_DATA1~     ; Dual Purpose Pin          ;
; E2       ; DIFFIO_L10p, FLASH_nCE, nCSO ; As input tri-stated      ; ~ALTERA_FLASH_nCE_nCSO~ ; Dual Purpose Pin          ;
; K6       ; nSTATUS                      ; -                        ; -                       ; Dedicated Programming Pin ;
; K2       ; DCLK                         ; As output driving ground ; ~ALTERA_DCLK~           ; Dual Purpose Pin          ;
; K1       ; DATA0                        ; As input tri-stated      ; ~ALTERA_DATA0~          ; Dual Purpose Pin          ;
; K5       ; nCONFIG                      ; -                        ; -                       ; Dedicated Programming Pin ;
; L5       ; TDI                          ; -                        ; altera_reserved_tdi     ; JTAG Pin                  ;
; L2       ; TCK                          ; -                        ; altera_reserved_tck     ; JTAG Pin                  ;
; L1       ; TMS                          ; -                        ; altera_reserved_tms     ; JTAG Pin                  ;
; L4       ; TDO                          ; -                        ; altera_reserved_tdo     ; JTAG Pin                  ;
; L3       ; nCE                          ; -                        ; -                       ; Dedicated Programming Pin ;
; M18      ; CONF_DONE                    ; -                        ; -                       ; Dedicated Programming Pin ;
; M17      ; MSEL0                        ; -                        ; -                       ; Dedicated Programming Pin ;
; L18      ; MSEL1                        ; -                        ; -                       ; Dedicated Programming Pin ;
; L17      ; MSEL2                        ; -                        ; -                       ; Dedicated Programming Pin ;
; K20      ; MSEL3                        ; -                        ; -                       ; Dedicated Programming Pin ;
; K22      ; DIFFIO_R24n, nCEO            ; Use as programming pin   ; ~ALTERA_nCEO~           ; Dual Purpose Pin          ;
; E14      ; DIFFIO_T38n, PADD3           ; Use as regular IO        ; HEX_A[2]                ; Dual Purpose Pin          ;
; A15      ; DIFFIO_T36n, PADD5           ; Use as regular IO        ; HEX_B[0]                ; Dual Purpose Pin          ;
; B15      ; DIFFIO_T36p, PADD6           ; Use as regular IO        ; HEX_B[1]                ; Dual Purpose Pin          ;
; A14      ; DIFFIO_T31n, PADD9           ; Use as regular IO        ; HEX_A[0]                ; Dual Purpose Pin          ;
; B14      ; DIFFIO_T31p, PADD10          ; Use as regular IO        ; HEX_A[1]                ; Dual Purpose Pin          ;
+----------+------------------------------+--------------------------+-------------------------+---------------------------+


+------------------------------------------------------------+
; I/O Bank Usage                                             ;
+----------+------------------+---------------+--------------+
; I/O Bank ; Usage            ; VCCIO Voltage ; VREF Voltage ;
+----------+------------------+---------------+--------------+
; 1        ; 4 / 35 ( 11 % )  ; 2.5V          ; --           ;
; 2        ; 0 / 45 ( 0 % )   ; 2.5V          ; --           ;
; 3        ; 35 / 42 ( 83 % ) ; 3.3V          ; --           ;
; 4        ; 38 / 43 ( 88 % ) ; 3.3V          ; --           ;
; 5        ; 0 / 41 ( 0 % )   ; 2.5V          ; --           ;
; 6        ; 1 / 37 ( 3 % )   ; 2.5V          ; --           ;
; 7        ; 10 / 43 ( 23 % ) ; 3.3V          ; --           ;
; 8        ; 0 / 43 ( 0 % )   ; 2.5V          ; --           ;
+----------+------------------+---------------+--------------+


+-----------------------------------------------------------------------------------------------------------------------------------------------------------------------------------------+
; All Package Pins                                                                                                                                                                        ;
+----------+------------+----------+-----------------------------------------------------------+--------+--------------+---------+------------+-----------------+----------+--------------+
; Location ; Pad Number ; I/O Bank ; Pin Name/Usage                                            ; Dir.   ; I/O Standard ; Voltage ; I/O Type   ; User Assignment ; Bus Hold ; Weak Pull Up ;
+----------+------------+----------+-----------------------------------------------------------+--------+--------------+---------+------------+-----------------+----------+--------------+
; A1       ;            ;          ; GND                                                       ; gnd    ;              ;         ; --         ;                 ; --       ; --           ;
; A2       ;            ; 8        ; VCCIO8                                                    ; power  ;              ; 2.5V    ; --         ;                 ; --       ; --           ;
; A3       ; 534        ; 8        ; RESERVED_INPUT_WITH_WEAK_PULLUP                           ;        ;              ;         ; Column I/O ;                 ; no       ; On           ;
; A4       ; 529        ; 8        ; RESERVED_INPUT_WITH_WEAK_PULLUP                           ;        ;              ;         ; Column I/O ;                 ; no       ; On           ;
; A5       ; 518        ; 8        ; RESERVED_INPUT_WITH_WEAK_PULLUP                           ;        ;              ;         ; Column I/O ;                 ; no       ; On           ;
; A6       ; 501        ; 8        ; RESERVED_INPUT_WITH_WEAK_PULLUP                           ;        ;              ;         ; Column I/O ;                 ; no       ; On           ;
; A7       ; 499        ; 8        ; RESERVED_INPUT_WITH_WEAK_PULLUP                           ;        ;              ;         ; Column I/O ;                 ; no       ; On           ;
; A8       ; 497        ; 8        ; RESERVED_INPUT_WITH_WEAK_PULLUP                           ;        ;              ;         ; Column I/O ;                 ; no       ; On           ;
; A9       ; 487        ; 8        ; RESERVED_INPUT_WITH_WEAK_PULLUP                           ;        ;              ;         ; Column I/O ;                 ; no       ; On           ;
; A10      ; 485        ; 8        ; RESERVED_INPUT_WITH_WEAK_PULLUP                           ;        ;              ;         ; Column I/O ;                 ; no       ; On           ;
; A11      ; 481        ; 8        ; GND+                                                      ;        ;              ;         ; Column I/O ;                 ; --       ; --           ;
; A12      ; 479        ; 7        ; CLK_20MHZ                                                 ; input  ; 3.3-V LVTTL  ;         ; Column I/O ; Y               ; no       ; Off          ;
; A13      ; 473        ; 7        ; RESERVED_INPUT_WITH_WEAK_PULLUP                           ;        ;              ;         ; Column I/O ;                 ; no       ; On           ;
; A14      ; 469        ; 7        ; HEX_A[0]                                                  ; input  ; 3.3-V LVTTL  ;         ; Column I/O ; Y               ; no       ; Off          ;
; A15      ; 458        ; 7        ; HEX_B[0]                                                  ; input  ; 3.3-V LVTTL  ;         ; Column I/O ; Y               ; no       ; Off          ;
; A16      ; 448        ; 7        ; RESERVED_INPUT_WITH_WEAK_PULLUP                           ;        ;              ;         ; Column I/O ;                 ; no       ; On           ;
; A17      ; 446        ; 7        ; RESERVED_INPUT_WITH_WEAK_PULLUP                           ;        ;              ;         ; Column I/O ;                 ; no       ; On           ;
; A18      ; 437        ; 7        ; RESERVED_INPUT_WITH_WEAK_PULLUP                           ;        ;              ;         ; Column I/O ;                 ; no       ; On           ;
; A19      ; 435        ; 7        ; RESERVED_INPUT_WITH_WEAK_PULLUP                           ;        ;              ;         ; Column I/O ;                 ; no       ; On           ;
; A20      ; 430        ; 7        ; RESERVED_INPUT_WITH_WEAK_PULLUP                           ;        ;              ;         ; Column I/O ;                 ; no       ; On           ;
; A21      ;            ; 7        ; VCCIO7                                                    ; power  ;              ; 3.3V    ; --         ;                 ; --       ; --           ;
; A22      ;            ;          ; GND                                                       ; gnd    ;              ;         ; --         ;                 ; --       ; --           ;
; AA1      ; 125        ; 2        ; RESERVED_INPUT_WITH_WEAK_PULLUP                           ;        ;              ;         ; Row I/O    ;                 ; no       ; On           ;
; AA2      ;            ;          ; GND                                                       ; gnd    ;              ;         ; --         ;                 ; --       ; --           ;
; AA3      ; 154        ; 3        ; SEG_A[0]                                                  ; output ; 3.3-V LVTTL  ;         ; Column I/O ; Y               ; no       ; Off          ;
; AA4      ; 158        ; 3        ; SEG_A[2]                                                  ; output ; 3.3-V LVTTL  ;         ; Column I/O ; Y               ; no       ; Off          ;
; AA5      ; 160        ; 3        ; SEG_A[3]                                                  ; output ; 3.3-V LVTTL  ;         ; Column I/O ; Y               ; no       ; Off          ;
; AA6      ;            ; 3        ; VCCIO3                                                    ; power  ;              ; 3.3V    ; --         ;                 ; --       ; --           ;
; AA7      ; 173        ; 3        ; SEG_B[6]                                                  ; output ; 3.3-V LVTTL  ;         ; Column I/O ; Y               ; no       ; Off          ;
; AA8      ; 183        ; 3        ; SEG_C[3]                                                  ; output ; 3.3-V LVTTL  ;         ; Column I/O ; Y               ; no       ; Off          ;
; AA9      ; 189        ; 3        ; SEG_D[2]                                                  ; output ; 3.3-V LVTTL  ;         ; Column I/O ; Y               ; no       ; Off          ;
; AA10     ; 202        ; 3        ; SEG_D[5]                                                  ; output ; 3.3-V LVTTL  ;         ; Column I/O ; Y               ; no       ; Off          ;
; AA11     ; 204        ; 3        ; GND+                                                      ;        ;              ;         ; Column I/O ;                 ; --       ; --           ;
; AA12     ; 206        ; 4        ; GND+                                                      ;        ;              ;         ; Column I/O ;                 ; --       ; --           ;
; AA13     ; 208        ; 4        ; SEG_F[1]                                                  ; output ; 3.3-V LVTTL  ;         ; Column I/O ; Y               ; no       ; Off          ;
; AA14     ; 210        ; 4        ; SEG_G[4]                                                  ; output ; 3.3-V LVTTL  ;         ; Column I/O ; Y               ; no       ; Off          ;
; AA15     ; 220        ; 4        ; SEG_H[2]                                                  ; output ; 3.3-V LVTTL  ;         ; Column I/O ; Y               ; no       ; Off          ;
; AA16     ; 224        ; 4        ; SEG_H[5]                                                  ; output ; 3.3-V LVTTL  ;         ; Column I/O ; Y               ; no       ; Off          ;
; AA17     ; 243        ; 4        ; SEG_SEL[1]                                                ; output ; 3.3-V LVTTL  ;         ; Column I/O ; Y               ; no       ; Off          ;
; AA18     ; 245        ; 4        ; SEG_SEL[6]                                                ; output ; 3.3-V LVTTL  ;         ; Column I/O ; Y               ; no       ; Off          ;
; AA19     ; 252        ; 4        ; SEG_SEL[7]                                                ; output ; 3.3-V LVTTL  ;         ; Column I/O ; Y               ; no       ; Off          ;
; AA20     ; 259        ; 4        ; RESERVED_INPUT_WITH_WEAK_PULLUP                           ;        ;              ;         ; Column I/O ;                 ; no       ; On           ;
; AA21     ; 274        ; 5        ; RESERVED_INPUT_WITH_WEAK_PULLUP                           ;        ;              ;         ; Row I/O    ;                 ; no       ; On           ;
; AA22     ;            ;          ; GND                                                       ; gnd    ;              ;         ; --         ;                 ; --       ; --           ;
; AB1      ;            ;          ; GND                                                       ; gnd    ;              ;         ; --         ;                 ; --       ; --           ;
; AB2      ;            ; 3        ; VCCIO3                                                    ; power  ;              ; 3.3V    ; --         ;                 ; --       ; --           ;
; AB3      ; 155        ; 3        ; RESERVED_INPUT_WITH_WEAK_PULLUP                           ;        ;              ;         ; Column I/O ;                 ; no       ; On           ;
; AB4      ; 159        ; 3        ; SEG_A[4]                                                  ; output ; 3.3-V LVTTL  ;         ; Column I/O ; Y               ; no       ; Off          ;
; AB5      ; 161        ; 3        ; SEG_A[6]                                                  ; output ; 3.3-V LVTTL  ;         ; Column I/O ; Y               ; no       ; Off          ;
; AB6      ;            ;          ; GND                                                       ; gnd    ;              ;         ; --         ;                 ; --       ; --           ;
; AB7      ; 174        ; 3        ; SEG_C[0]                                                  ; output ; 3.3-V LVTTL  ;         ; Column I/O ; Y               ; no       ; Off          ;
; AB8      ; 184        ; 3        ; SEG_C[6]                                                  ; output ; 3.3-V LVTTL  ;         ; Column I/O ; Y               ; no       ; Off          ;
; AB9      ; 190        ; 3        ; SEG_D[4]                                                  ; output ; 3.3-V LVTTL  ;         ; Column I/O ; Y               ; no       ; Off          ;
; AB10     ; 203        ; 3        ; SEG_D[7]                                                  ; output ; 3.3-V LVTTL  ;         ; Column I/O ; Y               ; no       ; Off          ;
; AB11     ; 205        ; 3        ; GND+                                                      ;        ;              ;         ; Column I/O ;                 ; --       ; --           ;
; AB12     ; 207        ; 4        ; GND+                                                      ;        ;              ;         ; Column I/O ;                 ; --       ; --           ;
; AB13     ; 209        ; 4        ; SEG_F[3]                                                  ; output ; 3.3-V LVTTL  ;         ; Column I/O ; Y               ; no       ; Off          ;
; AB14     ; 211        ; 4        ; SEG_G[1]                                                  ; output ; 3.3-V LVTTL  ;         ; Column I/O ; Y               ; no       ; Off          ;
; AB15     ; 221        ; 4        ; SEG_H[4]                                                  ; output ; 3.3-V LVTTL  ;         ; Column I/O ; Y               ; no       ; Off          ;
; AB16     ; 225        ; 4        ; SEG_H[7]                                                  ; output ; 3.3-V LVTTL  ;         ; Column I/O ; Y               ; no       ; Off          ;
; AB17     ; 244        ; 4        ; SEG_SEL[3]                                                ; output ; 3.3-V LVTTL  ;         ; Column I/O ; Y               ; no       ; Off          ;
; AB18     ; 242        ; 4        ; SEG_SEL[8]                                                ; output ; 3.3-V LVTTL  ;         ; Column I/O ; Y               ; no       ; Off          ;
; AB19     ; 253        ; 4        ; SEG_SEL[5]                                                ; output ; 3.3-V LVTTL  ;         ; Column I/O ; Y               ; no       ; Off          ;
; AB20     ; 260        ; 4        ; RESERVED_INPUT_WITH_WEAK_PULLUP                           ;        ;              ;         ; Column I/O ;                 ; no       ; On           ;
; AB21     ;            ; 4        ; VCCIO4                                                    ; power  ;              ; 3.3V    ; --         ;                 ; --       ; --           ;
; AB22     ;            ;          ; GND                                                       ; gnd    ;              ;         ; --         ;                 ; --       ; --           ;
; B1       ; 4          ; 1        ; RESERVED_INPUT_WITH_WEAK_PULLUP                           ;        ;              ;         ; Row I/O    ;                 ; no       ; On           ;
; B2       ; 3          ; 1        ; RESERVED_INPUT_WITH_WEAK_PULLUP                           ;        ;              ;         ; Row I/O    ;                 ; no       ; On           ;
; B3       ; 535        ; 8        ; RESERVED_INPUT_WITH_WEAK_PULLUP                           ;        ;              ;         ; Column I/O ;                 ; no       ; On           ;
; B4       ; 530        ; 8        ; RESERVED_INPUT_WITH_WEAK_PULLUP                           ;        ;              ;         ; Column I/O ;                 ; no       ; On           ;
; B5       ; 523        ; 8        ; RESERVED_INPUT_WITH_WEAK_PULLUP                           ;        ;              ;         ; Column I/O ;                 ; --       ; --           ;
; B6       ; 502        ; 8        ; RESERVED_INPUT_WITH_WEAK_PULLUP                           ;        ;              ;         ; Column I/O ;                 ; no       ; On           ;
; B7       ; 500        ; 8        ; RESERVED_INPUT_WITH_WEAK_PULLUP                           ;        ;              ;         ; Column I/O ;                 ; no       ; On           ;
; B8       ; 498        ; 8        ; RESERVED_INPUT_WITH_WEAK_PULLUP                           ;        ;              ;         ; Column I/O ;                 ; no       ; On           ;
; B9       ; 488        ; 8        ; RESERVED_INPUT_WITH_WEAK_PULLUP                           ;        ;              ;         ; Column I/O ;                 ; no       ; On           ;
; B10      ; 486        ; 8        ; RESERVED_INPUT_WITH_WEAK_PULLUP                           ;        ;              ;         ; Column I/O ;                 ; no       ; On           ;
; B11      ; 482        ; 8        ; GND+                                                      ;        ;              ;         ; Column I/O ;                 ; --       ; --           ;
; B12      ; 480        ; 7        ; GND+                                                      ;        ;              ;         ; Column I/O ;                 ; --       ; --           ;
; B13      ; 474        ; 7        ; RESERVED_INPUT_WITH_WEAK_PULLUP                           ;        ;              ;         ; Column I/O ;                 ; no       ; On           ;
; B14      ; 470        ; 7        ; HEX_A[1]                                                  ; input  ; 3.3-V LVTTL  ;         ; Column I/O ; Y               ; no       ; Off          ;
; B15      ; 459        ; 7        ; HEX_B[1]                                                  ; input  ; 3.3-V LVTTL  ;         ; Column I/O ; Y               ; no       ; Off          ;
; B16      ; 449        ; 7        ; RESERVED_INPUT_WITH_WEAK_PULLUP                           ;        ;              ;         ; Column I/O ;                 ; no       ; On           ;
; B17      ; 447        ; 7        ; RESERVED_INPUT_WITH_WEAK_PULLUP                           ;        ;              ;         ; Column I/O ;                 ; no       ; On           ;
; B18      ; 438        ; 7        ; RESERVED_INPUT_WITH_WEAK_PULLUP                           ;        ;              ;         ; Column I/O ;                 ; no       ; On           ;
; B19      ; 434        ; 7        ; RESERVED_INPUT_WITH_WEAK_PULLUP                           ;        ;              ;         ; Column I/O ;                 ; no       ; On           ;
; B20      ; 431        ; 7        ; RESERVED_INPUT_WITH_WEAK_PULLUP                           ;        ;              ;         ; Column I/O ;                 ; no       ; On           ;
; B21      ; 404        ; 6        ; RESERVED_INPUT_WITH_WEAK_PULLUP                           ;        ;              ;         ; Row I/O    ;                 ; no       ; On           ;
; B22      ; 403        ; 6        ; RESERVED_INPUT_WITH_WEAK_PULLUP                           ;        ;              ;         ; Row I/O    ;                 ; no       ; On           ;
; C1       ; 15         ; 1        ; RESERVED_INPUT_WITH_WEAK_PULLUP                           ;        ;              ;         ; Row I/O    ;                 ; no       ; On           ;
; C2       ; 14         ; 1        ; RESERVED_INPUT_WITH_WEAK_PULLUP                           ;        ;              ;         ; Row I/O    ;                 ; no       ; On           ;
; C3       ; 538        ; 8        ; RESERVED_INPUT_WITH_WEAK_PULLUP                           ;        ;              ;         ; Column I/O ;                 ; no       ; On           ;
; C4       ; 539        ; 8        ; RESERVED_INPUT_WITH_WEAK_PULLUP                           ;        ;              ;         ; Column I/O ;                 ; no       ; On           ;
; C5       ;            ;          ; GND                                                       ; gnd    ;              ;         ; --         ;                 ; --       ; --           ;
; C6       ; 526        ; 8        ; RESERVED_INPUT_WITH_WEAK_PULLUP                           ;        ;              ;         ; Column I/O ;                 ; no       ; On           ;
; C7       ; 508        ; 8        ; RESERVED_INPUT_WITH_WEAK_PULLUP                           ;        ;              ;         ; Column I/O ;                 ; no       ; On           ;
; C8       ; 507        ; 8        ; RESERVED_INPUT_WITH_WEAK_PULLUP                           ;        ;              ;         ; Column I/O ;                 ; no       ; On           ;
; C9       ;            ;          ; GND                                                       ; gnd    ;              ;         ; --         ;                 ; --       ; --           ;
; C10      ; 491        ; 8        ; RESERVED_INPUT_WITH_WEAK_PULLUP                           ;        ;              ;         ; Column I/O ;                 ; --       ; --           ;
; C11      ;            ;          ; GND                                                       ; gnd    ;              ;         ; --         ;                 ; --       ; --           ;
; C12      ;            ;          ; GND                                                       ; gnd    ;              ;         ; --         ;                 ; --       ; --           ;
; C13      ; 460        ; 7        ; RESERVED_INPUT_WITH_WEAK_PULLUP                           ;        ;              ;         ; Column I/O ;                 ; no       ; On           ;
; C14      ;            ;          ; GND                                                       ; gnd    ;              ;         ; --         ;                 ; --       ; --           ;
; C15      ; 450        ; 7        ; HEX_B[2]                                                  ; input  ; 3.3-V LVTTL  ;         ; Column I/O ; Y               ; no       ; Off          ;
; C16      ;            ;          ; GND                                                       ; gnd    ;              ;         ; --         ;                 ; --       ; --           ;
; C17      ; 433        ; 7        ; RESERVED_INPUT_WITH_WEAK_PULLUP                           ;        ;              ;         ; Column I/O ;                 ; no       ; On           ;
; C18      ;            ;          ; GND                                                       ; gnd    ;              ;         ; --         ;                 ; --       ; --           ;
; C19      ; 428        ; 7        ; RESERVED_INPUT_WITH_WEAK_PULLUP                           ;        ;              ;         ; Column I/O ;                 ; no       ; On           ;
; C20      ; 405        ; 6        ; RESERVED_INPUT_WITH_WEAK_PULLUP                           ;        ;              ;         ; Row I/O    ;                 ; no       ; On           ;
; C21      ; 401        ; 6        ; RESERVED_INPUT_WITH_WEAK_PULLUP                           ;        ;              ;         ; Row I/O    ;                 ; no       ; On           ;
; C22      ; 400        ; 6        ; RESERVED_INPUT_WITH_WEAK_PULLUP                           ;        ;              ;         ; Row I/O    ;                 ; no       ; On           ;
; D1       ; 17         ; 1        ; ~ALTERA_ASDO_DATA1~ / RESERVED_INPUT_WITH_WEAK_PULLUP     ; input  ; 2.5 V        ;         ; Row I/O    ; N               ; no       ; On           ;
; D2       ; 16         ; 1        ; RESERVED_INPUT_WITH_WEAK_PULLUP                           ;        ;              ;         ; Row I/O    ;                 ; no       ; On           ;
; D3       ;            ;          ; GND                                                       ; gnd    ;              ;         ; --         ;                 ; --       ; --           ;
; D4       ;            ; 1        ; VCCIO1                                                    ; power  ;              ; 2.5V    ; --         ;                 ; --       ; --           ;
; D5       ;            ; 8        ; VCCIO8                                                    ; power  ;              ; 2.5V    ; --         ;                 ; --       ; --           ;
; D6       ; 536        ; 8        ; RESERVED_INPUT_WITH_WEAK_PULLUP                           ;        ;              ;         ; Column I/O ;                 ; --       ; --           ;
; D7       ; 527        ; 8        ; RESERVED_INPUT_WITH_WEAK_PULLUP                           ;        ;              ;         ; Column I/O ;                 ; no       ; On           ;
; D8       ;            ;          ; GND                                                       ; gnd    ;              ;         ; --         ;                 ; --       ; --           ;
; D9       ;            ; 8        ; VCCIO8                                                    ; power  ;              ; 2.5V    ; --         ;                 ; --       ; --           ;
; D10      ; 483        ; 8        ; RESERVED_INPUT_WITH_WEAK_PULLUP                           ;        ;              ;         ; Column I/O ;                 ; no       ; On           ;
; D11      ;            ; 8        ; VCCIO8                                                    ; power  ;              ; 2.5V    ; --         ;                 ; --       ; --           ;
; D12      ;            ; 7        ; VCCIO7                                                    ; power  ;              ; 3.3V    ; --         ;                 ; --       ; --           ;
; D13      ; 461        ; 7        ; RESERVED_INPUT_WITH_WEAK_PULLUP                           ;        ;              ;         ; Column I/O ;                 ; no       ; On           ;
; D14      ;            ; 7        ; VCCIO7                                                    ; power  ;              ; 3.3V    ; --         ;                 ; --       ; --           ;
; D15      ; 439        ; 7        ; HEX_B[3]                                                  ; input  ; 3.3-V LVTTL  ;         ; Column I/O ; Y               ; no       ; Off          ;
; D16      ;            ; 7        ; VCCIO7                                                    ; power  ;              ; 3.3V    ; --         ;                 ; --       ; --           ;
; D17      ; 426        ; 7        ; RESERVED_INPUT_WITH_WEAK_PULLUP                           ;        ;              ;         ; Column I/O ;                 ; --       ; --           ;
; D18      ;            ; 7        ; VCCIO7                                                    ; power  ;              ; 3.3V    ; --         ;                 ; --       ; --           ;
; D19      ; 429        ; 7        ; RESERVED_INPUT_WITH_WEAK_PULLUP                           ;        ;              ;         ; Column I/O ;                 ; no       ; On           ;
; D20      ; 407        ; 6        ; RESERVED_INPUT_WITH_WEAK_PULLUP                           ;        ;              ;         ; Row I/O    ;                 ; --       ; --           ;
; D21      ; 395        ; 6        ; RESERVED_INPUT_WITH_WEAK_PULLUP                           ;        ;              ;         ; Row I/O    ;                 ; no       ; On           ;
; D22      ; 394        ; 6        ; RESERVED_INPUT_WITH_WEAK_PULLUP                           ;        ;              ;         ; Row I/O    ;                 ; no       ; On           ;
; E1       ; 22         ; 1        ; RESERVED_INPUT_WITH_WEAK_PULLUP                           ;        ;              ;         ; Row I/O    ;                 ; no       ; On           ;
; E2       ; 21         ; 1        ; ~ALTERA_FLASH_nCE_nCSO~ / RESERVED_INPUT_WITH_WEAK_PULLUP ; input  ; 2.5 V        ;         ; Row I/O    ; N               ; no       ; On           ;
; E3       ; 9          ; 1        ; RESERVED_INPUT_WITH_WEAK_PULLUP                           ;        ;              ;         ; Row I/O    ;                 ; no       ; On           ;
; E4       ; 8          ; 1        ; RESERVED_INPUT_WITH_WEAK_PULLUP                           ;        ;              ;         ; Row I/O    ;                 ; no       ; On           ;
; E5       ; 546        ; 8        ; RESERVED_INPUT_WITH_WEAK_PULLUP                           ;        ;              ;         ; Column I/O ;                 ; no       ; On           ;
; E6       ; 545        ; 8        ; RESERVED_INPUT_WITH_WEAK_PULLUP                           ;        ;              ;         ; Column I/O ;                 ; no       ; On           ;
; E7       ; 537        ; 8        ; RESERVED_INPUT_WITH_WEAK_PULLUP                           ;        ;              ;         ; Column I/O ;                 ; no       ; On           ;
; E8       ;            ; 8        ; VCCIO8                                                    ; power  ;              ; 2.5V    ; --         ;                 ; --       ; --           ;
; E9       ; 506        ; 8        ; RESERVED_INPUT_WITH_WEAK_PULLUP                           ;        ;              ;         ; Column I/O ;                 ; --       ; --           ;
; E10      ; 484        ; 8        ; RESERVED_INPUT_WITH_WEAK_PULLUP                           ;        ;              ;         ; Column I/O ;                 ; no       ; On           ;
; E11      ; 477        ; 7        ; RESERVED_INPUT_WITH_WEAK_PULLUP                           ;        ;              ;         ; Column I/O ;                 ; no       ; On           ;
; E12      ; 476        ; 7        ; RESERVED_INPUT_WITH_WEAK_PULLUP                           ;        ;              ;         ; Column I/O ;                 ; no       ; On           ;
; E13      ; 468        ; 7        ; RESERVED_INPUT_WITH_WEAK_PULLUP                           ;        ;              ;         ; Column I/O ;                 ; --       ; --           ;
; E14      ; 453        ; 7        ; HEX_A[2]                                                  ; input  ; 3.3-V LVTTL  ;         ; Column I/O ; Y               ; no       ; Off          ;
; E15      ; 440        ; 7        ; RESET_N                                                   ; input  ; 3.3-V LVTTL  ;         ; Column I/O ; Y               ; no       ; Off          ;
; E16      ; 418        ; 7        ; RESERVED_INPUT_WITH_WEAK_PULLUP                           ;        ;              ;         ; Column I/O ;                 ; no       ; On           ;
; E17      ;            ;          ; VCCD_PLL2                                                 ; power  ;              ; 1.2V    ; --         ;                 ; --       ; --           ;
; E18      ;            ;          ; GNDA2                                                     ; gnd    ;              ;         ; --         ;                 ; --       ; --           ;
; E19      ;            ; 6        ; VCCIO6                                                    ; power  ;              ; 2.5V    ; --         ;                 ; --       ; --           ;
; E20      ;            ;          ; GND                                                       ; gnd    ;              ;         ; --         ;                 ; --       ; --           ;
; E21      ; 388        ; 6        ; RESERVED_INPUT_WITH_WEAK_PULLUP                           ;        ;              ;         ; Row I/O    ;                 ; no       ; On           ;
; E22      ; 387        ; 6        ; RESERVED_INPUT_WITH_WEAK_PULLUP                           ;        ;              ;         ; Row I/O    ;                 ; no       ; On           ;
; F1       ; 26         ; 1        ; RESERVED_INPUT_WITH_WEAK_PULLUP                           ;        ;              ;         ; Row I/O    ;                 ; no       ; On           ;
; F2       ; 25         ; 1        ; RESERVED_INPUT_WITH_WEAK_PULLUP                           ;        ;              ;         ; Row I/O    ;                 ; no       ; On           ;
; F3       ;            ;          ; GND                                                       ; gnd    ;              ;         ; --         ;                 ; --       ; --           ;
; F4       ;            ; 1        ; VCCIO1                                                    ; power  ;              ; 2.5V    ; --         ;                 ; --       ; --           ;
; F5       ;            ;          ; GNDA3                                                     ; gnd    ;              ;         ; --         ;                 ; --       ; --           ;
; F6       ;            ;          ; VCCD_PLL3                                                 ; power  ;              ; 1.2V    ; --         ;                 ; --       ; --           ;
; F7       ; 542        ; 8        ; RESERVED_INPUT_WITH_WEAK_PULLUP                           ;        ;              ;         ; Column I/O ;                 ; no       ; On           ;
; F8       ; 531        ; 8        ; RESERVED_INPUT_WITH_WEAK_PULLUP                           ;        ;              ;         ; Column I/O ;                 ; no       ; On           ;
; F9       ; 544        ; 8        ; RESERVED_INPUT_WITH_WEAK_PULLUP                           ;        ;              ;         ; Column I/O ;                 ; no       ; On           ;
; F10      ; 525        ; 8        ; RESERVED_INPUT_WITH_WEAK_PULLUP                           ;        ;              ;         ; Column I/O ;                 ; no       ; On           ;
; F11      ; 478        ; 7        ; RESERVED_INPUT_WITH_WEAK_PULLUP                           ;        ;              ;         ; Column I/O ;                 ; no       ; On           ;
; F12      ;            ;          ; GND                                                       ; gnd    ;              ;         ; --         ;                 ; --       ; --           ;
; F13      ; 457        ; 7        ; RESERVED_INPUT_WITH_WEAK_PULLUP                           ;        ;              ;         ; Column I/O ;                 ; no       ; On           ;
; F14      ; 423        ; 7        ; HEX_A[3]                                                  ; input  ; 3.3-V LVTTL  ;         ; Column I/O ; Y               ; no       ; Off          ;
; F15      ; 419        ; 7        ; RESERVED_INPUT_WITH_WEAK_PULLUP                           ;        ;              ;         ; Column I/O ;                 ; no       ; On           ;
; F16      ; 417        ; 7        ; RESERVED_INPUT_WITH_WEAK_PULLUP                           ;        ;              ;         ; Column I/O ;                 ; no       ; On           ;
; F17      ; 410        ; 6        ; RESERVED_INPUT_WITH_WEAK_PULLUP                           ;        ;              ;         ; Row I/O    ;                 ; no       ; On           ;
; F18      ;            ; --       ; VCCA2                                                     ; power  ;              ; 2.5V    ; --         ;                 ; --       ; --           ;
; F19      ; 397        ; 6        ; RESERVED_INPUT_WITH_WEAK_PULLUP                           ;        ;              ;         ; Row I/O    ;                 ; no       ; On           ;
; F20      ; 396        ; 6        ; RESERVED_INPUT_WITH_WEAK_PULLUP                           ;        ;              ;         ; Row I/O    ;                 ; no       ; On           ;
; F21      ; 376        ; 6        ; RESERVED_INPUT_WITH_WEAK_PULLUP                           ;        ;              ;         ; Row I/O    ;                 ; no       ; On           ;
; F22      ; 375        ; 6        ; RESERVED_INPUT_WITH_WEAK_PULLUP                           ;        ;              ;         ; Row I/O    ;                 ; no       ; On           ;
; G1       ; 67         ; 1        ; GND+                                                      ;        ;              ;         ; Row I/O    ;                 ; --       ; --           ;
; G2       ;            ;          ; GND                                                       ; gnd    ;              ;         ; --         ;                 ; --       ; --           ;
; G3       ; 1          ; 1        ; RESERVED_INPUT_WITH_WEAK_PULLUP                           ;        ;              ;         ; Row I/O    ;                 ; no       ; On           ;
; G4       ; 0          ; 1        ; RESERVED_INPUT_WITH_WEAK_PULLUP                           ;        ;              ;         ; Row I/O    ;                 ; no       ; On           ;
; G5       ; 5          ; 1        ; RESERVED_INPUT_WITH_WEAK_PULLUP                           ;        ;              ;         ; Row I/O    ;                 ; --       ; --           ;
; G6       ;            ; --       ; VCCA3                                                     ; power  ;              ; 2.5V    ; --         ;                 ; --       ; --           ;
; G7       ; 543        ; 8        ; RESERVED_INPUT_WITH_WEAK_PULLUP                           ;        ;              ;         ; Column I/O ;                 ; no       ; On           ;
; G8       ; 532        ; 8        ; RESERVED_INPUT_WITH_WEAK_PULLUP                           ;        ;              ;         ; Column I/O ;                 ; no       ; On           ;
; G9       ; 547        ; 8        ; RESERVED_INPUT_WITH_WEAK_PULLUP                           ;        ;              ;         ; Column I/O ;                 ; no       ; On           ;
; G10      ; 524        ; 8        ; RESERVED_INPUT_WITH_WEAK_PULLUP                           ;        ;              ;         ; Column I/O ;                 ; no       ; On           ;
; G11      ; 492        ; 8        ; RESERVED_INPUT_WITH_WEAK_PULLUP                           ;        ;              ;         ; Column I/O ;                 ; no       ; On           ;
; G12      ;            ;          ; VCCINT                                                    ; power  ;              ; 1.2V    ; --         ;                 ; --       ; --           ;
; G13      ; 444        ; 7        ; RESERVED_INPUT_WITH_WEAK_PULLUP                           ;        ;              ;         ; Column I/O ;                 ; no       ; On           ;
; G14      ; 441        ; 7        ; RESERVED_INPUT_WITH_WEAK_PULLUP                           ;        ;              ;         ; Column I/O ;                 ; no       ; On           ;
; G15      ; 422        ; 7        ; RESERVED_INPUT_WITH_WEAK_PULLUP                           ;        ;              ;         ; Column I/O ;                 ; no       ; On           ;
; G16      ; 420        ; 7        ; RESERVED_INPUT_WITH_WEAK_PULLUP                           ;        ;              ;         ; Column I/O ;                 ; no       ; On           ;
; G17      ; 411        ; 6        ; RESERVED_INPUT_WITH_WEAK_PULLUP                           ;        ;              ;         ; Row I/O    ;                 ; no       ; On           ;
; G18      ; 398        ; 6        ; RESERVED_INPUT_WITH_WEAK_PULLUP                           ;        ;              ;         ; Row I/O    ;                 ; no       ; On           ;
; G19      ;            ; 6        ; VCCIO6                                                    ; power  ;              ; 2.5V    ; --         ;                 ; --       ; --           ;
; G20      ;            ;          ; GND                                                       ; gnd    ;              ;         ; --         ;                 ; --       ; --           ;
; G21      ; 345        ; 6        ; GND+                                                      ;        ;              ;         ; Row I/O    ;                 ; --       ; --           ;
; G22      ; 344        ; 6        ; GND+                                                      ;        ;              ;         ; Row I/O    ;                 ; --       ; --           ;
; H1       ; 52         ; 1        ; RESERVED_INPUT_WITH_WEAK_PULLUP                           ;        ;              ;         ; Row I/O    ;                 ; no       ; On           ;
; H2       ; 51         ; 1        ; RESERVED_INPUT_WITH_WEAK_PULLUP                           ;        ;              ;         ; Row I/O    ;                 ; no       ; On           ;
; H3       ;            ;          ; GND                                                       ; gnd    ;              ;         ; --         ;                 ; --       ; --           ;
; H4       ;            ; 1        ; VCCIO1                                                    ; power  ;              ; 2.5V    ; --         ;                 ; --       ; --           ;
; H5       ; 42         ; 1        ; RESERVED_INPUT_WITH_WEAK_PULLUP                           ;        ;              ;         ; Row I/O    ;                 ; --       ; --           ;
; H6       ; 19         ; 1        ; RESERVED_INPUT_WITH_WEAK_PULLUP                           ;        ;              ;         ; Row I/O    ;                 ; no       ; On           ;
; H7       ; 18         ; 1        ; RESERVED_INPUT_WITH_WEAK_PULLUP                           ;        ;              ;         ; Row I/O    ;                 ; --       ; --           ;
; H8       ; 29         ; 1        ; RESERVED_INPUT_WITH_WEAK_PULLUP                           ;        ;              ;         ; Row I/O    ;                 ; no       ; On           ;
; H9       ;            ;          ; VCCINT                                                    ; power  ;              ; 1.2V    ; --         ;                 ; --       ; --           ;
; H10      ; 512        ; 8        ; RESERVED_INPUT_WITH_WEAK_PULLUP                           ;        ;              ;         ; Column I/O ;                 ; no       ; On           ;
; H11      ; 511        ; 8        ; RESERVED_INPUT_WITH_WEAK_PULLUP                           ;        ;              ;         ; Column I/O ;                 ; no       ; On           ;
; H12      ;            ;          ; GND                                                       ; gnd    ;              ;         ; --         ;                 ; --       ; --           ;
; H13      ;            ;          ; GND                                                       ; gnd    ;              ;         ; --         ;                 ; --       ; --           ;
; H14      ; 425        ; 7        ; RESERVED_INPUT_WITH_WEAK_PULLUP                           ;        ;              ;         ; Column I/O ;                 ; no       ; On           ;
; H15      ; 424        ; 7        ; RESERVED_INPUT_WITH_WEAK_PULLUP                           ;        ;              ;         ; Column I/O ;                 ; no       ; On           ;
; H16      ; 393        ; 6        ; RESERVED_INPUT_WITH_WEAK_PULLUP                           ;        ;              ;         ; Row I/O    ;                 ; no       ; On           ;
; H17      ; 399        ; 6        ; RESERVED_INPUT_WITH_WEAK_PULLUP                           ;        ;              ;         ; Row I/O    ;                 ; no       ; On           ;
; H18      ; 391        ; 6        ; RESERVED_INPUT_WITH_WEAK_PULLUP                           ;        ;              ;         ; Row I/O    ;                 ; --       ; --           ;
; H19      ; 386        ; 6        ; RESERVED_INPUT_WITH_WEAK_PULLUP                           ;        ;              ;         ; Row I/O    ;                 ; no       ; On           ;
; H20      ; 385        ; 6        ; RESERVED_INPUT_WITH_WEAK_PULLUP                           ;        ;              ;         ; Row I/O    ;                 ; no       ; On           ;
; H21      ; 365        ; 6        ; RESERVED_INPUT_WITH_WEAK_PULLUP                           ;        ;              ;         ; Row I/O    ;                 ; no       ; On           ;
; H22      ; 364        ; 6        ; RESERVED_INPUT_WITH_WEAK_PULLUP                           ;        ;              ;         ; Row I/O    ;                 ; no       ; On           ;
; J1       ; 55         ; 1        ; RESERVED_INPUT_WITH_WEAK_PULLUP                           ;        ;              ;         ; Row I/O    ;                 ; no       ; On           ;
; J2       ; 54         ; 1        ; RESERVED_INPUT_WITH_WEAK_PULLUP                           ;        ;              ;         ; Row I/O    ;                 ; no       ; On           ;
; J3       ; 53         ; 1        ; RESERVED_INPUT_WITH_WEAK_PULLUP                           ;        ;              ;         ; Row I/O    ;                 ; --       ; --           ;
; J4       ; 50         ; 1        ; RESERVED_INPUT_WITH_WEAK_PULLUP                           ;        ;              ;         ; Row I/O    ;                 ; no       ; On           ;
; J5       ; 38         ; 1        ; RESERVED_INPUT_WITH_WEAK_PULLUP                           ;        ;              ;         ; Row I/O    ;                 ; no       ; On           ;
; J6       ; 20         ; 1        ; RESERVED_INPUT_WITH_WEAK_PULLUP                           ;        ;              ;         ; Row I/O    ;                 ; no       ; On           ;
; J7       ; 45         ; 1        ; RESERVED_INPUT_WITH_WEAK_PULLUP                           ;        ;              ;         ; Row I/O    ;                 ; no       ; On           ;
; J8       ; 30         ; 1        ; RESERVED_INPUT_WITH_WEAK_PULLUP                           ;        ;              ;         ; Row I/O    ;                 ; no       ; On           ;
; J9       ;            ;          ; GND                                                       ; gnd    ;              ;         ; --         ;                 ; --       ; --           ;
; J10      ;            ;          ; VCCINT                                                    ; power  ;              ; 1.2V    ; --         ;                 ; --       ; --           ;
; J11      ;            ;          ; VCCINT                                                    ; power  ;              ; 1.2V    ; --         ;                 ; --       ; --           ;
; J12      ;            ;          ; VCCINT                                                    ; power  ;              ; 1.2V    ; --         ;                 ; --       ; --           ;
; J13      ;            ;          ; VCCINT                                                    ; power  ;              ; 1.2V    ; --         ;                 ; --       ; --           ;
; J14      ;            ;          ; VCCINT                                                    ; power  ;              ; 1.2V    ; --         ;                 ; --       ; --           ;
; J15      ;            ;          ; GND                                                       ; gnd    ;              ;         ; --         ;                 ; --       ; --           ;
; J16      ;            ;          ; VCCINT                                                    ; power  ;              ; 1.2V    ; --         ;                 ; --       ; --           ;
; J17      ; 392        ; 6        ; RESERVED_INPUT_WITH_WEAK_PULLUP                           ;        ;              ;         ; Row I/O    ;                 ; no       ; On           ;
; J18      ; 374        ; 6        ; RESERVED_INPUT_WITH_WEAK_PULLUP                           ;        ;              ;         ; Row I/O    ;                 ; --       ; --           ;
; J19      ;            ;          ; GND                                                       ; gnd    ;              ;         ; --         ;                 ; --       ; --           ;
; J20      ;            ; 6        ; VCCIO6                                                    ; power  ;              ; 2.5V    ; --         ;                 ; --       ; --           ;
; J21      ; 363        ; 6        ; RESERVED_INPUT_WITH_WEAK_PULLUP                           ;        ;              ;         ; Row I/O    ;                 ; no       ; On           ;
; J22      ; 362        ; 6        ; RESERVED_INPUT_WITH_WEAK_PULLUP                           ;        ;              ;         ; Row I/O    ;                 ; no       ; On           ;
; K1       ; 59         ; 1        ; ~ALTERA_DATA0~ / RESERVED_INPUT_WITH_WEAK_PULLUP          ; input  ; 2.5 V        ;         ; Row I/O    ; N               ; no       ; On           ;
; K2       ; 58         ; 1        ; ~ALTERA_DCLK~                                             ; output ; 2.5 V        ;         ; Row I/O    ; N               ; no       ; On           ;
; K3       ;            ;          ; GND                                                       ; gnd    ;              ;         ; --         ;                 ; --       ; --           ;
; K4       ;            ; 1        ; VCCIO1                                                    ; power  ;              ; 2.5V    ; --         ;                 ; --       ; --           ;
; K5       ; 60         ; 1        ; ^nCONFIG                                                  ;        ;              ;         ; --         ;                 ; --       ; --           ;
; K6       ; 41         ; 1        ; ^nSTATUS                                                  ;        ;              ;         ; --         ;                 ; --       ; --           ;
; K7       ; 46         ; 1        ; RESERVED_INPUT_WITH_WEAK_PULLUP                           ;        ;              ;         ; Row I/O    ;                 ; no       ; On           ;
; K8       ; 44         ; 1        ; RESERVED_INPUT_WITH_WEAK_PULLUP                           ;        ;              ;         ; Row I/O    ;                 ; no       ; On           ;
; K9       ;            ;          ; VCCINT                                                    ; power  ;              ; 1.2V    ; --         ;                 ; --       ; --           ;
; K10      ;            ;          ; GND                                                       ; gnd    ;              ;         ; --         ;                 ; --       ; --           ;
; K11      ;            ;          ; GND                                                       ; gnd    ;              ;         ; --         ;                 ; --       ; --           ;
; K12      ;            ;          ; GND                                                       ; gnd    ;              ;         ; --         ;                 ; --       ; --           ;
; K13      ;            ;          ; GND                                                       ; gnd    ;              ;         ; --         ;                 ; --       ; --           ;
; K14      ;            ;          ; VCCINT                                                    ; power  ;              ; 1.2V    ; --         ;                 ; --       ; --           ;
; K15      ;            ;          ; VCCINT                                                    ; power  ;              ; 1.2V    ; --         ;                 ; --       ; --           ;
; K16      ;            ;          ; GND                                                       ; gnd    ;              ;         ; --         ;                 ; --       ; --           ;
; K17      ; 369        ; 6        ; RESERVED_INPUT_WITH_WEAK_PULLUP                           ;        ;              ;         ; Row I/O    ;                 ; no       ; On           ;
; K18      ; 370        ; 6        ; RESERVED_INPUT_WITH_WEAK_PULLUP                           ;        ;              ;         ; Row I/O    ;                 ; no       ; On           ;
; K19      ; 357        ; 6        ; RESERVED_INPUT_WITH_WEAK_PULLUP                           ;        ;              ;         ; Row I/O    ;                 ; --       ; --           ;
; K20      ; 350        ; 6        ; ^MSEL3                                                    ;        ;              ;         ; --         ;                 ; --       ; --           ;
; K21      ; 361        ; 6        ; RESERVED_INPUT_WITH_WEAK_PULLUP                           ;        ;              ;         ; Row I/O    ;                 ; no       ; On           ;
; K22      ; 360        ; 6        ; ~ALTERA_nCEO~ / RESERVED_OUTPUT_OPEN_DRAIN                ; output ; 2.5 V        ;         ; Row I/O    ; N               ; no       ; Off          ;
; L1       ; 63         ; 1        ; altera_reserved_tms                                       ; input  ; 2.5 V        ;         ; --         ; N               ; no       ; Off          ;
; L2       ; 62         ; 1        ; altera_reserved_tck                                       ; input  ; 2.5 V        ;         ; --         ; N               ; no       ; Off          ;
; L3       ; 65         ; 1        ; ^nCE                                                      ;        ;              ;         ; --         ;                 ; --       ; --           ;
; L4       ; 64         ; 1        ; altera_reserved_tdo                                       ; output ; 2.5 V        ;         ; --         ; N               ; no       ; Off          ;
; L5       ; 61         ; 1        ; altera_reserved_tdi                                       ; input  ; 2.5 V        ;         ; --         ; N               ; no       ; Off          ;
; L6       ; 70         ; 2        ; RESERVED_INPUT_WITH_WEAK_PULLUP                           ;        ;              ;         ; Row I/O    ;                 ; no       ; On           ;
; L7       ; 79         ; 2        ; RESERVED_INPUT_WITH_WEAK_PULLUP                           ;        ;              ;         ; Row I/O    ;                 ; no       ; On           ;
; L8       ; 43         ; 1        ; RESERVED_INPUT_WITH_WEAK_PULLUP                           ;        ;              ;         ; Row I/O    ;                 ; no       ; On           ;
; L9       ;            ;          ; VCCINT                                                    ; power  ;              ; 1.2V    ; --         ;                 ; --       ; --           ;
; L10      ;            ;          ; GND                                                       ; gnd    ;              ;         ; --         ;                 ; --       ; --           ;
; L11      ;            ;          ; GND                                                       ; gnd    ;              ;         ; --         ;                 ; --       ; --           ;
; L12      ;            ;          ; GND                                                       ; gnd    ;              ;         ; --         ;                 ; --       ; --           ;
; L13      ;            ;          ; GND                                                       ; gnd    ;              ;         ; --         ;                 ; --       ; --           ;
; L14      ;            ;          ; VCCINT                                                    ; power  ;              ; 1.2V    ; --         ;                 ; --       ; --           ;
; L15      ;            ;          ; GND                                                       ; gnd    ;              ;         ; --         ;                 ; --       ; --           ;
; L16      ;            ;          ; VCCINT                                                    ; power  ;              ; 1.2V    ; --         ;                 ; --       ; --           ;
; L17      ; 349        ; 6        ; ^MSEL2                                                    ;        ;              ;         ; --         ;                 ; --       ; --           ;
; L18      ; 348        ; 6        ; ^MSEL1                                                    ;        ;              ;         ; --         ;                 ; --       ; --           ;
; L19      ;            ; 6        ; VCCIO6                                                    ; power  ;              ; 2.5V    ; --         ;                 ; --       ; --           ;
; L20      ;            ;          ; GND                                                       ; gnd    ;              ;         ; --         ;                 ; --       ; --           ;
; L21      ; 354        ; 6        ; RESERVED_INPUT_WITH_WEAK_PULLUP                           ;        ;              ;         ; Row I/O    ;                 ; no       ; On           ;
; L22      ; 353        ; 6        ; RESERVED_INPUT_WITH_WEAK_PULLUP                           ;        ;              ;         ; Row I/O    ;                 ; no       ; On           ;
; M1       ; 73         ; 2        ; RESERVED_INPUT_WITH_WEAK_PULLUP                           ;        ;              ;         ; Row I/O    ;                 ; no       ; On           ;
; M2       ; 72         ; 2        ; RESERVED_INPUT_WITH_WEAK_PULLUP                           ;        ;              ;         ; Row I/O    ;                 ; no       ; On           ;
; M3       ; 75         ; 2        ; RESERVED_INPUT_WITH_WEAK_PULLUP                           ;        ;              ;         ; Row I/O    ;                 ; no       ; On           ;
; M4       ; 74         ; 2        ; RESERVED_INPUT_WITH_WEAK_PULLUP                           ;        ;              ;         ; Row I/O    ;                 ; no       ; On           ;
; M5       ; 80         ; 2        ; RESERVED_INPUT_WITH_WEAK_PULLUP                           ;        ;              ;         ; Row I/O    ;                 ; --       ; --           ;
; M6       ; 71         ; 2        ; RESERVED_INPUT_WITH_WEAK_PULLUP                           ;        ;              ;         ; Row I/O    ;                 ; no       ; On           ;
; M7       ; 105        ; 2        ; RESERVED_INPUT_WITH_WEAK_PULLUP                           ;        ;              ;         ; Row I/O    ;                 ; no       ; On           ;
; M8       ; 106        ; 2        ; RESERVED_INPUT_WITH_WEAK_PULLUP                           ;        ;              ;         ; Row I/O    ;                 ; no       ; On           ;
; M9       ;            ;          ; VCCINT                                                    ; power  ;              ; 1.2V    ; --         ;                 ; --       ; --           ;
; M10      ;            ;          ; GND                                                       ; gnd    ;              ;         ; --         ;                 ; --       ; --           ;
; M11      ;            ;          ; GND                                                       ; gnd    ;              ;         ; --         ;                 ; --       ; --           ;
; M12      ;            ;          ; GND                                                       ; gnd    ;              ;         ; --         ;                 ; --       ; --           ;
; M13      ;            ;          ; GND                                                       ; gnd    ;              ;         ; --         ;                 ; --       ; --           ;
; M14      ;            ;          ; VCCINT                                                    ; power  ;              ; 1.2V    ; --         ;                 ; --       ; --           ;
; M15      ;            ;          ; VCCINT                                                    ; power  ;              ; 1.2V    ; --         ;                 ; --       ; --           ;
; M16      ; 337        ; 5        ; RESERVED_INPUT_WITH_WEAK_PULLUP                           ;        ;              ;         ; Row I/O    ;                 ; --       ; --           ;
; M17      ; 347        ; 6        ; ^MSEL0                                                    ;        ;              ;         ; --         ;                 ; --       ; --           ;
; M18      ; 346        ; 6        ; ^CONF_DONE                                                ;        ;              ;         ; --         ;                 ; --       ; --           ;
; M19      ; 336        ; 5        ; RESERVED_INPUT_WITH_WEAK_PULLUP                           ;        ;              ;         ; Row I/O    ;                 ; no       ; On           ;
; M20      ; 335        ; 5        ; RESERVED_INPUT_WITH_WEAK_PULLUP                           ;        ;              ;         ; Row I/O    ;                 ; no       ; On           ;
; M21      ; 334        ; 5        ; RESERVED_INPUT_WITH_WEAK_PULLUP                           ;        ;              ;         ; Row I/O    ;                 ; no       ; On           ;
; M22      ; 333        ; 5        ; RESERVED_INPUT_WITH_WEAK_PULLUP                           ;        ;              ;         ; Row I/O    ;                 ; no       ; On           ;
; N1       ; 77         ; 2        ; RESERVED_INPUT_WITH_WEAK_PULLUP                           ;        ;              ;         ; Row I/O    ;                 ; no       ; On           ;
; N2       ; 76         ; 2        ; RESERVED_INPUT_WITH_WEAK_PULLUP                           ;        ;              ;         ; Row I/O    ;                 ; no       ; On           ;
; N3       ;            ;          ; GND                                                       ; gnd    ;              ;         ; --         ;                 ; --       ; --           ;
; N4       ;            ; 2        ; VCCIO2                                                    ; power  ;              ; 2.5V    ; --         ;                 ; --       ; --           ;
; N5       ; 87         ; 2        ; RESERVED_INPUT_WITH_WEAK_PULLUP                           ;        ;              ;         ; Row I/O    ;                 ; no       ; On           ;
; N6       ; 104        ; 2        ; RESERVED_INPUT_WITH_WEAK_PULLUP                           ;        ;              ;         ; Row I/O    ;                 ; no       ; On           ;
; N7       ; 122        ; 2        ; RESERVED_INPUT_WITH_WEAK_PULLUP                           ;        ;              ;         ; Row I/O    ;                 ; no       ; On           ;
; N8       ; 107        ; 2        ; RESERVED_INPUT_WITH_WEAK_PULLUP                           ;        ;              ;         ; Row I/O    ;                 ; no       ; On           ;
; N9       ;            ;          ; VCCINT                                                    ; power  ;              ; 1.2V    ; --         ;                 ; --       ; --           ;
; N10      ;            ;          ; GND                                                       ; gnd    ;              ;         ; --         ;                 ; --       ; --           ;
; N11      ;            ;          ; GND                                                       ; gnd    ;              ;         ; --         ;                 ; --       ; --           ;
; N12      ;            ;          ; GND                                                       ; gnd    ;              ;         ; --         ;                 ; --       ; --           ;
; N13      ;            ;          ; GND                                                       ; gnd    ;              ;         ; --         ;                 ; --       ; --           ;
; N14      ;            ;          ; VCCINT                                                    ; power  ;              ; 1.2V    ; --         ;                 ; --       ; --           ;
; N15      ;            ;          ; GND                                                       ; gnd    ;              ;         ; --         ;                 ; --       ; --           ;
; N16      ; 314        ; 5        ; RESERVED_INPUT_WITH_WEAK_PULLUP                           ;        ;              ;         ; Row I/O    ;                 ; no       ; On           ;
; N17      ; 329        ; 5        ; RESERVED_INPUT_WITH_WEAK_PULLUP                           ;        ;              ;         ; Row I/O    ;                 ; no       ; On           ;
; N18      ; 330        ; 5        ; RESERVED_INPUT_WITH_WEAK_PULLUP                           ;        ;              ;         ; Row I/O    ;                 ; no       ; On           ;
; N19      ; 324        ; 5        ; RESERVED_INPUT_WITH_WEAK_PULLUP                           ;        ;              ;         ; Row I/O    ;                 ; no       ; On           ;
; N20      ; 323        ; 5        ; RESERVED_INPUT_WITH_WEAK_PULLUP                           ;        ;              ;         ; Row I/O    ;                 ; no       ; On           ;
; N21      ; 332        ; 5        ; RESERVED_INPUT_WITH_WEAK_PULLUP                           ;        ;              ;         ; Row I/O    ;                 ; no       ; On           ;
; N22      ; 331        ; 5        ; RESERVED_INPUT_WITH_WEAK_PULLUP                           ;        ;              ;         ; Row I/O    ;                 ; no       ; On           ;
; P1       ; 84         ; 2        ; RESERVED_INPUT_WITH_WEAK_PULLUP                           ;        ;              ;         ; Row I/O    ;                 ; no       ; On           ;
; P2       ; 83         ; 2        ; RESERVED_INPUT_WITH_WEAK_PULLUP                           ;        ;              ;         ; Row I/O    ;                 ; no       ; On           ;
; P3       ; 89         ; 2        ; RESERVED_INPUT_WITH_WEAK_PULLUP                           ;        ;              ;         ; Row I/O    ;                 ; no       ; On           ;
; P4       ; 88         ; 2        ; RESERVED_INPUT_WITH_WEAK_PULLUP                           ;        ;              ;         ; Row I/O    ;                 ; no       ; On           ;
; P5       ; 103        ; 2        ; RESERVED_INPUT_WITH_WEAK_PULLUP                           ;        ;              ;         ; Row I/O    ;                 ; --       ; --           ;
; P6       ; 131        ; 2        ; RESERVED_INPUT_WITH_WEAK_PULLUP                           ;        ;              ;         ; Row I/O    ;                 ; no       ; On           ;
; P7       ; 123        ; 2        ; RESERVED_INPUT_WITH_WEAK_PULLUP                           ;        ;              ;         ; Row I/O    ;                 ; no       ; On           ;
; P8       ;            ;          ; GND                                                       ; gnd    ;              ;         ; --         ;                 ; --       ; --           ;
; P9       ;            ;          ; VCCINT                                                    ; power  ;              ; 1.2V    ; --         ;                 ; --       ; --           ;
; P10      ;            ;          ; VCCINT                                                    ; power  ;              ; 1.2V    ; --         ;                 ; --       ; --           ;
; P11      ;            ;          ; VCCINT                                                    ; power  ;              ; 1.2V    ; --         ;                 ; --       ; --           ;
; P12      ;            ;          ; VCCINT                                                    ; power  ;              ; 1.2V    ; --         ;                 ; --       ; --           ;
; P13      ;            ;          ; VCCINT                                                    ; power  ;              ; 1.2V    ; --         ;                 ; --       ; --           ;
; P14      ;            ;          ; VCCINT                                                    ; power  ;              ; 1.2V    ; --         ;                 ; --       ; --           ;
; P15      ; 298        ; 5        ; RESERVED_INPUT_WITH_WEAK_PULLUP                           ;        ;              ;         ; Row I/O    ;                 ; no       ; On           ;
; P16      ; 299        ; 5        ; RESERVED_INPUT_WITH_WEAK_PULLUP                           ;        ;              ;         ; Row I/O    ;                 ; no       ; On           ;
; P17      ; 302        ; 5        ; RESERVED_INPUT_WITH_WEAK_PULLUP                           ;        ;              ;         ; Row I/O    ;                 ; no       ; On           ;
; P18      ;            ; 5        ; VCCIO5                                                    ; power  ;              ; 2.5V    ; --         ;                 ; --       ; --           ;
; P19      ;            ;          ; GND                                                       ; gnd    ;              ;         ; --         ;                 ; --       ; --           ;
; P20      ; 317        ; 5        ; RESERVED_INPUT_WITH_WEAK_PULLUP                           ;        ;              ;         ; Row I/O    ;                 ; --       ; --           ;
; P21      ; 320        ; 5        ; RESERVED_INPUT_WITH_WEAK_PULLUP                           ;        ;              ;         ; Row I/O    ;                 ; no       ; On           ;
; P22      ; 319        ; 5        ; RESERVED_INPUT_WITH_WEAK_PULLUP                           ;        ;              ;         ; Row I/O    ;                 ; no       ; On           ;
; R1       ; 86         ; 2        ; RESERVED_INPUT_WITH_WEAK_PULLUP                           ;        ;              ;         ; Row I/O    ;                 ; no       ; On           ;
; R2       ; 85         ; 2        ; RESERVED_INPUT_WITH_WEAK_PULLUP                           ;        ;              ;         ; Row I/O    ;                 ; no       ; On           ;
; R3       ;            ;          ; GND                                                       ; gnd    ;              ;         ; --         ;                 ; --       ; --           ;
; R4       ;            ; 2        ; VCCIO2                                                    ; power  ;              ; 2.5V    ; --         ;                 ; --       ; --           ;
; R5       ; 135        ; 2        ; RESERVED_INPUT_WITH_WEAK_PULLUP                           ;        ;              ;         ; Row I/O    ;                 ; --       ; --           ;
; R6       ; 136        ; 2        ; RESERVED_INPUT_WITH_WEAK_PULLUP                           ;        ;              ;         ; Row I/O    ;                 ; no       ; On           ;
; R7       ; 137        ; 2        ; RESERVED_INPUT_WITH_WEAK_PULLUP                           ;        ;              ;         ; Row I/O    ;                 ; no       ; On           ;
; R8       ;            ;          ; VCCINT                                                    ; power  ;              ; 1.2V    ; --         ;                 ; --       ; --           ;
; R9       ;            ;          ; GND                                                       ; gnd    ;              ;         ; --         ;                 ; --       ; --           ;
; R10      ;            ;          ; VCCINT                                                    ; power  ;              ; 1.2V    ; --         ;                 ; --       ; --           ;
; R11      ;            ;          ; GND                                                       ; gnd    ;              ;         ; --         ;                 ; --       ; --           ;
; R12      ;            ;          ; VCCINT                                                    ; power  ;              ; 1.2V    ; --         ;                 ; --       ; --           ;
; R13      ;            ;          ; GND                                                       ; gnd    ;              ;         ; --         ;                 ; --       ; --           ;
; R14      ; 268        ; 4        ; SEG_F[6]                                                  ; output ; 3.3-V LVTTL  ;         ; Column I/O ; Y               ; no       ; Off          ;
; R15      ; 269        ; 4        ; SEG_G[3]                                                  ; output ; 3.3-V LVTTL  ;         ; Column I/O ; Y               ; no       ; Off          ;
; R16      ; 267        ; 4        ; SEG_H[1]                                                  ; output ; 3.3-V LVTTL  ;         ; Column I/O ; Y               ; no       ; Off          ;
; R17      ; 301        ; 5        ; RESERVED_INPUT_WITH_WEAK_PULLUP                           ;        ;              ;         ; Row I/O    ;                 ; --       ; --           ;
; R18      ; 309        ; 5        ; RESERVED_INPUT_WITH_WEAK_PULLUP                           ;        ;              ;         ; Row I/O    ;                 ; no       ; On           ;
; R19      ; 310        ; 5        ; RESERVED_INPUT_WITH_WEAK_PULLUP                           ;        ;              ;         ; Row I/O    ;                 ; no       ; On           ;
; R20      ; 305        ; 5        ; RESERVED_INPUT_WITH_WEAK_PULLUP                           ;        ;              ;         ; Row I/O    ;                 ; no       ; On           ;
; R21      ; 316        ; 5        ; RESERVED_INPUT_WITH_WEAK_PULLUP                           ;        ;              ;         ; Row I/O    ;                 ; no       ; On           ;
; R22      ; 315        ; 5        ; RESERVED_INPUT_WITH_WEAK_PULLUP                           ;        ;              ;         ; Row I/O    ;                 ; no       ; On           ;
; T1       ; 69         ; 2        ; GND+                                                      ;        ;              ;         ; Row I/O    ;                 ; --       ; --           ;
; T2       ; 68         ; 2        ; GND+                                                      ;        ;              ;         ; Row I/O    ;                 ; --       ; --           ;
; T3       ; 121        ; 2        ; RESERVED_INPUT_WITH_WEAK_PULLUP                           ;        ;              ;         ; Row I/O    ;                 ; --       ; --           ;
; T4       ; 134        ; 2        ; RESERVED_INPUT_WITH_WEAK_PULLUP                           ;        ;              ;         ; Row I/O    ;                 ; no       ; On           ;
; T5       ; 133        ; 2        ; RESERVED_INPUT_WITH_WEAK_PULLUP                           ;        ;              ;         ; Row I/O    ;                 ; no       ; On           ;
; T6       ;            ; --       ; VCCA1                                                     ; power  ;              ; 2.5V    ; --         ;                 ; --       ; --           ;
; T7       ; 138        ; 2        ; RESERVED_INPUT_WITH_WEAK_PULLUP                           ;        ;              ;         ; Row I/O    ;                 ; no       ; On           ;
; T8       ; 166        ; 3        ; SEG_B[5]                                                  ; output ; 3.3-V LVTTL  ;         ; Column I/O ; Y               ; no       ; Off          ;
; T9       ; 167        ; 3        ; SEG_D[0]                                                  ; output ; 3.3-V LVTTL  ;         ; Column I/O ; Y               ; no       ; Off          ;
; T10      ; 176        ; 3        ; RESERVED_INPUT_WITH_WEAK_PULLUP                           ;        ;              ;         ; Column I/O ;                 ; no       ; On           ;
; T11      ; 177        ; 3        ; RESERVED_INPUT_WITH_WEAK_PULLUP                           ;        ;              ;         ; Column I/O ;                 ; no       ; On           ;
; T12      ; 226        ; 4        ; SEG_E[1]                                                  ; output ; 3.3-V LVTTL  ;         ; Column I/O ; Y               ; no       ; Off          ;
; T13      ; 227        ; 4        ; SEG_F[0]                                                  ; output ; 3.3-V LVTTL  ;         ; Column I/O ; Y               ; no       ; Off          ;
; T14      ; 240        ; 4        ; SEG_G[0]                                                  ; output ; 3.3-V LVTTL  ;         ; Column I/O ; Y               ; no       ; Off          ;
; T15      ; 241        ; 4        ; SEG_G[6]                                                  ; output ; 3.3-V LVTTL  ;         ; Column I/O ; Y               ; no       ; Off          ;
; T16      ; 266        ; 4        ; SEG_H[3]                                                  ; output ; 3.3-V LVTTL  ;         ; Column I/O ; Y               ; no       ; Off          ;
; T17      ; 277        ; 5        ; RESERVED_INPUT_WITH_WEAK_PULLUP                           ;        ;              ;         ; Row I/O    ;                 ; no       ; On           ;
; T18      ; 278        ; 5        ; RESERVED_INPUT_WITH_WEAK_PULLUP                           ;        ;              ;         ; Row I/O    ;                 ; no       ; On           ;
; T19      ;            ; 5        ; VCCIO5                                                    ; power  ;              ; 2.5V    ; --         ;                 ; --       ; --           ;
; T20      ;            ;          ; GND                                                       ; gnd    ;              ;         ; --         ;                 ; --       ; --           ;
; T21      ; 343        ; 5        ; GND+                                                      ;        ;              ;         ; Row I/O    ;                 ; --       ; --           ;
; T22      ; 342        ; 5        ; GND+                                                      ;        ;              ;         ; Row I/O    ;                 ; --       ; --           ;
; U1       ; 92         ; 2        ; RESERVED_INPUT_WITH_WEAK_PULLUP                           ;        ;              ;         ; Row I/O    ;                 ; no       ; On           ;
; U2       ; 91         ; 2        ; RESERVED_INPUT_WITH_WEAK_PULLUP                           ;        ;              ;         ; Row I/O    ;                 ; no       ; On           ;
; U3       ;            ;          ; GND                                                       ; gnd    ;              ;         ; --         ;                 ; --       ; --           ;
; U4       ;            ; 2        ; VCCIO2                                                    ; power  ;              ; 2.5V    ; --         ;                 ; --       ; --           ;
; U5       ;            ;          ; GNDA1                                                     ; gnd    ;              ;         ; --         ;                 ; --       ; --           ;
; U6       ;            ;          ; VCCD_PLL1                                                 ; power  ;              ; 1.2V    ; --         ;                 ; --       ; --           ;
; U7       ; 145        ; 3        ; SEG_B[2]                                                  ; output ; 3.3-V LVTTL  ;         ; Column I/O ; Y               ; no       ; Off          ;
; U8       ; 146        ; 3        ; SEG_B[7]                                                  ; output ; 3.3-V LVTTL  ;         ; Column I/O ; Y               ; no       ; Off          ;
; U9       ; 170        ; 3        ; SEG_C[5]                                                  ; output ; 3.3-V LVTTL  ;         ; Column I/O ; Y               ; no       ; Off          ;
; U10      ; 182        ; 3        ; SEG_D[1]                                                  ; output ; 3.3-V LVTTL  ;         ; Column I/O ; Y               ; no       ; Off          ;
; U11      ; 191        ; 3        ; SEG_E[2]                                                  ; output ; 3.3-V LVTTL  ;         ; Column I/O ; Y               ; no       ; Off          ;
; U12      ; 222        ; 4        ; SEG_E[3]                                                  ; output ; 3.3-V LVTTL  ;         ; Column I/O ; Y               ; no       ; Off          ;
; U13      ; 233        ; 4        ; SEG_E[5]                                                  ; output ; 3.3-V LVTTL  ;         ; Column I/O ; Y               ; no       ; Off          ;
; U14      ; 235        ; 4        ; SEG_F[5]                                                  ; output ; 3.3-V LVTTL  ;         ; Column I/O ; Y               ; no       ; Off          ;
; U15      ; 236        ; 4        ; SEG_H[0]                                                  ; output ; 3.3-V LVTTL  ;         ; Column I/O ; Y               ; no       ; Off          ;
; U16      ; 262        ; 4        ; SEG_H[6]                                                  ; output ; 3.3-V LVTTL  ;         ; Column I/O ; Y               ; no       ; Off          ;
; U17      ; 263        ; 4        ; RESERVED_INPUT_WITH_WEAK_PULLUP                           ;        ;              ;         ; Column I/O ;                 ; no       ; On           ;
; U18      ;            ; --       ; VCCA4                                                     ; power  ;              ; 2.5V    ; --         ;                 ; --       ; --           ;
; U19      ; 291        ; 5        ; RESERVED_INPUT_WITH_WEAK_PULLUP                           ;        ;              ;         ; Row I/O    ;                 ; no       ; On           ;
; U20      ; 290        ; 5        ; RESERVED_INPUT_WITH_WEAK_PULLUP                           ;        ;              ;         ; Row I/O    ;                 ; no       ; On           ;
; U21      ; 308        ; 5        ; RESERVED_INPUT_WITH_WEAK_PULLUP                           ;        ;              ;         ; Row I/O    ;                 ; no       ; On           ;
; U22      ; 307        ; 5        ; RESERVED_INPUT_WITH_WEAK_PULLUP                           ;        ;              ;         ; Row I/O    ;                 ; no       ; On           ;
; V1       ; 98         ; 2        ; RESERVED_INPUT_WITH_WEAK_PULLUP                           ;        ;              ;         ; Row I/O    ;                 ; no       ; On           ;
; V2       ; 97         ; 2        ; RESERVED_INPUT_WITH_WEAK_PULLUP                           ;        ;              ;         ; Row I/O    ;                 ; no       ; On           ;
; V3       ; 130        ; 2        ; RESERVED_INPUT_WITH_WEAK_PULLUP                           ;        ;              ;         ; Row I/O    ;                 ; no       ; On           ;
; V4       ; 129        ; 2        ; RESERVED_INPUT_WITH_WEAK_PULLUP                           ;        ;              ;         ; Row I/O    ;                 ; no       ; On           ;
; V5       ; 142        ; 3        ; SEG_A[1]                                                  ; output ; 3.3-V LVTTL  ;         ; Column I/O ; Y               ; no       ; Off          ;
; V6       ; 141        ; 3        ; SEG_B[0]                                                  ; output ; 3.3-V LVTTL  ;         ; Column I/O ; Y               ; no       ; Off          ;
; V7       ; 157        ; 3        ; SEG_B[4]                                                  ; output ; 3.3-V LVTTL  ;         ; Column I/O ; Y               ; no       ; Off          ;
; V8       ; 171        ; 3        ; SEG_C[2]                                                  ; output ; 3.3-V LVTTL  ;         ; Column I/O ; Y               ; no       ; Off          ;
; V9       ; 178        ; 3        ; SEG_C[7]                                                  ; output ; 3.3-V LVTTL  ;         ; Column I/O ; Y               ; no       ; Off          ;
; V10      ; 179        ; 3        ; SEG_D[3]                                                  ; output ; 3.3-V LVTTL  ;         ; Column I/O ; Y               ; no       ; Off          ;
; V11      ; 199        ; 3        ; SEG_E[4]                                                  ; output ; 3.3-V LVTTL  ;         ; Column I/O ; Y               ; no       ; Off          ;
; V12      ; 213        ; 4        ; SEG_E[6]                                                  ; output ; 3.3-V LVTTL  ;         ; Column I/O ; Y               ; no       ; Off          ;
; V13      ; 228        ; 4        ; SEG_E[7]                                                  ; output ; 3.3-V LVTTL  ;         ; Column I/O ; Y               ; no       ; Off          ;
; V14      ; 234        ; 4        ; SEG_F[7]                                                  ; output ; 3.3-V LVTTL  ;         ; Column I/O ; Y               ; no       ; Off          ;
; V15      ; 237        ; 4        ; SEG_G[5]                                                  ; output ; 3.3-V LVTTL  ;         ; Column I/O ; Y               ; no       ; Off          ;
; V16      ; 261        ; 4        ; SEG_SEL[0]                                                ; output ; 3.3-V LVTTL  ;         ; Column I/O ; Y               ; no       ; Off          ;
; V17      ;            ;          ; VCCD_PLL4                                                 ; power  ;              ; 1.2V    ; --         ;                 ; --       ; --           ;
; V18      ;            ;          ; GNDA4                                                     ; gnd    ;              ;         ; --         ;                 ; --       ; --           ;
; V19      ;            ; 5        ; VCCIO5                                                    ; power  ;              ; 2.5V    ; --         ;                 ; --       ; --           ;
; V20      ;            ;          ; GND                                                       ; gnd    ;              ;         ; --         ;                 ; --       ; --           ;
; V21      ; 304        ; 5        ; RESERVED_INPUT_WITH_WEAK_PULLUP                           ;        ;              ;         ; Row I/O    ;                 ; no       ; On           ;
; V22      ; 303        ; 5        ; RESERVED_INPUT_WITH_WEAK_PULLUP                           ;        ;              ;         ; Row I/O    ;                 ; no       ; On           ;
; W1       ; 111        ; 2        ; RESERVED_INPUT_WITH_WEAK_PULLUP                           ;        ;              ;         ; Row I/O    ;                 ; no       ; On           ;
; W2       ; 110        ; 2        ; RESERVED_INPUT_WITH_WEAK_PULLUP                           ;        ;              ;         ; Row I/O    ;                 ; no       ; On           ;
; W3       ;            ;          ; GND                                                       ; gnd    ;              ;         ; --         ;                 ; --       ; --           ;
; W4       ;            ; 2        ; VCCIO2                                                    ; power  ;              ; 2.5V    ; --         ;                 ; --       ; --           ;
; W5       ;            ; 3        ; VCCIO3                                                    ; power  ;              ; 3.3V    ; --         ;                 ; --       ; --           ;
; W6       ; 156        ; 3        ; SEG_A[5]                                                  ; output ; 3.3-V LVTTL  ;         ; Column I/O ; Y               ; no       ; Off          ;
; W7       ; 168        ; 3        ; SEG_B[1]                                                  ; output ; 3.3-V LVTTL  ;         ; Column I/O ; Y               ; no       ; Off          ;
; W8       ; 172        ; 3        ; SEG_C[4]                                                  ; output ; 3.3-V LVTTL  ;         ; Column I/O ; Y               ; no       ; Off          ;
; W9       ;            ; 3        ; VCCIO3                                                    ; power  ;              ; 3.3V    ; --         ;                 ; --       ; --           ;
; W10      ; 200        ; 3        ; SEG_D[6]                                                  ; output ; 3.3-V LVTTL  ;         ; Column I/O ; Y               ; no       ; Off          ;
; W11      ;            ; 3        ; VCCIO3                                                    ; power  ;              ; 3.3V    ; --         ;                 ; --       ; --           ;
; W12      ;            ; 4        ; VCCIO4                                                    ; power  ;              ; 3.3V    ; --         ;                 ; --       ; --           ;
; W13      ; 218        ; 4        ; SEG_F[2]                                                  ; output ; 3.3-V LVTTL  ;         ; Column I/O ; Y               ; no       ; Off          ;
; W14      ; 229        ; 4        ; SEG_G[2]                                                  ; output ; 3.3-V LVTTL  ;         ; Column I/O ; Y               ; no       ; Off          ;
; W15      ; 239        ; 4        ; SEG_G[7]                                                  ; output ; 3.3-V LVTTL  ;         ; Column I/O ; Y               ; no       ; Off          ;
; W16      ;            ; 4        ; VCCIO4                                                    ; power  ;              ; 3.3V    ; --         ;                 ; --       ; --           ;
; W17      ; 257        ; 4        ; SEG_SEL[2]                                                ; output ; 3.3-V LVTTL  ;         ; Column I/O ; Y               ; no       ; Off          ;
; W18      ;            ; 4        ; VCCIO4                                                    ; power  ;              ; 3.3V    ; --         ;                 ; --       ; --           ;
; W19      ; 285        ; 5        ; RESERVED_INPUT_WITH_WEAK_PULLUP                           ;        ;              ;         ; Row I/O    ;                 ; --       ; --           ;
; W20      ; 280        ; 5        ; RESERVED_INPUT_WITH_WEAK_PULLUP                           ;        ;              ;         ; Row I/O    ;                 ; no       ; On           ;
; W21      ; 293        ; 5        ; RESERVED_INPUT_WITH_WEAK_PULLUP                           ;        ;              ;         ; Row I/O    ;                 ; no       ; On           ;
; W22      ; 292        ; 5        ; RESERVED_INPUT_WITH_WEAK_PULLUP                           ;        ;              ;         ; Row I/O    ;                 ; no       ; On           ;
; Y1       ; 113        ; 2        ; RESERVED_INPUT_WITH_WEAK_PULLUP                           ;        ;              ;         ; Row I/O    ;                 ; no       ; On           ;
; Y2       ; 112        ; 2        ; RESERVED_INPUT_WITH_WEAK_PULLUP                           ;        ;              ;         ; Row I/O    ;                 ; no       ; On           ;
; Y3       ; 148        ; 3        ; RESERVED_INPUT_WITH_WEAK_PULLUP                           ;        ;              ;         ; Column I/O ;                 ; no       ; On           ;
; Y4       ; 147        ; 3        ; RESERVED_INPUT_WITH_WEAK_PULLUP                           ;        ;              ;         ; Column I/O ;                 ; --       ; --           ;
; Y5       ;            ;          ; GND                                                       ; gnd    ;              ;         ; --         ;                 ; --       ; --           ;
; Y6       ; 152        ; 3        ; SEG_A[7]                                                  ; output ; 3.3-V LVTTL  ;         ; Column I/O ; Y               ; no       ; Off          ;
; Y7       ; 169        ; 3        ; SEG_B[3]                                                  ; output ; 3.3-V LVTTL  ;         ; Column I/O ; Y               ; no       ; Off          ;
; Y8       ; 175        ; 3        ; SEG_C[1]                                                  ; output ; 3.3-V LVTTL  ;         ; Column I/O ; Y               ; no       ; Off          ;
; Y9       ;            ;          ; GND                                                       ; gnd    ;              ;         ; --         ;                 ; --       ; --           ;
; Y10      ; 201        ; 3        ; SEG_E[0]                                                  ; output ; 3.3-V LVTTL  ;         ; Column I/O ; Y               ; no       ; Off          ;
; Y11      ;            ;          ; GND                                                       ; gnd    ;              ;         ; --         ;                 ; --       ; --           ;
; Y12      ;            ;          ; GND                                                       ; gnd    ;              ;         ; --         ;                 ; --       ; --           ;
; Y13      ; 219        ; 4        ; SEG_F[4]                                                  ; output ; 3.3-V LVTTL  ;         ; Column I/O ; Y               ; no       ; Off          ;
; Y14      ;            ; 4        ; VCCIO4                                                    ; power  ;              ; 3.3V    ; --         ;                 ; --       ; --           ;
; Y15      ;            ;          ; GND                                                       ; gnd    ;              ;         ; --         ;                 ; --       ; --           ;
; Y16      ;            ;          ; GND                                                       ; gnd    ;              ;         ; --         ;                 ; --       ; --           ;
; Y17      ; 258        ; 4        ; SEG_SEL[4]                                                ; output ; 3.3-V LVTTL  ;         ; Column I/O ; Y               ; no       ; Off          ;
; Y18      ;            ;          ; GND                                                       ; gnd    ;              ;         ; --         ;                 ; --       ; --           ;
; Y19      ;            ; 5        ; VCCIO5                                                    ; power  ;              ; 2.5V    ; --         ;                 ; --       ; --           ;
; Y20      ;            ;          ; GND                                                       ; gnd    ;              ;         ; --         ;                 ; --       ; --           ;
; Y21      ; 289        ; 5        ; RESERVED_INPUT_WITH_WEAK_PULLUP                           ;        ;              ;         ; Row I/O    ;                 ; no       ; On           ;
; Y22      ; 288        ; 5        ; RESERVED_INPUT_WITH_WEAK_PULLUP                           ;        ;              ;         ; Row I/O    ;                 ; no       ; On           ;
+----------+------------+----------+-----------------------------------------------------------+--------+--------------+---------+------------+-----------------+----------+--------------+
Note: Pin directions (input, output or bidir) are based on device operating in user mode.


+-------------------------------------+
; I/O Assignment Warnings             ;
+------------+------------------------+
; Pin Name   ; Reason                 ;
+------------+------------------------+
; SEG_A[0]   ; Missing drive strength ;
; SEG_A[1]   ; Missing drive strength ;
; SEG_A[2]   ; Missing drive strength ;
; SEG_A[3]   ; Missing drive strength ;
; SEG_A[4]   ; Missing drive strength ;
; SEG_A[5]   ; Missing drive strength ;
; SEG_A[6]   ; Missing drive strength ;
; SEG_A[7]   ; Missing drive strength ;
; SEG_B[0]   ; Missing drive strength ;
; SEG_B[1]   ; Missing drive strength ;
; SEG_B[2]   ; Missing drive strength ;
; SEG_B[3]   ; Missing drive strength ;
; SEG_B[4]   ; Missing drive strength ;
; SEG_B[5]   ; Missing drive strength ;
; SEG_B[6]   ; Missing drive strength ;
; SEG_B[7]   ; Missing drive strength ;
; SEG_C[0]   ; Missing drive strength ;
; SEG_C[1]   ; Missing drive strength ;
; SEG_C[2]   ; Missing drive strength ;
; SEG_C[3]   ; Missing drive strength ;
; SEG_C[4]   ; Missing drive strength ;
; SEG_C[5]   ; Missing drive strength ;
; SEG_C[6]   ; Missing drive strength ;
; SEG_C[7]   ; Missing drive strength ;
; SEG_D[0]   ; Missing drive strength ;
; SEG_D[1]   ; Missing drive strength ;
; SEG_D[2]   ; Missing drive strength ;
; SEG_D[3]   ; Missing drive strength ;
; SEG_D[4]   ; Missing drive strength ;
; SEG_D[5]   ; Missing drive strength ;
; SEG_D[6]   ; Missing drive strength ;
; SEG_D[7]   ; Missing drive strength ;
; SEG_E[0]   ; Missing drive strength ;
; SEG_E[1]   ; Missing drive strength ;
; SEG_E[2]   ; Missing drive strength ;
; SEG_E[3]   ; Missing drive strength ;
; SEG_E[4]   ; Missing drive strength ;
; SEG_E[5]   ; Missing drive strength ;
; SEG_E[6]   ; Missing drive strength ;
; SEG_E[7]   ; Missing drive strength ;
; SEG_F[0]   ; Missing drive strength ;
; SEG_F[1]   ; Missing drive strength ;
; SEG_F[2]   ; Missing drive strength ;
; SEG_F[3]   ; Missing drive strength ;
; SEG_F[4]   ; Missing drive strength ;
; SEG_F[5]   ; Missing drive strength ;
; SEG_F[6]   ; Missing drive strength ;
; SEG_F[7]   ; Missing drive strength ;
; SEG_G[0]   ; Missing drive strength ;
; SEG_G[1]   ; Missing drive strength ;
; SEG_G[2]   ; Missing drive strength ;
; SEG_G[3]   ; Missing drive strength ;
; SEG_G[4]   ; Missing drive strength ;
; SEG_G[5]   ; Missing drive strength ;
; SEG_G[6]   ; Missing drive strength ;
; SEG_G[7]   ; Missing drive strength ;
; SEG_H[0]   ; Missing drive strength ;
; SEG_H[1]   ; Missing drive strength ;
; SEG_H[2]   ; Missing drive strength ;
; SEG_H[3]   ; Missing drive strength ;
; SEG_H[4]   ; Missing drive strength ;
; SEG_H[5]   ; Missing drive strength ;
; SEG_H[6]   ; Missing drive strength ;
; SEG_H[7]   ; Missing drive strength ;
; SEG_SEL[0] ; Missing drive strength ;
; SEG_SEL[1] ; Missing drive strength ;
; SEG_SEL[2] ; Missing drive strength ;
; SEG_SEL[3] ; Missing drive strength ;
; SEG_SEL[4] ; Missing drive strength ;
; SEG_SEL[5] ; Missing drive strength ;
; SEG_SEL[6] ; Missing drive strength ;
; SEG_SEL[7] ; Missing drive strength ;
; SEG_SEL[8] ; Missing drive strength ;
+------------+------------------------+


+-------------------------------------------------------------------------------------------------------------------------------------------------------------------------------------------------------------------------------------------------------------------------------------------------------------------------------------------------------------------------------------------------------------------------------------------------------------------------------------------------------------------------------------------------------------------------------------------------------------------------------------------------------------------------------------------------------------------------------------------------------------------------------------+
; Fitter Resource Utilization by Entity                                                                                                                                                                                                                                                                                                                                                                                                                                                                                                                                                                                                                                                                                                                                               ;
+-----------------------------------------------------------------------------------------------------------------------------------------+--------------+---------------------------+---------------+-------------+------+--------------+---------+-----------+------+--------------+--------------+-------------------+------------------+-----------------------------------------------------------------------------------------------------------------------------------------------------------------------------------------------------------------------------------------------------------------------------------------------------------------------------------------------------------------------------------+---------------------------------------+--------------+
; Compilation Hierarchy Node                                                                                                              ; Logic Cells  ; Dedicated Logic Registers ; I/O Registers ; Memory Bits ; M9Ks ; DSP Elements ; DSP 9x9 ; DSP 18x18 ; Pins ; Virtual Pins ; LUT-Only LCs ; Register-Only LCs ; LUT/Register LCs ; Full Hierarchy Name                                                                                                                                                                                                                                                                                                                                                               ; Entity Name                           ; Library Name ;
+-----------------------------------------------------------------------------------------------------------------------------------------+--------------+---------------------------+---------------+-------------+------+--------------+---------+-----------+------+--------------+--------------+-------------------+------------------+-----------------------------------------------------------------------------------------------------------------------------------------------------------------------------------------------------------------------------------------------------------------------------------------------------------------------------------------------------------------------------------+---------------------------------------+--------------+
; |minesweeper_jtag_submission_local_top                                                                                                  ; 22546 (2)    ; 8331 (0)                  ; 0 (0)         ; 38943       ; 9    ; 17           ; 5       ; 6         ; 83   ; 0            ; 14215 (2)    ; 1245 (0)          ; 7086 (0)         ; |minesweeper_jtag_submission_local_top                                                                                                                                                                                                                                                                                                                                            ; minesweeper_jtag_submission_local_top ; work         ;
;    |minesweeper_jtag_top:u_top|                                                                                                         ; 22413 (2)    ; 8256 (2)                  ; 0 (0)         ; 38943       ; 9    ; 17           ; 5       ; 6         ; 0    ; 0            ; 14157 (0)    ; 1235 (0)          ; 7021 (2)         ; |minesweeper_jtag_submission_local_top|minesweeper_jtag_top:u_top                                                                                                                                                                                                                                                                                                                 ; minesweeper_jtag_top                  ; work         ;
;       |board_stream_controller:u_stream|                                                                                                ; 133 (133)    ; 70 (70)                   ; 0 (0)         ; 0           ; 0    ; 1            ; 1       ; 0         ; 0    ; 0            ; 51 (51)      ; 9 (9)             ; 73 (73)          ; |minesweeper_jtag_submission_local_top|minesweeper_jtag_top:u_top|board_stream_controller:u_stream                                                                                                                                                                                                                                                                                ; board_stream_controller               ; work         ;
;          |lpm_mult:Mult0|                                                                                                               ; 0 (0)        ; 0 (0)                     ; 0 (0)         ; 0           ; 0    ; 1            ; 1       ; 0         ; 0    ; 0            ; 0 (0)        ; 0 (0)             ; 0 (0)            ; |minesweeper_jtag_submission_local_top|minesweeper_jtag_top:u_top|board_stream_controller:u_stream|lpm_mult:Mult0                                                                                                                                                                                                                                                                 ; lpm_mult                              ; work         ;
;             |mult_u9t:auto_generated|                                                                                                   ; 0 (0)        ; 0 (0)                     ; 0 (0)         ; 0           ; 0    ; 1            ; 1       ; 0         ; 0    ; 0            ; 0 (0)        ; 0 (0)             ; 0 (0)            ; |minesweeper_jtag_submission_local_top|minesweeper_jtag_top:u_top|board_stream_controller:u_stream|lpm_mult:Mult0|mult_u9t:auto_generated                                                                                                                                                                                                                                         ; mult_u9t                              ; work         ;
;       |jtag_protocol_engine:u_protocol|                                                                                                 ; 348 (348)    ; 182 (182)                 ; 0 (0)         ; 0           ; 0    ; 0            ; 0       ; 0         ; 0    ; 0            ; 53 (53)      ; 24 (24)           ; 271 (271)        ; |minesweeper_jtag_submission_local_top|minesweeper_jtag_top:u_top|jtag_protocol_engine:u_protocol                                                                                                                                                                                                                                                                                 ; jtag_protocol_engine                  ; work         ;
;       |minesweeper_mu500_system:u_system|                                                                                               ; 21736 (48)   ; 7667 (23)                 ; 0 (0)         ; 38943       ; 9    ; 16           ; 4       ; 6         ; 0    ; 0            ; 14044 (9)    ; 1065 (2)          ; 6627 (37)        ; |minesweeper_jtag_submission_local_top|minesweeper_jtag_top:u_top|minesweeper_mu500_system:u_system                                                                                                                                                                                                                                                                               ; minesweeper_mu500_system              ; work         ;
;          |minesweeper_deterministic_system:g_deterministic.u_core|                                                                      ; 19422 (0)    ; 5840 (0)                  ; 0 (0)         ; 38943       ; 9    ; 6            ; 2       ; 2         ; 0    ; 0            ; 13555 (0)    ; 354 (0)           ; 5513 (0)         ; |minesweeper_jtag_submission_local_top|minesweeper_jtag_top:u_top|minesweeper_mu500_system:u_system|minesweeper_deterministic_system:g_deterministic.u_core                                                                                                                                                                                                                       ; minesweeper_deterministic_system      ; work         ;
;             |minesweeper_game_core:u_game|                                                                                              ; 5600 (5600)  ; 2242 (2242)               ; 0 (0)         ; 3610        ; 1    ; 1            ; 1       ; 0         ; 0    ; 0            ; 3332 (3332)  ; 207 (207)         ; 2061 (2061)      ; |minesweeper_jtag_submission_local_top|minesweeper_jtag_top:u_top|minesweeper_mu500_system:u_system|minesweeper_deterministic_system:g_deterministic.u_core|minesweeper_game_core:u_game                                                                                                                                                                                          ; minesweeper_game_core                 ; work         ;
;                |altsyncram:queue_mem_rtl_0|                                                                                             ; 0 (0)        ; 0 (0)                     ; 0 (0)         ; 1805        ; 1    ; 0            ; 0       ; 0         ; 0    ; 0            ; 0 (0)        ; 0 (0)             ; 0 (0)            ; |minesweeper_jtag_submission_local_top|minesweeper_jtag_top:u_top|minesweeper_mu500_system:u_system|minesweeper_deterministic_system:g_deterministic.u_core|minesweeper_game_core:u_game|altsyncram:queue_mem_rtl_0                                                                                                                                                               ; altsyncram                            ; work         ;
;                   |altsyncram_esd1:auto_generated|                                                                                      ; 0 (0)        ; 0 (0)                     ; 0 (0)         ; 1805        ; 1    ; 0            ; 0       ; 0         ; 0    ; 0            ; 0 (0)        ; 0 (0)             ; 0 (0)            ; |minesweeper_jtag_submission_local_top|minesweeper_jtag_top:u_top|minesweeper_mu500_system:u_system|minesweeper_deterministic_system:g_deterministic.u_core|minesweeper_game_core:u_game|altsyncram:queue_mem_rtl_0|altsyncram_esd1:auto_generated                                                                                                                                ; altsyncram_esd1                       ; work         ;
;                |altsyncram:queue_mem_rtl_1|                                                                                             ; 0 (0)        ; 0 (0)                     ; 0 (0)         ; 1805        ; 0    ; 0            ; 0       ; 0         ; 0    ; 0            ; 0 (0)        ; 0 (0)             ; 0 (0)            ; |minesweeper_jtag_submission_local_top|minesweeper_jtag_top:u_top|minesweeper_mu500_system:u_system|minesweeper_deterministic_system:g_deterministic.u_core|minesweeper_game_core:u_game|altsyncram:queue_mem_rtl_1                                                                                                                                                               ; altsyncram                            ; work         ;
;                   |altsyncram_esd1:auto_generated|                                                                                      ; 0 (0)        ; 0 (0)                     ; 0 (0)         ; 1805        ; 0    ; 0            ; 0       ; 0         ; 0    ; 0            ; 0 (0)        ; 0 (0)             ; 0 (0)            ; |minesweeper_jtag_submission_local_top|minesweeper_jtag_top:u_top|minesweeper_mu500_system:u_system|minesweeper_deterministic_system:g_deterministic.u_core|minesweeper_game_core:u_game|altsyncram:queue_mem_rtl_1|altsyncram_esd1:auto_generated                                                                                                                                ; altsyncram_esd1                       ; work         ;
;                |lpm_mult:Mult0|                                                                                                         ; 0 (0)        ; 0 (0)                     ; 0 (0)         ; 0           ; 0    ; 1            ; 1       ; 0         ; 0    ; 0            ; 0 (0)        ; 0 (0)             ; 0 (0)            ; |minesweeper_jtag_submission_local_top|minesweeper_jtag_top:u_top|minesweeper_mu500_system:u_system|minesweeper_deterministic_system:g_deterministic.u_core|minesweeper_game_core:u_game|lpm_mult:Mult0                                                                                                                                                                           ; lpm_mult                              ; work         ;
;                   |mult_u9t:auto_generated|                                                                                             ; 0 (0)        ; 0 (0)                     ; 0 (0)         ; 0           ; 0    ; 1            ; 1       ; 0         ; 0    ; 0            ; 0 (0)        ; 0 (0)             ; 0 (0)            ; |minesweeper_jtag_submission_local_top|minesweeper_jtag_top:u_top|minesweeper_mu500_system:u_system|minesweeper_deterministic_system:g_deterministic.u_core|minesweeper_game_core:u_game|lpm_mult:Mult0|mult_u9t:auto_generated                                                                                                                                                   ; mult_u9t                              ; work         ;
;             |minesweeper_solver_deterministic:u_solver|                                                                                 ; 13822 (3961) ; 3598 (796)                ; 0 (0)         ; 35333       ; 8    ; 5            ; 1       ; 2         ; 0    ; 0            ; 10223 (3169) ; 147 (45)          ; 3452 (749)       ; |minesweeper_jtag_submission_local_top|minesweeper_jtag_top:u_top|minesweeper_mu500_system:u_system|minesweeper_deterministic_system:g_deterministic.u_core|minesweeper_solver_deterministic:u_solver                                                                                                                                                                             ; minesweeper_solver_deterministic      ; work         ;
;                |lpm_divide:Div0|                                                                                                        ; 77 (0)       ; 0 (0)                     ; 0 (0)         ; 0           ; 0    ; 0            ; 0       ; 0         ; 0    ; 0            ; 77 (0)       ; 0 (0)             ; 0 (0)            ; |minesweeper_jtag_submission_local_top|minesweeper_jtag_top:u_top|minesweeper_mu500_system:u_system|minesweeper_deterministic_system:g_deterministic.u_core|minesweeper_solver_deterministic:u_solver|lpm_divide:Div0                                                                                                                                                             ; lpm_divide                            ; work         ;
;                   |lpm_divide_lhm:auto_generated|                                                                                       ; 77 (0)       ; 0 (0)                     ; 0 (0)         ; 0           ; 0    ; 0            ; 0       ; 0         ; 0    ; 0            ; 77 (0)       ; 0 (0)             ; 0 (0)            ; |minesweeper_jtag_submission_local_top|minesweeper_jtag_top:u_top|minesweeper_mu500_system:u_system|minesweeper_deterministic_system:g_deterministic.u_core|minesweeper_solver_deterministic:u_solver|lpm_divide:Div0|lpm_divide_lhm:auto_generated                                                                                                                               ; lpm_divide_lhm                        ; work         ;
;                      |sign_div_unsign_dkh:divider|                                                                                      ; 77 (0)       ; 0 (0)                     ; 0 (0)         ; 0           ; 0    ; 0            ; 0       ; 0         ; 0    ; 0            ; 77 (0)       ; 0 (0)             ; 0 (0)            ; |minesweeper_jtag_submission_local_top|minesweeper_jtag_top:u_top|minesweeper_mu500_system:u_system|minesweeper_deterministic_system:g_deterministic.u_core|minesweeper_solver_deterministic:u_solver|lpm_divide:Div0|lpm_divide_lhm:auto_generated|sign_div_unsign_dkh:divider                                                                                                   ; sign_div_unsign_dkh                   ; work         ;
;                         |alt_u_div_e4f:divider|                                                                                         ; 77 (77)      ; 0 (0)                     ; 0 (0)         ; 0           ; 0    ; 0            ; 0       ; 0         ; 0    ; 0            ; 77 (77)      ; 0 (0)             ; 0 (0)            ; |minesweeper_jtag_submission_local_top|minesweeper_jtag_top:u_top|minesweeper_mu500_system:u_system|minesweeper_deterministic_system:g_deterministic.u_core|minesweeper_solver_deterministic:u_solver|lpm_divide:Div0|lpm_divide_lhm:auto_generated|sign_div_unsign_dkh:divider|alt_u_div_e4f:divider                                                                             ; alt_u_div_e4f                         ; work         ;
;                |lpm_divide:Div1|                                                                                                        ; 72 (0)       ; 0 (0)                     ; 0 (0)         ; 0           ; 0    ; 0            ; 0       ; 0         ; 0    ; 0            ; 72 (0)       ; 0 (0)             ; 0 (0)            ; |minesweeper_jtag_submission_local_top|minesweeper_jtag_top:u_top|minesweeper_mu500_system:u_system|minesweeper_deterministic_system:g_deterministic.u_core|minesweeper_solver_deterministic:u_solver|lpm_divide:Div1                                                                                                                                                             ; lpm_divide                            ; work         ;
;                   |lpm_divide_lhm:auto_generated|                                                                                       ; 72 (0)       ; 0 (0)                     ; 0 (0)         ; 0           ; 0    ; 0            ; 0       ; 0         ; 0    ; 0            ; 72 (0)       ; 0 (0)             ; 0 (0)            ; |minesweeper_jtag_submission_local_top|minesweeper_jtag_top:u_top|minesweeper_mu500_system:u_system|minesweeper_deterministic_system:g_deterministic.u_core|minesweeper_solver_deterministic:u_solver|lpm_divide:Div1|lpm_divide_lhm:auto_generated                                                                                                                               ; lpm_divide_lhm                        ; work         ;
;                      |sign_div_unsign_dkh:divider|                                                                                      ; 72 (0)       ; 0 (0)                     ; 0 (0)         ; 0           ; 0    ; 0            ; 0       ; 0         ; 0    ; 0            ; 72 (0)       ; 0 (0)             ; 0 (0)            ; |minesweeper_jtag_submission_local_top|minesweeper_jtag_top:u_top|minesweeper_mu500_system:u_system|minesweeper_deterministic_system:g_deterministic.u_core|minesweeper_solver_deterministic:u_solver|lpm_divide:Div1|lpm_divide_lhm:auto_generated|sign_div_unsign_dkh:divider                                                                                                   ; sign_div_unsign_dkh                   ; work         ;
;                         |alt_u_div_e4f:divider|                                                                                         ; 72 (72)      ; 0 (0)                     ; 0 (0)         ; 0           ; 0    ; 0            ; 0       ; 0         ; 0    ; 0            ; 72 (72)      ; 0 (0)             ; 0 (0)            ; |minesweeper_jtag_submission_local_top|minesweeper_jtag_top:u_top|minesweeper_mu500_system:u_system|minesweeper_deterministic_system:g_deterministic.u_core|minesweeper_solver_deterministic:u_solver|lpm_divide:Div1|lpm_divide_lhm:auto_generated|sign_div_unsign_dkh:divider|alt_u_div_e4f:divider                                                                             ; alt_u_div_e4f                         ; work         ;
;                |lpm_divide:Div2|                                                                                                        ; 26 (0)       ; 0 (0)                     ; 0 (0)         ; 0           ; 0    ; 0            ; 0       ; 0         ; 0    ; 0            ; 22 (0)       ; 0 (0)             ; 4 (0)            ; |minesweeper_jtag_submission_local_top|minesweeper_jtag_top:u_top|minesweeper_mu500_system:u_system|minesweeper_deterministic_system:g_deterministic.u_core|minesweeper_solver_deterministic:u_solver|lpm_divide:Div2                                                                                                                                                             ; lpm_divide                            ; work         ;
;                   |lpm_divide_fhm:auto_generated|                                                                                       ; 26 (0)       ; 0 (0)                     ; 0 (0)         ; 0           ; 0    ; 0            ; 0       ; 0         ; 0    ; 0            ; 22 (0)       ; 0 (0)             ; 4 (0)            ; |minesweeper_jtag_submission_local_top|minesweeper_jtag_top:u_top|minesweeper_mu500_system:u_system|minesweeper_deterministic_system:g_deterministic.u_core|minesweeper_solver_deterministic:u_solver|lpm_divide:Div2|lpm_divide_fhm:auto_generated                                                                                                                               ; lpm_divide_fhm                        ; work         ;
;                      |sign_div_unsign_7kh:divider|                                                                                      ; 26 (0)       ; 0 (0)                     ; 0 (0)         ; 0           ; 0    ; 0            ; 0       ; 0         ; 0    ; 0            ; 22 (0)       ; 0 (0)             ; 4 (0)            ; |minesweeper_jtag_submission_local_top|minesweeper_jtag_top:u_top|minesweeper_mu500_system:u_system|minesweeper_deterministic_system:g_deterministic.u_core|minesweeper_solver_deterministic:u_solver|lpm_divide:Div2|lpm_divide_fhm:auto_generated|sign_div_unsign_7kh:divider                                                                                                   ; sign_div_unsign_7kh                   ; work         ;
;                         |alt_u_div_24f:divider|                                                                                         ; 26 (26)      ; 0 (0)                     ; 0 (0)         ; 0           ; 0    ; 0            ; 0       ; 0         ; 0    ; 0            ; 22 (22)      ; 0 (0)             ; 4 (4)            ; |minesweeper_jtag_submission_local_top|minesweeper_jtag_top:u_top|minesweeper_mu500_system:u_system|minesweeper_deterministic_system:g_deterministic.u_core|minesweeper_solver_deterministic:u_solver|lpm_divide:Div2|lpm_divide_fhm:auto_generated|sign_div_unsign_7kh:divider|alt_u_div_24f:divider                                                                             ; alt_u_div_24f                         ; work         ;
;                |lpm_divide:Div3|                                                                                                        ; 32 (0)       ; 0 (0)                     ; 0 (0)         ; 0           ; 0    ; 0            ; 0       ; 0         ; 0    ; 0            ; 32 (0)       ; 0 (0)             ; 0 (0)            ; |minesweeper_jtag_submission_local_top|minesweeper_jtag_top:u_top|minesweeper_mu500_system:u_system|minesweeper_deterministic_system:g_deterministic.u_core|minesweeper_solver_deterministic:u_solver|lpm_divide:Div3                                                                                                                                                             ; lpm_divide                            ; work         ;
;                   |lpm_divide_9vo:auto_generated|                                                                                       ; 32 (0)       ; 0 (0)                     ; 0 (0)         ; 0           ; 0    ; 0            ; 0       ; 0         ; 0    ; 0            ; 32 (0)       ; 0 (0)             ; 0 (0)            ; |minesweeper_jtag_submission_local_top|minesweeper_jtag_top:u_top|minesweeper_mu500_system:u_system|minesweeper_deterministic_system:g_deterministic.u_core|minesweeper_solver_deterministic:u_solver|lpm_divide:Div3|lpm_divide_9vo:auto_generated                                                                                                                               ; lpm_divide_9vo                        ; work         ;
;                      |abs_divider_4ag:divider|                                                                                          ; 32 (0)       ; 0 (0)                     ; 0 (0)         ; 0           ; 0    ; 0            ; 0       ; 0         ; 0    ; 0            ; 32 (0)       ; 0 (0)             ; 0 (0)            ; |minesweeper_jtag_submission_local_top|minesweeper_jtag_top:u_top|minesweeper_mu500_system:u_system|minesweeper_deterministic_system:g_deterministic.u_core|minesweeper_solver_deterministic:u_solver|lpm_divide:Div3|lpm_divide_9vo:auto_generated|abs_divider_4ag:divider                                                                                                       ; abs_divider_4ag                       ; work         ;
;                         |alt_u_div_64f:divider|                                                                                         ; 32 (32)      ; 0 (0)                     ; 0 (0)         ; 0           ; 0    ; 0            ; 0       ; 0         ; 0    ; 0            ; 32 (32)      ; 0 (0)             ; 0 (0)            ; |minesweeper_jtag_submission_local_top|minesweeper_jtag_top:u_top|minesweeper_mu500_system:u_system|minesweeper_deterministic_system:g_deterministic.u_core|minesweeper_solver_deterministic:u_solver|lpm_divide:Div3|lpm_divide_9vo:auto_generated|abs_divider_4ag:divider|alt_u_div_64f:divider                                                                                 ; alt_u_div_64f                         ; work         ;
;                |lpm_divide:Div4|                                                                                                        ; 72 (0)       ; 0 (0)                     ; 0 (0)         ; 0           ; 0    ; 0            ; 0       ; 0         ; 0    ; 0            ; 72 (0)       ; 0 (0)             ; 0 (0)            ; |minesweeper_jtag_submission_local_top|minesweeper_jtag_top:u_top|minesweeper_mu500_system:u_system|minesweeper_deterministic_system:g_deterministic.u_core|minesweeper_solver_deterministic:u_solver|lpm_divide:Div4                                                                                                                                                             ; lpm_divide                            ; work         ;
;                   |lpm_divide_lhm:auto_generated|                                                                                       ; 72 (0)       ; 0 (0)                     ; 0 (0)         ; 0           ; 0    ; 0            ; 0       ; 0         ; 0    ; 0            ; 72 (0)       ; 0 (0)             ; 0 (0)            ; |minesweeper_jtag_submission_local_top|minesweeper_jtag_top:u_top|minesweeper_mu500_system:u_system|minesweeper_deterministic_system:g_deterministic.u_core|minesweeper_solver_deterministic:u_solver|lpm_divide:Div4|lpm_divide_lhm:auto_generated                                                                                                                               ; lpm_divide_lhm                        ; work         ;
;                      |sign_div_unsign_dkh:divider|                                                                                      ; 72 (0)       ; 0 (0)                     ; 0 (0)         ; 0           ; 0    ; 0            ; 0       ; 0         ; 0    ; 0            ; 72 (0)       ; 0 (0)             ; 0 (0)            ; |minesweeper_jtag_submission_local_top|minesweeper_jtag_top:u_top|minesweeper_mu500_system:u_system|minesweeper_deterministic_system:g_deterministic.u_core|minesweeper_solver_deterministic:u_solver|lpm_divide:Div4|lpm_divide_lhm:auto_generated|sign_div_unsign_dkh:divider                                                                                                   ; sign_div_unsign_dkh                   ; work         ;
;                         |alt_u_div_e4f:divider|                                                                                         ; 72 (72)      ; 0 (0)                     ; 0 (0)         ; 0           ; 0    ; 0            ; 0       ; 0         ; 0    ; 0            ; 72 (72)      ; 0 (0)             ; 0 (0)            ; |minesweeper_jtag_submission_local_top|minesweeper_jtag_top:u_top|minesweeper_mu500_system:u_system|minesweeper_deterministic_system:g_deterministic.u_core|minesweeper_solver_deterministic:u_solver|lpm_divide:Div4|lpm_divide_lhm:auto_generated|sign_div_unsign_dkh:divider|alt_u_div_e4f:divider                                                                             ; alt_u_div_e4f                         ; work         ;
;                |lpm_divide:Mod0|                                                                                                        ; 79 (0)       ; 0 (0)                     ; 0 (0)         ; 0           ; 0    ; 0            ; 0       ; 0         ; 0    ; 0            ; 78 (0)       ; 0 (0)             ; 1 (0)            ; |minesweeper_jtag_submission_local_top|minesweeper_jtag_top:u_top|minesweeper_mu500_system:u_system|minesweeper_deterministic_system:g_deterministic.u_core|minesweeper_solver_deterministic:u_solver|lpm_divide:Mod0                                                                                                                                                             ; lpm_divide                            ; work         ;
;                   |lpm_divide_o9m:auto_generated|                                                                                       ; 79 (0)       ; 0 (0)                     ; 0 (0)         ; 0           ; 0    ; 0            ; 0       ; 0         ; 0    ; 0            ; 78 (0)       ; 0 (0)             ; 1 (0)            ; |minesweeper_jtag_submission_local_top|minesweeper_jtag_top:u_top|minesweeper_mu500_system:u_system|minesweeper_deterministic_system:g_deterministic.u_core|minesweeper_solver_deterministic:u_solver|lpm_divide:Mod0|lpm_divide_o9m:auto_generated                                                                                                                               ; lpm_divide_o9m                        ; work         ;
;                      |sign_div_unsign_dkh:divider|                                                                                      ; 79 (0)       ; 0 (0)                     ; 0 (0)         ; 0           ; 0    ; 0            ; 0       ; 0         ; 0    ; 0            ; 78 (0)       ; 0 (0)             ; 1 (0)            ; |minesweeper_jtag_submission_local_top|minesweeper_jtag_top:u_top|minesweeper_mu500_system:u_system|minesweeper_deterministic_system:g_deterministic.u_core|minesweeper_solver_deterministic:u_solver|lpm_divide:Mod0|lpm_divide_o9m:auto_generated|sign_div_unsign_dkh:divider                                                                                                   ; sign_div_unsign_dkh                   ; work         ;
;                         |alt_u_div_e4f:divider|                                                                                         ; 79 (79)      ; 0 (0)                     ; 0 (0)         ; 0           ; 0    ; 0            ; 0       ; 0         ; 0    ; 0            ; 78 (78)      ; 0 (0)             ; 1 (1)            ; |minesweeper_jtag_submission_local_top|minesweeper_jtag_top:u_top|minesweeper_mu500_system:u_system|minesweeper_deterministic_system:g_deterministic.u_core|minesweeper_solver_deterministic:u_solver|lpm_divide:Mod0|lpm_divide_o9m:auto_generated|sign_div_unsign_dkh:divider|alt_u_div_e4f:divider                                                                             ; alt_u_div_e4f                         ; work         ;
;                |lpm_divide:Mod1|                                                                                                        ; 79 (0)       ; 0 (0)                     ; 0 (0)         ; 0           ; 0    ; 0            ; 0       ; 0         ; 0    ; 0            ; 79 (0)       ; 0 (0)             ; 0 (0)            ; |minesweeper_jtag_submission_local_top|minesweeper_jtag_top:u_top|minesweeper_mu500_system:u_system|minesweeper_deterministic_system:g_deterministic.u_core|minesweeper_solver_deterministic:u_solver|lpm_divide:Mod1                                                                                                                                                             ; lpm_divide                            ; work         ;
;                   |lpm_divide_o9m:auto_generated|                                                                                       ; 79 (0)       ; 0 (0)                     ; 0 (0)         ; 0           ; 0    ; 0            ; 0       ; 0         ; 0    ; 0            ; 79 (0)       ; 0 (0)             ; 0 (0)            ; |minesweeper_jtag_submission_local_top|minesweeper_jtag_top:u_top|minesweeper_mu500_system:u_system|minesweeper_deterministic_system:g_deterministic.u_core|minesweeper_solver_deterministic:u_solver|lpm_divide:Mod1|lpm_divide_o9m:auto_generated                                                                                                                               ; lpm_divide_o9m                        ; work         ;
;                      |sign_div_unsign_dkh:divider|                                                                                      ; 79 (0)       ; 0 (0)                     ; 0 (0)         ; 0           ; 0    ; 0            ; 0       ; 0         ; 0    ; 0            ; 79 (0)       ; 0 (0)             ; 0 (0)            ; |minesweeper_jtag_submission_local_top|minesweeper_jtag_top:u_top|minesweeper_mu500_system:u_system|minesweeper_deterministic_system:g_deterministic.u_core|minesweeper_solver_deterministic:u_solver|lpm_divide:Mod1|lpm_divide_o9m:auto_generated|sign_div_unsign_dkh:divider                                                                                                   ; sign_div_unsign_dkh                   ; work         ;
;                         |alt_u_div_e4f:divider|                                                                                         ; 79 (79)      ; 0 (0)                     ; 0 (0)         ; 0           ; 0    ; 0            ; 0       ; 0         ; 0    ; 0            ; 79 (79)      ; 0 (0)             ; 0 (0)            ; |minesweeper_jtag_submission_local_top|minesweeper_jtag_top:u_top|minesweeper_mu500_system:u_system|minesweeper_deterministic_system:g_deterministic.u_core|minesweeper_solver_deterministic:u_solver|lpm_divide:Mod1|lpm_divide_o9m:auto_generated|sign_div_unsign_dkh:divider|alt_u_div_e4f:divider                                                                             ; alt_u_div_e4f                         ; work         ;
;                |lpm_divide:Mod2|                                                                                                        ; 29 (0)       ; 0 (0)                     ; 0 (0)         ; 0           ; 0    ; 0            ; 0       ; 0         ; 0    ; 0            ; 29 (0)       ; 0 (0)             ; 0 (0)            ; |minesweeper_jtag_submission_local_top|minesweeper_jtag_top:u_top|minesweeper_mu500_system:u_system|minesweeper_deterministic_system:g_deterministic.u_core|minesweeper_solver_deterministic:u_solver|lpm_divide:Mod2                                                                                                                                                             ; lpm_divide                            ; work         ;
;                   |lpm_divide_i9m:auto_generated|                                                                                       ; 29 (0)       ; 0 (0)                     ; 0 (0)         ; 0           ; 0    ; 0            ; 0       ; 0         ; 0    ; 0            ; 29 (0)       ; 0 (0)             ; 0 (0)            ; |minesweeper_jtag_submission_local_top|minesweeper_jtag_top:u_top|minesweeper_mu500_system:u_system|minesweeper_deterministic_system:g_deterministic.u_core|minesweeper_solver_deterministic:u_solver|lpm_divide:Mod2|lpm_divide_i9m:auto_generated                                                                                                                               ; lpm_divide_i9m                        ; work         ;
;                      |sign_div_unsign_7kh:divider|                                                                                      ; 29 (0)       ; 0 (0)                     ; 0 (0)         ; 0           ; 0    ; 0            ; 0       ; 0         ; 0    ; 0            ; 29 (0)       ; 0 (0)             ; 0 (0)            ; |minesweeper_jtag_submission_local_top|minesweeper_jtag_top:u_top|minesweeper_mu500_system:u_system|minesweeper_deterministic_system:g_deterministic.u_core|minesweeper_solver_deterministic:u_solver|lpm_divide:Mod2|lpm_divide_i9m:auto_generated|sign_div_unsign_7kh:divider                                                                                                   ; sign_div_unsign_7kh                   ; work         ;
;                         |alt_u_div_24f:divider|                                                                                         ; 29 (29)      ; 0 (0)                     ; 0 (0)         ; 0           ; 0    ; 0            ; 0       ; 0         ; 0    ; 0            ; 29 (29)      ; 0 (0)             ; 0 (0)            ; |minesweeper_jtag_submission_local_top|minesweeper_jtag_top:u_top|minesweeper_mu500_system:u_system|minesweeper_deterministic_system:g_deterministic.u_core|minesweeper_solver_deterministic:u_solver|lpm_divide:Mod2|lpm_divide_i9m:auto_generated|sign_div_unsign_7kh:divider|alt_u_div_24f:divider                                                                             ; alt_u_div_24f                         ; work         ;
;                |lpm_divide:Mod3|                                                                                                        ; 36 (0)       ; 0 (0)                     ; 0 (0)         ; 0           ; 0    ; 0            ; 0       ; 0         ; 0    ; 0            ; 36 (0)       ; 0 (0)             ; 0 (0)            ; |minesweeper_jtag_submission_local_top|minesweeper_jtag_top:u_top|minesweeper_mu500_system:u_system|minesweeper_deterministic_system:g_deterministic.u_core|minesweeper_solver_deterministic:u_solver|lpm_divide:Mod3                                                                                                                                                             ; lpm_divide                            ; work         ;
;                   |lpm_divide_cno:auto_generated|                                                                                       ; 36 (0)       ; 0 (0)                     ; 0 (0)         ; 0           ; 0    ; 0            ; 0       ; 0         ; 0    ; 0            ; 36 (0)       ; 0 (0)             ; 0 (0)            ; |minesweeper_jtag_submission_local_top|minesweeper_jtag_top:u_top|minesweeper_mu500_system:u_system|minesweeper_deterministic_system:g_deterministic.u_core|minesweeper_solver_deterministic:u_solver|lpm_divide:Mod3|lpm_divide_cno:auto_generated                                                                                                                               ; lpm_divide_cno                        ; work         ;
;                      |abs_divider_4ag:divider|                                                                                          ; 36 (0)       ; 0 (0)                     ; 0 (0)         ; 0           ; 0    ; 0            ; 0       ; 0         ; 0    ; 0            ; 36 (0)       ; 0 (0)             ; 0 (0)            ; |minesweeper_jtag_submission_local_top|minesweeper_jtag_top:u_top|minesweeper_mu500_system:u_system|minesweeper_deterministic_system:g_deterministic.u_core|minesweeper_solver_deterministic:u_solver|lpm_divide:Mod3|lpm_divide_cno:auto_generated|abs_divider_4ag:divider                                                                                                       ; abs_divider_4ag                       ; work         ;
;                         |alt_u_div_64f:divider|                                                                                         ; 36 (36)      ; 0 (0)                     ; 0 (0)         ; 0           ; 0    ; 0            ; 0       ; 0         ; 0    ; 0            ; 36 (36)      ; 0 (0)             ; 0 (0)            ; |minesweeper_jtag_submission_local_top|minesweeper_jtag_top:u_top|minesweeper_mu500_system:u_system|minesweeper_deterministic_system:g_deterministic.u_core|minesweeper_solver_deterministic:u_solver|lpm_divide:Mod3|lpm_divide_cno:auto_generated|abs_divider_4ag:divider|alt_u_div_64f:divider                                                                                 ; alt_u_div_64f                         ; work         ;
;                |lpm_divide:Mod4|                                                                                                        ; 78 (0)       ; 0 (0)                     ; 0 (0)         ; 0           ; 0    ; 0            ; 0       ; 0         ; 0    ; 0            ; 71 (0)       ; 0 (0)             ; 7 (0)            ; |minesweeper_jtag_submission_local_top|minesweeper_jtag_top:u_top|minesweeper_mu500_system:u_system|minesweeper_deterministic_system:g_deterministic.u_core|minesweeper_solver_deterministic:u_solver|lpm_divide:Mod4                                                                                                                                                             ; lpm_divide                            ; work         ;
;                   |lpm_divide_o9m:auto_generated|                                                                                       ; 78 (0)       ; 0 (0)                     ; 0 (0)         ; 0           ; 0    ; 0            ; 0       ; 0         ; 0    ; 0            ; 71 (0)       ; 0 (0)             ; 7 (0)            ; |minesweeper_jtag_submission_local_top|minesweeper_jtag_top:u_top|minesweeper_mu500_system:u_system|minesweeper_deterministic_system:g_deterministic.u_core|minesweeper_solver_deterministic:u_solver|lpm_divide:Mod4|lpm_divide_o9m:auto_generated                                                                                                                               ; lpm_divide_o9m                        ; work         ;
;                      |sign_div_unsign_dkh:divider|                                                                                      ; 78 (0)       ; 0 (0)                     ; 0 (0)         ; 0           ; 0    ; 0            ; 0       ; 0         ; 0    ; 0            ; 71 (0)       ; 0 (0)             ; 7 (0)            ; |minesweeper_jtag_submission_local_top|minesweeper_jtag_top:u_top|minesweeper_mu500_system:u_system|minesweeper_deterministic_system:g_deterministic.u_core|minesweeper_solver_deterministic:u_solver|lpm_divide:Mod4|lpm_divide_o9m:auto_generated|sign_div_unsign_dkh:divider                                                                                                   ; sign_div_unsign_dkh                   ; work         ;
;                         |alt_u_div_e4f:divider|                                                                                         ; 78 (78)      ; 0 (0)                     ; 0 (0)         ; 0           ; 0    ; 0            ; 0       ; 0         ; 0    ; 0            ; 71 (71)      ; 0 (0)             ; 7 (7)            ; |minesweeper_jtag_submission_local_top|minesweeper_jtag_top:u_top|minesweeper_mu500_system:u_system|minesweeper_deterministic_system:g_deterministic.u_core|minesweeper_solver_deterministic:u_solver|lpm_divide:Mod4|lpm_divide_o9m:auto_generated|sign_div_unsign_dkh:divider|alt_u_div_e4f:divider                                                                             ; alt_u_div_e4f                         ; work         ;
;                |lpm_mult:Mult0|                                                                                                         ; 0 (0)        ; 0 (0)                     ; 0 (0)         ; 0           ; 0    ; 2            ; 0       ; 1         ; 0    ; 0            ; 0 (0)        ; 0 (0)             ; 0 (0)            ; |minesweeper_jtag_submission_local_top|minesweeper_jtag_top:u_top|minesweeper_mu500_system:u_system|minesweeper_deterministic_system:g_deterministic.u_core|minesweeper_solver_deterministic:u_solver|lpm_mult:Mult0                                                                                                                                                              ; lpm_mult                              ; work         ;
;                   |mult_4dt:auto_generated|                                                                                             ; 0 (0)        ; 0 (0)                     ; 0 (0)         ; 0           ; 0    ; 2            ; 0       ; 1         ; 0    ; 0            ; 0 (0)        ; 0 (0)             ; 0 (0)            ; |minesweeper_jtag_submission_local_top|minesweeper_jtag_top:u_top|minesweeper_mu500_system:u_system|minesweeper_deterministic_system:g_deterministic.u_core|minesweeper_solver_deterministic:u_solver|lpm_mult:Mult0|mult_4dt:auto_generated                                                                                                                                      ; mult_4dt                              ; work         ;
;                |lpm_mult:Mult1|                                                                                                         ; 0 (0)        ; 0 (0)                     ; 0 (0)         ; 0           ; 0    ; 2            ; 0       ; 1         ; 0    ; 0            ; 0 (0)        ; 0 (0)             ; 0 (0)            ; |minesweeper_jtag_submission_local_top|minesweeper_jtag_top:u_top|minesweeper_mu500_system:u_system|minesweeper_deterministic_system:g_deterministic.u_core|minesweeper_solver_deterministic:u_solver|lpm_mult:Mult1                                                                                                                                                              ; lpm_mult                              ; work         ;
;                   |mult_4dt:auto_generated|                                                                                             ; 0 (0)        ; 0 (0)                     ; 0 (0)         ; 0           ; 0    ; 2            ; 0       ; 1         ; 0    ; 0            ; 0 (0)        ; 0 (0)             ; 0 (0)            ; |minesweeper_jtag_submission_local_top|minesweeper_jtag_top:u_top|minesweeper_mu500_system:u_system|minesweeper_deterministic_system:g_deterministic.u_core|minesweeper_solver_deterministic:u_solver|lpm_mult:Mult1|mult_4dt:auto_generated                                                                                                                                      ; mult_4dt                              ; work         ;
;                |lpm_mult:Mult2|                                                                                                         ; 0 (0)        ; 0 (0)                     ; 0 (0)         ; 0           ; 0    ; 1            ; 1       ; 0         ; 0    ; 0            ; 0 (0)        ; 0 (0)             ; 0 (0)            ; |minesweeper_jtag_submission_local_top|minesweeper_jtag_top:u_top|minesweeper_mu500_system:u_system|minesweeper_deterministic_system:g_deterministic.u_core|minesweeper_solver_deterministic:u_solver|lpm_mult:Mult2                                                                                                                                                              ; lpm_mult                              ; work         ;
;                   |mult_u9t:auto_generated|                                                                                             ; 0 (0)        ; 0 (0)                     ; 0 (0)         ; 0           ; 0    ; 1            ; 1       ; 0         ; 0    ; 0            ; 0 (0)        ; 0 (0)             ; 0 (0)            ; |minesweeper_jtag_submission_local_top|minesweeper_jtag_top:u_top|minesweeper_mu500_system:u_system|minesweeper_deterministic_system:g_deterministic.u_core|minesweeper_solver_deterministic:u_solver|lpm_mult:Mult2|mult_u9t:auto_generated                                                                                                                                      ; mult_u9t                              ; work         ;
;                |solver_constraint_cache:u_constraint_cache|                                                                             ; 4 (4)        ; 0 (0)                     ; 0 (0)         ; 8664        ; 2    ; 0            ; 0       ; 0         ; 0    ; 0            ; 4 (4)        ; 0 (0)             ; 0 (0)            ; |minesweeper_jtag_submission_local_top|minesweeper_jtag_top:u_top|minesweeper_mu500_system:u_system|minesweeper_deterministic_system:g_deterministic.u_core|minesweeper_solver_deterministic:u_solver|solver_constraint_cache:u_constraint_cache                                                                                                                                  ; solver_constraint_cache               ; work         ;
;                   |altsyncram:constraint_mem_rtl_0|                                                                                     ; 0 (0)        ; 0 (0)                     ; 0 (0)         ; 4332        ; 1    ; 0            ; 0       ; 0         ; 0    ; 0            ; 0 (0)        ; 0 (0)             ; 0 (0)            ; |minesweeper_jtag_submission_local_top|minesweeper_jtag_top:u_top|minesweeper_mu500_system:u_system|minesweeper_deterministic_system:g_deterministic.u_core|minesweeper_solver_deterministic:u_solver|solver_constraint_cache:u_constraint_cache|altsyncram:constraint_mem_rtl_0                                                                                                  ; altsyncram                            ; work         ;
;                      |altsyncram_isd1:auto_generated|                                                                                   ; 0 (0)        ; 0 (0)                     ; 0 (0)         ; 4332        ; 1    ; 0            ; 0       ; 0         ; 0    ; 0            ; 0 (0)        ; 0 (0)             ; 0 (0)            ; |minesweeper_jtag_submission_local_top|minesweeper_jtag_top:u_top|minesweeper_mu500_system:u_system|minesweeper_deterministic_system:g_deterministic.u_core|minesweeper_solver_deterministic:u_solver|solver_constraint_cache:u_constraint_cache|altsyncram:constraint_mem_rtl_0|altsyncram_isd1:auto_generated                                                                   ; altsyncram_isd1                       ; work         ;
;                   |altsyncram:constraint_mem_rtl_1|                                                                                     ; 0 (0)        ; 0 (0)                     ; 0 (0)         ; 4332        ; 1    ; 0            ; 0       ; 0         ; 0    ; 0            ; 0 (0)        ; 0 (0)             ; 0 (0)            ; |minesweeper_jtag_submission_local_top|minesweeper_jtag_top:u_top|minesweeper_mu500_system:u_system|minesweeper_deterministic_system:g_deterministic.u_core|minesweeper_solver_deterministic:u_solver|solver_constraint_cache:u_constraint_cache|altsyncram:constraint_mem_rtl_1                                                                                                  ; altsyncram                            ; work         ;
;                      |altsyncram_svg1:auto_generated|                                                                                   ; 0 (0)        ; 0 (0)                     ; 0 (0)         ; 4332        ; 1    ; 0            ; 0       ; 0         ; 0    ; 0            ; 0 (0)        ; 0 (0)             ; 0 (0)            ; |minesweeper_jtag_submission_local_top|minesweeper_jtag_top:u_top|minesweeper_mu500_system:u_system|minesweeper_deterministic_system:g_deterministic.u_core|minesweeper_solver_deterministic:u_solver|solver_constraint_cache:u_constraint_cache|altsyncram:constraint_mem_rtl_1|altsyncram_svg1:auto_generated                                                                   ; altsyncram_svg1                       ; work         ;
;                |solver_derived_constraint_store:u_derived_constraint_store|                                                             ; 744 (744)    ; 328 (328)                 ; 0 (0)         ; 13312       ; 2    ; 0            ; 0       ; 0         ; 0    ; 0            ; 416 (416)    ; 7 (7)             ; 321 (321)        ; |minesweeper_jtag_submission_local_top|minesweeper_jtag_top:u_top|minesweeper_mu500_system:u_system|minesweeper_deterministic_system:g_deterministic.u_core|minesweeper_solver_deterministic:u_solver|solver_derived_constraint_store:u_derived_constraint_store                                                                                                                  ; solver_derived_constraint_store       ; work         ;
;                   |altsyncram:constraint_mem_rtl_0|                                                                                     ; 0 (0)        ; 0 (0)                     ; 0 (0)         ; 13312       ; 2    ; 0            ; 0       ; 0         ; 0    ; 0            ; 0 (0)        ; 0 (0)             ; 0 (0)            ; |minesweeper_jtag_submission_local_top|minesweeper_jtag_top:u_top|minesweeper_mu500_system:u_system|minesweeper_deterministic_system:g_deterministic.u_core|minesweeper_solver_deterministic:u_solver|solver_derived_constraint_store:u_derived_constraint_store|altsyncram:constraint_mem_rtl_0                                                                                  ; altsyncram                            ; work         ;
;                      |altsyncram_usd1:auto_generated|                                                                                   ; 0 (0)        ; 0 (0)                     ; 0 (0)         ; 13312       ; 2    ; 0            ; 0       ; 0         ; 0    ; 0            ; 0 (0)        ; 0 (0)             ; 0 (0)            ; |minesweeper_jtag_submission_local_top|minesweeper_jtag_top:u_top|minesweeper_mu500_system:u_system|minesweeper_deterministic_system:g_deterministic.u_core|minesweeper_solver_deterministic:u_solver|solver_derived_constraint_store:u_derived_constraint_store|altsyncram:constraint_mem_rtl_0|altsyncram_usd1:auto_generated                                                   ; altsyncram_usd1                       ; work         ;
;                |solver_dirty_fifo:u_change_fifo|                                                                                        ; 1191 (1191)  ; 429 (429)                 ; 0 (0)         ; 3610        ; 1    ; 0            ; 0       ; 0         ; 0    ; 0            ; 757 (757)    ; 18 (18)           ; 416 (416)        ; |minesweeper_jtag_submission_local_top|minesweeper_jtag_top:u_top|minesweeper_mu500_system:u_system|minesweeper_deterministic_system:g_deterministic.u_core|minesweeper_solver_deterministic:u_solver|solver_dirty_fifo:u_change_fifo                                                                                                                                             ; solver_dirty_fifo                     ; work         ;
;                   |altsyncram:queue_mem_rtl_0|                                                                                          ; 0 (0)        ; 0 (0)                     ; 0 (0)         ; 3610        ; 1    ; 0            ; 0       ; 0         ; 0    ; 0            ; 0 (0)        ; 0 (0)             ; 0 (0)            ; |minesweeper_jtag_submission_local_top|minesweeper_jtag_top:u_top|minesweeper_mu500_system:u_system|minesweeper_deterministic_system:g_deterministic.u_core|minesweeper_solver_deterministic:u_solver|solver_dirty_fifo:u_change_fifo|altsyncram:queue_mem_rtl_0                                                                                                                  ; altsyncram                            ; work         ;
;                      |altsyncram_0gc1:auto_generated|                                                                                   ; 0 (0)        ; 0 (0)                     ; 0 (0)         ; 3610        ; 1    ; 0            ; 0       ; 0         ; 0    ; 0            ; 0 (0)        ; 0 (0)             ; 0 (0)            ; |minesweeper_jtag_submission_local_top|minesweeper_jtag_top:u_top|minesweeper_mu500_system:u_system|minesweeper_deterministic_system:g_deterministic.u_core|minesweeper_solver_deterministic:u_solver|solver_dirty_fifo:u_change_fifo|altsyncram:queue_mem_rtl_0|altsyncram_0gc1:auto_generated                                                                                   ; altsyncram_0gc1                       ; work         ;
;                |solver_dirty_fifo:u_dirty_fifo|                                                                                         ; 1182 (1182)  ; 428 (428)                 ; 0 (0)         ; 3610        ; 1    ; 0            ; 0       ; 0         ; 0    ; 0            ; 754 (754)    ; 12 (12)           ; 416 (416)        ; |minesweeper_jtag_submission_local_top|minesweeper_jtag_top:u_top|minesweeper_mu500_system:u_system|minesweeper_deterministic_system:g_deterministic.u_core|minesweeper_solver_deterministic:u_solver|solver_dirty_fifo:u_dirty_fifo                                                                                                                                              ; solver_dirty_fifo                     ; work         ;
;                   |altsyncram:queue_mem_rtl_0|                                                                                          ; 0 (0)        ; 0 (0)                     ; 0 (0)         ; 3610        ; 1    ; 0            ; 0       ; 0         ; 0    ; 0            ; 0 (0)        ; 0 (0)             ; 0 (0)            ; |minesweeper_jtag_submission_local_top|minesweeper_jtag_top:u_top|minesweeper_mu500_system:u_system|minesweeper_deterministic_system:g_deterministic.u_core|minesweeper_solver_deterministic:u_solver|solver_dirty_fifo:u_dirty_fifo|altsyncram:queue_mem_rtl_0                                                                                                                   ; altsyncram                            ; work         ;
;                      |altsyncram_0gc1:auto_generated|                                                                                   ; 0 (0)        ; 0 (0)                     ; 0 (0)         ; 3610        ; 1    ; 0            ; 0       ; 0         ; 0    ; 0            ; 0 (0)        ; 0 (0)             ; 0 (0)            ; |minesweeper_jtag_submission_local_top|minesweeper_jtag_top:u_top|minesweeper_mu500_system:u_system|minesweeper_deterministic_system:g_deterministic.u_core|minesweeper_solver_deterministic:u_solver|solver_dirty_fifo:u_dirty_fifo|altsyncram:queue_mem_rtl_0|altsyncram_0gc1:auto_generated                                                                                    ; altsyncram_0gc1                       ; work         ;
;                |solver_neighbor_scan:u_neighbor_scan|                                                                                   ; 261 (261)    ; 141 (141)                 ; 0 (0)         ; 0           ; 0    ; 0            ; 0       ; 0         ; 0    ; 0            ; 116 (116)    ; 4 (4)             ; 141 (141)        ; |minesweeper_jtag_submission_local_top|minesweeper_jtag_top:u_top|minesweeper_mu500_system:u_system|minesweeper_deterministic_system:g_deterministic.u_core|minesweeper_solver_deterministic:u_solver|solver_neighbor_scan:u_neighbor_scan                                                                                                                                        ; solver_neighbor_scan                  ; work         ;
;                |solver_r5_compare:u_r5_compare|                                                                                         ; 1500 (1500)  ; 0 (0)                     ; 0 (0)         ; 0           ; 0    ; 0            ; 0       ; 0         ; 0    ; 0            ; 1497 (1497)  ; 0 (0)             ; 3 (3)            ; |minesweeper_jtag_submission_local_top|minesweeper_jtag_top:u_top|minesweeper_mu500_system:u_system|minesweeper_deterministic_system:g_deterministic.u_core|minesweeper_solver_deterministic:u_solver|solver_r5_compare:u_r5_compare                                                                                                                                              ; solver_r5_compare                     ; work         ;
;                |solver_safe_fifo:u_safe_fifo|                                                                                           ; 1636 (1636)  ; 429 (429)                 ; 0 (0)         ; 3610        ; 1    ; 0            ; 0       ; 0         ; 0    ; 0            ; 1207 (1207)  ; 13 (13)           ; 416 (416)        ; |minesweeper_jtag_submission_local_top|minesweeper_jtag_top:u_top|minesweeper_mu500_system:u_system|minesweeper_deterministic_system:g_deterministic.u_core|minesweeper_solver_deterministic:u_solver|solver_safe_fifo:u_safe_fifo                                                                                                                                                ; solver_safe_fifo                      ; work         ;
;                   |altsyncram:queue_mem_rtl_0|                                                                                          ; 0 (0)        ; 0 (0)                     ; 0 (0)         ; 3610        ; 1    ; 0            ; 0       ; 0         ; 0    ; 0            ; 0 (0)        ; 0 (0)             ; 0 (0)            ; |minesweeper_jtag_submission_local_top|minesweeper_jtag_top:u_top|minesweeper_mu500_system:u_system|minesweeper_deterministic_system:g_deterministic.u_core|minesweeper_solver_deterministic:u_solver|solver_safe_fifo:u_safe_fifo|altsyncram:queue_mem_rtl_0                                                                                                                     ; altsyncram                            ; work         ;
;                      |altsyncram_0gc1:auto_generated|                                                                                   ; 0 (0)        ; 0 (0)                     ; 0 (0)         ; 3610        ; 1    ; 0            ; 0       ; 0         ; 0    ; 0            ; 0 (0)        ; 0 (0)             ; 0 (0)            ; |minesweeper_jtag_submission_local_top|minesweeper_jtag_top:u_top|minesweeper_mu500_system:u_system|minesweeper_deterministic_system:g_deterministic.u_core|minesweeper_solver_deterministic:u_solver|solver_safe_fifo:u_safe_fifo|altsyncram:queue_mem_rtl_0|altsyncram_0gc1:auto_generated                                                                                      ; altsyncram_0gc1                       ; work         ;
;                |solver_small_component_pipeline:u_small_component_pipeline|                                                             ; 2754 (441)   ; 1036 (140)                ; 0 (0)         ; 0           ; 0    ; 0            ; 0       ; 0         ; 0    ; 0            ; 1709 (301)   ; 48 (6)            ; 997 (134)        ; |minesweeper_jtag_submission_local_top|minesweeper_jtag_top:u_top|minesweeper_mu500_system:u_system|minesweeper_deterministic_system:g_deterministic.u_core|minesweeper_solver_deterministic:u_solver|solver_small_component_pipeline:u_small_component_pipeline                                                                                                                  ; solver_small_component_pipeline       ; work         ;
;                   |solver_component_adapter:u_adapter|                                                                                  ; 134 (134)    ; 53 (53)                   ; 0 (0)         ; 0           ; 0    ; 0            ; 0       ; 0         ; 0    ; 0            ; 81 (81)      ; 0 (0)             ; 53 (53)          ; |minesweeper_jtag_submission_local_top|minesweeper_jtag_top:u_top|minesweeper_mu500_system:u_system|minesweeper_deterministic_system:g_deterministic.u_core|minesweeper_solver_deterministic:u_solver|solver_small_component_pipeline:u_small_component_pipeline|solver_component_adapter:u_adapter                                                                               ; solver_component_adapter              ; work         ;
;                   |solver_component_builder:u_builder|                                                                                  ; 443 (443)    ; 211 (211)                 ; 0 (0)         ; 0           ; 0    ; 0            ; 0       ; 0         ; 0    ; 0            ; 211 (211)    ; 20 (20)           ; 212 (212)        ; |minesweeper_jtag_submission_local_top|minesweeper_jtag_top:u_top|minesweeper_mu500_system:u_system|minesweeper_deterministic_system:g_deterministic.u_core|minesweeper_solver_deterministic:u_solver|solver_small_component_pipeline:u_small_component_pipeline|solver_component_builder:u_builder                                                                               ; solver_component_builder              ; work         ;
;                   |solver_forced_cell_walker:u_walker|                                                                                  ; 75 (75)      ; 37 (37)                   ; 0 (0)         ; 0           ; 0    ; 0            ; 0       ; 0         ; 0    ; 0            ; 36 (36)      ; 0 (0)             ; 39 (39)          ; |minesweeper_jtag_submission_local_top|minesweeper_jtag_top:u_top|minesweeper_mu500_system:u_system|minesweeper_deterministic_system:g_deterministic.u_core|minesweeper_solver_deterministic:u_solver|solver_small_component_pipeline:u_small_component_pipeline|solver_forced_cell_walker:u_walker                                                                               ; solver_forced_cell_walker             ; work         ;
;                   |solver_small_enumerator:u_enumerator|                                                                                ; 1675 (1675)  ; 595 (595)                 ; 0 (0)         ; 0           ; 0    ; 0            ; 0       ; 0         ; 0    ; 0            ; 1080 (1080)  ; 22 (22)           ; 573 (573)        ; |minesweeper_jtag_submission_local_top|minesweeper_jtag_top:u_top|minesweeper_mu500_system:u_system|minesweeper_deterministic_system:g_deterministic.u_core|minesweeper_solver_deterministic:u_solver|solver_small_component_pipeline:u_small_component_pipeline|solver_small_enumerator:u_enumerator                                                                             ; solver_small_enumerator               ; work         ;
;                |solver_state_ram:u_state_ram|                                                                                           ; 39 (39)      ; 11 (11)                   ; 0 (0)         ; 2527        ; 1    ; 0            ; 0       ; 0         ; 0    ; 0            ; 26 (26)      ; 0 (0)             ; 13 (13)          ; |minesweeper_jtag_submission_local_top|minesweeper_jtag_top:u_top|minesweeper_mu500_system:u_system|minesweeper_deterministic_system:g_deterministic.u_core|minesweeper_solver_deterministic:u_solver|solver_state_ram:u_state_ram                                                                                                                                                ; solver_state_ram                      ; work         ;
;                   |altsyncram:knowledge_mem_rtl_0|                                                                                      ; 0 (0)        ; 0 (0)                     ; 0 (0)         ; 2527        ; 1    ; 0            ; 0       ; 0         ; 0    ; 0            ; 0 (0)        ; 0 (0)             ; 0 (0)            ; |minesweeper_jtag_submission_local_top|minesweeper_jtag_top:u_top|minesweeper_mu500_system:u_system|minesweeper_deterministic_system:g_deterministic.u_core|minesweeper_solver_deterministic:u_solver|solver_state_ram:u_state_ram|altsyncram:knowledge_mem_rtl_0                                                                                                                 ; altsyncram                            ; work         ;
;                      |altsyncram_4tg1:auto_generated|                                                                                   ; 0 (0)        ; 0 (0)                     ; 0 (0)         ; 2527        ; 1    ; 0            ; 0       ; 0         ; 0    ; 0            ; 0 (0)        ; 0 (0)             ; 0 (0)            ; |minesweeper_jtag_submission_local_top|minesweeper_jtag_top:u_top|minesweeper_mu500_system:u_system|minesweeper_deterministic_system:g_deterministic.u_core|minesweeper_solver_deterministic:u_solver|solver_state_ram:u_state_ram|altsyncram:knowledge_mem_rtl_0|altsyncram_4tg1:auto_generated                                                                                  ; altsyncram_4tg1                       ; work         ;
;          |minesweeper_display_formatter:u_formatter|                                                                                    ; 1617 (1617)  ; 1238 (1238)               ; 0 (0)         ; 0           ; 0    ; 0            ; 0       ; 0         ; 0    ; 0            ; 367 (367)    ; 630 (630)         ; 620 (620)        ; |minesweeper_jtag_submission_local_top|minesweeper_jtag_top:u_top|minesweeper_mu500_system:u_system|minesweeper_display_formatter:u_formatter                                                                                                                                                                                                                                     ; minesweeper_display_formatter         ; work         ;
;          |minesweeper_metrics:u_metrics|                                                                                                ; 567 (369)    ; 457 (307)                 ; 0 (0)         ; 0           ; 0    ; 10           ; 2       ; 4         ; 0    ; 0            ; 100 (52)     ; 78 (78)           ; 389 (239)        ; |minesweeper_jtag_submission_local_top|minesweeper_jtag_top:u_top|minesweeper_mu500_system:u_system|minesweeper_metrics:u_metrics                                                                                                                                                                                                                                                 ; minesweeper_metrics                   ; work         ;
;             |lpm_mult:Mult0|                                                                                                            ; 0 (0)        ; 0 (0)                     ; 0 (0)         ; 0           ; 0    ; 1            ; 1       ; 0         ; 0    ; 0            ; 0 (0)        ; 0 (0)             ; 0 (0)            ; |minesweeper_jtag_submission_local_top|minesweeper_jtag_top:u_top|minesweeper_mu500_system:u_system|minesweeper_metrics:u_metrics|lpm_mult:Mult0                                                                                                                                                                                                                                  ; lpm_mult                              ; work         ;
;                |mult_eat:auto_generated|                                                                                                ; 0 (0)        ; 0 (0)                     ; 0 (0)         ; 0           ; 0    ; 1            ; 1       ; 0         ; 0    ; 0            ; 0 (0)        ; 0 (0)             ; 0 (0)            ; |minesweeper_jtag_submission_local_top|minesweeper_jtag_top:u_top|minesweeper_mu500_system:u_system|minesweeper_metrics:u_metrics|lpm_mult:Mult0|mult_eat:auto_generated                                                                                                                                                                                                          ; mult_eat                              ; work         ;
;             |lpm_mult:Mult1|                                                                                                            ; 0 (0)        ; 0 (0)                     ; 0 (0)         ; 0           ; 0    ; 2            ; 0       ; 1         ; 0    ; 0            ; 0 (0)        ; 0 (0)             ; 0 (0)            ; |minesweeper_jtag_submission_local_top|minesweeper_jtag_top:u_top|minesweeper_mu500_system:u_system|minesweeper_metrics:u_metrics|lpm_mult:Mult1                                                                                                                                                                                                                                  ; lpm_mult                              ; work         ;
;                |mult_pbt:auto_generated|                                                                                                ; 0 (0)        ; 0 (0)                     ; 0 (0)         ; 0           ; 0    ; 2            ; 0       ; 1         ; 0    ; 0            ; 0 (0)        ; 0 (0)             ; 0 (0)            ; |minesweeper_jtag_submission_local_top|minesweeper_jtag_top:u_top|minesweeper_mu500_system:u_system|minesweeper_metrics:u_metrics|lpm_mult:Mult1|mult_pbt:auto_generated                                                                                                                                                                                                          ; mult_pbt                              ; work         ;
;             |lpm_mult:Mult2|                                                                                                            ; 0 (0)        ; 0 (0)                     ; 0 (0)         ; 0           ; 0    ; 1            ; 1       ; 0         ; 0    ; 0            ; 0 (0)        ; 0 (0)             ; 0 (0)            ; |minesweeper_jtag_submission_local_top|minesweeper_jtag_top:u_top|minesweeper_mu500_system:u_system|minesweeper_metrics:u_metrics|lpm_mult:Mult2                                                                                                                                                                                                                                  ; lpm_mult                              ; work         ;
;                |mult_u9t:auto_generated|                                                                                                ; 0 (0)        ; 0 (0)                     ; 0 (0)         ; 0           ; 0    ; 1            ; 1       ; 0         ; 0    ; 0            ; 0 (0)        ; 0 (0)             ; 0 (0)            ; |minesweeper_jtag_submission_local_top|minesweeper_jtag_top:u_top|minesweeper_mu500_system:u_system|minesweeper_metrics:u_metrics|lpm_mult:Mult2|mult_u9t:auto_generated                                                                                                                                                                                                          ; mult_u9t                              ; work         ;
;             |lpm_mult:Mult3|                                                                                                            ; 0 (0)        ; 0 (0)                     ; 0 (0)         ; 0           ; 0    ; 4            ; 0       ; 2         ; 0    ; 0            ; 0 (0)        ; 0 (0)             ; 0 (0)            ; |minesweeper_jtag_submission_local_top|minesweeper_jtag_top:u_top|minesweeper_mu500_system:u_system|minesweeper_metrics:u_metrics|lpm_mult:Mult3                                                                                                                                                                                                                                  ; lpm_mult                              ; work         ;
;                |mult_ngt:auto_generated|                                                                                                ; 0 (0)        ; 0 (0)                     ; 0 (0)         ; 0           ; 0    ; 4            ; 0       ; 2         ; 0    ; 0            ; 0 (0)        ; 0 (0)             ; 0 (0)            ; |minesweeper_jtag_submission_local_top|minesweeper_jtag_top:u_top|minesweeper_mu500_system:u_system|minesweeper_metrics:u_metrics|lpm_mult:Mult3|mult_ngt:auto_generated                                                                                                                                                                                                          ; mult_ngt                              ; work         ;
;             |lpm_mult:Mult4|                                                                                                            ; 0 (0)        ; 0 (0)                     ; 0 (0)         ; 0           ; 0    ; 2            ; 0       ; 1         ; 0    ; 0            ; 0 (0)        ; 0 (0)             ; 0 (0)            ; |minesweeper_jtag_submission_local_top|minesweeper_jtag_top:u_top|minesweeper_mu500_system:u_system|minesweeper_metrics:u_metrics|lpm_mult:Mult4                                                                                                                                                                                                                                  ; lpm_mult                              ; work         ;
;                |mult_obt:auto_generated|                                                                                                ; 0 (0)        ; 0 (0)                     ; 0 (0)         ; 0           ; 0    ; 2            ; 0       ; 1         ; 0    ; 0            ; 0 (0)        ; 0 (0)             ; 0 (0)            ; |minesweeper_jtag_submission_local_top|minesweeper_jtag_top:u_top|minesweeper_mu500_system:u_system|minesweeper_metrics:u_metrics|lpm_mult:Mult4|mult_obt:auto_generated                                                                                                                                                                                                          ; mult_obt                              ; work         ;
;             |unsigned_divider:u_divider|                                                                                                ; 198 (198)    ; 150 (150)                 ; 0 (0)         ; 0           ; 0    ; 0            ; 0       ; 0         ; 0    ; 0            ; 48 (48)      ; 0 (0)             ; 150 (150)        ; |minesweeper_jtag_submission_local_top|minesweeper_jtag_top:u_top|minesweeper_mu500_system:u_system|minesweeper_metrics:u_metrics|unsigned_divider:u_divider                                                                                                                                                                                                                      ; unsigned_divider                      ; work         ;
;          |mu500_7seg_latch_driver:u_display|                                                                                            ; 302 (302)    ; 75 (75)                   ; 0 (0)         ; 0           ; 0    ; 0            ; 0       ; 0         ; 0    ; 0            ; 2 (2)        ; 1 (1)             ; 299 (299)        ; |minesweeper_jtag_submission_local_top|minesweeper_jtag_top:u_top|minesweeper_mu500_system:u_system|mu500_7seg_latch_driver:u_display                                                                                                                                                                                                                                             ; mu500_7seg_latch_driver               ; work         ;
;          |solver_speed_control:u_speed|                                                                                                 ; 45 (45)      ; 34 (34)                   ; 0 (0)         ; 0           ; 0    ; 0            ; 0       ; 0         ; 0    ; 0            ; 11 (11)      ; 0 (0)             ; 34 (34)          ; |minesweeper_jtag_submission_local_top|minesweeper_jtag_top:u_top|minesweeper_mu500_system:u_system|solver_speed_control:u_speed                                                                                                                                                                                                                                                  ; solver_speed_control                  ; work         ;
;       |result_snapshot:u_result|                                                                                                        ; 129 (129)    ; 129 (129)                 ; 0 (0)         ; 0           ; 0    ; 0            ; 0       ; 0         ; 0    ; 0            ; 0 (0)        ; 44 (44)           ; 85 (85)          ; |minesweeper_jtag_submission_local_top|minesweeper_jtag_top:u_top|result_snapshot:u_result                                                                                                                                                                                                                                                                                        ; result_snapshot                       ; work         ;
;       |virtual_jtag_mailbox:u_mailbox|                                                                                                  ; 216 (70)     ; 206 (69)                  ; 0 (0)         ; 0           ; 0    ; 0            ; 0       ; 0         ; 0    ; 0            ; 9 (0)        ; 93 (31)           ; 114 (39)         ; |minesweeper_jtag_submission_local_top|minesweeper_jtag_top:u_top|virtual_jtag_mailbox:u_mailbox                                                                                                                                                                                                                                                                                  ; virtual_jtag_mailbox                  ; work         ;
;          |sld_virtual_jtag:g_hw.u_vjtag|                                                                                                ; 1 (0)        ; 0 (0)                     ; 0 (0)         ; 0           ; 0    ; 0            ; 0       ; 0         ; 0    ; 0            ; 1 (0)        ; 0 (0)             ; 0 (0)            ; |minesweeper_jtag_submission_local_top|minesweeper_jtag_top:u_top|virtual_jtag_mailbox:u_mailbox|sld_virtual_jtag:g_hw.u_vjtag                                                                                                                                                                                                                                                    ; sld_virtual_jtag                      ; work         ;
;             |sld_virtual_jtag_basic:sld_virtual_jtag_basic_inst|                                                                        ; 1 (1)        ; 0 (0)                     ; 0 (0)         ; 0           ; 0    ; 0            ; 0       ; 0         ; 0    ; 0            ; 1 (1)        ; 0 (0)             ; 0 (0)            ; |minesweeper_jtag_submission_local_top|minesweeper_jtag_top:u_top|virtual_jtag_mailbox:u_mailbox|sld_virtual_jtag:g_hw.u_vjtag|sld_virtual_jtag_basic:sld_virtual_jtag_basic_inst                                                                                                                                                                                                 ; sld_virtual_jtag_basic                ; work         ;
;          |virtual_jtag_shift64:g_hw.u_shift64|                                                                                          ; 145 (145)    ; 137 (137)                 ; 0 (0)         ; 0           ; 0    ; 0            ; 0       ; 0         ; 0    ; 0            ; 8 (8)        ; 62 (62)           ; 75 (75)          ; |minesweeper_jtag_submission_local_top|minesweeper_jtag_top:u_top|virtual_jtag_mailbox:u_mailbox|virtual_jtag_shift64:g_hw.u_shift64                                                                                                                                                                                                                                              ; virtual_jtag_shift64                  ; work         ;
;    |sld_hub:auto_hub|                                                                                                                   ; 131 (1)      ; 75 (0)                    ; 0 (0)         ; 0           ; 0    ; 0            ; 0       ; 0         ; 0    ; 0            ; 56 (1)       ; 10 (0)            ; 65 (0)           ; |minesweeper_jtag_submission_local_top|sld_hub:auto_hub                                                                                                                                                                                                                                                                                                                           ; sld_hub                               ; altera_sld   ;
;       |alt_sld_fab_with_jtag_input:\instrumentation_fabric_with_node_gen:fabric_gen_new_way:with_jtag_input_gen:instrumentation_fabric| ; 130 (0)      ; 75 (0)                    ; 0 (0)         ; 0           ; 0    ; 0            ; 0       ; 0         ; 0    ; 0            ; 55 (0)       ; 10 (0)            ; 65 (0)           ; |minesweeper_jtag_submission_local_top|sld_hub:auto_hub|alt_sld_fab_with_jtag_input:\instrumentation_fabric_with_node_gen:fabric_gen_new_way:with_jtag_input_gen:instrumentation_fabric                                                                                                                                                                                           ; alt_sld_fab_with_jtag_input           ; altera_sld   ;
;          |alt_sld_fab:instrumentation_fabric|                                                                                           ; 130 (0)      ; 75 (0)                    ; 0 (0)         ; 0           ; 0    ; 0            ; 0       ; 0         ; 0    ; 0            ; 55 (0)       ; 10 (0)            ; 65 (0)           ; |minesweeper_jtag_submission_local_top|sld_hub:auto_hub|alt_sld_fab_with_jtag_input:\instrumentation_fabric_with_node_gen:fabric_gen_new_way:with_jtag_input_gen:instrumentation_fabric|alt_sld_fab:instrumentation_fabric                                                                                                                                                        ; alt_sld_fab                           ; alt_sld_fab  ;
;             |alt_sld_fab_alt_sld_fab:alt_sld_fab|                                                                                       ; 130 (6)      ; 75 (5)                    ; 0 (0)         ; 0           ; 0    ; 0            ; 0       ; 0         ; 0    ; 0            ; 55 (1)       ; 10 (0)            ; 65 (0)           ; |minesweeper_jtag_submission_local_top|sld_hub:auto_hub|alt_sld_fab_with_jtag_input:\instrumentation_fabric_with_node_gen:fabric_gen_new_way:with_jtag_input_gen:instrumentation_fabric|alt_sld_fab:instrumentation_fabric|alt_sld_fab_alt_sld_fab:alt_sld_fab                                                                                                                    ; alt_sld_fab_alt_sld_fab               ; alt_sld_fab  ;
;                |alt_sld_fab_alt_sld_fab_sldfabric:sldfabric|                                                                            ; 129 (0)      ; 70 (0)                    ; 0 (0)         ; 0           ; 0    ; 0            ; 0       ; 0         ; 0    ; 0            ; 54 (0)       ; 10 (0)            ; 65 (0)           ; |minesweeper_jtag_submission_local_top|sld_hub:auto_hub|alt_sld_fab_with_jtag_input:\instrumentation_fabric_with_node_gen:fabric_gen_new_way:with_jtag_input_gen:instrumentation_fabric|alt_sld_fab:instrumentation_fabric|alt_sld_fab_alt_sld_fab:alt_sld_fab|alt_sld_fab_alt_sld_fab_sldfabric:sldfabric                                                                        ; alt_sld_fab_alt_sld_fab_sldfabric     ; alt_sld_fab  ;
;                   |sld_jtag_hub:\jtag_hub_gen:real_sld_jtag_hub|                                                                        ; 129 (90)     ; 70 (42)                   ; 0 (0)         ; 0           ; 0    ; 0            ; 0       ; 0         ; 0    ; 0            ; 54 (43)      ; 10 (10)           ; 65 (39)          ; |minesweeper_jtag_submission_local_top|sld_hub:auto_hub|alt_sld_fab_with_jtag_input:\instrumentation_fabric_with_node_gen:fabric_gen_new_way:with_jtag_input_gen:instrumentation_fabric|alt_sld_fab:instrumentation_fabric|alt_sld_fab_alt_sld_fab:alt_sld_fab|alt_sld_fab_alt_sld_fab_sldfabric:sldfabric|sld_jtag_hub:\jtag_hub_gen:real_sld_jtag_hub                           ; sld_jtag_hub                          ; work         ;
;                      |sld_rom_sr:hub_info_reg|                                                                                          ; 19 (19)      ; 9 (9)                     ; 0 (0)         ; 0           ; 0    ; 0            ; 0       ; 0         ; 0    ; 0            ; 10 (10)      ; 0 (0)             ; 9 (9)            ; |minesweeper_jtag_submission_local_top|sld_hub:auto_hub|alt_sld_fab_with_jtag_input:\instrumentation_fabric_with_node_gen:fabric_gen_new_way:with_jtag_input_gen:instrumentation_fabric|alt_sld_fab:instrumentation_fabric|alt_sld_fab_alt_sld_fab:alt_sld_fab|alt_sld_fab_alt_sld_fab_sldfabric:sldfabric|sld_jtag_hub:\jtag_hub_gen:real_sld_jtag_hub|sld_rom_sr:hub_info_reg   ; sld_rom_sr                            ; work         ;
;                      |sld_shadow_jsm:shadow_jsm|                                                                                        ; 20 (20)      ; 19 (19)                   ; 0 (0)         ; 0           ; 0    ; 0            ; 0       ; 0         ; 0    ; 0            ; 1 (1)        ; 0 (0)             ; 19 (19)          ; |minesweeper_jtag_submission_local_top|sld_hub:auto_hub|alt_sld_fab_with_jtag_input:\instrumentation_fabric_with_node_gen:fabric_gen_new_way:with_jtag_input_gen:instrumentation_fabric|alt_sld_fab:instrumentation_fabric|alt_sld_fab_alt_sld_fab:alt_sld_fab|alt_sld_fab_alt_sld_fab_sldfabric:sldfabric|sld_jtag_hub:\jtag_hub_gen:real_sld_jtag_hub|sld_shadow_jsm:shadow_jsm ; sld_shadow_jsm                        ; altera_sld   ;
+-----------------------------------------------------------------------------------------------------------------------------------------+--------------+---------------------------+---------------+-------------+------+--------------+---------+-----------+------+--------------+--------------+-------------------+------------------+-----------------------------------------------------------------------------------------------------------------------------------------------------------------------------------------------------------------------------------------------------------------------------------------------------------------------------------------------------------------------------------+---------------------------------------+--------------+
Note: For table entries with two numbers listed, the numbers in parentheses indicate the number of resources of the given type used by the specific entity alone. The numbers listed outside of parentheses indicate the total resources of the given type used by the specific entity and all of its sub-entities in the hierarchy.


+--------------------------------------------------------------------------------------------+
; Delay Chain Summary                                                                        ;
+------------+----------+---------------+---------------+-----------------------+-----+------+
; Name       ; Pin Type ; Pad to Core 0 ; Pad to Core 1 ; Pad to Input Register ; TCO ; TCOE ;
+------------+----------+---------------+---------------+-----------------------+-----+------+
; HEX_A[0]   ; Input    ; --            ; --            ; --                    ; --  ; --   ;
; HEX_A[1]   ; Input    ; --            ; --            ; --                    ; --  ; --   ;
; HEX_A[2]   ; Input    ; --            ; --            ; --                    ; --  ; --   ;
; HEX_A[3]   ; Input    ; --            ; --            ; --                    ; --  ; --   ;
; HEX_B[0]   ; Input    ; --            ; --            ; --                    ; --  ; --   ;
; HEX_B[1]   ; Input    ; --            ; --            ; --                    ; --  ; --   ;
; HEX_B[2]   ; Input    ; --            ; --            ; --                    ; --  ; --   ;
; HEX_B[3]   ; Input    ; --            ; --            ; --                    ; --  ; --   ;
; SEG_A[0]   ; Output   ; --            ; --            ; --                    ; --  ; --   ;
; SEG_A[1]   ; Output   ; --            ; --            ; --                    ; --  ; --   ;
; SEG_A[2]   ; Output   ; --            ; --            ; --                    ; --  ; --   ;
; SEG_A[3]   ; Output   ; --            ; --            ; --                    ; --  ; --   ;
; SEG_A[4]   ; Output   ; --            ; --            ; --                    ; --  ; --   ;
; SEG_A[5]   ; Output   ; --            ; --            ; --                    ; --  ; --   ;
; SEG_A[6]   ; Output   ; --            ; --            ; --                    ; --  ; --   ;
; SEG_A[7]   ; Output   ; --            ; --            ; --                    ; --  ; --   ;
; SEG_B[0]   ; Output   ; --            ; --            ; --                    ; --  ; --   ;
; SEG_B[1]   ; Output   ; --            ; --            ; --                    ; --  ; --   ;
; SEG_B[2]   ; Output   ; --            ; --            ; --                    ; --  ; --   ;
; SEG_B[3]   ; Output   ; --            ; --            ; --                    ; --  ; --   ;
; SEG_B[4]   ; Output   ; --            ; --            ; --                    ; --  ; --   ;
; SEG_B[5]   ; Output   ; --            ; --            ; --                    ; --  ; --   ;
; SEG_B[6]   ; Output   ; --            ; --            ; --                    ; --  ; --   ;
; SEG_B[7]   ; Output   ; --            ; --            ; --                    ; --  ; --   ;
; SEG_C[0]   ; Output   ; --            ; --            ; --                    ; --  ; --   ;
; SEG_C[1]   ; Output   ; --            ; --            ; --                    ; --  ; --   ;
; SEG_C[2]   ; Output   ; --            ; --            ; --                    ; --  ; --   ;
; SEG_C[3]   ; Output   ; --            ; --            ; --                    ; --  ; --   ;
; SEG_C[4]   ; Output   ; --            ; --            ; --                    ; --  ; --   ;
; SEG_C[5]   ; Output   ; --            ; --            ; --                    ; --  ; --   ;
; SEG_C[6]   ; Output   ; --            ; --            ; --                    ; --  ; --   ;
; SEG_C[7]   ; Output   ; --            ; --            ; --                    ; --  ; --   ;
; SEG_D[0]   ; Output   ; --            ; --            ; --                    ; --  ; --   ;
; SEG_D[1]   ; Output   ; --            ; --            ; --                    ; --  ; --   ;
; SEG_D[2]   ; Output   ; --            ; --            ; --                    ; --  ; --   ;
; SEG_D[3]   ; Output   ; --            ; --            ; --                    ; --  ; --   ;
; SEG_D[4]   ; Output   ; --            ; --            ; --                    ; --  ; --   ;
; SEG_D[5]   ; Output   ; --            ; --            ; --                    ; --  ; --   ;
; SEG_D[6]   ; Output   ; --            ; --            ; --                    ; --  ; --   ;
; SEG_D[7]   ; Output   ; --            ; --            ; --                    ; --  ; --   ;
; SEG_E[0]   ; Output   ; --            ; --            ; --                    ; --  ; --   ;
; SEG_E[1]   ; Output   ; --            ; --            ; --                    ; --  ; --   ;
; SEG_E[2]   ; Output   ; --            ; --            ; --                    ; --  ; --   ;
; SEG_E[3]   ; Output   ; --            ; --            ; --                    ; --  ; --   ;
; SEG_E[4]   ; Output   ; --            ; --            ; --                    ; --  ; --   ;
; SEG_E[5]   ; Output   ; --            ; --            ; --                    ; --  ; --   ;
; SEG_E[6]   ; Output   ; --            ; --            ; --                    ; --  ; --   ;
; SEG_E[7]   ; Output   ; --            ; --            ; --                    ; --  ; --   ;
; SEG_F[0]   ; Output   ; --            ; --            ; --                    ; --  ; --   ;
; SEG_F[1]   ; Output   ; --            ; --            ; --                    ; --  ; --   ;
; SEG_F[2]   ; Output   ; --            ; --            ; --                    ; --  ; --   ;
; SEG_F[3]   ; Output   ; --            ; --            ; --                    ; --  ; --   ;
; SEG_F[4]   ; Output   ; --            ; --            ; --                    ; --  ; --   ;
; SEG_F[5]   ; Output   ; --            ; --            ; --                    ; --  ; --   ;
; SEG_F[6]   ; Output   ; --            ; --            ; --                    ; --  ; --   ;
; SEG_F[7]   ; Output   ; --            ; --            ; --                    ; --  ; --   ;
; SEG_G[0]   ; Output   ; --            ; --            ; --                    ; --  ; --   ;
; SEG_G[1]   ; Output   ; --            ; --            ; --                    ; --  ; --   ;
; SEG_G[2]   ; Output   ; --            ; --            ; --                    ; --  ; --   ;
; SEG_G[3]   ; Output   ; --            ; --            ; --                    ; --  ; --   ;
; SEG_G[4]   ; Output   ; --            ; --            ; --                    ; --  ; --   ;
; SEG_G[5]   ; Output   ; --            ; --            ; --                    ; --  ; --   ;
; SEG_G[6]   ; Output   ; --            ; --            ; --                    ; --  ; --   ;
; SEG_G[7]   ; Output   ; --            ; --            ; --                    ; --  ; --   ;
; SEG_H[0]   ; Output   ; --            ; --            ; --                    ; --  ; --   ;
; SEG_H[1]   ; Output   ; --            ; --            ; --                    ; --  ; --   ;
; SEG_H[2]   ; Output   ; --            ; --            ; --                    ; --  ; --   ;
; SEG_H[3]   ; Output   ; --            ; --            ; --                    ; --  ; --   ;
; SEG_H[4]   ; Output   ; --            ; --            ; --                    ; --  ; --   ;
; SEG_H[5]   ; Output   ; --            ; --            ; --                    ; --  ; --   ;
; SEG_H[6]   ; Output   ; --            ; --            ; --                    ; --  ; --   ;
; SEG_H[7]   ; Output   ; --            ; --            ; --                    ; --  ; --   ;
; SEG_SEL[0] ; Output   ; --            ; --            ; --                    ; --  ; --   ;
; SEG_SEL[1] ; Output   ; --            ; --            ; --                    ; --  ; --   ;
; SEG_SEL[2] ; Output   ; --            ; --            ; --                    ; --  ; --   ;
; SEG_SEL[3] ; Output   ; --            ; --            ; --                    ; --  ; --   ;
; SEG_SEL[4] ; Output   ; --            ; --            ; --                    ; --  ; --   ;
; SEG_SEL[5] ; Output   ; --            ; --            ; --                    ; --  ; --   ;
; SEG_SEL[6] ; Output   ; --            ; --            ; --                    ; --  ; --   ;
; SEG_SEL[7] ; Output   ; --            ; --            ; --                    ; --  ; --   ;
; SEG_SEL[8] ; Output   ; --            ; --            ; --                    ; --  ; --   ;
; CLK_20MHZ  ; Input    ; (0) 0 ps      ; --            ; --                    ; --  ; --   ;
; RESET_N    ; Input    ; (6) 1211 ps   ; --            ; --                    ; --  ; --   ;
+------------+----------+---------------+---------------+-----------------------+-----+------+


+-------------------------------------------------------------------------------+
; Pad To Core Delay Chain Fanout                                                ;
+-------------------------------------------------+-------------------+---------+
; Source Pin / Fanout                             ; Pad To Core Index ; Setting ;
+-------------------------------------------------+-------------------+---------+
; HEX_A[0]                                        ;                   ;         ;
; HEX_A[1]                                        ;                   ;         ;
; HEX_A[2]                                        ;                   ;         ;
; HEX_A[3]                                        ;                   ;         ;
; HEX_B[0]                                        ;                   ;         ;
; HEX_B[1]                                        ;                   ;         ;
; HEX_B[2]                                        ;                   ;         ;
; HEX_B[3]                                        ;                   ;         ;
; CLK_20MHZ                                       ;                   ;         ;
; RESET_N                                         ;                   ;         ;
;      - minesweeper_jtag_top:u_top|reset_sync[1] ; 0                 ; 6       ;
;      - minesweeper_jtag_top:u_top|reset_sync[0] ; 0                 ; 6       ;
+-------------------------------------------------+-------------------+---------+


+--------------------------------------------------------------------------------------------------------------------------------------------------------------------------------------------------------------------------------------------------------------------------------------------------------------------------------------------------------------------------------------------------------------------------------------------------------------------------------------------------------+
; Control Signals                                                                                                                                                                                                                                                                                                                                                                                                                                                                                        ;
+-------------------------------------------------------------------------------------------------------------------------------------------------------------------------------------------------------------------------------------------------------------------------------------------------------------------------------------------------------------+--------------------+---------+----------------------------+--------+----------------------+------------------+---------------------------+
; Name                                                                                                                                                                                                                                                                                                                                                        ; Location           ; Fan-Out ; Usage                      ; Global ; Global Resource Used ; Global Line Name ; Enable Signal Source Name ;
+-------------------------------------------------------------------------------------------------------------------------------------------------------------------------------------------------------------------------------------------------------------------------------------------------------------------------------------------------------------+--------------------+---------+----------------------------+--------+----------------------+------------------+---------------------------+
; CLK_20MHZ                                                                                                                                                                                                                                                                                                                                                   ; PIN_A12            ; 8137    ; Clock                      ; yes    ; Global Clock         ; GCLK14           ; --                        ;
; RESET_N                                                                                                                                                                                                                                                                                                                                                     ; PIN_E15            ; 2       ; Async. clear               ; no     ; --                   ; --               ; --                        ;
; altera_internal_jtag~TCKUTAP                                                                                                                                                                                                                                                                                                                                ; JTAG_X1_Y22_N0     ; 212     ; Clock                      ; yes    ; Global Clock         ; GCLK0            ; --                        ;
; altera_internal_jtag~TMSUTAP                                                                                                                                                                                                                                                                                                                                ; JTAG_X1_Y22_N0     ; 23      ; Sync. clear                ; no     ; --                   ; --               ; --                        ;
; minesweeper_jtag_top:u_top|board_stream_controller:u_stream|Selector24~13                                                                                                                                                                                                                                                                                   ; LCCOMB_X25_Y18_N20 ; 47      ; Clock enable               ; no     ; --                   ; --               ; --                        ;
; minesweeper_jtag_top:u_top|board_stream_controller:u_stream|expected_ordinal[2]~0                                                                                                                                                                                                                                                                           ; LCCOMB_X25_Y18_N4  ; 14      ; Clock enable               ; no     ; --                   ; --               ; --                        ;
; minesweeper_jtag_top:u_top|board_stream_controller:u_stream|load_y[3]~7                                                                                                                                                                                                                                                                                     ; LCCOMB_X28_Y17_N8  ; 5       ; Clock enable               ; no     ; --                   ; --               ; --                        ;
; minesweeper_jtag_top:u_top|board_stream_controller:u_stream|state.ST_LOAD                                                                                                                                                                                                                                                                                   ; FF_X26_Y18_N11     ; 21      ; Sync. clear                ; no     ; --                   ; --               ; --                        ;
; minesweeper_jtag_top:u_top|jtag_protocol_engine:u_protocol|Selector5~0                                                                                                                                                                                                                                                                                      ; LCCOMB_X22_Y13_N26 ; 5       ; Clock enable               ; no     ; --                   ; --               ; --                        ;
; minesweeper_jtag_top:u_top|jtag_protocol_engine:u_protocol|Selector5~4                                                                                                                                                                                                                                                                                      ; LCCOMB_X26_Y18_N30 ; 3       ; Clock enable               ; no     ; --                   ; --               ; --                        ;
; minesweeper_jtag_top:u_top|jtag_protocol_engine:u_protocol|data_values[10]~1                                                                                                                                                                                                                                                                                ; LCCOMB_X25_Y15_N18 ; 57      ; Clock enable               ; no     ; --                   ; --               ; --                        ;
; minesweeper_jtag_top:u_top|jtag_protocol_engine:u_protocol|exec_state.EX_IDLE                                                                                                                                                                                                                                                                               ; FF_X26_Y18_N29     ; 84      ; Sync. clear, Sync. load    ; no     ; --                   ; --               ; --                        ;
; minesweeper_jtag_top:u_top|jtag_protocol_engine:u_protocol|response_word[0]~51                                                                                                                                                                                                                                                                              ; LCCOMB_X22_Y12_N28 ; 7       ; Clock enable               ; no     ; --                   ; --               ; --                        ;
; minesweeper_jtag_top:u_top|jtag_protocol_engine:u_protocol|response_word[61]~61                                                                                                                                                                                                                                                                             ; LCCOMB_X22_Y13_N14 ; 56      ; Clock enable               ; no     ; --                   ; --               ; --                        ;
; minesweeper_jtag_top:u_top|jtag_protocol_engine:u_protocol|running_crc[15]~4                                                                                                                                                                                                                                                                                ; LCCOMB_X25_Y15_N12 ; 10      ; Clock enable               ; no     ; --                   ; --               ; --                        ;
; minesweeper_jtag_top:u_top|jtag_protocol_engine:u_protocol|running_crc[15]~8                                                                                                                                                                                                                                                                                ; LCCOMB_X22_Y13_N16 ; 38      ; Clock enable               ; no     ; --                   ; --               ; --                        ;
; minesweeper_jtag_top:u_top|jtag_protocol_engine:u_protocol|running_crc~5                                                                                                                                                                                                                                                                                    ; LCCOMB_X25_Y15_N14 ; 6       ; Clock enable               ; no     ; --                   ; --               ; --                        ;
; minesweeper_jtag_top:u_top|minesweeper_mu500_system:u_system|always0~0                                                                                                                                                                                                                                                                                      ; LCCOMB_X22_Y36_N8  ; 384     ; Clock enable               ; no     ; --                   ; --               ; --                        ;
; minesweeper_jtag_top:u_top|minesweeper_mu500_system:u_system|minesweeper_deterministic_system:g_deterministic.u_core|minesweeper_game_core:u_game|Decoder0~324                                                                                                                                                                                              ; LCCOMB_X30_Y28_N20 ; 16      ; Sync. load                 ; no     ; --                   ; --               ; --                        ;
; minesweeper_jtag_top:u_top|minesweeper_mu500_system:u_system|minesweeper_deterministic_system:g_deterministic.u_core|minesweeper_game_core:u_game|Decoder0~337                                                                                                                                                                                              ; LCCOMB_X14_Y23_N8  ; 4       ; Clock enable               ; no     ; --                   ; --               ; --                        ;
; minesweeper_jtag_top:u_top|minesweeper_mu500_system:u_system|minesweeper_deterministic_system:g_deterministic.u_core|minesweeper_game_core:u_game|Decoder0~340                                                                                                                                                                                              ; LCCOMB_X8_Y21_N12  ; 4       ; Clock enable               ; no     ; --                   ; --               ; --                        ;
; minesweeper_jtag_top:u_top|minesweeper_mu500_system:u_system|minesweeper_deterministic_system:g_deterministic.u_core|minesweeper_game_core:u_game|Decoder0~342                                                                                                                                                                                              ; LCCOMB_X4_Y16_N30  ; 4       ; Clock enable               ; no     ; --                   ; --               ; --                        ;
; minesweeper_jtag_top:u_top|minesweeper_mu500_system:u_system|minesweeper_deterministic_system:g_deterministic.u_core|minesweeper_game_core:u_game|Decoder0~346                                                                                                                                                                                              ; LCCOMB_X14_Y23_N26 ; 4       ; Clock enable               ; no     ; --                   ; --               ; --                        ;
; minesweeper_jtag_top:u_top|minesweeper_mu500_system:u_system|minesweeper_deterministic_system:g_deterministic.u_core|minesweeper_game_core:u_game|Decoder0~348                                                                                                                                                                                              ; LCCOMB_X10_Y22_N2  ; 4       ; Clock enable               ; no     ; --                   ; --               ; --                        ;
; minesweeper_jtag_top:u_top|minesweeper_mu500_system:u_system|minesweeper_deterministic_system:g_deterministic.u_core|minesweeper_game_core:u_game|Decoder0~349                                                                                                                                                                                              ; LCCOMB_X11_Y23_N12 ; 4       ; Clock enable               ; no     ; --                   ; --               ; --                        ;
; minesweeper_jtag_top:u_top|minesweeper_mu500_system:u_system|minesweeper_deterministic_system:g_deterministic.u_core|minesweeper_game_core:u_game|Decoder0~355                                                                                                                                                                                              ; LCCOMB_X14_Y21_N26 ; 4       ; Clock enable               ; no     ; --                   ; --               ; --                        ;
; minesweeper_jtag_top:u_top|minesweeper_mu500_system:u_system|minesweeper_deterministic_system:g_deterministic.u_core|minesweeper_game_core:u_game|Decoder0~358                                                                                                                                                                                              ; LCCOMB_X6_Y21_N24  ; 4       ; Clock enable               ; no     ; --                   ; --               ; --                        ;
; minesweeper_jtag_top:u_top|minesweeper_mu500_system:u_system|minesweeper_deterministic_system:g_deterministic.u_core|minesweeper_game_core:u_game|Decoder0~360                                                                                                                                                                                              ; LCCOMB_X14_Y20_N30 ; 4       ; Clock enable               ; no     ; --                   ; --               ; --                        ;
; minesweeper_jtag_top:u_top|minesweeper_mu500_system:u_system|minesweeper_deterministic_system:g_deterministic.u_core|minesweeper_game_core:u_game|Decoder0~362                                                                                                                                                                                              ; LCCOMB_X11_Y20_N20 ; 4       ; Clock enable               ; no     ; --                   ; --               ; --                        ;
; minesweeper_jtag_top:u_top|minesweeper_mu500_system:u_system|minesweeper_deterministic_system:g_deterministic.u_core|minesweeper_game_core:u_game|Decoder0~365                                                                                                                                                                                              ; LCCOMB_X8_Y17_N26  ; 4       ; Clock enable               ; no     ; --                   ; --               ; --                        ;
; minesweeper_jtag_top:u_top|minesweeper_mu500_system:u_system|minesweeper_deterministic_system:g_deterministic.u_core|minesweeper_game_core:u_game|Decoder0~367                                                                                                                                                                                              ; LCCOMB_X14_Y23_N30 ; 4       ; Clock enable               ; no     ; --                   ; --               ; --                        ;
; minesweeper_jtag_top:u_top|minesweeper_mu500_system:u_system|minesweeper_deterministic_system:g_deterministic.u_core|minesweeper_game_core:u_game|Decoder0~369                                                                                                                                                                                              ; LCCOMB_X7_Y19_N14  ; 4       ; Clock enable               ; no     ; --                   ; --               ; --                        ;
; minesweeper_jtag_top:u_top|minesweeper_mu500_system:u_system|minesweeper_deterministic_system:g_deterministic.u_core|minesweeper_game_core:u_game|Decoder0~371                                                                                                                                                                                              ; LCCOMB_X14_Y23_N18 ; 4       ; Clock enable               ; no     ; --                   ; --               ; --                        ;
; minesweeper_jtag_top:u_top|minesweeper_mu500_system:u_system|minesweeper_deterministic_system:g_deterministic.u_core|minesweeper_game_core:u_game|Decoder0~374                                                                                                                                                                                              ; LCCOMB_X7_Y18_N8   ; 4       ; Clock enable               ; no     ; --                   ; --               ; --                        ;
; minesweeper_jtag_top:u_top|minesweeper_mu500_system:u_system|minesweeper_deterministic_system:g_deterministic.u_core|minesweeper_game_core:u_game|Decoder0~375                                                                                                                                                                                              ; LCCOMB_X7_Y20_N24  ; 4       ; Clock enable               ; no     ; --                   ; --               ; --                        ;
; minesweeper_jtag_top:u_top|minesweeper_mu500_system:u_system|minesweeper_deterministic_system:g_deterministic.u_core|minesweeper_game_core:u_game|Decoder0~376                                                                                                                                                                                              ; LCCOMB_X7_Y20_N18  ; 4       ; Clock enable               ; no     ; --                   ; --               ; --                        ;
; minesweeper_jtag_top:u_top|minesweeper_mu500_system:u_system|minesweeper_deterministic_system:g_deterministic.u_core|minesweeper_game_core:u_game|Decoder0~379                                                                                                                                                                                              ; LCCOMB_X8_Y18_N20  ; 4       ; Clock enable               ; no     ; --                   ; --               ; --                        ;
; minesweeper_jtag_top:u_top|minesweeper_mu500_system:u_system|minesweeper_deterministic_system:g_deterministic.u_core|minesweeper_game_core:u_game|Decoder0~380                                                                                                                                                                                              ; LCCOMB_X8_Y18_N30  ; 4       ; Clock enable               ; no     ; --                   ; --               ; --                        ;
; minesweeper_jtag_top:u_top|minesweeper_mu500_system:u_system|minesweeper_deterministic_system:g_deterministic.u_core|minesweeper_game_core:u_game|Decoder0~381                                                                                                                                                                                              ; LCCOMB_X8_Y18_N24  ; 4       ; Clock enable               ; no     ; --                   ; --               ; --                        ;
; minesweeper_jtag_top:u_top|minesweeper_mu500_system:u_system|minesweeper_deterministic_system:g_deterministic.u_core|minesweeper_game_core:u_game|Decoder0~382                                                                                                                                                                                              ; LCCOMB_X14_Y23_N20 ; 4       ; Clock enable               ; no     ; --                   ; --               ; --                        ;
; minesweeper_jtag_top:u_top|minesweeper_mu500_system:u_system|minesweeper_deterministic_system:g_deterministic.u_core|minesweeper_game_core:u_game|Decoder0~383                                                                                                                                                                                              ; LCCOMB_X8_Y19_N4   ; 4       ; Clock enable               ; no     ; --                   ; --               ; --                        ;
; minesweeper_jtag_top:u_top|minesweeper_mu500_system:u_system|minesweeper_deterministic_system:g_deterministic.u_core|minesweeper_game_core:u_game|Decoder0~388                                                                                                                                                                                              ; LCCOMB_X5_Y20_N8   ; 4       ; Clock enable               ; no     ; --                   ; --               ; --                        ;
; minesweeper_jtag_top:u_top|minesweeper_mu500_system:u_system|minesweeper_deterministic_system:g_deterministic.u_core|minesweeper_game_core:u_game|Decoder0~390                                                                                                                                                                                              ; LCCOMB_X5_Y20_N26  ; 4       ; Clock enable               ; no     ; --                   ; --               ; --                        ;
; minesweeper_jtag_top:u_top|minesweeper_mu500_system:u_system|minesweeper_deterministic_system:g_deterministic.u_core|minesweeper_game_core:u_game|Decoder0~391                                                                                                                                                                                              ; LCCOMB_X5_Y20_N28  ; 4       ; Clock enable               ; no     ; --                   ; --               ; --                        ;
; minesweeper_jtag_top:u_top|minesweeper_mu500_system:u_system|minesweeper_deterministic_system:g_deterministic.u_core|minesweeper_game_core:u_game|Decoder0~392                                                                                                                                                                                              ; LCCOMB_X4_Y19_N14  ; 4       ; Clock enable               ; no     ; --                   ; --               ; --                        ;
; minesweeper_jtag_top:u_top|minesweeper_mu500_system:u_system|minesweeper_deterministic_system:g_deterministic.u_core|minesweeper_game_core:u_game|Decoder0~393                                                                                                                                                                                              ; LCCOMB_X5_Y20_N14  ; 4       ; Clock enable               ; no     ; --                   ; --               ; --                        ;
; minesweeper_jtag_top:u_top|minesweeper_mu500_system:u_system|minesweeper_deterministic_system:g_deterministic.u_core|minesweeper_game_core:u_game|Decoder0~394                                                                                                                                                                                              ; LCCOMB_X12_Y19_N24 ; 4       ; Clock enable               ; no     ; --                   ; --               ; --                        ;
; minesweeper_jtag_top:u_top|minesweeper_mu500_system:u_system|minesweeper_deterministic_system:g_deterministic.u_core|minesweeper_game_core:u_game|Decoder0~395                                                                                                                                                                                              ; LCCOMB_X9_Y17_N30  ; 4       ; Clock enable               ; no     ; --                   ; --               ; --                        ;
; minesweeper_jtag_top:u_top|minesweeper_mu500_system:u_system|minesweeper_deterministic_system:g_deterministic.u_core|minesweeper_game_core:u_game|Decoder0~396                                                                                                                                                                                              ; LCCOMB_X11_Y23_N30 ; 4       ; Clock enable               ; no     ; --                   ; --               ; --                        ;
; minesweeper_jtag_top:u_top|minesweeper_mu500_system:u_system|minesweeper_deterministic_system:g_deterministic.u_core|minesweeper_game_core:u_game|Decoder0~399                                                                                                                                                                                              ; LCCOMB_X23_Y25_N2  ; 4       ; Clock enable               ; no     ; --                   ; --               ; --                        ;
; minesweeper_jtag_top:u_top|minesweeper_mu500_system:u_system|minesweeper_deterministic_system:g_deterministic.u_core|minesweeper_game_core:u_game|Decoder0~401                                                                                                                                                                                              ; LCCOMB_X6_Y21_N28  ; 4       ; Clock enable               ; no     ; --                   ; --               ; --                        ;
; minesweeper_jtag_top:u_top|minesweeper_mu500_system:u_system|minesweeper_deterministic_system:g_deterministic.u_core|minesweeper_game_core:u_game|Decoder0~403                                                                                                                                                                                              ; LCCOMB_X14_Y20_N0  ; 4       ; Clock enable               ; no     ; --                   ; --               ; --                        ;
; minesweeper_jtag_top:u_top|minesweeper_mu500_system:u_system|minesweeper_deterministic_system:g_deterministic.u_core|minesweeper_game_core:u_game|Decoder0~404                                                                                                                                                                                              ; LCCOMB_X14_Y21_N0  ; 4       ; Clock enable               ; no     ; --                   ; --               ; --                        ;
; minesweeper_jtag_top:u_top|minesweeper_mu500_system:u_system|minesweeper_deterministic_system:g_deterministic.u_core|minesweeper_game_core:u_game|Decoder0~406                                                                                                                                                                                              ; LCCOMB_X23_Y25_N4  ; 4       ; Clock enable               ; no     ; --                   ; --               ; --                        ;
; minesweeper_jtag_top:u_top|minesweeper_mu500_system:u_system|minesweeper_deterministic_system:g_deterministic.u_core|minesweeper_game_core:u_game|Decoder0~409                                                                                                                                                                                              ; LCCOMB_X6_Y21_N22  ; 4       ; Clock enable               ; no     ; --                   ; --               ; --                        ;
; minesweeper_jtag_top:u_top|minesweeper_mu500_system:u_system|minesweeper_deterministic_system:g_deterministic.u_core|minesweeper_game_core:u_game|Decoder0~410                                                                                                                                                                                              ; LCCOMB_X14_Y19_N16 ; 4       ; Clock enable               ; no     ; --                   ; --               ; --                        ;
; minesweeper_jtag_top:u_top|minesweeper_mu500_system:u_system|minesweeper_deterministic_system:g_deterministic.u_core|minesweeper_game_core:u_game|Decoder0~411                                                                                                                                                                                              ; LCCOMB_X4_Y16_N8   ; 4       ; Clock enable               ; no     ; --                   ; --               ; --                        ;
; minesweeper_jtag_top:u_top|minesweeper_mu500_system:u_system|minesweeper_deterministic_system:g_deterministic.u_core|minesweeper_game_core:u_game|Decoder0~412                                                                                                                                                                                              ; LCCOMB_X16_Y14_N16 ; 4       ; Clock enable               ; no     ; --                   ; --               ; --                        ;
; minesweeper_jtag_top:u_top|minesweeper_mu500_system:u_system|minesweeper_deterministic_system:g_deterministic.u_core|minesweeper_game_core:u_game|Decoder0~414                                                                                                                                                                                              ; LCCOMB_X12_Y18_N12 ; 4       ; Clock enable               ; no     ; --                   ; --               ; --                        ;
; minesweeper_jtag_top:u_top|minesweeper_mu500_system:u_system|minesweeper_deterministic_system:g_deterministic.u_core|minesweeper_game_core:u_game|Decoder0~415                                                                                                                                                                                              ; LCCOMB_X14_Y20_N28 ; 4       ; Clock enable               ; no     ; --                   ; --               ; --                        ;
; minesweeper_jtag_top:u_top|minesweeper_mu500_system:u_system|minesweeper_deterministic_system:g_deterministic.u_core|minesweeper_game_core:u_game|Decoder0~416                                                                                                                                                                                              ; LCCOMB_X23_Y25_N14 ; 4       ; Clock enable               ; no     ; --                   ; --               ; --                        ;
; minesweeper_jtag_top:u_top|minesweeper_mu500_system:u_system|minesweeper_deterministic_system:g_deterministic.u_core|minesweeper_game_core:u_game|Decoder0~417                                                                                                                                                                                              ; LCCOMB_X14_Y21_N2  ; 4       ; Clock enable               ; no     ; --                   ; --               ; --                        ;
; minesweeper_jtag_top:u_top|minesweeper_mu500_system:u_system|minesweeper_deterministic_system:g_deterministic.u_core|minesweeper_game_core:u_game|Decoder0~418                                                                                                                                                                                              ; LCCOMB_X11_Y23_N0  ; 4       ; Clock enable               ; no     ; --                   ; --               ; --                        ;
; minesweeper_jtag_top:u_top|minesweeper_mu500_system:u_system|minesweeper_deterministic_system:g_deterministic.u_core|minesweeper_game_core:u_game|Decoder0~419                                                                                                                                                                                              ; LCCOMB_X16_Y26_N18 ; 4       ; Clock enable               ; no     ; --                   ; --               ; --                        ;
; minesweeper_jtag_top:u_top|minesweeper_mu500_system:u_system|minesweeper_deterministic_system:g_deterministic.u_core|minesweeper_game_core:u_game|Decoder0~422                                                                                                                                                                                              ; LCCOMB_X12_Y21_N16 ; 4       ; Clock enable               ; no     ; --                   ; --               ; --                        ;
; minesweeper_jtag_top:u_top|minesweeper_mu500_system:u_system|minesweeper_deterministic_system:g_deterministic.u_core|minesweeper_game_core:u_game|Decoder0~427                                                                                                                                                                                              ; LCCOMB_X19_Y21_N0  ; 4       ; Clock enable               ; no     ; --                   ; --               ; --                        ;
; minesweeper_jtag_top:u_top|minesweeper_mu500_system:u_system|minesweeper_deterministic_system:g_deterministic.u_core|minesweeper_game_core:u_game|Decoder0~429                                                                                                                                                                                              ; LCCOMB_X21_Y23_N22 ; 4       ; Clock enable               ; no     ; --                   ; --               ; --                        ;
; minesweeper_jtag_top:u_top|minesweeper_mu500_system:u_system|minesweeper_deterministic_system:g_deterministic.u_core|minesweeper_game_core:u_game|Decoder0~430                                                                                                                                                                                              ; LCCOMB_X19_Y21_N18 ; 4       ; Clock enable               ; no     ; --                   ; --               ; --                        ;
; minesweeper_jtag_top:u_top|minesweeper_mu500_system:u_system|minesweeper_deterministic_system:g_deterministic.u_core|minesweeper_game_core:u_game|Decoder0~432                                                                                                                                                                                              ; LCCOMB_X14_Y23_N10 ; 4       ; Clock enable               ; no     ; --                   ; --               ; --                        ;
; minesweeper_jtag_top:u_top|minesweeper_mu500_system:u_system|minesweeper_deterministic_system:g_deterministic.u_core|minesweeper_game_core:u_game|Decoder0~433                                                                                                                                                                                              ; LCCOMB_X14_Y23_N28 ; 4       ; Clock enable               ; no     ; --                   ; --               ; --                        ;
; minesweeper_jtag_top:u_top|minesweeper_mu500_system:u_system|minesweeper_deterministic_system:g_deterministic.u_core|minesweeper_game_core:u_game|Decoder0~435                                                                                                                                                                                              ; LCCOMB_X23_Y20_N20 ; 4       ; Clock enable               ; no     ; --                   ; --               ; --                        ;
; minesweeper_jtag_top:u_top|minesweeper_mu500_system:u_system|minesweeper_deterministic_system:g_deterministic.u_core|minesweeper_game_core:u_game|Decoder0~437                                                                                                                                                                                              ; LCCOMB_X19_Y21_N12 ; 4       ; Clock enable               ; no     ; --                   ; --               ; --                        ;
; minesweeper_jtag_top:u_top|minesweeper_mu500_system:u_system|minesweeper_deterministic_system:g_deterministic.u_core|minesweeper_game_core:u_game|Decoder0~438                                                                                                                                                                                              ; LCCOMB_X17_Y23_N6  ; 4       ; Clock enable               ; no     ; --                   ; --               ; --                        ;
; minesweeper_jtag_top:u_top|minesweeper_mu500_system:u_system|minesweeper_deterministic_system:g_deterministic.u_core|minesweeper_game_core:u_game|Decoder0~439                                                                                                                                                                                              ; LCCOMB_X17_Y23_N0  ; 4       ; Clock enable               ; no     ; --                   ; --               ; --                        ;
; minesweeper_jtag_top:u_top|minesweeper_mu500_system:u_system|minesweeper_deterministic_system:g_deterministic.u_core|minesweeper_game_core:u_game|Decoder0~440                                                                                                                                                                                              ; LCCOMB_X19_Y21_N14 ; 4       ; Clock enable               ; no     ; --                   ; --               ; --                        ;
; minesweeper_jtag_top:u_top|minesweeper_mu500_system:u_system|minesweeper_deterministic_system:g_deterministic.u_core|minesweeper_game_core:u_game|Decoder0~442                                                                                                                                                                                              ; LCCOMB_X20_Y27_N20 ; 4       ; Clock enable               ; no     ; --                   ; --               ; --                        ;
; minesweeper_jtag_top:u_top|minesweeper_mu500_system:u_system|minesweeper_deterministic_system:g_deterministic.u_core|minesweeper_game_core:u_game|Decoder0~444                                                                                                                                                                                              ; LCCOMB_X22_Y19_N20 ; 4       ; Clock enable               ; no     ; --                   ; --               ; --                        ;
; minesweeper_jtag_top:u_top|minesweeper_mu500_system:u_system|minesweeper_deterministic_system:g_deterministic.u_core|minesweeper_game_core:u_game|Decoder0~446                                                                                                                                                                                              ; LCCOMB_X15_Y22_N8  ; 4       ; Clock enable               ; no     ; --                   ; --               ; --                        ;
; minesweeper_jtag_top:u_top|minesweeper_mu500_system:u_system|minesweeper_deterministic_system:g_deterministic.u_core|minesweeper_game_core:u_game|Decoder0~447                                                                                                                                                                                              ; LCCOMB_X15_Y20_N14 ; 4       ; Clock enable               ; no     ; --                   ; --               ; --                        ;
; minesweeper_jtag_top:u_top|minesweeper_mu500_system:u_system|minesweeper_deterministic_system:g_deterministic.u_core|minesweeper_game_core:u_game|Decoder0~449                                                                                                                                                                                              ; LCCOMB_X15_Y22_N26 ; 4       ; Clock enable               ; no     ; --                   ; --               ; --                        ;
; minesweeper_jtag_top:u_top|minesweeper_mu500_system:u_system|minesweeper_deterministic_system:g_deterministic.u_core|minesweeper_game_core:u_game|Decoder0~450                                                                                                                                                                                              ; LCCOMB_X12_Y21_N10 ; 4       ; Clock enable               ; no     ; --                   ; --               ; --                        ;
; minesweeper_jtag_top:u_top|minesweeper_mu500_system:u_system|minesweeper_deterministic_system:g_deterministic.u_core|minesweeper_game_core:u_game|Decoder0~451                                                                                                                                                                                              ; LCCOMB_X16_Y16_N16 ; 4       ; Clock enable               ; no     ; --                   ; --               ; --                        ;
; minesweeper_jtag_top:u_top|minesweeper_mu500_system:u_system|minesweeper_deterministic_system:g_deterministic.u_core|minesweeper_game_core:u_game|Decoder0~452                                                                                                                                                                                              ; LCCOMB_X15_Y24_N0  ; 4       ; Clock enable               ; no     ; --                   ; --               ; --                        ;
; minesweeper_jtag_top:u_top|minesweeper_mu500_system:u_system|minesweeper_deterministic_system:g_deterministic.u_core|minesweeper_game_core:u_game|Decoder0~453                                                                                                                                                                                              ; LCCOMB_X14_Y19_N28 ; 4       ; Clock enable               ; no     ; --                   ; --               ; --                        ;
; minesweeper_jtag_top:u_top|minesweeper_mu500_system:u_system|minesweeper_deterministic_system:g_deterministic.u_core|minesweeper_game_core:u_game|Decoder0~455                                                                                                                                                                                              ; LCCOMB_X15_Y17_N14 ; 4       ; Clock enable               ; no     ; --                   ; --               ; --                        ;
; minesweeper_jtag_top:u_top|minesweeper_mu500_system:u_system|minesweeper_deterministic_system:g_deterministic.u_core|minesweeper_game_core:u_game|Decoder0~456                                                                                                                                                                                              ; LCCOMB_X16_Y17_N18 ; 4       ; Clock enable               ; no     ; --                   ; --               ; --                        ;
; minesweeper_jtag_top:u_top|minesweeper_mu500_system:u_system|minesweeper_deterministic_system:g_deterministic.u_core|minesweeper_game_core:u_game|Decoder0~457                                                                                                                                                                                              ; LCCOMB_X16_Y17_N4  ; 4       ; Clock enable               ; no     ; --                   ; --               ; --                        ;
; minesweeper_jtag_top:u_top|minesweeper_mu500_system:u_system|minesweeper_deterministic_system:g_deterministic.u_core|minesweeper_game_core:u_game|Decoder0~458                                                                                                                                                                                              ; LCCOMB_X15_Y17_N8  ; 4       ; Clock enable               ; no     ; --                   ; --               ; --                        ;
; minesweeper_jtag_top:u_top|minesweeper_mu500_system:u_system|minesweeper_deterministic_system:g_deterministic.u_core|minesweeper_game_core:u_game|Decoder0~459                                                                                                                                                                                              ; LCCOMB_X15_Y23_N8  ; 4       ; Clock enable               ; no     ; --                   ; --               ; --                        ;
; minesweeper_jtag_top:u_top|minesweeper_mu500_system:u_system|minesweeper_deterministic_system:g_deterministic.u_core|minesweeper_game_core:u_game|Decoder0~460                                                                                                                                                                                              ; LCCOMB_X17_Y20_N2  ; 4       ; Clock enable               ; no     ; --                   ; --               ; --                        ;
; minesweeper_jtag_top:u_top|minesweeper_mu500_system:u_system|minesweeper_deterministic_system:g_deterministic.u_core|minesweeper_game_core:u_game|Decoder0~461                                                                                                                                                                                              ; LCCOMB_X16_Y20_N18 ; 4       ; Clock enable               ; no     ; --                   ; --               ; --                        ;
; minesweeper_jtag_top:u_top|minesweeper_mu500_system:u_system|minesweeper_deterministic_system:g_deterministic.u_core|minesweeper_game_core:u_game|Decoder0~462                                                                                                                                                                                              ; LCCOMB_X15_Y23_N2  ; 4       ; Clock enable               ; no     ; --                   ; --               ; --                        ;
; minesweeper_jtag_top:u_top|minesweeper_mu500_system:u_system|minesweeper_deterministic_system:g_deterministic.u_core|minesweeper_game_core:u_game|Decoder0~465                                                                                                                                                                                              ; LCCOMB_X23_Y21_N8  ; 4       ; Clock enable               ; no     ; --                   ; --               ; --                        ;
; minesweeper_jtag_top:u_top|minesweeper_mu500_system:u_system|minesweeper_deterministic_system:g_deterministic.u_core|minesweeper_game_core:u_game|Decoder0~466                                                                                                                                                                                              ; LCCOMB_X22_Y20_N26 ; 4       ; Clock enable               ; no     ; --                   ; --               ; --                        ;
; minesweeper_jtag_top:u_top|minesweeper_mu500_system:u_system|minesweeper_deterministic_system:g_deterministic.u_core|minesweeper_game_core:u_game|Decoder0~467                                                                                                                                                                                              ; LCCOMB_X23_Y20_N14 ; 4       ; Clock enable               ; no     ; --                   ; --               ; --                        ;
; minesweeper_jtag_top:u_top|minesweeper_mu500_system:u_system|minesweeper_deterministic_system:g_deterministic.u_core|minesweeper_game_core:u_game|Decoder0~468                                                                                                                                                                                              ; LCCOMB_X21_Y20_N8  ; 4       ; Clock enable               ; no     ; --                   ; --               ; --                        ;
; minesweeper_jtag_top:u_top|minesweeper_mu500_system:u_system|minesweeper_deterministic_system:g_deterministic.u_core|minesweeper_game_core:u_game|Decoder0~469                                                                                                                                                                                              ; LCCOMB_X12_Y21_N12 ; 4       ; Clock enable               ; no     ; --                   ; --               ; --                        ;
; minesweeper_jtag_top:u_top|minesweeper_mu500_system:u_system|minesweeper_deterministic_system:g_deterministic.u_core|minesweeper_game_core:u_game|Decoder0~470                                                                                                                                                                                              ; LCCOMB_X15_Y24_N2  ; 4       ; Clock enable               ; no     ; --                   ; --               ; --                        ;
; minesweeper_jtag_top:u_top|minesweeper_mu500_system:u_system|minesweeper_deterministic_system:g_deterministic.u_core|minesweeper_game_core:u_game|Decoder0~472                                                                                                                                                                                              ; LCCOMB_X14_Y26_N12 ; 4       ; Clock enable               ; no     ; --                   ; --               ; --                        ;
; minesweeper_jtag_top:u_top|minesweeper_mu500_system:u_system|minesweeper_deterministic_system:g_deterministic.u_core|minesweeper_game_core:u_game|Decoder0~473                                                                                                                                                                                              ; LCCOMB_X11_Y26_N28 ; 4       ; Clock enable               ; no     ; --                   ; --               ; --                        ;
; minesweeper_jtag_top:u_top|minesweeper_mu500_system:u_system|minesweeper_deterministic_system:g_deterministic.u_core|minesweeper_game_core:u_game|Decoder0~474                                                                                                                                                                                              ; LCCOMB_X14_Y26_N30 ; 4       ; Clock enable               ; no     ; --                   ; --               ; --                        ;
; minesweeper_jtag_top:u_top|minesweeper_mu500_system:u_system|minesweeper_deterministic_system:g_deterministic.u_core|minesweeper_game_core:u_game|Decoder0~476                                                                                                                                                                                              ; LCCOMB_X14_Y24_N30 ; 4       ; Clock enable               ; no     ; --                   ; --               ; --                        ;
; minesweeper_jtag_top:u_top|minesweeper_mu500_system:u_system|minesweeper_deterministic_system:g_deterministic.u_core|minesweeper_game_core:u_game|Decoder0~477                                                                                                                                                                                              ; LCCOMB_X14_Y24_N16 ; 4       ; Clock enable               ; no     ; --                   ; --               ; --                        ;
; minesweeper_jtag_top:u_top|minesweeper_mu500_system:u_system|minesweeper_deterministic_system:g_deterministic.u_core|minesweeper_game_core:u_game|Decoder0~478                                                                                                                                                                                              ; LCCOMB_X14_Y19_N6  ; 4       ; Clock enable               ; no     ; --                   ; --               ; --                        ;
; minesweeper_jtag_top:u_top|minesweeper_mu500_system:u_system|minesweeper_deterministic_system:g_deterministic.u_core|minesweeper_game_core:u_game|Decoder0~479                                                                                                                                                                                              ; LCCOMB_X15_Y26_N12 ; 4       ; Clock enable               ; no     ; --                   ; --               ; --                        ;
; minesweeper_jtag_top:u_top|minesweeper_mu500_system:u_system|minesweeper_deterministic_system:g_deterministic.u_core|minesweeper_game_core:u_game|Decoder0~481                                                                                                                                                                                              ; LCCOMB_X16_Y26_N20 ; 4       ; Clock enable               ; no     ; --                   ; --               ; --                        ;
; minesweeper_jtag_top:u_top|minesweeper_mu500_system:u_system|minesweeper_deterministic_system:g_deterministic.u_core|minesweeper_game_core:u_game|Decoder0~482                                                                                                                                                                                              ; LCCOMB_X15_Y22_N12 ; 4       ; Clock enable               ; no     ; --                   ; --               ; --                        ;
; minesweeper_jtag_top:u_top|minesweeper_mu500_system:u_system|minesweeper_deterministic_system:g_deterministic.u_core|minesweeper_game_core:u_game|Decoder0~483                                                                                                                                                                                              ; LCCOMB_X15_Y22_N6  ; 4       ; Clock enable               ; no     ; --                   ; --               ; --                        ;
; minesweeper_jtag_top:u_top|minesweeper_mu500_system:u_system|minesweeper_deterministic_system:g_deterministic.u_core|minesweeper_game_core:u_game|Decoder0~485                                                                                                                                                                                              ; LCCOMB_X11_Y23_N20 ; 4       ; Clock enable               ; no     ; --                   ; --               ; --                        ;
; minesweeper_jtag_top:u_top|minesweeper_mu500_system:u_system|minesweeper_deterministic_system:g_deterministic.u_core|minesweeper_game_core:u_game|Decoder0~486                                                                                                                                                                                              ; LCCOMB_X14_Y19_N0  ; 4       ; Clock enable               ; no     ; --                   ; --               ; --                        ;
; minesweeper_jtag_top:u_top|minesweeper_mu500_system:u_system|minesweeper_deterministic_system:g_deterministic.u_core|minesweeper_game_core:u_game|Decoder0~487                                                                                                                                                                                              ; LCCOMB_X14_Y19_N10 ; 4       ; Clock enable               ; no     ; --                   ; --               ; --                        ;
; minesweeper_jtag_top:u_top|minesweeper_mu500_system:u_system|minesweeper_deterministic_system:g_deterministic.u_core|minesweeper_game_core:u_game|Decoder0~488                                                                                                                                                                                              ; LCCOMB_X11_Y20_N30 ; 4       ; Clock enable               ; no     ; --                   ; --               ; --                        ;
; minesweeper_jtag_top:u_top|minesweeper_mu500_system:u_system|minesweeper_deterministic_system:g_deterministic.u_core|minesweeper_game_core:u_game|Decoder0~489                                                                                                                                                                                              ; LCCOMB_X11_Y20_N8  ; 4       ; Clock enable               ; no     ; --                   ; --               ; --                        ;
; minesweeper_jtag_top:u_top|minesweeper_mu500_system:u_system|minesweeper_deterministic_system:g_deterministic.u_core|minesweeper_game_core:u_game|Decoder0~490                                                                                                                                                                                              ; LCCOMB_X15_Y18_N30 ; 4       ; Clock enable               ; no     ; --                   ; --               ; --                        ;
; minesweeper_jtag_top:u_top|minesweeper_mu500_system:u_system|minesweeper_deterministic_system:g_deterministic.u_core|minesweeper_game_core:u_game|Decoder0~491                                                                                                                                                                                              ; LCCOMB_X11_Y20_N26 ; 4       ; Clock enable               ; no     ; --                   ; --               ; --                        ;
; minesweeper_jtag_top:u_top|minesweeper_mu500_system:u_system|minesweeper_deterministic_system:g_deterministic.u_core|minesweeper_game_core:u_game|Decoder0~492                                                                                                                                                                                              ; LCCOMB_X14_Y19_N4  ; 4       ; Clock enable               ; no     ; --                   ; --               ; --                        ;
; minesweeper_jtag_top:u_top|minesweeper_mu500_system:u_system|minesweeper_deterministic_system:g_deterministic.u_core|minesweeper_game_core:u_game|Decoder0~493                                                                                                                                                                                              ; LCCOMB_X23_Y25_N8  ; 4       ; Clock enable               ; no     ; --                   ; --               ; --                        ;
; minesweeper_jtag_top:u_top|minesweeper_mu500_system:u_system|minesweeper_deterministic_system:g_deterministic.u_core|minesweeper_game_core:u_game|Decoder0~496                                                                                                                                                                                              ; LCCOMB_X26_Y25_N8  ; 4       ; Clock enable               ; no     ; --                   ; --               ; --                        ;
; minesweeper_jtag_top:u_top|minesweeper_mu500_system:u_system|minesweeper_deterministic_system:g_deterministic.u_core|minesweeper_game_core:u_game|Decoder0~497                                                                                                                                                                                              ; LCCOMB_X26_Y25_N26 ; 4       ; Clock enable               ; no     ; --                   ; --               ; --                        ;
; minesweeper_jtag_top:u_top|minesweeper_mu500_system:u_system|minesweeper_deterministic_system:g_deterministic.u_core|minesweeper_game_core:u_game|Decoder0~498                                                                                                                                                                                              ; LCCOMB_X23_Y25_N26 ; 4       ; Clock enable               ; no     ; --                   ; --               ; --                        ;
; minesweeper_jtag_top:u_top|minesweeper_mu500_system:u_system|minesweeper_deterministic_system:g_deterministic.u_core|minesweeper_game_core:u_game|Decoder0~500                                                                                                                                                                                              ; LCCOMB_X20_Y26_N30 ; 4       ; Clock enable               ; no     ; --                   ; --               ; --                        ;
; minesweeper_jtag_top:u_top|minesweeper_mu500_system:u_system|minesweeper_deterministic_system:g_deterministic.u_core|minesweeper_game_core:u_game|Decoder0~501                                                                                                                                                                                              ; LCCOMB_X23_Y21_N2  ; 4       ; Clock enable               ; no     ; --                   ; --               ; --                        ;
; minesweeper_jtag_top:u_top|minesweeper_mu500_system:u_system|minesweeper_deterministic_system:g_deterministic.u_core|minesweeper_game_core:u_game|Decoder0~502                                                                                                                                                                                              ; LCCOMB_X11_Y20_N12 ; 4       ; Clock enable               ; no     ; --                   ; --               ; --                        ;
; minesweeper_jtag_top:u_top|minesweeper_mu500_system:u_system|minesweeper_deterministic_system:g_deterministic.u_core|minesweeper_game_core:u_game|Decoder0~503                                                                                                                                                                                              ; LCCOMB_X22_Y19_N24 ; 4       ; Clock enable               ; no     ; --                   ; --               ; --                        ;
; minesweeper_jtag_top:u_top|minesweeper_mu500_system:u_system|minesweeper_deterministic_system:g_deterministic.u_core|minesweeper_game_core:u_game|Decoder0~504                                                                                                                                                                                              ; LCCOMB_X23_Y19_N0  ; 4       ; Clock enable               ; no     ; --                   ; --               ; --                        ;
; minesweeper_jtag_top:u_top|minesweeper_mu500_system:u_system|minesweeper_deterministic_system:g_deterministic.u_core|minesweeper_game_core:u_game|Decoder0~505                                                                                                                                                                                              ; LCCOMB_X23_Y19_N2  ; 4       ; Clock enable               ; no     ; --                   ; --               ; --                        ;
; minesweeper_jtag_top:u_top|minesweeper_mu500_system:u_system|minesweeper_deterministic_system:g_deterministic.u_core|minesweeper_game_core:u_game|Decoder0~506                                                                                                                                                                                              ; LCCOMB_X22_Y19_N26 ; 4       ; Clock enable               ; no     ; --                   ; --               ; --                        ;
; minesweeper_jtag_top:u_top|minesweeper_mu500_system:u_system|minesweeper_deterministic_system:g_deterministic.u_core|minesweeper_game_core:u_game|Decoder0~507                                                                                                                                                                                              ; LCCOMB_X11_Y25_N16 ; 4       ; Clock enable               ; no     ; --                   ; --               ; --                        ;
; minesweeper_jtag_top:u_top|minesweeper_mu500_system:u_system|minesweeper_deterministic_system:g_deterministic.u_core|minesweeper_game_core:u_game|Decoder0~508                                                                                                                                                                                              ; LCCOMB_X12_Y21_N14 ; 4       ; Clock enable               ; no     ; --                   ; --               ; --                        ;
; minesweeper_jtag_top:u_top|minesweeper_mu500_system:u_system|minesweeper_deterministic_system:g_deterministic.u_core|minesweeper_game_core:u_game|Decoder0~509                                                                                                                                                                                              ; LCCOMB_X9_Y27_N6   ; 4       ; Clock enable               ; no     ; --                   ; --               ; --                        ;
; minesweeper_jtag_top:u_top|minesweeper_mu500_system:u_system|minesweeper_deterministic_system:g_deterministic.u_core|minesweeper_game_core:u_game|Decoder0~510                                                                                                                                                                                              ; LCCOMB_X14_Y26_N2  ; 4       ; Clock enable               ; no     ; --                   ; --               ; --                        ;
; minesweeper_jtag_top:u_top|minesweeper_mu500_system:u_system|minesweeper_deterministic_system:g_deterministic.u_core|minesweeper_game_core:u_game|Decoder0~511                                                                                                                                                                                              ; LCCOMB_X12_Y27_N30 ; 4       ; Clock enable               ; no     ; --                   ; --               ; --                        ;
; minesweeper_jtag_top:u_top|minesweeper_mu500_system:u_system|minesweeper_deterministic_system:g_deterministic.u_core|minesweeper_game_core:u_game|Decoder0~512                                                                                                                                                                                              ; LCCOMB_X14_Y23_N22 ; 4       ; Clock enable               ; no     ; --                   ; --               ; --                        ;
; minesweeper_jtag_top:u_top|minesweeper_mu500_system:u_system|minesweeper_deterministic_system:g_deterministic.u_core|minesweeper_game_core:u_game|Decoder0~513                                                                                                                                                                                              ; LCCOMB_X12_Y27_N8  ; 4       ; Clock enable               ; no     ; --                   ; --               ; --                        ;
; minesweeper_jtag_top:u_top|minesweeper_mu500_system:u_system|minesweeper_deterministic_system:g_deterministic.u_core|minesweeper_game_core:u_game|Decoder0~514                                                                                                                                                                                              ; LCCOMB_X14_Y26_N28 ; 4       ; Clock enable               ; no     ; --                   ; --               ; --                        ;
; minesweeper_jtag_top:u_top|minesweeper_mu500_system:u_system|minesweeper_deterministic_system:g_deterministic.u_core|minesweeper_game_core:u_game|Decoder0~515                                                                                                                                                                                              ; LCCOMB_X12_Y27_N2  ; 4       ; Clock enable               ; no     ; --                   ; --               ; --                        ;
; minesweeper_jtag_top:u_top|minesweeper_mu500_system:u_system|minesweeper_deterministic_system:g_deterministic.u_core|minesweeper_game_core:u_game|Decoder0~516                                                                                                                                                                                              ; LCCOMB_X9_Y27_N8   ; 4       ; Clock enable               ; no     ; --                   ; --               ; --                        ;
; minesweeper_jtag_top:u_top|minesweeper_mu500_system:u_system|minesweeper_deterministic_system:g_deterministic.u_core|minesweeper_game_core:u_game|Decoder0~517                                                                                                                                                                                              ; LCCOMB_X9_Y27_N26  ; 4       ; Clock enable               ; no     ; --                   ; --               ; --                        ;
; minesweeper_jtag_top:u_top|minesweeper_mu500_system:u_system|minesweeper_deterministic_system:g_deterministic.u_core|minesweeper_game_core:u_game|Decoder0~518                                                                                                                                                                                              ; LCCOMB_X12_Y27_N20 ; 4       ; Clock enable               ; no     ; --                   ; --               ; --                        ;
; minesweeper_jtag_top:u_top|minesweeper_mu500_system:u_system|minesweeper_deterministic_system:g_deterministic.u_core|minesweeper_game_core:u_game|Decoder0~520                                                                                                                                                                                              ; LCCOMB_X9_Y21_N14  ; 4       ; Clock enable               ; no     ; --                   ; --               ; --                        ;
; minesweeper_jtag_top:u_top|minesweeper_mu500_system:u_system|minesweeper_deterministic_system:g_deterministic.u_core|minesweeper_game_core:u_game|Decoder0~521                                                                                                                                                                                              ; LCCOMB_X11_Y18_N12 ; 4       ; Clock enable               ; no     ; --                   ; --               ; --                        ;
; minesweeper_jtag_top:u_top|minesweeper_mu500_system:u_system|minesweeper_deterministic_system:g_deterministic.u_core|minesweeper_game_core:u_game|Decoder0~522                                                                                                                                                                                              ; LCCOMB_X11_Y22_N8  ; 4       ; Clock enable               ; no     ; --                   ; --               ; --                        ;
; minesweeper_jtag_top:u_top|minesweeper_mu500_system:u_system|minesweeper_deterministic_system:g_deterministic.u_core|minesweeper_game_core:u_game|Decoder0~523                                                                                                                                                                                              ; LCCOMB_X11_Y22_N26 ; 4       ; Clock enable               ; no     ; --                   ; --               ; --                        ;
; minesweeper_jtag_top:u_top|minesweeper_mu500_system:u_system|minesweeper_deterministic_system:g_deterministic.u_core|minesweeper_game_core:u_game|Decoder0~524                                                                                                                                                                                              ; LCCOMB_X12_Y21_N8  ; 4       ; Clock enable               ; no     ; --                   ; --               ; --                        ;
; minesweeper_jtag_top:u_top|minesweeper_mu500_system:u_system|minesweeper_deterministic_system:g_deterministic.u_core|minesweeper_game_core:u_game|Decoder0~525                                                                                                                                                                                              ; LCCOMB_X12_Y17_N8  ; 4       ; Clock enable               ; no     ; --                   ; --               ; --                        ;
; minesweeper_jtag_top:u_top|minesweeper_mu500_system:u_system|minesweeper_deterministic_system:g_deterministic.u_core|minesweeper_game_core:u_game|Decoder0~526                                                                                                                                                                                              ; LCCOMB_X12_Y21_N28 ; 4       ; Clock enable               ; no     ; --                   ; --               ; --                        ;
; minesweeper_jtag_top:u_top|minesweeper_mu500_system:u_system|minesweeper_deterministic_system:g_deterministic.u_core|minesweeper_game_core:u_game|Decoder0~527                                                                                                                                                                                              ; LCCOMB_X11_Y18_N14 ; 4       ; Clock enable               ; no     ; --                   ; --               ; --                        ;
; minesweeper_jtag_top:u_top|minesweeper_mu500_system:u_system|minesweeper_deterministic_system:g_deterministic.u_core|minesweeper_game_core:u_game|Decoder0~528                                                                                                                                                                                              ; LCCOMB_X14_Y21_N24 ; 4       ; Clock enable               ; no     ; --                   ; --               ; --                        ;
; minesweeper_jtag_top:u_top|minesweeper_mu500_system:u_system|minesweeper_deterministic_system:g_deterministic.u_core|minesweeper_game_core:u_game|Decoder0~529                                                                                                                                                                                              ; LCCOMB_X11_Y21_N26 ; 4       ; Clock enable               ; no     ; --                   ; --               ; --                        ;
; minesweeper_jtag_top:u_top|minesweeper_mu500_system:u_system|minesweeper_deterministic_system:g_deterministic.u_core|minesweeper_game_core:u_game|Decoder0~530                                                                                                                                                                                              ; LCCOMB_X17_Y18_N26 ; 4       ; Clock enable               ; no     ; --                   ; --               ; --                        ;
; minesweeper_jtag_top:u_top|minesweeper_mu500_system:u_system|minesweeper_deterministic_system:g_deterministic.u_core|minesweeper_game_core:u_game|Decoder0~531                                                                                                                                                                                              ; LCCOMB_X17_Y22_N26 ; 4       ; Clock enable               ; no     ; --                   ; --               ; --                        ;
; minesweeper_jtag_top:u_top|minesweeper_mu500_system:u_system|minesweeper_deterministic_system:g_deterministic.u_core|minesweeper_game_core:u_game|Decoder0~532                                                                                                                                                                                              ; LCCOMB_X17_Y22_N4  ; 4       ; Clock enable               ; no     ; --                   ; --               ; --                        ;
; minesweeper_jtag_top:u_top|minesweeper_mu500_system:u_system|minesweeper_deterministic_system:g_deterministic.u_core|minesweeper_game_core:u_game|Decoder0~533                                                                                                                                                                                              ; LCCOMB_X17_Y18_N4  ; 4       ; Clock enable               ; no     ; --                   ; --               ; --                        ;
; minesweeper_jtag_top:u_top|minesweeper_mu500_system:u_system|minesweeper_deterministic_system:g_deterministic.u_core|minesweeper_game_core:u_game|Decoder0~535                                                                                                                                                                                              ; LCCOMB_X18_Y26_N24 ; 4       ; Clock enable               ; no     ; --                   ; --               ; --                        ;
; minesweeper_jtag_top:u_top|minesweeper_mu500_system:u_system|minesweeper_deterministic_system:g_deterministic.u_core|minesweeper_game_core:u_game|Decoder0~538                                                                                                                                                                                              ; LCCOMB_X18_Y26_N18 ; 4       ; Clock enable               ; no     ; --                   ; --               ; --                        ;
; minesweeper_jtag_top:u_top|minesweeper_mu500_system:u_system|minesweeper_deterministic_system:g_deterministic.u_core|minesweeper_game_core:u_game|Decoder0~540                                                                                                                                                                                              ; LCCOMB_X21_Y28_N20 ; 4       ; Clock enable               ; no     ; --                   ; --               ; --                        ;
; minesweeper_jtag_top:u_top|minesweeper_mu500_system:u_system|minesweeper_deterministic_system:g_deterministic.u_core|minesweeper_game_core:u_game|Decoder0~541                                                                                                                                                                                              ; LCCOMB_X21_Y23_N0  ; 4       ; Clock enable               ; no     ; --                   ; --               ; --                        ;
; minesweeper_jtag_top:u_top|minesweeper_mu500_system:u_system|minesweeper_deterministic_system:g_deterministic.u_core|minesweeper_game_core:u_game|Decoder0~542                                                                                                                                                                                              ; LCCOMB_X18_Y27_N20 ; 4       ; Clock enable               ; no     ; --                   ; --               ; --                        ;
; minesweeper_jtag_top:u_top|minesweeper_mu500_system:u_system|minesweeper_deterministic_system:g_deterministic.u_core|minesweeper_game_core:u_game|Decoder0~543                                                                                                                                                                                              ; LCCOMB_X20_Y24_N6  ; 4       ; Clock enable               ; no     ; --                   ; --               ; --                        ;
; minesweeper_jtag_top:u_top|minesweeper_mu500_system:u_system|minesweeper_deterministic_system:g_deterministic.u_core|minesweeper_game_core:u_game|Decoder0~544                                                                                                                                                                                              ; LCCOMB_X20_Y24_N8  ; 4       ; Clock enable               ; no     ; --                   ; --               ; --                        ;
; minesweeper_jtag_top:u_top|minesweeper_mu500_system:u_system|minesweeper_deterministic_system:g_deterministic.u_core|minesweeper_game_core:u_game|Decoder0~545                                                                                                                                                                                              ; LCCOMB_X16_Y27_N24 ; 4       ; Clock enable               ; no     ; --                   ; --               ; --                        ;
; minesweeper_jtag_top:u_top|minesweeper_mu500_system:u_system|minesweeper_deterministic_system:g_deterministic.u_core|minesweeper_game_core:u_game|Decoder0~546                                                                                                                                                                                              ; LCCOMB_X14_Y23_N16 ; 4       ; Clock enable               ; no     ; --                   ; --               ; --                        ;
; minesweeper_jtag_top:u_top|minesweeper_mu500_system:u_system|minesweeper_deterministic_system:g_deterministic.u_core|minesweeper_game_core:u_game|Decoder0~547                                                                                                                                                                                              ; LCCOMB_X21_Y23_N2  ; 4       ; Clock enable               ; no     ; --                   ; --               ; --                        ;
; minesweeper_jtag_top:u_top|minesweeper_mu500_system:u_system|minesweeper_deterministic_system:g_deterministic.u_core|minesweeper_game_core:u_game|Decoder0~548                                                                                                                                                                                              ; LCCOMB_X21_Y23_N4  ; 4       ; Clock enable               ; no     ; --                   ; --               ; --                        ;
; minesweeper_jtag_top:u_top|minesweeper_mu500_system:u_system|minesweeper_deterministic_system:g_deterministic.u_core|minesweeper_game_core:u_game|Decoder0~549                                                                                                                                                                                              ; LCCOMB_X22_Y23_N10 ; 4       ; Clock enable               ; no     ; --                   ; --               ; --                        ;
; minesweeper_jtag_top:u_top|minesweeper_mu500_system:u_system|minesweeper_deterministic_system:g_deterministic.u_core|minesweeper_game_core:u_game|Decoder0~550                                                                                                                                                                                              ; LCCOMB_X25_Y23_N4  ; 4       ; Clock enable               ; no     ; --                   ; --               ; --                        ;
; minesweeper_jtag_top:u_top|minesweeper_mu500_system:u_system|minesweeper_deterministic_system:g_deterministic.u_core|minesweeper_game_core:u_game|Decoder0~551                                                                                                                                                                                              ; LCCOMB_X21_Y23_N14 ; 4       ; Clock enable               ; no     ; --                   ; --               ; --                        ;
; minesweeper_jtag_top:u_top|minesweeper_mu500_system:u_system|minesweeper_deterministic_system:g_deterministic.u_core|minesweeper_game_core:u_game|Decoder0~553                                                                                                                                                                                              ; LCCOMB_X22_Y23_N20 ; 4       ; Clock enable               ; no     ; --                   ; --               ; --                        ;
; minesweeper_jtag_top:u_top|minesweeper_mu500_system:u_system|minesweeper_deterministic_system:g_deterministic.u_core|minesweeper_game_core:u_game|Decoder0~554                                                                                                                                                                                              ; LCCOMB_X26_Y22_N26 ; 4       ; Clock enable               ; no     ; --                   ; --               ; --                        ;
; minesweeper_jtag_top:u_top|minesweeper_mu500_system:u_system|minesweeper_deterministic_system:g_deterministic.u_core|minesweeper_game_core:u_game|Decoder0~555                                                                                                                                                                                              ; LCCOMB_X26_Y22_N4  ; 4       ; Clock enable               ; no     ; --                   ; --               ; --                        ;
; minesweeper_jtag_top:u_top|minesweeper_mu500_system:u_system|minesweeper_deterministic_system:g_deterministic.u_core|minesweeper_game_core:u_game|Decoder0~556                                                                                                                                                                                              ; LCCOMB_X21_Y23_N10 ; 4       ; Clock enable               ; no     ; --                   ; --               ; --                        ;
; minesweeper_jtag_top:u_top|minesweeper_mu500_system:u_system|minesweeper_deterministic_system:g_deterministic.u_core|minesweeper_game_core:u_game|Decoder0~557                                                                                                                                                                                              ; LCCOMB_X22_Y22_N18 ; 4       ; Clock enable               ; no     ; --                   ; --               ; --                        ;
; minesweeper_jtag_top:u_top|minesweeper_mu500_system:u_system|minesweeper_deterministic_system:g_deterministic.u_core|minesweeper_game_core:u_game|Decoder0~558                                                                                                                                                                                              ; LCCOMB_X22_Y22_N28 ; 4       ; Clock enable               ; no     ; --                   ; --               ; --                        ;
; minesweeper_jtag_top:u_top|minesweeper_mu500_system:u_system|minesweeper_deterministic_system:g_deterministic.u_core|minesweeper_game_core:u_game|Decoder0~559                                                                                                                                                                                              ; LCCOMB_X16_Y27_N26 ; 4       ; Clock enable               ; no     ; --                   ; --               ; --                        ;
; minesweeper_jtag_top:u_top|minesweeper_mu500_system:u_system|minesweeper_deterministic_system:g_deterministic.u_core|minesweeper_game_core:u_game|Decoder0~560                                                                                                                                                                                              ; LCCOMB_X16_Y27_N4  ; 4       ; Clock enable               ; no     ; --                   ; --               ; --                        ;
; minesweeper_jtag_top:u_top|minesweeper_mu500_system:u_system|minesweeper_deterministic_system:g_deterministic.u_core|minesweeper_game_core:u_game|Decoder0~561                                                                                                                                                                                              ; LCCOMB_X11_Y25_N26 ; 4       ; Clock enable               ; no     ; --                   ; --               ; --                        ;
; minesweeper_jtag_top:u_top|minesweeper_mu500_system:u_system|minesweeper_deterministic_system:g_deterministic.u_core|minesweeper_game_core:u_game|Decoder0~562                                                                                                                                                                                              ; LCCOMB_X12_Y25_N30 ; 4       ; Clock enable               ; no     ; --                   ; --               ; --                        ;
; minesweeper_jtag_top:u_top|minesweeper_mu500_system:u_system|minesweeper_deterministic_system:g_deterministic.u_core|minesweeper_game_core:u_game|Decoder0~563                                                                                                                                                                                              ; LCCOMB_X11_Y25_N20 ; 4       ; Clock enable               ; no     ; --                   ; --               ; --                        ;
; minesweeper_jtag_top:u_top|minesweeper_mu500_system:u_system|minesweeper_deterministic_system:g_deterministic.u_core|minesweeper_game_core:u_game|Decoder0~564                                                                                                                                                                                              ; LCCOMB_X12_Y23_N30 ; 4       ; Clock enable               ; no     ; --                   ; --               ; --                        ;
; minesweeper_jtag_top:u_top|minesweeper_mu500_system:u_system|minesweeper_deterministic_system:g_deterministic.u_core|minesweeper_game_core:u_game|Decoder0~565                                                                                                                                                                                              ; LCCOMB_X17_Y26_N20 ; 4       ; Clock enable               ; no     ; --                   ; --               ; --                        ;
; minesweeper_jtag_top:u_top|minesweeper_mu500_system:u_system|minesweeper_deterministic_system:g_deterministic.u_core|minesweeper_game_core:u_game|Decoder0~566                                                                                                                                                                                              ; LCCOMB_X14_Y23_N2  ; 4       ; Clock enable               ; no     ; --                   ; --               ; --                        ;
; minesweeper_jtag_top:u_top|minesweeper_mu500_system:u_system|minesweeper_deterministic_system:g_deterministic.u_core|minesweeper_game_core:u_game|Decoder0~567                                                                                                                                                                                              ; LCCOMB_X17_Y26_N14 ; 4       ; Clock enable               ; no     ; --                   ; --               ; --                        ;
; minesweeper_jtag_top:u_top|minesweeper_mu500_system:u_system|minesweeper_deterministic_system:g_deterministic.u_core|minesweeper_game_core:u_game|Decoder0~569                                                                                                                                                                                              ; LCCOMB_X22_Y25_N30 ; 4       ; Clock enable               ; no     ; --                   ; --               ; --                        ;
; minesweeper_jtag_top:u_top|minesweeper_mu500_system:u_system|minesweeper_deterministic_system:g_deterministic.u_core|minesweeper_game_core:u_game|Decoder0~571                                                                                                                                                                                              ; LCCOMB_X18_Y22_N4  ; 4       ; Clock enable               ; no     ; --                   ; --               ; --                        ;
; minesweeper_jtag_top:u_top|minesweeper_mu500_system:u_system|minesweeper_deterministic_system:g_deterministic.u_core|minesweeper_game_core:u_game|Decoder0~572                                                                                                                                                                                              ; LCCOMB_X22_Y25_N8  ; 4       ; Clock enable               ; no     ; --                   ; --               ; --                        ;
; minesweeper_jtag_top:u_top|minesweeper_mu500_system:u_system|minesweeper_deterministic_system:g_deterministic.u_core|minesweeper_game_core:u_game|Decoder0~573                                                                                                                                                                                              ; LCCOMB_X19_Y21_N8  ; 4       ; Clock enable               ; no     ; --                   ; --               ; --                        ;
; minesweeper_jtag_top:u_top|minesweeper_mu500_system:u_system|minesweeper_deterministic_system:g_deterministic.u_core|minesweeper_game_core:u_game|Decoder0~575                                                                                                                                                                                              ; LCCOMB_X14_Y21_N4  ; 4       ; Clock enable               ; no     ; --                   ; --               ; --                        ;
; minesweeper_jtag_top:u_top|minesweeper_mu500_system:u_system|minesweeper_deterministic_system:g_deterministic.u_core|minesweeper_game_core:u_game|Decoder0~576                                                                                                                                                                                              ; LCCOMB_X18_Y23_N26 ; 4       ; Clock enable               ; no     ; --                   ; --               ; --                        ;
; minesweeper_jtag_top:u_top|minesweeper_mu500_system:u_system|minesweeper_deterministic_system:g_deterministic.u_core|minesweeper_game_core:u_game|Decoder0~577                                                                                                                                                                                              ; LCCOMB_X19_Y21_N2  ; 4       ; Clock enable               ; no     ; --                   ; --               ; --                        ;
; minesweeper_jtag_top:u_top|minesweeper_mu500_system:u_system|minesweeper_deterministic_system:g_deterministic.u_core|minesweeper_game_core:u_game|Decoder0~578                                                                                                                                                                                              ; LCCOMB_X19_Y21_N20 ; 4       ; Clock enable               ; no     ; --                   ; --               ; --                        ;
; minesweeper_jtag_top:u_top|minesweeper_mu500_system:u_system|minesweeper_deterministic_system:g_deterministic.u_core|minesweeper_game_core:u_game|Decoder0~579                                                                                                                                                                                              ; LCCOMB_X19_Y21_N22 ; 4       ; Clock enable               ; no     ; --                   ; --               ; --                        ;
; minesweeper_jtag_top:u_top|minesweeper_mu500_system:u_system|minesweeper_deterministic_system:g_deterministic.u_core|minesweeper_game_core:u_game|Decoder0~580                                                                                                                                                                                              ; LCCOMB_X23_Y20_N16 ; 4       ; Clock enable               ; no     ; --                   ; --               ; --                        ;
; minesweeper_jtag_top:u_top|minesweeper_mu500_system:u_system|minesweeper_deterministic_system:g_deterministic.u_core|minesweeper_game_core:u_game|Decoder0~582                                                                                                                                                                                              ; LCCOMB_X21_Y23_N12 ; 4       ; Clock enable               ; no     ; --                   ; --               ; --                        ;
; minesweeper_jtag_top:u_top|minesweeper_mu500_system:u_system|minesweeper_deterministic_system:g_deterministic.u_core|minesweeper_game_core:u_game|Decoder0~583                                                                                                                                                                                              ; LCCOMB_X22_Y19_N4  ; 4       ; Clock enable               ; no     ; --                   ; --               ; --                        ;
; minesweeper_jtag_top:u_top|minesweeper_mu500_system:u_system|minesweeper_deterministic_system:g_deterministic.u_core|minesweeper_game_core:u_game|Decoder0~584                                                                                                                                                                                              ; LCCOMB_X15_Y19_N16 ; 4       ; Clock enable               ; no     ; --                   ; --               ; --                        ;
; minesweeper_jtag_top:u_top|minesweeper_mu500_system:u_system|minesweeper_deterministic_system:g_deterministic.u_core|minesweeper_game_core:u_game|Decoder0~585                                                                                                                                                                                              ; LCCOMB_X15_Y17_N28 ; 4       ; Clock enable               ; no     ; --                   ; --               ; --                        ;
; minesweeper_jtag_top:u_top|minesweeper_mu500_system:u_system|minesweeper_deterministic_system:g_deterministic.u_core|minesweeper_game_core:u_game|Decoder0~586                                                                                                                                                                                              ; LCCOMB_X15_Y21_N10 ; 4       ; Clock enable               ; no     ; --                   ; --               ; --                        ;
; minesweeper_jtag_top:u_top|minesweeper_mu500_system:u_system|minesweeper_deterministic_system:g_deterministic.u_core|minesweeper_game_core:u_game|Decoder0~587                                                                                                                                                                                              ; LCCOMB_X14_Y19_N22 ; 4       ; Clock enable               ; no     ; --                   ; --               ; --                        ;
; minesweeper_jtag_top:u_top|minesweeper_mu500_system:u_system|minesweeper_deterministic_system:g_deterministic.u_core|minesweeper_game_core:u_game|Decoder0~588                                                                                                                                                                                              ; LCCOMB_X17_Y16_N30 ; 4       ; Clock enable               ; no     ; --                   ; --               ; --                        ;
; minesweeper_jtag_top:u_top|minesweeper_mu500_system:u_system|minesweeper_deterministic_system:g_deterministic.u_core|minesweeper_game_core:u_game|Decoder0~589                                                                                                                                                                                              ; LCCOMB_X14_Y19_N8  ; 4       ; Clock enable               ; no     ; --                   ; --               ; --                        ;
; minesweeper_jtag_top:u_top|minesweeper_mu500_system:u_system|minesweeper_deterministic_system:g_deterministic.u_core|minesweeper_game_core:u_game|Decoder0~590                                                                                                                                                                                              ; LCCOMB_X17_Y16_N8  ; 4       ; Clock enable               ; no     ; --                   ; --               ; --                        ;
; minesweeper_jtag_top:u_top|minesweeper_mu500_system:u_system|minesweeper_deterministic_system:g_deterministic.u_core|minesweeper_game_core:u_game|Decoder0~591                                                                                                                                                                                              ; LCCOMB_X14_Y19_N2  ; 4       ; Clock enable               ; no     ; --                   ; --               ; --                        ;
; minesweeper_jtag_top:u_top|minesweeper_mu500_system:u_system|minesweeper_deterministic_system:g_deterministic.u_core|minesweeper_game_core:u_game|Decoder0~592                                                                                                                                                                                              ; LCCOMB_X19_Y21_N16 ; 4       ; Clock enable               ; no     ; --                   ; --               ; --                        ;
; minesweeper_jtag_top:u_top|minesweeper_mu500_system:u_system|minesweeper_deterministic_system:g_deterministic.u_core|minesweeper_game_core:u_game|Decoder0~593                                                                                                                                                                                              ; LCCOMB_X19_Y21_N26 ; 4       ; Clock enable               ; no     ; --                   ; --               ; --                        ;
; minesweeper_jtag_top:u_top|minesweeper_mu500_system:u_system|minesweeper_deterministic_system:g_deterministic.u_core|minesweeper_game_core:u_game|Decoder0~594                                                                                                                                                                                              ; LCCOMB_X19_Y21_N28 ; 4       ; Clock enable               ; no     ; --                   ; --               ; --                        ;
; minesweeper_jtag_top:u_top|minesweeper_mu500_system:u_system|minesweeper_deterministic_system:g_deterministic.u_core|minesweeper_game_core:u_game|Decoder0~595                                                                                                                                                                                              ; LCCOMB_X22_Y21_N24 ; 4       ; Clock enable               ; no     ; --                   ; --               ; --                        ;
; minesweeper_jtag_top:u_top|minesweeper_mu500_system:u_system|minesweeper_deterministic_system:g_deterministic.u_core|minesweeper_game_core:u_game|Decoder0~596                                                                                                                                                                                              ; LCCOMB_X17_Y16_N26 ; 4       ; Clock enable               ; no     ; --                   ; --               ; --                        ;
; minesweeper_jtag_top:u_top|minesweeper_mu500_system:u_system|minesweeper_deterministic_system:g_deterministic.u_core|minesweeper_game_core:u_game|Decoder0~597                                                                                                                                                                                              ; LCCOMB_X14_Y19_N20 ; 4       ; Clock enable               ; no     ; --                   ; --               ; --                        ;
; minesweeper_jtag_top:u_top|minesweeper_mu500_system:u_system|minesweeper_deterministic_system:g_deterministic.u_core|minesweeper_game_core:u_game|Decoder0~598                                                                                                                                                                                              ; LCCOMB_X18_Y22_N30 ; 4       ; Clock enable               ; no     ; --                   ; --               ; --                        ;
; minesweeper_jtag_top:u_top|minesweeper_mu500_system:u_system|minesweeper_deterministic_system:g_deterministic.u_core|minesweeper_game_core:u_game|Decoder0~599                                                                                                                                                                                              ; LCCOMB_X18_Y22_N16 ; 4       ; Clock enable               ; no     ; --                   ; --               ; --                        ;
; minesweeper_jtag_top:u_top|minesweeper_mu500_system:u_system|minesweeper_deterministic_system:g_deterministic.u_core|minesweeper_game_core:u_game|Decoder0~600                                                                                                                                                                                              ; LCCOMB_X19_Y21_N6  ; 4       ; Clock enable               ; no     ; --                   ; --               ; --                        ;
; minesweeper_jtag_top:u_top|minesweeper_mu500_system:u_system|minesweeper_deterministic_system:g_deterministic.u_core|minesweeper_game_core:u_game|Decoder0~601                                                                                                                                                                                              ; LCCOMB_X19_Y21_N24 ; 4       ; Clock enable               ; no     ; --                   ; --               ; --                        ;
; minesweeper_jtag_top:u_top|minesweeper_mu500_system:u_system|minesweeper_deterministic_system:g_deterministic.u_core|minesweeper_game_core:u_game|Decoder0~602                                                                                                                                                                                              ; LCCOMB_X19_Y21_N10 ; 4       ; Clock enable               ; no     ; --                   ; --               ; --                        ;
; minesweeper_jtag_top:u_top|minesweeper_mu500_system:u_system|minesweeper_deterministic_system:g_deterministic.u_core|minesweeper_game_core:u_game|Decoder0~603                                                                                                                                                                                              ; LCCOMB_X22_Y19_N14 ; 4       ; Clock enable               ; no     ; --                   ; --               ; --                        ;
; minesweeper_jtag_top:u_top|minesweeper_mu500_system:u_system|minesweeper_deterministic_system:g_deterministic.u_core|minesweeper_game_core:u_game|Decoder0~604                                                                                                                                                                                              ; LCCOMB_X14_Y21_N22 ; 4       ; Clock enable               ; no     ; --                   ; --               ; --                        ;
; minesweeper_jtag_top:u_top|minesweeper_mu500_system:u_system|minesweeper_deterministic_system:g_deterministic.u_core|minesweeper_game_core:u_game|Decoder0~605                                                                                                                                                                                              ; LCCOMB_X11_Y23_N28 ; 4       ; Clock enable               ; no     ; --                   ; --               ; --                        ;
; minesweeper_jtag_top:u_top|minesweeper_mu500_system:u_system|minesweeper_deterministic_system:g_deterministic.u_core|minesweeper_game_core:u_game|Decoder0~606                                                                                                                                                                                              ; LCCOMB_X11_Y23_N14 ; 4       ; Clock enable               ; no     ; --                   ; --               ; --                        ;
; minesweeper_jtag_top:u_top|minesweeper_mu500_system:u_system|minesweeper_deterministic_system:g_deterministic.u_core|minesweeper_game_core:u_game|Decoder0~607                                                                                                                                                                                              ; LCCOMB_X14_Y26_N6  ; 4       ; Clock enable               ; no     ; --                   ; --               ; --                        ;
; minesweeper_jtag_top:u_top|minesweeper_mu500_system:u_system|minesweeper_deterministic_system:g_deterministic.u_core|minesweeper_game_core:u_game|Decoder0~608                                                                                                                                                                                              ; LCCOMB_X10_Y28_N22 ; 4       ; Clock enable               ; no     ; --                   ; --               ; --                        ;
; minesweeper_jtag_top:u_top|minesweeper_mu500_system:u_system|minesweeper_deterministic_system:g_deterministic.u_core|minesweeper_game_core:u_game|Decoder0~609                                                                                                                                                                                              ; LCCOMB_X7_Y28_N0   ; 4       ; Clock enable               ; no     ; --                   ; --               ; --                        ;
; minesweeper_jtag_top:u_top|minesweeper_mu500_system:u_system|minesweeper_deterministic_system:g_deterministic.u_core|minesweeper_game_core:u_game|Decoder0~610                                                                                                                                                                                              ; LCCOMB_X14_Y23_N12 ; 4       ; Clock enable               ; no     ; --                   ; --               ; --                        ;
; minesweeper_jtag_top:u_top|minesweeper_mu500_system:u_system|minesweeper_deterministic_system:g_deterministic.u_core|minesweeper_game_core:u_game|Decoder0~611                                                                                                                                                                                              ; LCCOMB_X7_Y28_N10  ; 4       ; Clock enable               ; no     ; --                   ; --               ; --                        ;
; minesweeper_jtag_top:u_top|minesweeper_mu500_system:u_system|minesweeper_deterministic_system:g_deterministic.u_core|minesweeper_game_core:u_game|Decoder0~612                                                                                                                                                                                              ; LCCOMB_X5_Y20_N0   ; 4       ; Clock enable               ; no     ; --                   ; --               ; --                        ;
; minesweeper_jtag_top:u_top|minesweeper_mu500_system:u_system|minesweeper_deterministic_system:g_deterministic.u_core|minesweeper_game_core:u_game|Decoder0~613                                                                                                                                                                                              ; LCCOMB_X14_Y26_N16 ; 4       ; Clock enable               ; no     ; --                   ; --               ; --                        ;
; minesweeper_jtag_top:u_top|minesweeper_mu500_system:u_system|minesweeper_deterministic_system:g_deterministic.u_core|minesweeper_game_core:u_game|Decoder0~614                                                                                                                                                                                              ; LCCOMB_X11_Y23_N24 ; 4       ; Clock enable               ; no     ; --                   ; --               ; --                        ;
; minesweeper_jtag_top:u_top|minesweeper_mu500_system:u_system|minesweeper_deterministic_system:g_deterministic.u_core|minesweeper_game_core:u_game|Decoder0~615                                                                                                                                                                                              ; LCCOMB_X11_Y23_N26 ; 4       ; Clock enable               ; no     ; --                   ; --               ; --                        ;
; minesweeper_jtag_top:u_top|minesweeper_mu500_system:u_system|minesweeper_deterministic_system:g_deterministic.u_core|minesweeper_game_core:u_game|Decoder0~616                                                                                                                                                                                              ; LCCOMB_X14_Y26_N18 ; 4       ; Clock enable               ; no     ; --                   ; --               ; --                        ;
; minesweeper_jtag_top:u_top|minesweeper_mu500_system:u_system|minesweeper_deterministic_system:g_deterministic.u_core|minesweeper_game_core:u_game|Decoder0~617                                                                                                                                                                                              ; LCCOMB_X19_Y18_N14 ; 4       ; Clock enable               ; no     ; --                   ; --               ; --                        ;
; minesweeper_jtag_top:u_top|minesweeper_mu500_system:u_system|minesweeper_deterministic_system:g_deterministic.u_core|minesweeper_game_core:u_game|Decoder0~618                                                                                                                                                                                              ; LCCOMB_X21_Y18_N12 ; 4       ; Clock enable               ; no     ; --                   ; --               ; --                        ;
; minesweeper_jtag_top:u_top|minesweeper_mu500_system:u_system|minesweeper_deterministic_system:g_deterministic.u_core|minesweeper_game_core:u_game|Decoder0~619                                                                                                                                                                                              ; LCCOMB_X18_Y21_N6  ; 4       ; Clock enable               ; no     ; --                   ; --               ; --                        ;
; minesweeper_jtag_top:u_top|minesweeper_mu500_system:u_system|minesweeper_deterministic_system:g_deterministic.u_core|minesweeper_game_core:u_game|Decoder0~620                                                                                                                                                                                              ; LCCOMB_X19_Y17_N0  ; 4       ; Clock enable               ; no     ; --                   ; --               ; --                        ;
; minesweeper_jtag_top:u_top|minesweeper_mu500_system:u_system|minesweeper_deterministic_system:g_deterministic.u_core|minesweeper_game_core:u_game|Decoder0~621                                                                                                                                                                                              ; LCCOMB_X21_Y17_N10 ; 4       ; Clock enable               ; no     ; --                   ; --               ; --                        ;
; minesweeper_jtag_top:u_top|minesweeper_mu500_system:u_system|minesweeper_deterministic_system:g_deterministic.u_core|minesweeper_game_core:u_game|Decoder0~622                                                                                                                                                                                              ; LCCOMB_X21_Y17_N4  ; 4       ; Clock enable               ; no     ; --                   ; --               ; --                        ;
; minesweeper_jtag_top:u_top|minesweeper_mu500_system:u_system|minesweeper_deterministic_system:g_deterministic.u_core|minesweeper_game_core:u_game|Decoder0~623                                                                                                                                                                                              ; LCCOMB_X19_Y17_N10 ; 4       ; Clock enable               ; no     ; --                   ; --               ; --                        ;
; minesweeper_jtag_top:u_top|minesweeper_mu500_system:u_system|minesweeper_deterministic_system:g_deterministic.u_core|minesweeper_game_core:u_game|Decoder0~624                                                                                                                                                                                              ; LCCOMB_X17_Y18_N30 ; 4       ; Clock enable               ; no     ; --                   ; --               ; --                        ;
; minesweeper_jtag_top:u_top|minesweeper_mu500_system:u_system|minesweeper_deterministic_system:g_deterministic.u_core|minesweeper_game_core:u_game|Decoder0~625                                                                                                                                                                                              ; LCCOMB_X14_Y20_N18 ; 4       ; Clock enable               ; no     ; --                   ; --               ; --                        ;
; minesweeper_jtag_top:u_top|minesweeper_mu500_system:u_system|minesweeper_deterministic_system:g_deterministic.u_core|minesweeper_game_core:u_game|Decoder0~626                                                                                                                                                                                              ; LCCOMB_X8_Y18_N10  ; 4       ; Clock enable               ; no     ; --                   ; --               ; --                        ;
; minesweeper_jtag_top:u_top|minesweeper_mu500_system:u_system|minesweeper_deterministic_system:g_deterministic.u_core|minesweeper_game_core:u_game|Decoder0~627                                                                                                                                                                                              ; LCCOMB_X19_Y18_N8  ; 4       ; Clock enable               ; no     ; --                   ; --               ; --                        ;
; minesweeper_jtag_top:u_top|minesweeper_mu500_system:u_system|minesweeper_deterministic_system:g_deterministic.u_core|minesweeper_game_core:u_game|Decoder0~628                                                                                                                                                                                              ; LCCOMB_X12_Y19_N12 ; 4       ; Clock enable               ; no     ; --                   ; --               ; --                        ;
; minesweeper_jtag_top:u_top|minesweeper_mu500_system:u_system|minesweeper_deterministic_system:g_deterministic.u_core|minesweeper_game_core:u_game|Decoder0~630                                                                                                                                                                                              ; LCCOMB_X5_Y17_N28  ; 4       ; Clock enable               ; no     ; --                   ; --               ; --                        ;
; minesweeper_jtag_top:u_top|minesweeper_mu500_system:u_system|minesweeper_deterministic_system:g_deterministic.u_core|minesweeper_game_core:u_game|Decoder0~631                                                                                                                                                                                              ; LCCOMB_X9_Y16_N24  ; 4       ; Clock enable               ; no     ; --                   ; --               ; --                        ;
; minesweeper_jtag_top:u_top|minesweeper_mu500_system:u_system|minesweeper_deterministic_system:g_deterministic.u_core|minesweeper_game_core:u_game|Decoder0~632                                                                                                                                                                                              ; LCCOMB_X8_Y16_N10  ; 4       ; Clock enable               ; no     ; --                   ; --               ; --                        ;
; minesweeper_jtag_top:u_top|minesweeper_mu500_system:u_system|minesweeper_deterministic_system:g_deterministic.u_core|minesweeper_game_core:u_game|Decoder0~633                                                                                                                                                                                              ; LCCOMB_X4_Y16_N24  ; 4       ; Clock enable               ; no     ; --                   ; --               ; --                        ;
; minesweeper_jtag_top:u_top|minesweeper_mu500_system:u_system|minesweeper_deterministic_system:g_deterministic.u_core|minesweeper_game_core:u_game|Decoder0~634                                                                                                                                                                                              ; LCCOMB_X5_Y20_N10  ; 4       ; Clock enable               ; no     ; --                   ; --               ; --                        ;
; minesweeper_jtag_top:u_top|minesweeper_mu500_system:u_system|minesweeper_deterministic_system:g_deterministic.u_core|minesweeper_game_core:u_game|Decoder0~635                                                                                                                                                                                              ; LCCOMB_X7_Y27_N18  ; 4       ; Clock enable               ; no     ; --                   ; --               ; --                        ;
; minesweeper_jtag_top:u_top|minesweeper_mu500_system:u_system|minesweeper_deterministic_system:g_deterministic.u_core|minesweeper_game_core:u_game|Decoder0~636                                                                                                                                                                                              ; LCCOMB_X3_Y19_N16  ; 4       ; Clock enable               ; no     ; --                   ; --               ; --                        ;
; minesweeper_jtag_top:u_top|minesweeper_mu500_system:u_system|minesweeper_deterministic_system:g_deterministic.u_core|minesweeper_game_core:u_game|Decoder0~637                                                                                                                                                                                              ; LCCOMB_X12_Y18_N30 ; 4       ; Clock enable               ; no     ; --                   ; --               ; --                        ;
; minesweeper_jtag_top:u_top|minesweeper_mu500_system:u_system|minesweeper_deterministic_system:g_deterministic.u_core|minesweeper_game_core:u_game|Decoder0~638                                                                                                                                                                                              ; LCCOMB_X4_Y16_N18  ; 4       ; Clock enable               ; no     ; --                   ; --               ; --                        ;
; minesweeper_jtag_top:u_top|minesweeper_mu500_system:u_system|minesweeper_deterministic_system:g_deterministic.u_core|minesweeper_game_core:u_game|Decoder0~639                                                                                                                                                                                              ; LCCOMB_X6_Y20_N16  ; 4       ; Clock enable               ; no     ; --                   ; --               ; --                        ;
; minesweeper_jtag_top:u_top|minesweeper_mu500_system:u_system|minesweeper_deterministic_system:g_deterministic.u_core|minesweeper_game_core:u_game|Decoder0~641                                                                                                                                                                                              ; LCCOMB_X5_Y18_N26  ; 4       ; Clock enable               ; no     ; --                   ; --               ; --                        ;
; minesweeper_jtag_top:u_top|minesweeper_mu500_system:u_system|minesweeper_deterministic_system:g_deterministic.u_core|minesweeper_game_core:u_game|Decoder0~642                                                                                                                                                                                              ; LCCOMB_X6_Y20_N18  ; 4       ; Clock enable               ; no     ; --                   ; --               ; --                        ;
; minesweeper_jtag_top:u_top|minesweeper_mu500_system:u_system|minesweeper_deterministic_system:g_deterministic.u_core|minesweeper_game_core:u_game|Decoder0~643                                                                                                                                                                                              ; LCCOMB_X5_Y18_N28  ; 4       ; Clock enable               ; no     ; --                   ; --               ; --                        ;
; minesweeper_jtag_top:u_top|minesweeper_mu500_system:u_system|minesweeper_deterministic_system:g_deterministic.u_core|minesweeper_game_core:u_game|Decoder0~644                                                                                                                                                                                              ; LCCOMB_X5_Y20_N20  ; 4       ; Clock enable               ; no     ; --                   ; --               ; --                        ;
; minesweeper_jtag_top:u_top|minesweeper_mu500_system:u_system|minesweeper_deterministic_system:g_deterministic.u_core|minesweeper_game_core:u_game|Decoder0~645                                                                                                                                                                                              ; LCCOMB_X2_Y21_N28  ; 4       ; Clock enable               ; no     ; --                   ; --               ; --                        ;
; minesweeper_jtag_top:u_top|minesweeper_mu500_system:u_system|minesweeper_deterministic_system:g_deterministic.u_core|minesweeper_game_core:u_game|Decoder0~646                                                                                                                                                                                              ; LCCOMB_X5_Y21_N14  ; 4       ; Clock enable               ; no     ; --                   ; --               ; --                        ;
; minesweeper_jtag_top:u_top|minesweeper_mu500_system:u_system|minesweeper_deterministic_system:g_deterministic.u_core|minesweeper_game_core:u_game|Decoder0~647                                                                                                                                                                                              ; LCCOMB_X12_Y18_N22 ; 4       ; Clock enable               ; no     ; --                   ; --               ; --                        ;
; minesweeper_jtag_top:u_top|minesweeper_mu500_system:u_system|minesweeper_deterministic_system:g_deterministic.u_core|minesweeper_game_core:u_game|Decoder0~648                                                                                                                                                                                              ; LCCOMB_X6_Y20_N28  ; 4       ; Clock enable               ; no     ; --                   ; --               ; --                        ;
; minesweeper_jtag_top:u_top|minesweeper_mu500_system:u_system|minesweeper_deterministic_system:g_deterministic.u_core|minesweeper_game_core:u_game|Decoder0~649                                                                                                                                                                                              ; LCCOMB_X5_Y20_N22  ; 4       ; Clock enable               ; no     ; --                   ; --               ; --                        ;
; minesweeper_jtag_top:u_top|minesweeper_mu500_system:u_system|minesweeper_deterministic_system:g_deterministic.u_core|minesweeper_game_core:u_game|Decoder0~650                                                                                                                                                                                              ; LCCOMB_X5_Y20_N16  ; 4       ; Clock enable               ; no     ; --                   ; --               ; --                        ;
; minesweeper_jtag_top:u_top|minesweeper_mu500_system:u_system|minesweeper_deterministic_system:g_deterministic.u_core|minesweeper_game_core:u_game|Decoder0~651                                                                                                                                                                                              ; LCCOMB_X5_Y20_N18  ; 4       ; Clock enable               ; no     ; --                   ; --               ; --                        ;
; minesweeper_jtag_top:u_top|minesweeper_mu500_system:u_system|minesweeper_deterministic_system:g_deterministic.u_core|minesweeper_game_core:u_game|Decoder0~652                                                                                                                                                                                              ; LCCOMB_X2_Y21_N22  ; 4       ; Clock enable               ; no     ; --                   ; --               ; --                        ;
; minesweeper_jtag_top:u_top|minesweeper_mu500_system:u_system|minesweeper_deterministic_system:g_deterministic.u_core|minesweeper_game_core:u_game|Decoder0~653                                                                                                                                                                                              ; LCCOMB_X7_Y18_N10  ; 4       ; Clock enable               ; no     ; --                   ; --               ; --                        ;
; minesweeper_jtag_top:u_top|minesweeper_mu500_system:u_system|minesweeper_deterministic_system:g_deterministic.u_core|minesweeper_game_core:u_game|Decoder0~654                                                                                                                                                                                              ; LCCOMB_X8_Y18_N28  ; 4       ; Clock enable               ; no     ; --                   ; --               ; --                        ;
; minesweeper_jtag_top:u_top|minesweeper_mu500_system:u_system|minesweeper_deterministic_system:g_deterministic.u_core|minesweeper_game_core:u_game|Decoder0~656                                                                                                                                                                                              ; LCCOMB_X7_Y19_N0   ; 4       ; Clock enable               ; no     ; --                   ; --               ; --                        ;
; minesweeper_jtag_top:u_top|minesweeper_mu500_system:u_system|minesweeper_deterministic_system:g_deterministic.u_core|minesweeper_game_core:u_game|Decoder0~657                                                                                                                                                                                              ; LCCOMB_X5_Y20_N12  ; 4       ; Clock enable               ; no     ; --                   ; --               ; --                        ;
; minesweeper_jtag_top:u_top|minesweeper_mu500_system:u_system|minesweeper_deterministic_system:g_deterministic.u_core|minesweeper_game_core:u_game|Decoder0~658                                                                                                                                                                                              ; LCCOMB_X5_Y20_N30  ; 4       ; Clock enable               ; no     ; --                   ; --               ; --                        ;
; minesweeper_jtag_top:u_top|minesweeper_mu500_system:u_system|minesweeper_deterministic_system:g_deterministic.u_core|minesweeper_game_core:u_game|Decoder0~660                                                                                                                                                                                              ; LCCOMB_X9_Y18_N12  ; 4       ; Clock enable               ; no     ; --                   ; --               ; --                        ;
; minesweeper_jtag_top:u_top|minesweeper_mu500_system:u_system|minesweeper_deterministic_system:g_deterministic.u_core|minesweeper_game_core:u_game|Decoder0~661                                                                                                                                                                                              ; LCCOMB_X8_Y20_N12  ; 4       ; Clock enable               ; no     ; --                   ; --               ; --                        ;
; minesweeper_jtag_top:u_top|minesweeper_mu500_system:u_system|minesweeper_deterministic_system:g_deterministic.u_core|minesweeper_game_core:u_game|Decoder0~662                                                                                                                                                                                              ; LCCOMB_X7_Y16_N8   ; 4       ; Clock enable               ; no     ; --                   ; --               ; --                        ;
; minesweeper_jtag_top:u_top|minesweeper_mu500_system:u_system|minesweeper_deterministic_system:g_deterministic.u_core|minesweeper_game_core:u_game|Decoder0~664                                                                                                                                                                                              ; LCCOMB_X6_Y19_N20  ; 4       ; Clock enable               ; no     ; --                   ; --               ; --                        ;
; minesweeper_jtag_top:u_top|minesweeper_mu500_system:u_system|minesweeper_deterministic_system:g_deterministic.u_core|minesweeper_game_core:u_game|Decoder0~665                                                                                                                                                                                              ; LCCOMB_X17_Y16_N28 ; 4       ; Clock enable               ; no     ; --                   ; --               ; --                        ;
; minesweeper_jtag_top:u_top|minesweeper_mu500_system:u_system|minesweeper_deterministic_system:g_deterministic.u_core|minesweeper_game_core:u_game|Decoder0~666                                                                                                                                                                                              ; LCCOMB_X4_Y19_N0   ; 4       ; Clock enable               ; no     ; --                   ; --               ; --                        ;
; minesweeper_jtag_top:u_top|minesweeper_mu500_system:u_system|minesweeper_deterministic_system:g_deterministic.u_core|minesweeper_game_core:u_game|Decoder0~667                                                                                                                                                                                              ; LCCOMB_X15_Y18_N4  ; 4       ; Clock enable               ; no     ; --                   ; --               ; --                        ;
; minesweeper_jtag_top:u_top|minesweeper_mu500_system:u_system|minesweeper_deterministic_system:g_deterministic.u_core|minesweeper_game_core:u_game|Decoder0~668                                                                                                                                                                                              ; LCCOMB_X16_Y23_N28 ; 4       ; Clock enable               ; no     ; --                   ; --               ; --                        ;
; minesweeper_jtag_top:u_top|minesweeper_mu500_system:u_system|minesweeper_deterministic_system:g_deterministic.u_core|minesweeper_game_core:u_game|Decoder0~669                                                                                                                                                                                              ; LCCOMB_X19_Y18_N2  ; 4       ; Clock enable               ; no     ; --                   ; --               ; --                        ;
; minesweeper_jtag_top:u_top|minesweeper_mu500_system:u_system|minesweeper_deterministic_system:g_deterministic.u_core|minesweeper_game_core:u_game|Decoder0~670                                                                                                                                                                                              ; LCCOMB_X14_Y21_N8  ; 4       ; Clock enable               ; no     ; --                   ; --               ; --                        ;
; minesweeper_jtag_top:u_top|minesweeper_mu500_system:u_system|minesweeper_deterministic_system:g_deterministic.u_core|minesweeper_game_core:u_game|Decoder0~671                                                                                                                                                                                              ; LCCOMB_X4_Y27_N8   ; 4       ; Clock enable               ; no     ; --                   ; --               ; --                        ;
; minesweeper_jtag_top:u_top|minesweeper_mu500_system:u_system|minesweeper_deterministic_system:g_deterministic.u_core|minesweeper_game_core:u_game|Decoder0~672                                                                                                                                                                                              ; LCCOMB_X14_Y20_N4  ; 4       ; Clock enable               ; no     ; --                   ; --               ; --                        ;
; minesweeper_jtag_top:u_top|minesweeper_mu500_system:u_system|minesweeper_deterministic_system:g_deterministic.u_core|minesweeper_game_core:u_game|Decoder0~673                                                                                                                                                                                              ; LCCOMB_X6_Y21_N0   ; 4       ; Clock enable               ; no     ; --                   ; --               ; --                        ;
; minesweeper_jtag_top:u_top|minesweeper_mu500_system:u_system|minesweeper_deterministic_system:g_deterministic.u_core|minesweeper_game_core:u_game|Decoder0~674                                                                                                                                                                                              ; LCCOMB_X14_Y18_N24 ; 4       ; Clock enable               ; no     ; --                   ; --               ; --                        ;
; minesweeper_jtag_top:u_top|minesweeper_mu500_system:u_system|minesweeper_deterministic_system:g_deterministic.u_core|minesweeper_game_core:u_game|Decoder0~675                                                                                                                                                                                              ; LCCOMB_X12_Y18_N24 ; 4       ; Clock enable               ; no     ; --                   ; --               ; --                        ;
; minesweeper_jtag_top:u_top|minesweeper_mu500_system:u_system|minesweeper_deterministic_system:g_deterministic.u_core|minesweeper_game_core:u_game|Decoder0~676                                                                                                                                                                                              ; LCCOMB_X6_Y21_N18  ; 4       ; Clock enable               ; no     ; --                   ; --               ; --                        ;
; minesweeper_jtag_top:u_top|minesweeper_mu500_system:u_system|minesweeper_deterministic_system:g_deterministic.u_core|minesweeper_game_core:u_game|Decoder0~677                                                                                                                                                                                              ; LCCOMB_X17_Y23_N2  ; 4       ; Clock enable               ; no     ; --                   ; --               ; --                        ;
; minesweeper_jtag_top:u_top|minesweeper_mu500_system:u_system|minesweeper_deterministic_system:g_deterministic.u_core|minesweeper_game_core:u_game|Decoder0~678                                                                                                                                                                                              ; LCCOMB_X17_Y23_N4  ; 4       ; Clock enable               ; no     ; --                   ; --               ; --                        ;
; minesweeper_jtag_top:u_top|minesweeper_mu500_system:u_system|minesweeper_deterministic_system:g_deterministic.u_core|minesweeper_game_core:u_game|Decoder0~679                                                                                                                                                                                              ; LCCOMB_X22_Y26_N16 ; 4       ; Clock enable               ; no     ; --                   ; --               ; --                        ;
; minesweeper_jtag_top:u_top|minesweeper_mu500_system:u_system|minesweeper_deterministic_system:g_deterministic.u_core|minesweeper_game_core:u_game|Decoder0~680                                                                                                                                                                                              ; LCCOMB_X20_Y27_N30 ; 4       ; Clock enable               ; no     ; --                   ; --               ; --                        ;
; minesweeper_jtag_top:u_top|minesweeper_mu500_system:u_system|minesweeper_deterministic_system:g_deterministic.u_core|minesweeper_game_core:u_game|Decoder0~681                                                                                                                                                                                              ; LCCOMB_X15_Y20_N8  ; 4       ; Clock enable               ; no     ; --                   ; --               ; --                        ;
; minesweeper_jtag_top:u_top|minesweeper_mu500_system:u_system|minesweeper_deterministic_system:g_deterministic.u_core|minesweeper_game_core:u_game|Decoder0~682                                                                                                                                                                                              ; LCCOMB_X22_Y20_N28 ; 4       ; Clock enable               ; no     ; --                   ; --               ; --                        ;
; minesweeper_jtag_top:u_top|minesweeper_mu500_system:u_system|minesweeper_deterministic_system:g_deterministic.u_core|minesweeper_game_core:u_game|Decoder0~683                                                                                                                                                                                              ; LCCOMB_X18_Y20_N8  ; 4       ; Clock enable               ; no     ; --                   ; --               ; --                        ;
; minesweeper_jtag_top:u_top|minesweeper_mu500_system:u_system|minesweeper_deterministic_system:g_deterministic.u_core|minesweeper_game_core:u_game|Decoder0~684                                                                                                                                                                                              ; LCCOMB_X19_Y20_N30 ; 4       ; Clock enable               ; no     ; --                   ; --               ; --                        ;
; minesweeper_jtag_top:u_top|minesweeper_mu500_system:u_system|minesweeper_deterministic_system:g_deterministic.u_core|minesweeper_game_core:u_game|Decoder0~685                                                                                                                                                                                              ; LCCOMB_X17_Y20_N12 ; 4       ; Clock enable               ; no     ; --                   ; --               ; --                        ;
; minesweeper_jtag_top:u_top|minesweeper_mu500_system:u_system|minesweeper_deterministic_system:g_deterministic.u_core|minesweeper_game_core:u_game|Decoder0~686                                                                                                                                                                                              ; LCCOMB_X18_Y20_N26 ; 4       ; Clock enable               ; no     ; --                   ; --               ; --                        ;
; minesweeper_jtag_top:u_top|minesweeper_mu500_system:u_system|minesweeper_deterministic_system:g_deterministic.u_core|minesweeper_game_core:u_game|Decoder0~687                                                                                                                                                                                              ; LCCOMB_X19_Y20_N24 ; 4       ; Clock enable               ; no     ; --                   ; --               ; --                        ;
; minesweeper_jtag_top:u_top|minesweeper_mu500_system:u_system|minesweeper_deterministic_system:g_deterministic.u_core|minesweeper_game_core:u_game|Decoder0~688                                                                                                                                                                                              ; LCCOMB_X21_Y20_N10 ; 4       ; Clock enable               ; no     ; --                   ; --               ; --                        ;
; minesweeper_jtag_top:u_top|minesweeper_mu500_system:u_system|minesweeper_deterministic_system:g_deterministic.u_core|minesweeper_game_core:u_game|Decoder0~689                                                                                                                                                                                              ; LCCOMB_X17_Y20_N14 ; 4       ; Clock enable               ; no     ; --                   ; --               ; --                        ;
; minesweeper_jtag_top:u_top|minesweeper_mu500_system:u_system|minesweeper_deterministic_system:g_deterministic.u_core|minesweeper_game_core:u_game|Decoder0~690                                                                                                                                                                                              ; LCCOMB_X22_Y20_N30 ; 4       ; Clock enable               ; no     ; --                   ; --               ; --                        ;
; minesweeper_jtag_top:u_top|minesweeper_mu500_system:u_system|minesweeper_deterministic_system:g_deterministic.u_core|minesweeper_game_core:u_game|Decoder0~691                                                                                                                                                                                              ; LCCOMB_X23_Y24_N26 ; 4       ; Clock enable               ; no     ; --                   ; --               ; --                        ;
; minesweeper_jtag_top:u_top|minesweeper_mu500_system:u_system|minesweeper_deterministic_system:g_deterministic.u_core|minesweeper_game_core:u_game|Decoder0~692                                                                                                                                                                                              ; LCCOMB_X23_Y24_N12 ; 4       ; Clock enable               ; no     ; --                   ; --               ; --                        ;
; minesweeper_jtag_top:u_top|minesweeper_mu500_system:u_system|minesweeper_deterministic_system:g_deterministic.u_core|minesweeper_game_core:u_game|Decoder0~693                                                                                                                                                                                              ; LCCOMB_X27_Y24_N20 ; 4       ; Clock enable               ; no     ; --                   ; --               ; --                        ;
; minesweeper_jtag_top:u_top|minesweeper_mu500_system:u_system|minesweeper_deterministic_system:g_deterministic.u_core|minesweeper_game_core:u_game|Decoder0~695                                                                                                                                                                                              ; LCCOMB_X14_Y26_N14 ; 4       ; Clock enable               ; no     ; --                   ; --               ; --                        ;
; minesweeper_jtag_top:u_top|minesweeper_mu500_system:u_system|minesweeper_deterministic_system:g_deterministic.u_core|minesweeper_game_core:u_game|Decoder0~696                                                                                                                                                                                              ; LCCOMB_X14_Y26_N8  ; 4       ; Clock enable               ; no     ; --                   ; --               ; --                        ;
; minesweeper_jtag_top:u_top|minesweeper_mu500_system:u_system|minesweeper_deterministic_system:g_deterministic.u_core|minesweeper_game_core:u_game|Decoder0~697                                                                                                                                                                                              ; LCCOMB_X11_Y26_N22 ; 4       ; Clock enable               ; no     ; --                   ; --               ; --                        ;
; minesweeper_jtag_top:u_top|minesweeper_mu500_system:u_system|minesweeper_deterministic_system:g_deterministic.u_core|minesweeper_game_core:u_game|Decoder0~698                                                                                                                                                                                              ; LCCOMB_X14_Y21_N18 ; 4       ; Clock enable               ; no     ; --                   ; --               ; --                        ;
; minesweeper_jtag_top:u_top|minesweeper_mu500_system:u_system|minesweeper_deterministic_system:g_deterministic.u_core|minesweeper_game_core:u_game|Decoder0~699                                                                                                                                                                                              ; LCCOMB_X14_Y20_N14 ; 4       ; Clock enable               ; no     ; --                   ; --               ; --                        ;
; minesweeper_jtag_top:u_top|minesweeper_mu500_system:u_system|minesweeper_deterministic_system:g_deterministic.u_core|minesweeper_game_core:u_game|Decoder0~700                                                                                                                                                                                              ; LCCOMB_X14_Y26_N26 ; 4       ; Clock enable               ; no     ; --                   ; --               ; --                        ;
; minesweeper_jtag_top:u_top|minesweeper_mu500_system:u_system|minesweeper_deterministic_system:g_deterministic.u_core|minesweeper_game_core:u_game|Decoder0~701                                                                                                                                                                                              ; LCCOMB_X12_Y18_N26 ; 4       ; Clock enable               ; no     ; --                   ; --               ; --                        ;
; minesweeper_jtag_top:u_top|minesweeper_mu500_system:u_system|minesweeper_deterministic_system:g_deterministic.u_core|minesweeper_game_core:u_game|Decoder0~702                                                                                                                                                                                              ; LCCOMB_X12_Y18_N28 ; 4       ; Clock enable               ; no     ; --                   ; --               ; --                        ;
; minesweeper_jtag_top:u_top|minesweeper_mu500_system:u_system|minesweeper_deterministic_system:g_deterministic.u_core|minesweeper_game_core:u_game|Decoder0~703                                                                                                                                                                                              ; LCCOMB_X11_Y17_N10 ; 4       ; Clock enable               ; no     ; --                   ; --               ; --                        ;
; minesweeper_jtag_top:u_top|minesweeper_mu500_system:u_system|minesweeper_deterministic_system:g_deterministic.u_core|minesweeper_game_core:u_game|Decoder0~704                                                                                                                                                                                              ; LCCOMB_X11_Y20_N6  ; 4       ; Clock enable               ; no     ; --                   ; --               ; --                        ;
; minesweeper_jtag_top:u_top|minesweeper_mu500_system:u_system|minesweeper_deterministic_system:g_deterministic.u_core|minesweeper_game_core:u_game|Decoder0~705                                                                                                                                                                                              ; LCCOMB_X14_Y18_N10 ; 4       ; Clock enable               ; no     ; --                   ; --               ; --                        ;
; minesweeper_jtag_top:u_top|minesweeper_mu500_system:u_system|minesweeper_deterministic_system:g_deterministic.u_core|minesweeper_game_core:u_game|Decoder0~706                                                                                                                                                                                              ; LCCOMB_X12_Y19_N22 ; 4       ; Clock enable               ; no     ; --                   ; --               ; --                        ;
; minesweeper_jtag_top:u_top|minesweeper_mu500_system:u_system|minesweeper_deterministic_system:g_deterministic.u_core|minesweeper_game_core:u_game|Decoder0~707                                                                                                                                                                                              ; LCCOMB_X20_Y28_N12 ; 4       ; Clock enable               ; no     ; --                   ; --               ; --                        ;
; minesweeper_jtag_top:u_top|minesweeper_mu500_system:u_system|minesweeper_deterministic_system:g_deterministic.u_core|minesweeper_game_core:u_game|Decoder0~708                                                                                                                                                                                              ; LCCOMB_X19_Y28_N16 ; 4       ; Clock enable               ; no     ; --                   ; --               ; --                        ;
; minesweeper_jtag_top:u_top|minesweeper_mu500_system:u_system|minesweeper_deterministic_system:g_deterministic.u_core|minesweeper_game_core:u_game|Decoder0~709                                                                                                                                                                                              ; LCCOMB_X22_Y25_N18 ; 4       ; Clock enable               ; no     ; --                   ; --               ; --                        ;
; minesweeper_jtag_top:u_top|minesweeper_mu500_system:u_system|minesweeper_deterministic_system:g_deterministic.u_core|minesweeper_game_core:u_game|Decoder0~710                                                                                                                                                                                              ; LCCOMB_X25_Y26_N10 ; 4       ; Clock enable               ; no     ; --                   ; --               ; --                        ;
; minesweeper_jtag_top:u_top|minesweeper_mu500_system:u_system|minesweeper_deterministic_system:g_deterministic.u_core|minesweeper_game_core:u_game|Decoder0~711                                                                                                                                                                                              ; LCCOMB_X25_Y26_N20 ; 4       ; Clock enable               ; no     ; --                   ; --               ; --                        ;
; minesweeper_jtag_top:u_top|minesweeper_mu500_system:u_system|minesweeper_deterministic_system:g_deterministic.u_core|minesweeper_game_core:u_game|Decoder0~712                                                                                                                                                                                              ; LCCOMB_X25_Y28_N12 ; 4       ; Clock enable               ; no     ; --                   ; --               ; --                        ;
; minesweeper_jtag_top:u_top|minesweeper_mu500_system:u_system|minesweeper_deterministic_system:g_deterministic.u_core|minesweeper_game_core:u_game|Decoder0~713                                                                                                                                                                                              ; LCCOMB_X20_Y24_N2  ; 4       ; Clock enable               ; no     ; --                   ; --               ; --                        ;
; minesweeper_jtag_top:u_top|minesweeper_mu500_system:u_system|minesweeper_deterministic_system:g_deterministic.u_core|minesweeper_game_core:u_game|Decoder0~714                                                                                                                                                                                              ; LCCOMB_X25_Y28_N14 ; 4       ; Clock enable               ; no     ; --                   ; --               ; --                        ;
; minesweeper_jtag_top:u_top|minesweeper_mu500_system:u_system|minesweeper_deterministic_system:g_deterministic.u_core|minesweeper_game_core:u_game|Decoder0~715                                                                                                                                                                                              ; LCCOMB_X9_Y27_N28  ; 4       ; Clock enable               ; no     ; --                   ; --               ; --                        ;
; minesweeper_jtag_top:u_top|minesweeper_mu500_system:u_system|minesweeper_deterministic_system:g_deterministic.u_core|minesweeper_game_core:u_game|Decoder0~716                                                                                                                                                                                              ; LCCOMB_X20_Y28_N6  ; 4       ; Clock enable               ; no     ; --                   ; --               ; --                        ;
; minesweeper_jtag_top:u_top|minesweeper_mu500_system:u_system|minesweeper_deterministic_system:g_deterministic.u_core|minesweeper_game_core:u_game|Decoder0~717                                                                                                                                                                                              ; LCCOMB_X22_Y25_N4  ; 4       ; Clock enable               ; no     ; --                   ; --               ; --                        ;
; minesweeper_jtag_top:u_top|minesweeper_mu500_system:u_system|minesweeper_deterministic_system:g_deterministic.u_core|minesweeper_game_core:u_game|Decoder0~719                                                                                                                                                                                              ; LCCOMB_X26_Y19_N10 ; 4       ; Clock enable               ; no     ; --                   ; --               ; --                        ;
; minesweeper_jtag_top:u_top|minesweeper_mu500_system:u_system|minesweeper_deterministic_system:g_deterministic.u_core|minesweeper_game_core:u_game|Decoder0~720                                                                                                                                                                                              ; LCCOMB_X20_Y19_N26 ; 4       ; Clock enable               ; no     ; --                   ; --               ; --                        ;
; minesweeper_jtag_top:u_top|minesweeper_mu500_system:u_system|minesweeper_deterministic_system:g_deterministic.u_core|minesweeper_game_core:u_game|Decoder0~721                                                                                                                                                                                              ; LCCOMB_X20_Y19_N28 ; 4       ; Clock enable               ; no     ; --                   ; --               ; --                        ;
; minesweeper_jtag_top:u_top|minesweeper_mu500_system:u_system|minesweeper_deterministic_system:g_deterministic.u_core|minesweeper_game_core:u_game|Decoder0~722                                                                                                                                                                                              ; LCCOMB_X21_Y19_N18 ; 4       ; Clock enable               ; no     ; --                   ; --               ; --                        ;
; minesweeper_jtag_top:u_top|minesweeper_mu500_system:u_system|minesweeper_deterministic_system:g_deterministic.u_core|minesweeper_game_core:u_game|Decoder0~723                                                                                                                                                                                              ; LCCOMB_X21_Y19_N28 ; 4       ; Clock enable               ; no     ; --                   ; --               ; --                        ;
; minesweeper_jtag_top:u_top|minesweeper_mu500_system:u_system|minesweeper_deterministic_system:g_deterministic.u_core|minesweeper_game_core:u_game|Decoder0~724                                                                                                                                                                                              ; LCCOMB_X26_Y19_N20 ; 4       ; Clock enable               ; no     ; --                   ; --               ; --                        ;
; minesweeper_jtag_top:u_top|minesweeper_mu500_system:u_system|minesweeper_deterministic_system:g_deterministic.u_core|minesweeper_game_core:u_game|Decoder0~725                                                                                                                                                                                              ; LCCOMB_X20_Y19_N2  ; 4       ; Clock enable               ; no     ; --                   ; --               ; --                        ;
; minesweeper_jtag_top:u_top|minesweeper_mu500_system:u_system|minesweeper_deterministic_system:g_deterministic.u_core|minesweeper_game_core:u_game|Decoder0~726                                                                                                                                                                                              ; LCCOMB_X19_Y19_N22 ; 4       ; Clock enable               ; no     ; --                   ; --               ; --                        ;
; minesweeper_jtag_top:u_top|minesweeper_mu500_system:u_system|minesweeper_deterministic_system:g_deterministic.u_core|minesweeper_game_core:u_game|Decoder0~727                                                                                                                                                                                              ; LCCOMB_X26_Y19_N30 ; 4       ; Clock enable               ; no     ; --                   ; --               ; --                        ;
; minesweeper_jtag_top:u_top|minesweeper_mu500_system:u_system|minesweeper_deterministic_system:g_deterministic.u_core|minesweeper_game_core:u_game|Decoder0~728                                                                                                                                                                                              ; LCCOMB_X23_Y19_N12 ; 4       ; Clock enable               ; no     ; --                   ; --               ; --                        ;
; minesweeper_jtag_top:u_top|minesweeper_mu500_system:u_system|minesweeper_deterministic_system:g_deterministic.u_core|minesweeper_game_core:u_game|Decoder0~729                                                                                                                                                                                              ; LCCOMB_X5_Y20_N24  ; 4       ; Clock enable               ; no     ; --                   ; --               ; --                        ;
; minesweeper_jtag_top:u_top|minesweeper_mu500_system:u_system|minesweeper_deterministic_system:g_deterministic.u_core|minesweeper_game_core:u_game|Decoder0~730                                                                                                                                                                                              ; LCCOMB_X11_Y21_N28 ; 4       ; Clock enable               ; no     ; --                   ; --               ; --                        ;
; minesweeper_jtag_top:u_top|minesweeper_mu500_system:u_system|minesweeper_deterministic_system:g_deterministic.u_core|minesweeper_game_core:u_game|Decoder0~731                                                                                                                                                                                              ; LCCOMB_X7_Y28_N14  ; 4       ; Clock enable               ; no     ; --                   ; --               ; --                        ;
; minesweeper_jtag_top:u_top|minesweeper_mu500_system:u_system|minesweeper_deterministic_system:g_deterministic.u_core|minesweeper_game_core:u_game|Decoder0~732                                                                                                                                                                                              ; LCCOMB_X5_Y20_N2   ; 4       ; Clock enable               ; no     ; --                   ; --               ; --                        ;
; minesweeper_jtag_top:u_top|minesweeper_mu500_system:u_system|minesweeper_deterministic_system:g_deterministic.u_core|minesweeper_game_core:u_game|Decoder0~734                                                                                                                                                                                              ; LCCOMB_X12_Y17_N26 ; 4       ; Clock enable               ; no     ; --                   ; --               ; --                        ;
; minesweeper_jtag_top:u_top|minesweeper_mu500_system:u_system|minesweeper_deterministic_system:g_deterministic.u_core|minesweeper_game_core:u_game|Decoder0~735                                                                                                                                                                                              ; LCCOMB_X11_Y21_N14 ; 4       ; Clock enable               ; no     ; --                   ; --               ; --                        ;
; minesweeper_jtag_top:u_top|minesweeper_mu500_system:u_system|minesweeper_deterministic_system:g_deterministic.u_core|minesweeper_game_core:u_game|Decoder0~736                                                                                                                                                                                              ; LCCOMB_X20_Y24_N4  ; 4       ; Clock enable               ; no     ; --                   ; --               ; --                        ;
; minesweeper_jtag_top:u_top|minesweeper_mu500_system:u_system|minesweeper_deterministic_system:g_deterministic.u_core|minesweeper_game_core:u_game|Decoder0~737                                                                                                                                                                                              ; LCCOMB_X17_Y25_N8  ; 4       ; Clock enable               ; no     ; --                   ; --               ; --                        ;
; minesweeper_jtag_top:u_top|minesweeper_mu500_system:u_system|minesweeper_deterministic_system:g_deterministic.u_core|minesweeper_game_core:u_game|Decoder0~738                                                                                                                                                                                              ; LCCOMB_X21_Y25_N10 ; 4       ; Clock enable               ; no     ; --                   ; --               ; --                        ;
; minesweeper_jtag_top:u_top|minesweeper_mu500_system:u_system|minesweeper_deterministic_system:g_deterministic.u_core|minesweeper_game_core:u_game|Decoder0~739                                                                                                                                                                                              ; LCCOMB_X20_Y24_N30 ; 4       ; Clock enable               ; no     ; --                   ; --               ; --                        ;
; minesweeper_jtag_top:u_top|minesweeper_mu500_system:u_system|minesweeper_deterministic_system:g_deterministic.u_core|minesweeper_game_core:u_game|Decoder0~740                                                                                                                                                                                              ; LCCOMB_X21_Y24_N14 ; 4       ; Clock enable               ; no     ; --                   ; --               ; --                        ;
; minesweeper_jtag_top:u_top|minesweeper_mu500_system:u_system|minesweeper_deterministic_system:g_deterministic.u_core|minesweeper_game_core:u_game|Decoder0~741                                                                                                                                                                                              ; LCCOMB_X20_Y26_N10 ; 4       ; Clock enable               ; no     ; --                   ; --               ; --                        ;
; minesweeper_jtag_top:u_top|minesweeper_mu500_system:u_system|minesweeper_deterministic_system:g_deterministic.u_core|minesweeper_game_core:u_game|Decoder0~742                                                                                                                                                                                              ; LCCOMB_X19_Y22_N6  ; 4       ; Clock enable               ; no     ; --                   ; --               ; --                        ;
; minesweeper_jtag_top:u_top|minesweeper_mu500_system:u_system|minesweeper_deterministic_system:g_deterministic.u_core|minesweeper_game_core:u_game|Decoder0~743                                                                                                                                                                                              ; LCCOMB_X21_Y22_N12 ; 4       ; Clock enable               ; no     ; --                   ; --               ; --                        ;
; minesweeper_jtag_top:u_top|minesweeper_mu500_system:u_system|minesweeper_deterministic_system:g_deterministic.u_core|minesweeper_game_core:u_game|Decoder0~744                                                                                                                                                                                              ; LCCOMB_X21_Y22_N14 ; 4       ; Clock enable               ; no     ; --                   ; --               ; --                        ;
; minesweeper_jtag_top:u_top|minesweeper_mu500_system:u_system|minesweeper_deterministic_system:g_deterministic.u_core|minesweeper_game_core:u_game|Decoder0~745                                                                                                                                                                                              ; LCCOMB_X19_Y22_N16 ; 4       ; Clock enable               ; no     ; --                   ; --               ; --                        ;
; minesweeper_jtag_top:u_top|minesweeper_mu500_system:u_system|minesweeper_deterministic_system:g_deterministic.u_core|minesweeper_game_core:u_game|Decoder0~746                                                                                                                                                                                              ; LCCOMB_X26_Y22_N30 ; 4       ; Clock enable               ; no     ; --                   ; --               ; --                        ;
; minesweeper_jtag_top:u_top|minesweeper_mu500_system:u_system|minesweeper_deterministic_system:g_deterministic.u_core|minesweeper_game_core:u_game|Decoder0~747                                                                                                                                                                                              ; LCCOMB_X22_Y22_N16 ; 4       ; Clock enable               ; no     ; --                   ; --               ; --                        ;
; minesweeper_jtag_top:u_top|minesweeper_mu500_system:u_system|minesweeper_deterministic_system:g_deterministic.u_core|minesweeper_game_core:u_game|Decoder0~748                                                                                                                                                                                              ; LCCOMB_X12_Y25_N16 ; 4       ; Clock enable               ; no     ; --                   ; --               ; --                        ;
; minesweeper_jtag_top:u_top|minesweeper_mu500_system:u_system|minesweeper_deterministic_system:g_deterministic.u_core|minesweeper_game_core:u_game|Decoder0~749                                                                                                                                                                                              ; LCCOMB_X7_Y28_N8   ; 4       ; Clock enable               ; no     ; --                   ; --               ; --                        ;
; minesweeper_jtag_top:u_top|minesweeper_mu500_system:u_system|minesweeper_deterministic_system:g_deterministic.u_core|minesweeper_game_core:u_game|Decoder0~750                                                                                                                                                                                              ; LCCOMB_X12_Y25_N18 ; 4       ; Clock enable               ; no     ; --                   ; --               ; --                        ;
; minesweeper_jtag_top:u_top|minesweeper_mu500_system:u_system|minesweeper_deterministic_system:g_deterministic.u_core|minesweeper_game_core:u_game|Decoder0~751                                                                                                                                                                                              ; LCCOMB_X5_Y20_N4   ; 4       ; Clock enable               ; no     ; --                   ; --               ; --                        ;
; minesweeper_jtag_top:u_top|minesweeper_mu500_system:u_system|minesweeper_deterministic_system:g_deterministic.u_core|minesweeper_game_core:u_game|Decoder0~752                                                                                                                                                                                              ; LCCOMB_X20_Y26_N20 ; 4       ; Clock enable               ; no     ; --                   ; --               ; --                        ;
; minesweeper_jtag_top:u_top|minesweeper_mu500_system:u_system|minesweeper_deterministic_system:g_deterministic.u_core|minesweeper_game_core:u_game|Decoder0~753                                                                                                                                                                                              ; LCCOMB_X5_Y20_N6   ; 4       ; Clock enable               ; no     ; --                   ; --               ; --                        ;
; minesweeper_jtag_top:u_top|minesweeper_mu500_system:u_system|minesweeper_deterministic_system:g_deterministic.u_core|minesweeper_game_core:u_game|Decoder0~754                                                                                                                                                                                              ; LCCOMB_X23_Y26_N2  ; 4       ; Clock enable               ; no     ; --                   ; --               ; --                        ;
; minesweeper_jtag_top:u_top|minesweeper_mu500_system:u_system|minesweeper_deterministic_system:g_deterministic.u_core|minesweeper_game_core:u_game|Decoder0~755                                                                                                                                                                                              ; LCCOMB_X17_Y28_N8  ; 4       ; Clock enable               ; no     ; --                   ; --               ; --                        ;
; minesweeper_jtag_top:u_top|minesweeper_mu500_system:u_system|minesweeper_deterministic_system:g_deterministic.u_core|minesweeper_game_core:u_game|Decoder0~756                                                                                                                                                                                              ; LCCOMB_X16_Y28_N10 ; 4       ; Clock enable               ; no     ; --                   ; --               ; --                        ;
; minesweeper_jtag_top:u_top|minesweeper_mu500_system:u_system|minesweeper_deterministic_system:g_deterministic.u_core|minesweeper_game_core:u_game|Decoder0~757                                                                                                                                                                                              ; LCCOMB_X18_Y28_N10 ; 4       ; Clock enable               ; no     ; --                   ; --               ; --                        ;
; minesweeper_jtag_top:u_top|minesweeper_mu500_system:u_system|minesweeper_deterministic_system:g_deterministic.u_core|minesweeper_game_core:u_game|Decoder0~758                                                                                                                                                                                              ; LCCOMB_X14_Y21_N28 ; 4       ; Clock enable               ; no     ; --                   ; --               ; --                        ;
; minesweeper_jtag_top:u_top|minesweeper_mu500_system:u_system|minesweeper_deterministic_system:g_deterministic.u_core|minesweeper_game_core:u_game|Decoder0~759                                                                                                                                                                                              ; LCCOMB_X16_Y21_N18 ; 4       ; Clock enable               ; no     ; --                   ; --               ; --                        ;
; minesweeper_jtag_top:u_top|minesweeper_mu500_system:u_system|minesweeper_deterministic_system:g_deterministic.u_core|minesweeper_game_core:u_game|Decoder0~760                                                                                                                                                                                              ; LCCOMB_X15_Y18_N14 ; 4       ; Clock enable               ; no     ; --                   ; --               ; --                        ;
; minesweeper_jtag_top:u_top|minesweeper_mu500_system:u_system|minesweeper_deterministic_system:g_deterministic.u_core|minesweeper_game_core:u_game|Decoder0~761                                                                                                                                                                                              ; LCCOMB_X15_Y18_N16 ; 4       ; Clock enable               ; no     ; --                   ; --               ; --                        ;
; minesweeper_jtag_top:u_top|minesweeper_mu500_system:u_system|minesweeper_deterministic_system:g_deterministic.u_core|minesweeper_game_core:u_game|Decoder0~762                                                                                                                                                                                              ; LCCOMB_X15_Y18_N18 ; 4       ; Clock enable               ; no     ; --                   ; --               ; --                        ;
; minesweeper_jtag_top:u_top|minesweeper_mu500_system:u_system|minesweeper_deterministic_system:g_deterministic.u_core|minesweeper_game_core:u_game|Decoder0~763                                                                                                                                                                                              ; LCCOMB_X15_Y18_N28 ; 4       ; Clock enable               ; no     ; --                   ; --               ; --                        ;
; minesweeper_jtag_top:u_top|minesweeper_mu500_system:u_system|minesweeper_deterministic_system:g_deterministic.u_core|minesweeper_game_core:u_game|Decoder0~764                                                                                                                                                                                              ; LCCOMB_X9_Y16_N2   ; 4       ; Clock enable               ; no     ; --                   ; --               ; --                        ;
; minesweeper_jtag_top:u_top|minesweeper_mu500_system:u_system|minesweeper_deterministic_system:g_deterministic.u_core|minesweeper_game_core:u_game|Decoder0~765                                                                                                                                                                                              ; LCCOMB_X17_Y16_N14 ; 4       ; Clock enable               ; no     ; --                   ; --               ; --                        ;
; minesweeper_jtag_top:u_top|minesweeper_mu500_system:u_system|minesweeper_deterministic_system:g_deterministic.u_core|minesweeper_game_core:u_game|Decoder0~766                                                                                                                                                                                              ; LCCOMB_X17_Y16_N0  ; 4       ; Clock enable               ; no     ; --                   ; --               ; --                        ;
; minesweeper_jtag_top:u_top|minesweeper_mu500_system:u_system|minesweeper_deterministic_system:g_deterministic.u_core|minesweeper_game_core:u_game|Decoder0~767                                                                                                                                                                                              ; LCCOMB_X18_Y22_N10 ; 4       ; Clock enable               ; no     ; --                   ; --               ; --                        ;
; minesweeper_jtag_top:u_top|minesweeper_mu500_system:u_system|minesweeper_deterministic_system:g_deterministic.u_core|minesweeper_game_core:u_game|Decoder0~768                                                                                                                                                                                              ; LCCOMB_X18_Y22_N20 ; 4       ; Clock enable               ; no     ; --                   ; --               ; --                        ;
; minesweeper_jtag_top:u_top|minesweeper_mu500_system:u_system|minesweeper_deterministic_system:g_deterministic.u_core|minesweeper_game_core:u_game|Decoder0~769                                                                                                                                                                                              ; LCCOMB_X21_Y21_N24 ; 4       ; Clock enable               ; no     ; --                   ; --               ; --                        ;
; minesweeper_jtag_top:u_top|minesweeper_mu500_system:u_system|minesweeper_deterministic_system:g_deterministic.u_core|minesweeper_game_core:u_game|Decoder0~770                                                                                                                                                                                              ; LCCOMB_X21_Y21_N2  ; 4       ; Clock enable               ; no     ; --                   ; --               ; --                        ;
; minesweeper_jtag_top:u_top|minesweeper_mu500_system:u_system|minesweeper_deterministic_system:g_deterministic.u_core|minesweeper_game_core:u_game|Decoder0~771                                                                                                                                                                                              ; LCCOMB_X14_Y26_N20 ; 4       ; Clock enable               ; no     ; --                   ; --               ; --                        ;
; minesweeper_jtag_top:u_top|minesweeper_mu500_system:u_system|minesweeper_deterministic_system:g_deterministic.u_core|minesweeper_game_core:u_game|Decoder0~772                                                                                                                                                                                              ; LCCOMB_X14_Y21_N14 ; 4       ; Clock enable               ; no     ; --                   ; --               ; --                        ;
; minesweeper_jtag_top:u_top|minesweeper_mu500_system:u_system|minesweeper_deterministic_system:g_deterministic.u_core|minesweeper_game_core:u_game|Decoder0~773                                                                                                                                                                                              ; LCCOMB_X14_Y26_N22 ; 4       ; Clock enable               ; no     ; --                   ; --               ; --                        ;
; minesweeper_jtag_top:u_top|minesweeper_mu500_system:u_system|minesweeper_deterministic_system:g_deterministic.u_core|minesweeper_game_core:u_game|Decoder0~774                                                                                                                                                                                              ; LCCOMB_X12_Y18_N8  ; 4       ; Clock enable               ; no     ; --                   ; --               ; --                        ;
; minesweeper_jtag_top:u_top|minesweeper_mu500_system:u_system|minesweeper_deterministic_system:g_deterministic.u_core|minesweeper_game_core:u_game|Decoder0~775                                                                                                                                                                                              ; LCCOMB_X14_Y20_N8  ; 4       ; Clock enable               ; no     ; --                   ; --               ; --                        ;
; minesweeper_jtag_top:u_top|minesweeper_mu500_system:u_system|minesweeper_deterministic_system:g_deterministic.u_core|minesweeper_game_core:u_game|Decoder0~776                                                                                                                                                                                              ; LCCOMB_X14_Y19_N30 ; 4       ; Clock enable               ; no     ; --                   ; --               ; --                        ;
; minesweeper_jtag_top:u_top|minesweeper_mu500_system:u_system|minesweeper_deterministic_system:g_deterministic.u_core|minesweeper_game_core:u_game|Decoder0~777                                                                                                                                                                                              ; LCCOMB_X21_Y21_N20 ; 4       ; Clock enable               ; no     ; --                   ; --               ; --                        ;
; minesweeper_jtag_top:u_top|minesweeper_mu500_system:u_system|minesweeper_deterministic_system:g_deterministic.u_core|minesweeper_game_core:u_game|always1~10                                                                                                                                                                                                ; LCCOMB_X15_Y33_N28 ; 511     ; Clock enable, Sync. clear  ; no     ; --                   ; --               ; --                        ;
; minesweeper_jtag_top:u_top|minesweeper_mu500_system:u_system|minesweeper_deterministic_system:g_deterministic.u_core|minesweeper_game_core:u_game|comb~2                                                                                                                                                                                                    ; LCCOMB_X28_Y29_N28 ; 1       ; Clock enable, Write enable ; no     ; --                   ; --               ; --                        ;
; minesweeper_jtag_top:u_top|minesweeper_mu500_system:u_system|minesweeper_deterministic_system:g_deterministic.u_core|minesweeper_game_core:u_game|current_x[0]~3                                                                                                                                                                                            ; LCCOMB_X28_Y26_N0  ; 3       ; Clock enable               ; no     ; --                   ; --               ; --                        ;
; minesweeper_jtag_top:u_top|minesweeper_mu500_system:u_system|minesweeper_deterministic_system:g_deterministic.u_core|minesweeper_game_core:u_game|opened_mine_count[8]~27                                                                                                                                                                                   ; LCCOMB_X18_Y13_N20 ; 9       ; Clock enable               ; no     ; --                   ; --               ; --                        ;
; minesweeper_jtag_top:u_top|minesweeper_mu500_system:u_system|minesweeper_deterministic_system:g_deterministic.u_core|minesweeper_game_core:u_game|opened_safe_count[8]~13                                                                                                                                                                                   ; LCCOMB_X19_Y16_N4  ; 9       ; Clock enable               ; no     ; --                   ; --               ; --                        ;
; minesweeper_jtag_top:u_top|minesweeper_mu500_system:u_system|minesweeper_deterministic_system:g_deterministic.u_core|minesweeper_game_core:u_game|queue_count[8]~14                                                                                                                                                                                         ; LCCOMB_X28_Y29_N12 ; 9       ; Clock enable               ; no     ; --                   ; --               ; --                        ;
; minesweeper_jtag_top:u_top|minesweeper_mu500_system:u_system|minesweeper_deterministic_system:g_deterministic.u_core|minesweeper_game_core:u_game|queue_head[0]~30                                                                                                                                                                                          ; LCCOMB_X28_Y29_N4  ; 9       ; Clock enable               ; no     ; --                   ; --               ; --                        ;
; minesweeper_jtag_top:u_top|minesweeper_mu500_system:u_system|minesweeper_deterministic_system:g_deterministic.u_core|minesweeper_game_core:u_game|queue_head[5]~13                                                                                                                                                                                          ; LCCOMB_X25_Y24_N22 ; 9       ; Sync. clear                ; no     ; --                   ; --               ; --                        ;
; minesweeper_jtag_top:u_top|minesweeper_mu500_system:u_system|minesweeper_deterministic_system:g_deterministic.u_core|minesweeper_game_core:u_game|queue_tail[0]~30                                                                                                                                                                                          ; LCCOMB_X28_Y29_N18 ; 9       ; Clock enable               ; no     ; --                   ; --               ; --                        ;
; minesweeper_jtag_top:u_top|minesweeper_mu500_system:u_system|minesweeper_deterministic_system:g_deterministic.u_core|minesweeper_game_core:u_game|queue_tail[4]~13                                                                                                                                                                                          ; LCCOMB_X27_Y23_N2  ; 9       ; Sync. load                 ; no     ; --                   ; --               ; --                        ;
; minesweeper_jtag_top:u_top|minesweeper_mu500_system:u_system|minesweeper_deterministic_system:g_deterministic.u_core|minesweeper_game_core:u_game|reveal_y[0]~3                                                                                                                                                                                             ; LCCOMB_X28_Y26_N4  ; 15      ; Clock enable               ; no     ; --                   ; --               ; --                        ;
; minesweeper_jtag_top:u_top|minesweeper_mu500_system:u_system|minesweeper_deterministic_system:g_deterministic.u_core|minesweeper_game_core:u_game|scan_dx[1]~0                                                                                                                                                                                              ; LCCOMB_X30_Y23_N14 ; 2       ; Clock enable               ; no     ; --                   ; --               ; --                        ;
; minesweeper_jtag_top:u_top|minesweeper_mu500_system:u_system|minesweeper_deterministic_system:g_deterministic.u_core|minesweeper_game_core:u_game|scan_dy[1]~1                                                                                                                                                                                              ; LCCOMB_X30_Y23_N8  ; 2       ; Clock enable               ; no     ; --                   ; --               ; --                        ;
; minesweeper_jtag_top:u_top|minesweeper_mu500_system:u_system|minesweeper_deterministic_system:g_deterministic.u_core|minesweeper_game_core:u_game|state.STATE_REVEAL                                                                                                                                                                                        ; FF_X28_Y26_N15     ; 25      ; Sync. clear                ; no     ; --                   ; --               ; --                        ;
; minesweeper_jtag_top:u_top|minesweeper_mu500_system:u_system|minesweeper_deterministic_system:g_deterministic.u_core|minesweeper_game_core:u_game|state.STATE_SCAN                                                                                                                                                                                          ; FF_X28_Y26_N29     ; 40      ; Sync. load                 ; no     ; --                   ; --               ; --                        ;
; minesweeper_jtag_top:u_top|minesweeper_mu500_system:u_system|minesweeper_deterministic_system:g_deterministic.u_core|minesweeper_game_core:u_game|state~24                                                                                                                                                                                                  ; LCCOMB_X28_Y29_N8  ; 2       ; Clock enable               ; no     ; --                   ; --               ; --                        ;
; minesweeper_jtag_top:u_top|minesweeper_mu500_system:u_system|minesweeper_deterministic_system:g_deterministic.u_core|minesweeper_solver_deterministic:u_solver|Decoder0~2                                                                                                                                                                                   ; LCCOMB_X52_Y21_N20 ; 9       ; Clock enable               ; no     ; --                   ; --               ; --                        ;
; minesweeper_jtag_top:u_top|minesweeper_mu500_system:u_system|minesweeper_deterministic_system:g_deterministic.u_core|minesweeper_solver_deterministic:u_solver|Decoder0~4                                                                                                                                                                                   ; LCCOMB_X51_Y22_N18 ; 9       ; Clock enable               ; no     ; --                   ; --               ; --                        ;
; minesweeper_jtag_top:u_top|minesweeper_mu500_system:u_system|minesweeper_deterministic_system:g_deterministic.u_core|minesweeper_solver_deterministic:u_solver|Decoder0~5                                                                                                                                                                                   ; LCCOMB_X52_Y21_N8  ; 9       ; Clock enable               ; no     ; --                   ; --               ; --                        ;
; minesweeper_jtag_top:u_top|minesweeper_mu500_system:u_system|minesweeper_deterministic_system:g_deterministic.u_core|minesweeper_solver_deterministic:u_solver|active_x[3]~9                                                                                                                                                                                ; LCCOMB_X36_Y25_N22 ; 8       ; Clock enable               ; no     ; --                   ; --               ; --                        ;
; minesweeper_jtag_top:u_top|minesweeper_mu500_system:u_system|minesweeper_deterministic_system:g_deterministic.u_core|minesweeper_solver_deterministic:u_solver|always3~2                                                                                                                                                                                    ; LCCOMB_X50_Y24_N0  ; 84      ; Clock enable, Sync. clear  ; no     ; --                   ; --               ; --                        ;
; minesweeper_jtag_top:u_top|minesweeper_mu500_system:u_system|minesweeper_deterministic_system:g_deterministic.u_core|minesweeper_solver_deterministic:u_solver|best_candidate_ways[12]~1                                                                                                                                                                    ; LCCOMB_X33_Y11_N16 ; 11      ; Clock enable               ; no     ; --                   ; --               ; --                        ;
; minesweeper_jtag_top:u_top|minesweeper_mu500_system:u_system|minesweeper_deterministic_system:g_deterministic.u_core|minesweeper_solver_deterministic:u_solver|changed_x[0]~0                                                                                                                                                                               ; LCCOMB_X39_Y28_N18 ; 11      ; Clock enable               ; no     ; --                   ; --               ; --                        ;
; minesweeper_jtag_top:u_top|minesweeper_mu500_system:u_system|minesweeper_deterministic_system:g_deterministic.u_core|minesweeper_solver_deterministic:u_solver|collector_read_index[0]~0                                                                                                                                                                    ; LCCOMB_X50_Y24_N28 ; 9       ; Clock enable               ; no     ; --                   ; --               ; --                        ;
; minesweeper_jtag_top:u_top|minesweeper_mu500_system:u_system|minesweeper_deterministic_system:g_deterministic.u_core|minesweeper_solver_deterministic:u_solver|collector_scan_index[8]~5                                                                                                                                                                    ; LCCOMB_X43_Y25_N28 ; 8       ; Clock enable               ; no     ; --                   ; --               ; --                        ;
; minesweeper_jtag_top:u_top|minesweeper_mu500_system:u_system|minesweeper_deterministic_system:g_deterministic.u_core|minesweeper_solver_deterministic:u_solver|collector_seed_index[8]~27                                                                                                                                                                   ; LCCOMB_X48_Y24_N30 ; 10      ; Sync. clear                ; no     ; --                   ; --               ; --                        ;
; minesweeper_jtag_top:u_top|minesweeper_mu500_system:u_system|minesweeper_deterministic_system:g_deterministic.u_core|minesweeper_solver_deterministic:u_solver|collector_seed_index[8]~32                                                                                                                                                                   ; LCCOMB_X48_Y24_N26 ; 9       ; Clock enable               ; no     ; --                   ; --               ; --                        ;
; minesweeper_jtag_top:u_top|minesweeper_mu500_system:u_system|minesweeper_deterministic_system:g_deterministic.u_core|minesweeper_solver_deterministic:u_solver|collector_signature_0[8]~5                                                                                                                                                                   ; LCCOMB_X44_Y19_N24 ; 39      ; Clock enable               ; no     ; --                   ; --               ; --                        ;
; minesweeper_jtag_top:u_top|minesweeper_mu500_system:u_system|minesweeper_deterministic_system:g_deterministic.u_core|minesweeper_solver_deterministic:u_solver|collector_source_3[8]~0                                                                                                                                                                      ; LCCOMB_X51_Y22_N28 ; 9       ; Clock enable               ; no     ; --                   ; --               ; --                        ;
; minesweeper_jtag_top:u_top|minesweeper_mu500_system:u_system|minesweeper_deterministic_system:g_deterministic.u_core|minesweeper_solver_deterministic:u_solver|collector_source_count[2]~7                                                                                                                                                                  ; LCCOMB_X50_Y21_N4  ; 3       ; Clock enable               ; no     ; --                   ; --               ; --                        ;
; minesweeper_jtag_top:u_top|minesweeper_mu500_system:u_system|minesweeper_deterministic_system:g_deterministic.u_core|minesweeper_solver_deterministic:u_solver|component_apply_index[8]~0                                                                                                                                                                   ; LCCOMB_X44_Y19_N10 ; 10      ; Clock enable               ; no     ; --                   ; --               ; --                        ;
; minesweeper_jtag_top:u_top|minesweeper_mu500_system:u_system|minesweeper_deterministic_system:g_deterministic.u_core|minesweeper_solver_deterministic:u_solver|cycle_count[5]~96                                                                                                                                                                            ; LCCOMB_X49_Y28_N0  ; 32      ; Clock enable               ; no     ; --                   ; --               ; --                        ;
; minesweeper_jtag_top:u_top|minesweeper_mu500_system:u_system|minesweeper_deterministic_system:g_deterministic.u_core|minesweeper_solver_deterministic:u_solver|known_mine_count[5]~13                                                                                                                                                                       ; LCCOMB_X35_Y25_N2  ; 9       ; Sync. clear                ; no     ; --                   ; --               ; --                        ;
; minesweeper_jtag_top:u_top|minesweeper_mu500_system:u_system|minesweeper_deterministic_system:g_deterministic.u_core|minesweeper_solver_deterministic:u_solver|known_mine_count[5]~14                                                                                                                                                                       ; LCCOMB_X35_Y25_N28 ; 9       ; Clock enable               ; no     ; --                   ; --               ; --                        ;
; minesweeper_jtag_top:u_top|minesweeper_mu500_system:u_system|minesweeper_deterministic_system:g_deterministic.u_core|minesweeper_solver_deterministic:u_solver|mines[5]~0                                                                                                                                                                                   ; LCCOMB_X49_Y28_N26 ; 435     ; Clock enable, Sync. clear  ; no     ; --                   ; --               ; --                        ;
; minesweeper_jtag_top:u_top|minesweeper_mu500_system:u_system|minesweeper_deterministic_system:g_deterministic.u_core|minesweeper_solver_deterministic:u_solver|observed_safe_count[8]~28                                                                                                                                                                    ; LCCOMB_X43_Y25_N6  ; 9       ; Clock enable               ; no     ; --                   ; --               ; --                        ;
; minesweeper_jtag_top:u_top|minesweeper_mu500_system:u_system|minesweeper_deterministic_system:g_deterministic.u_core|minesweeper_solver_deterministic:u_solver|observed_safe_count~27                                                                                                                                                                       ; LCCOMB_X43_Y27_N20 ; 9       ; Sync. clear                ; no     ; --                   ; --               ; --                        ;
; minesweeper_jtag_top:u_top|minesweeper_mu500_system:u_system|minesweeper_deterministic_system:g_deterministic.u_core|minesweeper_solver_deterministic:u_solver|pending_reveal_index[8]~0                                                                                                                                                                    ; LCCOMB_X39_Y27_N18 ; 24      ; Clock enable               ; no     ; --                   ; --               ; --                        ;
; minesweeper_jtag_top:u_top|minesweeper_mu500_system:u_system|minesweeper_deterministic_system:g_deterministic.u_core|minesweeper_solver_deterministic:u_solver|queued_safe_count[6]~15                                                                                                                                                                      ; LCCOMB_X44_Y27_N24 ; 10      ; Sync. clear                ; no     ; --                   ; --               ; --                        ;
; minesweeper_jtag_top:u_top|minesweeper_mu500_system:u_system|minesweeper_deterministic_system:g_deterministic.u_core|minesweeper_solver_deterministic:u_solver|queued_safe_count[6]~32                                                                                                                                                                      ; LCCOMB_X44_Y27_N26 ; 9       ; Clock enable               ; no     ; --                   ; --               ; --                        ;
; minesweeper_jtag_top:u_top|minesweeper_mu500_system:u_system|minesweeper_deterministic_system:g_deterministic.u_core|minesweeper_solver_deterministic:u_solver|r5_apply_base_x[0]~2                                                                                                                                                                         ; LCCOMB_X52_Y29_N0  ; 13      ; Clock enable               ; no     ; --                   ; --               ; --                        ;
; minesweeper_jtag_top:u_top|minesweeper_mu500_system:u_system|minesweeper_deterministic_system:g_deterministic.u_core|minesweeper_solver_deterministic:u_solver|r5_apply_mask[24]~4                                                                                                                                                                          ; LCCOMB_X49_Y28_N2  ; 25      ; Clock enable               ; no     ; --                   ; --               ; --                        ;
; minesweeper_jtag_top:u_top|minesweeper_mu500_system:u_system|minesweeper_deterministic_system:g_deterministic.u_core|minesweeper_solver_deterministic:u_solver|r5_candidate_offset[4]~16                                                                                                                                                                    ; LCCOMB_X59_Y28_N2  ; 5       ; Sync. clear                ; no     ; --                   ; --               ; --                        ;
; minesweeper_jtag_top:u_top|minesweeper_mu500_system:u_system|minesweeper_deterministic_system:g_deterministic.u_core|minesweeper_solver_deterministic:u_solver|r5_candidate_offset[4]~18                                                                                                                                                                    ; LCCOMB_X53_Y28_N26 ; 5       ; Clock enable               ; no     ; --                   ; --               ; --                        ;
; minesweeper_jtag_top:u_top|minesweeper_mu500_system:u_system|minesweeper_deterministic_system:g_deterministic.u_core|minesweeper_solver_deterministic:u_solver|r5_center_x[0]~5                                                                                                                                                                             ; LCCOMB_X59_Y27_N12 ; 5       ; Clock enable               ; no     ; --                   ; --               ; --                        ;
; minesweeper_jtag_top:u_top|minesweeper_mu500_system:u_system|minesweeper_deterministic_system:g_deterministic.u_core|minesweeper_solver_deterministic:u_solver|r5_center_y[0]~7                                                                                                                                                                             ; LCCOMB_X63_Y29_N22 ; 5       ; Clock enable               ; no     ; --                   ; --               ; --                        ;
; minesweeper_jtag_top:u_top|minesweeper_mu500_system:u_system|minesweeper_deterministic_system:g_deterministic.u_core|minesweeper_solver_deterministic:u_solver|ram_clear_start                                                                                                                                                                              ; FF_X49_Y28_N5      ; 1154    ; Sync. clear                ; no     ; --                   ; --               ; --                        ;
; minesweeper_jtag_top:u_top|minesweeper_mu500_system:u_system|minesweeper_deterministic_system:g_deterministic.u_core|minesweeper_solver_deterministic:u_solver|remaining_mines[8]~31                                                                                                                                                                        ; LCCOMB_X30_Y21_N26 ; 9       ; Sync. load                 ; no     ; --                   ; --               ; --                        ;
; minesweeper_jtag_top:u_top|minesweeper_mu500_system:u_system|minesweeper_deterministic_system:g_deterministic.u_core|minesweeper_solver_deterministic:u_solver|remaining_mines[8]~32                                                                                                                                                                        ; LCCOMB_X30_Y21_N20 ; 9       ; Clock enable               ; no     ; --                   ; --               ; --                        ;
; minesweeper_jtag_top:u_top|minesweeper_mu500_system:u_system|minesweeper_deterministic_system:g_deterministic.u_core|minesweeper_solver_deterministic:u_solver|rescue_step[2]~0                                                                                                                                                                             ; LCCOMB_X36_Y25_N28 ; 3       ; Clock enable               ; no     ; --                   ; --               ; --                        ;
; minesweeper_jtag_top:u_top|minesweeper_mu500_system:u_system|minesweeper_deterministic_system:g_deterministic.u_core|minesweeper_solver_deterministic:u_solver|scan_clue[0]~3                                                                                                                                                                               ; LCCOMB_X50_Y26_N28 ; 5       ; Clock enable               ; no     ; --                   ; --               ; --                        ;
; minesweeper_jtag_top:u_top|minesweeper_mu500_system:u_system|minesweeper_deterministic_system:g_deterministic.u_core|minesweeper_solver_deterministic:u_solver|scan_x[4]~0                                                                                                                                                                                  ; LCCOMB_X42_Y25_N0  ; 5       ; Clock enable               ; no     ; --                   ; --               ; --                        ;
; minesweeper_jtag_top:u_top|minesweeper_mu500_system:u_system|minesweeper_deterministic_system:g_deterministic.u_core|minesweeper_solver_deterministic:u_solver|scan_y[4]~2                                                                                                                                                                                  ; LCCOMB_X42_Y25_N4  ; 5       ; Clock enable               ; no     ; --                   ; --               ; --                        ;
; minesweeper_jtag_top:u_top|minesweeper_mu500_system:u_system|minesweeper_deterministic_system:g_deterministic.u_core|minesweeper_solver_deterministic:u_solver|selections_issued[0]~11                                                                                                                                                                      ; LCCOMB_X30_Y28_N16 ; 9       ; Clock enable               ; no     ; --                   ; --               ; --                        ;
; minesweeper_jtag_top:u_top|minesweeper_mu500_system:u_system|minesweeper_deterministic_system:g_deterministic.u_core|minesweeper_solver_deterministic:u_solver|solver_constraint_cache:u_constraint_cache|always1~1                                                                                                                                         ; LCCOMB_X63_Y19_N20 ; 2       ; Clock enable, Write enable ; no     ; --                   ; --               ; --                        ;
; minesweeper_jtag_top:u_top|minesweeper_mu500_system:u_system|minesweeper_deterministic_system:g_deterministic.u_core|minesweeper_solver_deterministic:u_solver|solver_derived_constraint_store:u_derived_constraint_store|always0~35                                                                                                                        ; LCCOMB_X56_Y26_N8  ; 282     ; Clock enable, Sync. clear  ; no     ; --                   ; --               ; --                        ;
; minesweeper_jtag_top:u_top|minesweeper_mu500_system:u_system|minesweeper_deterministic_system:g_deterministic.u_core|minesweeper_solver_deterministic:u_solver|solver_derived_constraint_store:u_derived_constraint_store|constraint_mem~0                                                                                                                  ; LCCOMB_X57_Y25_N14 ; 2       ; Clock enable, Write enable ; no     ; --                   ; --               ; --                        ;
; minesweeper_jtag_top:u_top|minesweeper_mu500_system:u_system|minesweeper_deterministic_system:g_deterministic.u_core|minesweeper_solver_deterministic:u_solver|solver_derived_constraint_store:u_derived_constraint_store|pending_base_x[6]~11                                                                                                              ; LCCOMB_X59_Y26_N4  ; 7       ; Clock enable               ; no     ; --                   ; --               ; --                        ;
; minesweeper_jtag_top:u_top|minesweeper_mu500_system:u_system|minesweeper_deterministic_system:g_deterministic.u_core|minesweeper_solver_deterministic:u_solver|solver_derived_constraint_store:u_derived_constraint_store|pending_base_y[6]~10                                                                                                              ; LCCOMB_X55_Y26_N30 ; 7       ; Clock enable               ; no     ; --                   ; --               ; --                        ;
; minesweeper_jtag_top:u_top|minesweeper_mu500_system:u_system|minesweeper_deterministic_system:g_deterministic.u_core|minesweeper_solver_deterministic:u_solver|solver_derived_constraint_store:u_derived_constraint_store|pending_generation[7]~3                                                                                                           ; LCCOMB_X57_Y26_N30 ; 12      ; Clock enable               ; no     ; --                   ; --               ; --                        ;
; minesweeper_jtag_top:u_top|minesweeper_mu500_system:u_system|minesweeper_deterministic_system:g_deterministic.u_core|minesweeper_solver_deterministic:u_solver|solver_derived_constraint_store:u_derived_constraint_store|pending_mask[23]~3                                                                                                                ; LCCOMB_X54_Y27_N18 ; 24      ; Clock enable               ; no     ; --                   ; --               ; --                        ;
; minesweeper_jtag_top:u_top|minesweeper_mu500_system:u_system|minesweeper_deterministic_system:g_deterministic.u_core|minesweeper_solver_deterministic:u_solver|solver_derived_constraint_store:u_derived_constraint_store|probe_count[1]~2                                                                                                                  ; LCCOMB_X52_Y26_N6  ; 6       ; Clock enable               ; no     ; --                   ; --               ; --                        ;
; minesweeper_jtag_top:u_top|minesweeper_mu500_system:u_system|minesweeper_deterministic_system:g_deterministic.u_core|minesweeper_solver_deterministic:u_solver|solver_derived_constraint_store:u_derived_constraint_store|probe_index[7]~2                                                                                                                  ; LCCOMB_X57_Y25_N26 ; 8       ; Clock enable               ; no     ; --                   ; --               ; --                        ;
; minesweeper_jtag_top:u_top|minesweeper_mu500_system:u_system|minesweeper_deterministic_system:g_deterministic.u_core|minesweeper_solver_deterministic:u_solver|solver_derived_constraint_store:u_derived_constraint_store|read_data[0]~0                                                                                                                    ; LCCOMB_X57_Y25_N18 ; 3       ; Clock enable               ; no     ; --                   ; --               ; --                        ;
; minesweeper_jtag_top:u_top|minesweeper_mu500_system:u_system|minesweeper_deterministic_system:g_deterministic.u_core|minesweeper_solver_deterministic:u_solver|solver_derived_constraint_store:u_derived_constraint_store|state.ST_NORMALIZE_X                                                                                                              ; FF_X56_Y26_N29     ; 35      ; Sync. clear, Sync. load    ; no     ; --                   ; --               ; --                        ;
; minesweeper_jtag_top:u_top|minesweeper_mu500_system:u_system|minesweeper_deterministic_system:g_deterministic.u_core|minesweeper_solver_deterministic:u_solver|solver_derived_constraint_store:u_derived_constraint_store|state.ST_NORMALIZE_Y                                                                                                              ; FF_X56_Y26_N15     ; 37      ; Sync. load                 ; no     ; --                   ; --               ; --                        ;
; minesweeper_jtag_top:u_top|minesweeper_mu500_system:u_system|minesweeper_deterministic_system:g_deterministic.u_core|minesweeper_solver_deterministic:u_solver|solver_dirty_fifo:u_change_fifo|comb~0                                                                                                                                                       ; LCCOMB_X39_Y29_N2  ; 3       ; Clock enable, Write enable ; no     ; --                   ; --               ; --                        ;
; minesweeper_jtag_top:u_top|minesweeper_mu500_system:u_system|minesweeper_deterministic_system:g_deterministic.u_core|minesweeper_solver_deterministic:u_solver|solver_dirty_fifo:u_change_fifo|count[4]~11                                                                                                                                                  ; LCCOMB_X38_Y29_N4  ; 9       ; Clock enable               ; no     ; --                   ; --               ; --                        ;
; minesweeper_jtag_top:u_top|minesweeper_mu500_system:u_system|minesweeper_deterministic_system:g_deterministic.u_core|minesweeper_solver_deterministic:u_solver|solver_dirty_fifo:u_change_fifo|queue_mem~39                                                                                                                                                 ; LCCOMB_X42_Y28_N0  ; 10      ; Clock enable               ; no     ; --                   ; --               ; --                        ;
; minesweeper_jtag_top:u_top|minesweeper_mu500_system:u_system|minesweeper_deterministic_system:g_deterministic.u_core|minesweeper_solver_deterministic:u_solver|solver_dirty_fifo:u_change_fifo|tail[8]~11                                                                                                                                                   ; LCCOMB_X42_Y28_N30 ; 9       ; Sync. clear                ; no     ; --                   ; --               ; --                        ;
; minesweeper_jtag_top:u_top|minesweeper_mu500_system:u_system|minesweeper_deterministic_system:g_deterministic.u_core|minesweeper_solver_deterministic:u_solver|solver_dirty_fifo:u_change_fifo|tail[8]~12                                                                                                                                                   ; LCCOMB_X43_Y29_N28 ; 9       ; Clock enable               ; no     ; --                   ; --               ; --                        ;
; minesweeper_jtag_top:u_top|minesweeper_mu500_system:u_system|minesweeper_deterministic_system:g_deterministic.u_core|minesweeper_solver_deterministic:u_solver|solver_dirty_fifo:u_dirty_fifo|comb~0                                                                                                                                                        ; LCCOMB_X43_Y22_N16 ; 3       ; Clock enable, Write enable ; no     ; --                   ; --               ; --                        ;
; minesweeper_jtag_top:u_top|minesweeper_mu500_system:u_system|minesweeper_deterministic_system:g_deterministic.u_core|minesweeper_solver_deterministic:u_solver|solver_dirty_fifo:u_dirty_fifo|count[4]~11                                                                                                                                                   ; LCCOMB_X41_Y22_N14 ; 9       ; Clock enable               ; no     ; --                   ; --               ; --                        ;
; minesweeper_jtag_top:u_top|minesweeper_mu500_system:u_system|minesweeper_deterministic_system:g_deterministic.u_core|minesweeper_solver_deterministic:u_solver|solver_dirty_fifo:u_dirty_fifo|queue_mem~39                                                                                                                                                  ; LCCOMB_X39_Y22_N6  ; 10      ; Clock enable               ; no     ; --                   ; --               ; --                        ;
; minesweeper_jtag_top:u_top|minesweeper_mu500_system:u_system|minesweeper_deterministic_system:g_deterministic.u_core|minesweeper_solver_deterministic:u_solver|solver_dirty_fifo:u_dirty_fifo|tail[4]~11                                                                                                                                                    ; LCCOMB_X39_Y22_N10 ; 9       ; Sync. clear                ; no     ; --                   ; --               ; --                        ;
; minesweeper_jtag_top:u_top|minesweeper_mu500_system:u_system|minesweeper_deterministic_system:g_deterministic.u_core|minesweeper_solver_deterministic:u_solver|solver_dirty_fifo:u_dirty_fifo|tail[4]~12                                                                                                                                                    ; LCCOMB_X39_Y22_N30 ; 9       ; Clock enable               ; no     ; --                   ; --               ; --                        ;
; minesweeper_jtag_top:u_top|minesweeper_mu500_system:u_system|minesweeper_deterministic_system:g_deterministic.u_core|minesweeper_solver_deterministic:u_solver|solver_neighbor_scan:u_neighbor_scan|Selector40~0                                                                                                                                            ; LCCOMB_X48_Y25_N14 ; 3       ; Clock enable               ; no     ; --                   ; --               ; --                        ;
; minesweeper_jtag_top:u_top|minesweeper_mu500_system:u_system|minesweeper_deterministic_system:g_deterministic.u_core|minesweeper_solver_deterministic:u_solver|solver_neighbor_scan:u_neighbor_scan|clue[0]~0                                                                                                                                               ; LCCOMB_X42_Y26_N2  ; 30      ; Clock enable               ; no     ; --                   ; --               ; --                        ;
; minesweeper_jtag_top:u_top|minesweeper_mu500_system:u_system|minesweeper_deterministic_system:g_deterministic.u_core|minesweeper_solver_deterministic:u_solver|solver_neighbor_scan:u_neighbor_scan|emit_state[1]~1                                                                                                                                         ; LCCOMB_X48_Y25_N20 ; 3       ; Clock enable               ; no     ; --                   ; --               ; --                        ;
; minesweeper_jtag_top:u_top|minesweeper_mu500_system:u_system|minesweeper_deterministic_system:g_deterministic.u_core|minesweeper_solver_deterministic:u_solver|solver_neighbor_scan:u_neighbor_scan|known_mines[0]~4                                                                                                                                        ; LCCOMB_X49_Y26_N28 ; 4       ; Clock enable               ; no     ; --                   ; --               ; --                        ;
; minesweeper_jtag_top:u_top|minesweeper_mu500_system:u_system|minesweeper_deterministic_system:g_deterministic.u_core|minesweeper_solver_deterministic:u_solver|solver_neighbor_scan:u_neighbor_scan|state.ST_CLASSIFY                                                                                                                                       ; FF_X42_Y26_N13     ; 9       ; Clock enable               ; no     ; --                   ; --               ; --                        ;
; minesweeper_jtag_top:u_top|minesweeper_mu500_system:u_system|minesweeper_deterministic_system:g_deterministic.u_core|minesweeper_solver_deterministic:u_solver|solver_neighbor_scan:u_neighbor_scan|state.ST_READ                                                                                                                                           ; FF_X42_Y26_N9      ; 16      ; Sync. clear                ; no     ; --                   ; --               ; --                        ;
; minesweeper_jtag_top:u_top|minesweeper_mu500_system:u_system|minesweeper_deterministic_system:g_deterministic.u_core|minesweeper_solver_deterministic:u_solver|solver_neighbor_scan:u_neighbor_scan|unknown_count[3]~2                                                                                                                                      ; LCCOMB_X49_Y26_N18 ; 4       ; Clock enable               ; no     ; --                   ; --               ; --                        ;
; minesweeper_jtag_top:u_top|minesweeper_mu500_system:u_system|minesweeper_deterministic_system:g_deterministic.u_core|minesweeper_solver_deterministic:u_solver|solver_neighbor_scan:u_neighbor_scan|unknown_y~66                                                                                                                                            ; LCCOMB_X48_Y26_N6  ; 10      ; Clock enable               ; no     ; --                   ; --               ; --                        ;
; minesweeper_jtag_top:u_top|minesweeper_mu500_system:u_system|minesweeper_deterministic_system:g_deterministic.u_core|minesweeper_solver_deterministic:u_solver|solver_neighbor_scan:u_neighbor_scan|unknown_y~68                                                                                                                                            ; LCCOMB_X48_Y26_N18 ; 10      ; Clock enable               ; no     ; --                   ; --               ; --                        ;
; minesweeper_jtag_top:u_top|minesweeper_mu500_system:u_system|minesweeper_deterministic_system:g_deterministic.u_core|minesweeper_solver_deterministic:u_solver|solver_neighbor_scan:u_neighbor_scan|unknown_y~69                                                                                                                                            ; LCCOMB_X48_Y26_N4  ; 10      ; Clock enable               ; no     ; --                   ; --               ; --                        ;
; minesweeper_jtag_top:u_top|minesweeper_mu500_system:u_system|minesweeper_deterministic_system:g_deterministic.u_core|minesweeper_solver_deterministic:u_solver|solver_neighbor_scan:u_neighbor_scan|unknown_y~70                                                                                                                                            ; LCCOMB_X48_Y26_N14 ; 10      ; Clock enable               ; no     ; --                   ; --               ; --                        ;
; minesweeper_jtag_top:u_top|minesweeper_mu500_system:u_system|minesweeper_deterministic_system:g_deterministic.u_core|minesweeper_solver_deterministic:u_solver|solver_neighbor_scan:u_neighbor_scan|unknown_y~71                                                                                                                                            ; LCCOMB_X48_Y26_N16 ; 10      ; Clock enable               ; no     ; --                   ; --               ; --                        ;
; minesweeper_jtag_top:u_top|minesweeper_mu500_system:u_system|minesweeper_deterministic_system:g_deterministic.u_core|minesweeper_solver_deterministic:u_solver|solver_neighbor_scan:u_neighbor_scan|unknown_y~72                                                                                                                                            ; LCCOMB_X48_Y26_N10 ; 10      ; Clock enable               ; no     ; --                   ; --               ; --                        ;
; minesweeper_jtag_top:u_top|minesweeper_mu500_system:u_system|minesweeper_deterministic_system:g_deterministic.u_core|minesweeper_solver_deterministic:u_solver|solver_neighbor_scan:u_neighbor_scan|unknown_y~73                                                                                                                                            ; LCCOMB_X48_Y26_N12 ; 10      ; Clock enable               ; no     ; --                   ; --               ; --                        ;
; minesweeper_jtag_top:u_top|minesweeper_mu500_system:u_system|minesweeper_deterministic_system:g_deterministic.u_core|minesweeper_solver_deterministic:u_solver|solver_neighbor_scan:u_neighbor_scan|unknown_y~74                                                                                                                                            ; LCCOMB_X48_Y25_N18 ; 10      ; Clock enable               ; no     ; --                   ; --               ; --                        ;
; minesweeper_jtag_top:u_top|minesweeper_mu500_system:u_system|minesweeper_deterministic_system:g_deterministic.u_core|minesweeper_solver_deterministic:u_solver|solver_safe_fifo:u_safe_fifo|comb~0                                                                                                                                                          ; LCCOMB_X43_Y30_N24 ; 3       ; Clock enable, Write enable ; no     ; --                   ; --               ; --                        ;
; minesweeper_jtag_top:u_top|minesweeper_mu500_system:u_system|minesweeper_deterministic_system:g_deterministic.u_core|minesweeper_solver_deterministic:u_solver|solver_safe_fifo:u_safe_fifo|count[7]~17                                                                                                                                                     ; LCCOMB_X45_Y29_N30 ; 9       ; Clock enable               ; no     ; --                   ; --               ; --                        ;
; minesweeper_jtag_top:u_top|minesweeper_mu500_system:u_system|minesweeper_deterministic_system:g_deterministic.u_core|minesweeper_solver_deterministic:u_solver|solver_safe_fifo:u_safe_fifo|queue_mem~39                                                                                                                                                    ; LCCOMB_X43_Y30_N0  ; 10      ; Clock enable               ; no     ; --                   ; --               ; --                        ;
; minesweeper_jtag_top:u_top|minesweeper_mu500_system:u_system|minesweeper_deterministic_system:g_deterministic.u_core|minesweeper_solver_deterministic:u_solver|solver_safe_fifo:u_safe_fifo|tail[1]~11                                                                                                                                                      ; LCCOMB_X43_Y30_N28 ; 9       ; Sync. clear                ; no     ; --                   ; --               ; --                        ;
; minesweeper_jtag_top:u_top|minesweeper_mu500_system:u_system|minesweeper_deterministic_system:g_deterministic.u_core|minesweeper_solver_deterministic:u_solver|solver_safe_fifo:u_safe_fifo|tail[1]~12                                                                                                                                                      ; LCCOMB_X43_Y30_N22 ; 9       ; Clock enable               ; no     ; --                   ; --               ; --                        ;
; minesweeper_jtag_top:u_top|minesweeper_mu500_system:u_system|minesweeper_deterministic_system:g_deterministic.u_core|minesweeper_solver_deterministic:u_solver|solver_small_component_pipeline:u_small_component_pipeline|candidate_best_mines[15]~22                                                                                                       ; LCCOMB_X38_Y10_N6  ; 28      ; Clock enable               ; no     ; --                   ; --               ; --                        ;
; minesweeper_jtag_top:u_top|minesweeper_mu500_system:u_system|minesweeper_deterministic_system:g_deterministic.u_core|minesweeper_solver_deterministic:u_solver|solver_small_component_pipeline:u_small_component_pipeline|candidate_best_mines[9]~21                                                                                                        ; LCCOMB_X38_Y10_N20 ; 13      ; Clock enable               ; no     ; --                   ; --               ; --                        ;
; minesweeper_jtag_top:u_top|minesweeper_mu500_system:u_system|minesweeper_deterministic_system:g_deterministic.u_core|minesweeper_solver_deterministic:u_solver|solver_small_component_pipeline:u_small_component_pipeline|candidate_cell[6]~33                                                                                                              ; LCCOMB_X46_Y10_N22 ; 35      ; Clock enable               ; no     ; --                   ; --               ; --                        ;
; minesweeper_jtag_top:u_top|minesweeper_mu500_system:u_system|minesweeper_deterministic_system:g_deterministic.u_core|minesweeper_solver_deterministic:u_solver|solver_small_component_pipeline:u_small_component_pipeline|candidate_current_cell[5]~2                                                                                                       ; LCCOMB_X46_Y10_N10 ; 41      ; Clock enable               ; no     ; --                   ; --               ; --                        ;
; minesweeper_jtag_top:u_top|minesweeper_mu500_system:u_system|minesweeper_deterministic_system:g_deterministic.u_core|minesweeper_solver_deterministic:u_solver|solver_small_component_pipeline:u_small_component_pipeline|candidate_current_mines[0]~38                                                                                                     ; LCCOMB_X39_Y8_N30  ; 32      ; Sync. clear                ; no     ; --                   ; --               ; --                        ;
; minesweeper_jtag_top:u_top|minesweeper_mu500_system:u_system|minesweeper_deterministic_system:g_deterministic.u_core|minesweeper_solver_deterministic:u_solver|solver_small_component_pipeline:u_small_component_pipeline|candidate_variable[0]~7                                                                                                           ; LCCOMB_X48_Y11_N4  ; 4       ; Clock enable               ; no     ; --                   ; --               ; --                        ;
; minesweeper_jtag_top:u_top|minesweeper_mu500_system:u_system|minesweeper_deterministic_system:g_deterministic.u_core|minesweeper_solver_deterministic:u_solver|solver_small_component_pipeline:u_small_component_pipeline|candidate_variable[3]                                                                                                             ; FF_X46_Y10_N5      ; 38      ; Sync. load                 ; no     ; --                   ; --               ; --                        ;
; minesweeper_jtag_top:u_top|minesweeper_mu500_system:u_system|minesweeper_deterministic_system:g_deterministic.u_core|minesweeper_solver_deterministic:u_solver|solver_small_component_pipeline:u_small_component_pipeline|child_reset~0                                                                                                                     ; LCCOMB_X43_Y10_N8  ; 157     ; Sync. clear                ; no     ; --                   ; --               ; --                        ;
; minesweeper_jtag_top:u_top|minesweeper_mu500_system:u_system|minesweeper_deterministic_system:g_deterministic.u_core|minesweeper_solver_deterministic:u_solver|solver_small_component_pipeline:u_small_component_pipeline|load_constraint_index[1]~10                                                                                                       ; LCCOMB_X51_Y9_N22  ; 4       ; Clock enable               ; no     ; --                   ; --               ; --                        ;
; minesweeper_jtag_top:u_top|minesweeper_mu500_system:u_system|minesweeper_deterministic_system:g_deterministic.u_core|minesweeper_solver_deterministic:u_solver|solver_small_component_pipeline:u_small_component_pipeline|solver_component_adapter:u_adapter|active_center_x[0]~7                                                                           ; LCCOMB_X48_Y21_N26 ; 32      ; Clock enable               ; no     ; --                   ; --               ; --                        ;
; minesweeper_jtag_top:u_top|minesweeper_mu500_system:u_system|minesweeper_deterministic_system:g_deterministic.u_core|minesweeper_solver_deterministic:u_solver|solver_small_component_pipeline:u_small_component_pipeline|solver_component_adapter:u_adapter|builder_cell_index[4]~11                                                                       ; LCCOMB_X49_Y13_N30 ; 9       ; Clock enable               ; no     ; --                   ; --               ; --                        ;
; minesweeper_jtag_top:u_top|minesweeper_mu500_system:u_system|minesweeper_deterministic_system:g_deterministic.u_core|minesweeper_solver_deterministic:u_solver|solver_small_component_pipeline:u_small_component_pipeline|solver_component_adapter:u_adapter|position[2]~10                                                                                 ; LCCOMB_X48_Y21_N22 ; 5       ; Clock enable               ; no     ; --                   ; --               ; --                        ;
; minesweeper_jtag_top:u_top|minesweeper_mu500_system:u_system|minesweeper_deterministic_system:g_deterministic.u_core|minesweeper_solver_deterministic:u_solver|solver_small_component_pipeline:u_small_component_pipeline|solver_component_adapter:u_adapter|position[2]~7                                                                                  ; LCCOMB_X48_Y21_N20 ; 5       ; Sync. clear                ; no     ; --                   ; --               ; --                        ;
; minesweeper_jtag_top:u_top|minesweeper_mu500_system:u_system|minesweeper_deterministic_system:g_deterministic.u_core|minesweeper_solver_deterministic:u_solver|solver_small_component_pipeline:u_small_component_pipeline|solver_component_builder:u_builder|Decoder2~10                                                                                    ; LCCOMB_X49_Y9_N30  ; 16      ; Clock enable               ; no     ; --                   ; --               ; --                        ;
; minesweeper_jtag_top:u_top|minesweeper_mu500_system:u_system|minesweeper_deterministic_system:g_deterministic.u_core|minesweeper_solver_deterministic:u_solver|solver_small_component_pipeline:u_small_component_pipeline|solver_component_builder:u_builder|Decoder2~7                                                                                     ; LCCOMB_X52_Y8_N26  ; 16      ; Clock enable               ; no     ; --                   ; --               ; --                        ;
; minesweeper_jtag_top:u_top|minesweeper_mu500_system:u_system|minesweeper_deterministic_system:g_deterministic.u_core|minesweeper_solver_deterministic:u_solver|solver_small_component_pipeline:u_small_component_pipeline|solver_component_builder:u_builder|Decoder2~8                                                                                     ; LCCOMB_X52_Y8_N20  ; 16      ; Clock enable               ; no     ; --                   ; --               ; --                        ;
; minesweeper_jtag_top:u_top|minesweeper_mu500_system:u_system|minesweeper_deterministic_system:g_deterministic.u_core|minesweeper_solver_deterministic:u_solver|solver_small_component_pipeline:u_small_component_pipeline|solver_component_builder:u_builder|Decoder2~9                                                                                     ; LCCOMB_X52_Y8_N22  ; 16      ; Clock enable               ; no     ; --                   ; --               ; --                        ;
; minesweeper_jtag_top:u_top|minesweeper_mu500_system:u_system|minesweeper_deterministic_system:g_deterministic.u_core|minesweeper_solver_deterministic:u_solver|solver_small_component_pipeline:u_small_component_pipeline|solver_component_builder:u_builder|component_valid~3                                                                              ; LCCOMB_X49_Y9_N10  ; 1       ; Clock enable               ; no     ; --                   ; --               ; --                        ;
; minesweeper_jtag_top:u_top|minesweeper_mu500_system:u_system|minesweeper_deterministic_system:g_deterministic.u_core|minesweeper_solver_deterministic:u_solver|solver_small_component_pipeline:u_small_component_pipeline|solver_component_builder:u_builder|constraint_count[0]~18                                                                         ; LCCOMB_X52_Y8_N24  ; 5       ; Clock enable               ; no     ; --                   ; --               ; --                        ;
; minesweeper_jtag_top:u_top|minesweeper_mu500_system:u_system|minesweeper_deterministic_system:g_deterministic.u_core|minesweeper_solver_deterministic:u_solver|solver_small_component_pipeline:u_small_component_pipeline|solver_component_builder:u_builder|existing_variable_count[0]~2                                                                   ; LCCOMB_X49_Y9_N20  ; 8       ; Clock enable               ; no     ; --                   ; --               ; --                        ;
; minesweeper_jtag_top:u_top|minesweeper_mu500_system:u_system|minesweeper_deterministic_system:g_deterministic.u_core|minesweeper_solver_deterministic:u_solver|solver_small_component_pipeline:u_small_component_pipeline|solver_component_builder:u_builder|variable_cells[0][8]~30                                                                        ; LCCOMB_X46_Y12_N18 ; 9       ; Clock enable               ; no     ; --                   ; --               ; --                        ;
; minesweeper_jtag_top:u_top|minesweeper_mu500_system:u_system|minesweeper_deterministic_system:g_deterministic.u_core|minesweeper_solver_deterministic:u_solver|solver_small_component_pipeline:u_small_component_pipeline|solver_component_builder:u_builder|variable_cells[10][8]~33                                                                       ; LCCOMB_X45_Y12_N28 ; 9       ; Clock enable               ; no     ; --                   ; --               ; --                        ;
; minesweeper_jtag_top:u_top|minesweeper_mu500_system:u_system|minesweeper_deterministic_system:g_deterministic.u_core|minesweeper_solver_deterministic:u_solver|solver_small_component_pipeline:u_small_component_pipeline|solver_component_builder:u_builder|variable_cells[11][8]~35                                                                       ; LCCOMB_X45_Y12_N6  ; 9       ; Clock enable               ; no     ; --                   ; --               ; --                        ;
; minesweeper_jtag_top:u_top|minesweeper_mu500_system:u_system|minesweeper_deterministic_system:g_deterministic.u_core|minesweeper_solver_deterministic:u_solver|solver_small_component_pipeline:u_small_component_pipeline|solver_component_builder:u_builder|variable_cells[1][8]~29                                                                        ; LCCOMB_X46_Y12_N0  ; 9       ; Clock enable               ; no     ; --                   ; --               ; --                        ;
; minesweeper_jtag_top:u_top|minesweeper_mu500_system:u_system|minesweeper_deterministic_system:g_deterministic.u_core|minesweeper_solver_deterministic:u_solver|solver_small_component_pipeline:u_small_component_pipeline|solver_component_builder:u_builder|variable_cells[2][8]~28                                                                        ; LCCOMB_X45_Y12_N8  ; 9       ; Clock enable               ; no     ; --                   ; --               ; --                        ;
; minesweeper_jtag_top:u_top|minesweeper_mu500_system:u_system|minesweeper_deterministic_system:g_deterministic.u_core|minesweeper_solver_deterministic:u_solver|solver_small_component_pipeline:u_small_component_pipeline|solver_component_builder:u_builder|variable_cells[3][8]~31                                                                        ; LCCOMB_X46_Y12_N4  ; 9       ; Clock enable               ; no     ; --                   ; --               ; --                        ;
; minesweeper_jtag_top:u_top|minesweeper_mu500_system:u_system|minesweeper_deterministic_system:g_deterministic.u_core|minesweeper_solver_deterministic:u_solver|solver_small_component_pipeline:u_small_component_pipeline|solver_component_builder:u_builder|variable_cells[4][8]~26                                                                        ; LCCOMB_X45_Y12_N12 ; 9       ; Clock enable               ; no     ; --                   ; --               ; --                        ;
; minesweeper_jtag_top:u_top|minesweeper_mu500_system:u_system|minesweeper_deterministic_system:g_deterministic.u_core|minesweeper_solver_deterministic:u_solver|solver_small_component_pipeline:u_small_component_pipeline|solver_component_builder:u_builder|variable_cells[5][8]~24                                                                        ; LCCOMB_X45_Y12_N16 ; 9       ; Clock enable               ; no     ; --                   ; --               ; --                        ;
; minesweeper_jtag_top:u_top|minesweeper_mu500_system:u_system|minesweeper_deterministic_system:g_deterministic.u_core|minesweeper_solver_deterministic:u_solver|solver_small_component_pipeline:u_small_component_pipeline|solver_component_builder:u_builder|variable_cells[6][8]~25                                                                        ; LCCOMB_X45_Y12_N10 ; 9       ; Clock enable               ; no     ; --                   ; --               ; --                        ;
; minesweeper_jtag_top:u_top|minesweeper_mu500_system:u_system|minesweeper_deterministic_system:g_deterministic.u_core|minesweeper_solver_deterministic:u_solver|solver_small_component_pipeline:u_small_component_pipeline|solver_component_builder:u_builder|variable_cells[7][8]~27                                                                        ; LCCOMB_X45_Y12_N14 ; 9       ; Clock enable               ; no     ; --                   ; --               ; --                        ;
; minesweeper_jtag_top:u_top|minesweeper_mu500_system:u_system|minesweeper_deterministic_system:g_deterministic.u_core|minesweeper_solver_deterministic:u_solver|solver_small_component_pipeline:u_small_component_pipeline|solver_component_builder:u_builder|variable_cells[8][8]~34                                                                        ; LCCOMB_X46_Y12_N22 ; 9       ; Clock enable               ; no     ; --                   ; --               ; --                        ;
; minesweeper_jtag_top:u_top|minesweeper_mu500_system:u_system|minesweeper_deterministic_system:g_deterministic.u_core|minesweeper_solver_deterministic:u_solver|solver_small_component_pipeline:u_small_component_pipeline|solver_component_builder:u_builder|variable_cells[9][8]~32                                                                        ; LCCOMB_X45_Y12_N2  ; 9       ; Clock enable               ; no     ; --                   ; --               ; --                        ;
; minesweeper_jtag_top:u_top|minesweeper_mu500_system:u_system|minesweeper_deterministic_system:g_deterministic.u_core|minesweeper_solver_deterministic:u_solver|solver_small_component_pipeline:u_small_component_pipeline|solver_component_builder:u_builder|variable_count[0]~3                                                                            ; LCCOMB_X48_Y12_N4  ; 4       ; Clock enable               ; no     ; --                   ; --               ; --                        ;
; minesweeper_jtag_top:u_top|minesweeper_mu500_system:u_system|minesweeper_deterministic_system:g_deterministic.u_core|minesweeper_solver_deterministic:u_solver|solver_small_component_pipeline:u_small_component_pipeline|solver_forced_cell_walker:u_walker|active_safe_mask[4]~0                                                                          ; LCCOMB_X45_Y12_N0  ; 28      ; Clock enable               ; no     ; --                   ; --               ; --                        ;
; minesweeper_jtag_top:u_top|minesweeper_mu500_system:u_system|minesweeper_deterministic_system:g_deterministic.u_core|minesweeper_solver_deterministic:u_solver|solver_small_component_pipeline:u_small_component_pipeline|solver_forced_cell_walker:u_walker|query_variable[1]~7                                                                            ; LCCOMB_X45_Y10_N10 ; 4       ; Clock enable               ; no     ; --                   ; --               ; --                        ;
; minesweeper_jtag_top:u_top|minesweeper_mu500_system:u_system|minesweeper_deterministic_system:g_deterministic.u_core|minesweeper_solver_deterministic:u_solver|solver_small_component_pipeline:u_small_component_pipeline|solver_small_enumerator:u_enumerator|Decoder0~2                                                                                   ; LCCOMB_X55_Y6_N24  ; 16      ; Clock enable               ; no     ; --                   ; --               ; --                        ;
; minesweeper_jtag_top:u_top|minesweeper_mu500_system:u_system|minesweeper_deterministic_system:g_deterministic.u_core|minesweeper_solver_deterministic:u_solver|solver_small_component_pipeline:u_small_component_pipeline|solver_small_enumerator:u_enumerator|Decoder0~3                                                                                   ; LCCOMB_X55_Y6_N2   ; 16      ; Clock enable               ; no     ; --                   ; --               ; --                        ;
; minesweeper_jtag_top:u_top|minesweeper_mu500_system:u_system|minesweeper_deterministic_system:g_deterministic.u_core|minesweeper_solver_deterministic:u_solver|solver_small_component_pipeline:u_small_component_pipeline|solver_small_enumerator:u_enumerator|Decoder0~4                                                                                   ; LCCOMB_X55_Y6_N20  ; 16      ; Clock enable               ; no     ; --                   ; --               ; --                        ;
; minesweeper_jtag_top:u_top|minesweeper_mu500_system:u_system|minesweeper_deterministic_system:g_deterministic.u_core|minesweeper_solver_deterministic:u_solver|solver_small_component_pipeline:u_small_component_pipeline|solver_small_enumerator:u_enumerator|Decoder0~5                                                                                   ; LCCOMB_X55_Y6_N14  ; 16      ; Clock enable               ; no     ; --                   ; --               ; --                        ;
; minesweeper_jtag_top:u_top|minesweeper_mu500_system:u_system|minesweeper_deterministic_system:g_deterministic.u_core|minesweeper_solver_deterministic:u_solver|solver_small_component_pipeline:u_small_component_pipeline|solver_small_enumerator:u_enumerator|active_variable_mask[3]~2                                                                    ; LCCOMB_X48_Y7_N22  ; 37      ; Clock enable               ; no     ; --                   ; --               ; --                        ;
; minesweeper_jtag_top:u_top|minesweeper_mu500_system:u_system|minesweeper_deterministic_system:g_deterministic.u_core|minesweeper_solver_deterministic:u_solver|solver_small_component_pipeline:u_small_component_pipeline|solver_small_enumerator:u_enumerator|assignment_depth[2]~4                                                                        ; LCCOMB_X48_Y6_N8   ; 4       ; Clock enable               ; no     ; --                   ; --               ; --                        ;
; minesweeper_jtag_top:u_top|minesweeper_mu500_system:u_system|minesweeper_deterministic_system:g_deterministic.u_core|minesweeper_solver_deterministic:u_solver|solver_small_component_pipeline:u_small_component_pipeline|solver_small_enumerator:u_enumerator|constraint_cursor[2]~5                                                                       ; LCCOMB_X53_Y7_N6   ; 5       ; Clock enable               ; no     ; --                   ; --               ; --                        ;
; minesweeper_jtag_top:u_top|minesweeper_mu500_system:u_system|minesweeper_deterministic_system:g_deterministic.u_core|minesweeper_solver_deterministic:u_solver|solver_small_component_pipeline:u_small_component_pipeline|solver_small_enumerator:u_enumerator|forced_safe_mask[10]~137                                                                     ; LCCOMB_X48_Y7_N30  ; 24      ; Clock enable               ; no     ; --                   ; --               ; --                        ;
; minesweeper_jtag_top:u_top|minesweeper_mu500_system:u_system|minesweeper_deterministic_system:g_deterministic.u_core|minesweeper_solver_deterministic:u_solver|solver_small_component_pipeline:u_small_component_pipeline|solver_small_enumerator:u_enumerator|mine_total[0][31]~389                                                                        ; LCCOMB_X49_Y7_N14  ; 384     ; Clock enable               ; no     ; --                   ; --               ; --                        ;
; minesweeper_jtag_top:u_top|minesweeper_mu500_system:u_system|minesweeper_deterministic_system:g_deterministic.u_core|minesweeper_solver_deterministic:u_solver|solver_small_component_pipeline:u_small_component_pipeline|solver_small_enumerator:u_enumerator|state.ST_RECORD                                                                              ; FF_X53_Y7_N27      ; 389     ; Sync. clear                ; no     ; --                   ; --               ; --                        ;
; minesweeper_jtag_top:u_top|minesweeper_mu500_system:u_system|minesweeper_deterministic_system:g_deterministic.u_core|minesweeper_solver_deterministic:u_solver|solver_small_component_pipeline:u_small_component_pipeline|solver_small_enumerator:u_enumerator|total_ways[1]~36                                                                             ; LCCOMB_X41_Y8_N30  ; 32      ; Sync. clear                ; no     ; --                   ; --               ; --                        ;
; minesweeper_jtag_top:u_top|minesweeper_mu500_system:u_system|minesweeper_deterministic_system:g_deterministic.u_core|minesweeper_solver_deterministic:u_solver|solver_small_component_pipeline:u_small_component_pipeline|solver_small_enumerator:u_enumerator|total_ways[1]~99                                                                             ; LCCOMB_X48_Y11_N30 ; 32      ; Clock enable               ; no     ; --                   ; --               ; --                        ;
; minesweeper_jtag_top:u_top|minesweeper_mu500_system:u_system|minesweeper_deterministic_system:g_deterministic.u_core|minesweeper_solver_deterministic:u_solver|solver_state_ram:u_state_ram|always1~0                                                                                                                                                       ; LCCOMB_X41_Y28_N4  ; 9       ; Sync. clear                ; no     ; --                   ; --               ; --                        ;
; minesweeper_jtag_top:u_top|minesweeper_mu500_system:u_system|minesweeper_deterministic_system:g_deterministic.u_core|minesweeper_solver_deterministic:u_solver|solver_state_ram:u_state_ram|clear_index[4]~11                                                                                                                                               ; LCCOMB_X41_Y28_N30 ; 9       ; Clock enable               ; no     ; --                   ; --               ; --                        ;
; minesweeper_jtag_top:u_top|minesweeper_mu500_system:u_system|minesweeper_deterministic_system:g_deterministic.u_core|minesweeper_solver_deterministic:u_solver|solver_state_ram:u_state_ram|memory_write~0                                                                                                                                                  ; LCCOMB_X41_Y27_N26 ; 1       ; Write enable               ; no     ; --                   ; --               ; --                        ;
; minesweeper_jtag_top:u_top|minesweeper_mu500_system:u_system|minesweeper_deterministic_system:g_deterministic.u_core|minesweeper_solver_deterministic:u_solver|state.S_COLLECT_LOAD                                                                                                                                                                         ; FF_X50_Y21_N21     ; 50      ; Sync. clear, Sync. load    ; no     ; --                   ; --               ; --                        ;
; minesweeper_jtag_top:u_top|minesweeper_mu500_system:u_system|minesweeper_deterministic_system:g_deterministic.u_core|minesweeper_solver_deterministic:u_solver|state.S_ISSUE                                                                                                                                                                                ; FF_X30_Y28_N19     ; 19      ; Sync. clear                ; no     ; --                   ; --               ; --                        ;
; minesweeper_jtag_top:u_top|minesweeper_mu500_system:u_system|minesweeper_deterministic_system:g_deterministic.u_core|minesweeper_solver_deterministic:u_solver|state.S_RESCUE_NEXT                                                                                                                                                                          ; FF_X43_Y25_N17     ; 12      ; Sync. clear                ; no     ; --                   ; --               ; --                        ;
; minesweeper_jtag_top:u_top|minesweeper_mu500_system:u_system|minesweeper_deterministic_system:g_deterministic.u_core|minesweeper_solver_deterministic:u_solver|state~242                                                                                                                                                                                    ; LCCOMB_X50_Y28_N2  ; 2       ; Clock enable               ; no     ; --                   ; --               ; --                        ;
; minesweeper_jtag_top:u_top|minesweeper_mu500_system:u_system|minesweeper_deterministic_system:g_deterministic.u_core|minesweeper_solver_deterministic:u_solver|state~271                                                                                                                                                                                    ; LCCOMB_X51_Y24_N8  ; 2       ; Clock enable               ; no     ; --                   ; --               ; --                        ;
; minesweeper_jtag_top:u_top|minesweeper_mu500_system:u_system|minesweeper_deterministic_system:g_deterministic.u_core|minesweeper_solver_deterministic:u_solver|unknown_count[7]~29                                                                                                                                                                          ; LCCOMB_X37_Y21_N18 ; 9       ; Clock enable               ; no     ; --                   ; --               ; --                        ;
; minesweeper_jtag_top:u_top|minesweeper_mu500_system:u_system|minesweeper_deterministic_system:g_deterministic.u_core|minesweeper_solver_deterministic:u_solver|unknown_count~28                                                                                                                                                                             ; LCCOMB_X37_Y21_N24 ; 9       ; Sync. load                 ; no     ; --                   ; --               ; --                        ;
; minesweeper_jtag_top:u_top|minesweeper_mu500_system:u_system|minesweeper_display_formatter:u_formatter|Add11~0                                                                                                                                                                                                                                              ; LCCOMB_X10_Y3_N4   ; 68      ; Clock enable               ; no     ; --                   ; --               ; --                        ;
; minesweeper_jtag_top:u_top|minesweeper_mu500_system:u_system|minesweeper_display_formatter:u_formatter|Selector129~0                                                                                                                                                                                                                                        ; LCCOMB_X20_Y7_N4   ; 56      ; Clock enable               ; no     ; --                   ; --               ; --                        ;
; minesweeper_jtag_top:u_top|minesweeper_mu500_system:u_system|minesweeper_display_formatter:u_formatter|Selector193~0                                                                                                                                                                                                                                        ; LCCOMB_X21_Y8_N24  ; 56      ; Clock enable               ; no     ; --                   ; --               ; --                        ;
; minesweeper_jtag_top:u_top|minesweeper_mu500_system:u_system|minesweeper_display_formatter:u_formatter|Selector1~0                                                                                                                                                                                                                                          ; LCCOMB_X25_Y8_N30  ; 56      ; Clock enable               ; no     ; --                   ; --               ; --                        ;
; minesweeper_jtag_top:u_top|minesweeper_mu500_system:u_system|minesweeper_display_formatter:u_formatter|Selector257~0                                                                                                                                                                                                                                        ; LCCOMB_X21_Y8_N4   ; 7       ; Clock enable               ; no     ; --                   ; --               ; --                        ;
; minesweeper_jtag_top:u_top|minesweeper_mu500_system:u_system|minesweeper_display_formatter:u_formatter|Selector265~0                                                                                                                                                                                                                                        ; LCCOMB_X20_Y7_N12  ; 21      ; Clock enable               ; no     ; --                   ; --               ; --                        ;
; minesweeper_jtag_top:u_top|minesweeper_mu500_system:u_system|minesweeper_display_formatter:u_formatter|Selector289~0                                                                                                                                                                                                                                        ; LCCOMB_X20_Y7_N20  ; 14      ; Clock enable               ; no     ; --                   ; --               ; --                        ;
; minesweeper_jtag_top:u_top|minesweeper_mu500_system:u_system|minesweeper_display_formatter:u_formatter|Selector305~0                                                                                                                                                                                                                                        ; LCCOMB_X17_Y7_N2   ; 14      ; Clock enable               ; no     ; --                   ; --               ; --                        ;
; minesweeper_jtag_top:u_top|minesweeper_mu500_system:u_system|minesweeper_display_formatter:u_formatter|Selector321~0                                                                                                                                                                                                                                        ; LCCOMB_X17_Y7_N28  ; 28      ; Clock enable               ; no     ; --                   ; --               ; --                        ;
; minesweeper_jtag_top:u_top|minesweeper_mu500_system:u_system|minesweeper_display_formatter:u_formatter|Selector353~0                                                                                                                                                                                                                                        ; LCCOMB_X12_Y5_N12  ; 28      ; Clock enable               ; no     ; --                   ; --               ; --                        ;
; minesweeper_jtag_top:u_top|minesweeper_mu500_system:u_system|minesweeper_display_formatter:u_formatter|Selector385~0                                                                                                                                                                                                                                        ; LCCOMB_X17_Y7_N12  ; 28      ; Clock enable               ; no     ; --                   ; --               ; --                        ;
; minesweeper_jtag_top:u_top|minesweeper_mu500_system:u_system|minesweeper_display_formatter:u_formatter|Selector417~0                                                                                                                                                                                                                                        ; LCCOMB_X17_Y7_N14  ; 28      ; Clock enable               ; no     ; --                   ; --               ; --                        ;
; minesweeper_jtag_top:u_top|minesweeper_mu500_system:u_system|minesweeper_display_formatter:u_formatter|Selector449~0                                                                                                                                                                                                                                        ; LCCOMB_X16_Y7_N28  ; 28      ; Clock enable               ; no     ; --                   ; --               ; --                        ;
; minesweeper_jtag_top:u_top|minesweeper_mu500_system:u_system|minesweeper_display_formatter:u_formatter|Selector481~0                                                                                                                                                                                                                                        ; LCCOMB_X17_Y7_N20  ; 28      ; Clock enable               ; no     ; --                   ; --               ; --                        ;
; minesweeper_jtag_top:u_top|minesweeper_mu500_system:u_system|minesweeper_display_formatter:u_formatter|Selector65~0                                                                                                                                                                                                                                         ; LCCOMB_X17_Y7_N6   ; 56      ; Clock enable               ; no     ; --                   ; --               ; --                        ;
; minesweeper_jtag_top:u_top|minesweeper_mu500_system:u_system|minesweeper_display_formatter:u_formatter|s_status[0]~0                                                                                                                                                                                                                                        ; LCCOMB_X25_Y4_N0   ; 258     ; Clock enable               ; no     ; --                   ; --               ; --                        ;
; minesweeper_jtag_top:u_top|minesweeper_mu500_system:u_system|minesweeper_display_formatter:u_formatter|state.ST_COMMIT                                                                                                                                                                                                                                      ; FF_X21_Y8_N31      ; 451     ; Clock enable               ; no     ; --                   ; --               ; --                        ;
; minesweeper_jtag_top:u_top|minesweeper_mu500_system:u_system|minesweeper_display_formatter:u_formatter|state.ST_CONVERT                                                                                                                                                                                                                                     ; FF_X21_Y2_N31      ; 71      ; Sync. clear, Sync. load    ; no     ; --                   ; --               ; --                        ;
; minesweeper_jtag_top:u_top|minesweeper_mu500_system:u_system|minesweeper_display_formatter:u_formatter|state.ST_WRITE                                                                                                                                                                                                                                       ; FF_X21_Y2_N5       ; 119     ; Sync. clear                ; no     ; --                   ; --               ; --                        ;
; minesweeper_jtag_top:u_top|minesweeper_mu500_system:u_system|minesweeper_metrics:u_metrics|Selector4~0                                                                                                                                                                                                                                                      ; LCCOMB_X21_Y10_N20 ; 33      ; Clock enable               ; no     ; --                   ; --               ; --                        ;
; minesweeper_jtag_top:u_top|minesweeper_mu500_system:u_system|minesweeper_metrics:u_metrics|boards_fully_solved[15]~49                                                                                                                                                                                                                                       ; LCCOMB_X23_Y9_N28  ; 15      ; Clock enable               ; no     ; --                   ; --               ; --                        ;
; minesweeper_jtag_top:u_top|minesweeper_mu500_system:u_system|minesweeper_metrics:u_metrics|current_safe[8]~0                                                                                                                                                                                                                                                ; LCCOMB_X23_Y10_N12 ; 145     ; Clock enable               ; no     ; --                   ; --               ; --                        ;
; minesweeper_jtag_top:u_top|minesweeper_mu500_system:u_system|minesweeper_metrics:u_metrics|state.S_COMMIT                                                                                                                                                                                                                                                   ; FF_X21_Y10_N31     ; 83      ; Clock enable               ; no     ; --                   ; --               ; --                        ;
; minesweeper_jtag_top:u_top|minesweeper_mu500_system:u_system|minesweeper_metrics:u_metrics|state.S_SAFE_START                                                                                                                                                                                                                                               ; FF_X23_Y10_N23     ; 33      ; Clock enable               ; no     ; --                   ; --               ; --                        ;
; minesweeper_jtag_top:u_top|minesweeper_mu500_system:u_system|minesweeper_metrics:u_metrics|unsigned_divider:u_divider|always0~0                                                                                                                                                                                                                             ; LCCOMB_X21_Y10_N0  ; 35      ; Sync. clear                ; no     ; --                   ; --               ; --                        ;
; minesweeper_jtag_top:u_top|minesweeper_mu500_system:u_system|minesweeper_metrics:u_metrics|unsigned_divider:u_divider|divisor_work[10]~2                                                                                                                                                                                                                    ; LCCOMB_X15_Y12_N28 ; 19      ; Clock enable               ; no     ; --                   ; --               ; --                        ;
; minesweeper_jtag_top:u_top|minesweeper_mu500_system:u_system|minesweeper_metrics:u_metrics|unsigned_divider:u_divider|done~2                                                                                                                                                                                                                                ; LCCOMB_X21_Y10_N18 ; 33      ; Clock enable               ; no     ; --                   ; --               ; --                        ;
; minesweeper_jtag_top:u_top|minesweeper_mu500_system:u_system|minesweeper_metrics:u_metrics|unsigned_divider:u_divider|iteration~20                                                                                                                                                                                                                          ; LCCOMB_X21_Y10_N22 ; 7       ; Clock enable               ; no     ; --                   ; --               ; --                        ;
; minesweeper_jtag_top:u_top|minesweeper_mu500_system:u_system|minesweeper_metrics:u_metrics|unsigned_divider:u_divider|quotient_work~32                                                                                                                                                                                                                      ; LCCOMB_X21_Y10_N14 ; 91      ; Clock enable               ; no     ; --                   ; --               ; --                        ;
; minesweeper_jtag_top:u_top|minesweeper_mu500_system:u_system|mu500_7seg_latch_driver:u_display|Equal0~0                                                                                                                                                                                                                                                     ; LCCOMB_X51_Y2_N2   ; 59      ; Sync. load                 ; no     ; --                   ; --               ; --                        ;
; minesweeper_jtag_top:u_top|minesweeper_mu500_system:u_system|mu500_7seg_latch_driver:u_display|state.ST_HOLD                                                                                                                                                                                                                                                ; FF_X23_Y3_N11      ; 5       ; Clock enable               ; no     ; --                   ; --               ; --                        ;
; minesweeper_jtag_top:u_top|minesweeper_mu500_system:u_system|mu500_7seg_latch_driver:u_display|state.ST_SETUP                                                                                                                                                                                                                                               ; FF_X23_Y3_N27      ; 60      ; Clock enable               ; no     ; --                   ; --               ; --                        ;
; minesweeper_jtag_top:u_top|minesweeper_mu500_system:u_system|solver_speed_control:u_speed|LessThan1~10                                                                                                                                                                                                                                                      ; LCCOMB_X34_Y2_N0   ; 32      ; Sync. clear                ; no     ; --                   ; --               ; --                        ;
; minesweeper_jtag_top:u_top|reset_sync[1]                                                                                                                                                                                                                                                                                                                    ; FF_X21_Y21_N9      ; 4890    ; Async. clear               ; yes    ; Global Clock         ; GCLK18           ; --                        ;
; minesweeper_jtag_top:u_top|result_snapshot:u_result|result_score_scaled[18]~0                                                                                                                                                                                                                                                                               ; LCCOMB_X25_Y12_N16 ; 128     ; Clock enable               ; no     ; --                   ; --               ; --                        ;
; minesweeper_jtag_top:u_top|virtual_jtag_mailbox:u_mailbox|always0~0                                                                                                                                                                                                                                                                                         ; LCCOMB_X22_Y13_N8  ; 65      ; Clock enable               ; no     ; --                   ; --               ; --                        ;
; minesweeper_jtag_top:u_top|virtual_jtag_mailbox:u_mailbox|command_word[60]                                                                                                                                                                                                                                                                                  ; FF_X26_Y13_N17     ; 83      ; Sync. load                 ; no     ; --                   ; --               ; --                        ;
; minesweeper_jtag_top:u_top|virtual_jtag_mailbox:u_mailbox|command_word[62]                                                                                                                                                                                                                                                                                  ; FF_X20_Y14_N27     ; 19      ; Sync. load                 ; no     ; --                   ; --               ; --                        ;
; minesweeper_jtag_top:u_top|virtual_jtag_mailbox:u_mailbox|virtual_jtag_shift64:g_hw.u_shift64|received_word[50]~0                                                                                                                                                                                                                                           ; LCCOMB_X11_Y12_N0  ; 65      ; Clock enable               ; no     ; --                   ; --               ; --                        ;
; minesweeper_jtag_top:u_top|virtual_jtag_mailbox:u_mailbox|virtual_jtag_shift64:g_hw.u_shift64|shift_count[6]~11                                                                                                                                                                                                                                             ; LCCOMB_X11_Y12_N2  ; 7       ; Clock enable               ; no     ; --                   ; --               ; --                        ;
; minesweeper_jtag_top:u_top|virtual_jtag_mailbox:u_mailbox|virtual_jtag_shift64:g_hw.u_shift64|shift_count[6]~24                                                                                                                                                                                                                                             ; LCCOMB_X11_Y12_N4  ; 7       ; Sync. clear                ; no     ; --                   ; --               ; --                        ;
; minesweeper_jtag_top:u_top|virtual_jtag_mailbox:u_mailbox|virtual_jtag_shift64:g_hw.u_shift64|shift_reg[49]~1                                                                                                                                                                                                                                               ; LCCOMB_X14_Y12_N8  ; 64      ; Clock enable               ; no     ; --                   ; --               ; --                        ;
; sld_hub:auto_hub|alt_sld_fab_with_jtag_input:\instrumentation_fabric_with_node_gen:fabric_gen_new_way:with_jtag_input_gen:instrumentation_fabric|alt_sld_fab:instrumentation_fabric|alt_sld_fab_alt_sld_fab:alt_sld_fab|alt_sld_fab_alt_sld_fab_sldfabric:sldfabric|sld_jtag_hub:\jtag_hub_gen:real_sld_jtag_hub|clr_reg                                    ; FF_X14_Y14_N19     ; 10      ; Async. clear               ; no     ; --                   ; --               ; --                        ;
; sld_hub:auto_hub|alt_sld_fab_with_jtag_input:\instrumentation_fabric_with_node_gen:fabric_gen_new_way:with_jtag_input_gen:instrumentation_fabric|alt_sld_fab:instrumentation_fabric|alt_sld_fab_alt_sld_fab:alt_sld_fab|alt_sld_fab_alt_sld_fab_sldfabric:sldfabric|sld_jtag_hub:\jtag_hub_gen:real_sld_jtag_hub|design_hash_proc~0                         ; LCCOMB_X11_Y14_N20 ; 4       ; Sync. load                 ; no     ; --                   ; --               ; --                        ;
; sld_hub:auto_hub|alt_sld_fab_with_jtag_input:\instrumentation_fabric_with_node_gen:fabric_gen_new_way:with_jtag_input_gen:instrumentation_fabric|alt_sld_fab:instrumentation_fabric|alt_sld_fab_alt_sld_fab:alt_sld_fab|alt_sld_fab_alt_sld_fab_sldfabric:sldfabric|sld_jtag_hub:\jtag_hub_gen:real_sld_jtag_hub|hub_info_reg_ena                           ; LCCOMB_X11_Y14_N18 ; 4       ; Clock enable               ; no     ; --                   ; --               ; --                        ;
; sld_hub:auto_hub|alt_sld_fab_with_jtag_input:\instrumentation_fabric_with_node_gen:fabric_gen_new_way:with_jtag_input_gen:instrumentation_fabric|alt_sld_fab:instrumentation_fabric|alt_sld_fab_alt_sld_fab:alt_sld_fab|alt_sld_fab_alt_sld_fab_sldfabric:sldfabric|sld_jtag_hub:\jtag_hub_gen:real_sld_jtag_hub|hub_info_reg_ena~0                         ; LCCOMB_X11_Y14_N30 ; 4       ; Clock enable               ; no     ; --                   ; --               ; --                        ;
; sld_hub:auto_hub|alt_sld_fab_with_jtag_input:\instrumentation_fabric_with_node_gen:fabric_gen_new_way:with_jtag_input_gen:instrumentation_fabric|alt_sld_fab:instrumentation_fabric|alt_sld_fab_alt_sld_fab:alt_sld_fab|alt_sld_fab_alt_sld_fab_sldfabric:sldfabric|sld_jtag_hub:\jtag_hub_gen:real_sld_jtag_hub|identity_contrib_shift_reg[0]~1            ; LCCOMB_X14_Y15_N30 ; 4       ; Clock enable               ; no     ; --                   ; --               ; --                        ;
; sld_hub:auto_hub|alt_sld_fab_with_jtag_input:\instrumentation_fabric_with_node_gen:fabric_gen_new_way:with_jtag_input_gen:instrumentation_fabric|alt_sld_fab:instrumentation_fabric|alt_sld_fab_alt_sld_fab:alt_sld_fab|alt_sld_fab_alt_sld_fab_sldfabric:sldfabric|sld_jtag_hub:\jtag_hub_gen:real_sld_jtag_hub|irsr_reg[2]~14                             ; LCCOMB_X15_Y15_N30 ; 3       ; Clock enable               ; no     ; --                   ; --               ; --                        ;
; sld_hub:auto_hub|alt_sld_fab_with_jtag_input:\instrumentation_fabric_with_node_gen:fabric_gen_new_way:with_jtag_input_gen:instrumentation_fabric|alt_sld_fab:instrumentation_fabric|alt_sld_fab_alt_sld_fab:alt_sld_fab|alt_sld_fab_alt_sld_fab_sldfabric:sldfabric|sld_jtag_hub:\jtag_hub_gen:real_sld_jtag_hub|mixer_addr_reg_internal[4]~18              ; LCCOMB_X12_Y14_N10 ; 5       ; Clock enable               ; no     ; --                   ; --               ; --                        ;
; sld_hub:auto_hub|alt_sld_fab_with_jtag_input:\instrumentation_fabric_with_node_gen:fabric_gen_new_way:with_jtag_input_gen:instrumentation_fabric|alt_sld_fab:instrumentation_fabric|alt_sld_fab_alt_sld_fab:alt_sld_fab|alt_sld_fab_alt_sld_fab_sldfabric:sldfabric|sld_jtag_hub:\jtag_hub_gen:real_sld_jtag_hub|mixer_addr_reg_internal[4]~19              ; LCCOMB_X12_Y14_N28 ; 5       ; Sync. load                 ; no     ; --                   ; --               ; --                        ;
; sld_hub:auto_hub|alt_sld_fab_with_jtag_input:\instrumentation_fabric_with_node_gen:fabric_gen_new_way:with_jtag_input_gen:instrumentation_fabric|alt_sld_fab:instrumentation_fabric|alt_sld_fab_alt_sld_fab:alt_sld_fab|alt_sld_fab_alt_sld_fab_sldfabric:sldfabric|sld_jtag_hub:\jtag_hub_gen:real_sld_jtag_hub|sld_rom_sr:hub_info_reg|WORD_SR[1]~14      ; LCCOMB_X12_Y15_N16 ; 4       ; Clock enable               ; no     ; --                   ; --               ; --                        ;
; sld_hub:auto_hub|alt_sld_fab_with_jtag_input:\instrumentation_fabric_with_node_gen:fabric_gen_new_way:with_jtag_input_gen:instrumentation_fabric|alt_sld_fab:instrumentation_fabric|alt_sld_fab_alt_sld_fab:alt_sld_fab|alt_sld_fab_alt_sld_fab_sldfabric:sldfabric|sld_jtag_hub:\jtag_hub_gen:real_sld_jtag_hub|sld_rom_sr:hub_info_reg|word_counter[2]~22 ; LCCOMB_X12_Y15_N2  ; 5       ; Sync. clear                ; no     ; --                   ; --               ; --                        ;
; sld_hub:auto_hub|alt_sld_fab_with_jtag_input:\instrumentation_fabric_with_node_gen:fabric_gen_new_way:with_jtag_input_gen:instrumentation_fabric|alt_sld_fab:instrumentation_fabric|alt_sld_fab_alt_sld_fab:alt_sld_fab|alt_sld_fab_alt_sld_fab_sldfabric:sldfabric|sld_jtag_hub:\jtag_hub_gen:real_sld_jtag_hub|sld_rom_sr:hub_info_reg|word_counter[2]~23 ; LCCOMB_X12_Y15_N4  ; 5       ; Clock enable               ; no     ; --                   ; --               ; --                        ;
; sld_hub:auto_hub|alt_sld_fab_with_jtag_input:\instrumentation_fabric_with_node_gen:fabric_gen_new_way:with_jtag_input_gen:instrumentation_fabric|alt_sld_fab:instrumentation_fabric|alt_sld_fab_alt_sld_fab:alt_sld_fab|alt_sld_fab_alt_sld_fab_sldfabric:sldfabric|sld_jtag_hub:\jtag_hub_gen:real_sld_jtag_hub|sld_shadow_jsm:shadow_jsm|state[0]         ; FF_X14_Y12_N17     ; 15      ; Async. clear               ; no     ; --                   ; --               ; --                        ;
; sld_hub:auto_hub|alt_sld_fab_with_jtag_input:\instrumentation_fabric_with_node_gen:fabric_gen_new_way:with_jtag_input_gen:instrumentation_fabric|alt_sld_fab:instrumentation_fabric|alt_sld_fab_alt_sld_fab:alt_sld_fab|alt_sld_fab_alt_sld_fab_sldfabric:sldfabric|sld_jtag_hub:\jtag_hub_gen:real_sld_jtag_hub|sld_shadow_jsm:shadow_jsm|state[11]        ; FF_X14_Y14_N31     ; 12      ; Clock enable               ; no     ; --                   ; --               ; --                        ;
; sld_hub:auto_hub|alt_sld_fab_with_jtag_input:\instrumentation_fabric_with_node_gen:fabric_gen_new_way:with_jtag_input_gen:instrumentation_fabric|alt_sld_fab:instrumentation_fabric|alt_sld_fab_alt_sld_fab:alt_sld_fab|alt_sld_fab_alt_sld_fab_sldfabric:sldfabric|sld_jtag_hub:\jtag_hub_gen:real_sld_jtag_hub|virtual_ir_dr_scan_proc~0                  ; LCCOMB_X14_Y14_N20 ; 3       ; Clock enable               ; no     ; --                   ; --               ; --                        ;
; sld_hub:auto_hub|alt_sld_fab_with_jtag_input:\instrumentation_fabric_with_node_gen:fabric_gen_new_way:with_jtag_input_gen:instrumentation_fabric|alt_sld_fab:instrumentation_fabric|alt_sld_fab_alt_sld_fab:alt_sld_fab|alt_sld_fab_alt_sld_fab_sldfabric:sldfabric|sld_jtag_hub:\jtag_hub_gen:real_sld_jtag_hub|virtual_ir_scan_reg                        ; FF_X14_Y13_N9      ; 21      ; Async. clear               ; no     ; --                   ; --               ; --                        ;
; sld_hub:auto_hub|alt_sld_fab_with_jtag_input:\instrumentation_fabric_with_node_gen:fabric_gen_new_way:with_jtag_input_gen:instrumentation_fabric|alt_sld_fab:instrumentation_fabric|alt_sld_fab_alt_sld_fab:alt_sld_fab|sldfabric_ident_writedata[0]~0                                                                                                      ; LCCOMB_X14_Y15_N12 ; 4       ; Clock enable               ; no     ; --                   ; --               ; --                        ;
+-------------------------------------------------------------------------------------------------------------------------------------------------------------------------------------------------------------------------------------------------------------------------------------------------------------------------------------------------------------+--------------------+---------+----------------------------+--------+----------------------+------------------+---------------------------+


+----------------------------------------------------------------------------------------------------------------------------------------------------------------------------------+
; Global & Other Fast Signals                                                                                                                                                      ;
+------------------------------------------+----------------+---------+--------------------------------------+----------------------+------------------+---------------------------+
; Name                                     ; Location       ; Fan-Out ; Fan-Out Using Intentional Clock Skew ; Global Resource Used ; Global Line Name ; Enable Signal Source Name ;
+------------------------------------------+----------------+---------+--------------------------------------+----------------------+------------------+---------------------------+
; CLK_20MHZ                                ; PIN_A12        ; 8137    ; 0                                    ; Global Clock         ; GCLK14           ; --                        ;
; altera_internal_jtag~TCKUTAP             ; JTAG_X1_Y22_N0 ; 212     ; 0                                    ; Global Clock         ; GCLK0            ; --                        ;
; minesweeper_jtag_top:u_top|reset_sync[1] ; FF_X21_Y21_N9  ; 4890    ; 0                                    ; Global Clock         ; GCLK18           ; --                        ;
+------------------------------------------+----------------+---------+--------------------------------------+----------------------+------------------+---------------------------+


+-----------------------------------------------------------------------------------------------------------------------------------------------------------------------------------------------------------------+
; Non-Global High Fan-Out Signals                                                                                                                                                                                 ;
+-------------------------------------------------------------------------------------------------------------------------------------------------------------------------------------------------------+---------+
; Name                                                                                                                                                                                                  ; Fan-Out ;
+-------------------------------------------------------------------------------------------------------------------------------------------------------------------------------------------------------+---------+
; minesweeper_jtag_top:u_top|minesweeper_mu500_system:u_system|minesweeper_deterministic_system:g_deterministic.u_core|minesweeper_solver_deterministic:u_solver|ram_clear_start                        ; 1154    ;
; minesweeper_jtag_top:u_top|minesweeper_mu500_system:u_system|minesweeper_deterministic_system:g_deterministic.u_core|minesweeper_game_core:u_game|state.STATE_IDLE                                    ; 744     ;
; minesweeper_jtag_top:u_top|minesweeper_mu500_system:u_system|minesweeper_deterministic_system:g_deterministic.u_core|minesweeper_solver_deterministic:u_solver|solver_safe_fifo:u_safe_fifo|always0~2 ; 537     ;
; minesweeper_jtag_top:u_top|minesweeper_mu500_system:u_system|minesweeper_deterministic_system:g_deterministic.u_core|minesweeper_game_core:u_game|always1~10                                          ; 511     ;
+-------------------------------------------------------------------------------------------------------------------------------------------------------------------------------------------------------+---------+


+--------------------------------------------------------------------------------------------------------------------------------------------------------------------------------------------------------------------------------------------------------------------------------------------------------------------------------------------------------------------------------------------------------------------------------------------------------------------------------------------------------------------------------------------------------------------------------------------------------------------------------------------------------------------------------------------------------------------------------------------------------------------------------------------------------------------------------------------------+
; Fitter RAM Summary                                                                                                                                                                                                                                                                                                                                                                                                                                                                                                                                                                                                                                                                                                                                                                                                                               ;
+-----------------------------------------------------------------------------------------------------------------------------------------------------------------------------------------------------------------------------------------------------------------------------------------------------+------+------------------+--------------+--------------+--------------+--------------+--------------+------------------------+-------------------------+------------------------+-------------------------+-------+-----------------------------+-----------------------------+-----------------------------+-----------------------------+---------------------+------+------+--------------------------------+----------------------+------------------------+------------------------+----------+------------------------+---------------+
; Name                                                                                                                                                                                                                                                                                                ; Type ; Mode             ; Clock Mode   ; Port A Depth ; Port A Width ; Port B Depth ; Port B Width ; Port A Input Registers ; Port A Output Registers ; Port B Input Registers ; Port B Output Registers ; Size  ; Implementation Port A Depth ; Implementation Port A Width ; Implementation Port B Depth ; Implementation Port B Width ; Implementation Bits ; M9Ks ; MIF  ; Location                       ; Mixed Width RDW Mode ; Port A RDW Mode        ; Port B RDW Mode        ; ECC Mode ; ECC Pipeline Registers ; Fits in MLABs ;
+-----------------------------------------------------------------------------------------------------------------------------------------------------------------------------------------------------------------------------------------------------------------------------------------------------+------+------------------+--------------+--------------+--------------+--------------+--------------+------------------------+-------------------------+------------------------+-------------------------+-------+-----------------------------+-----------------------------+-----------------------------+-----------------------------+---------------------+------+------+--------------------------------+----------------------+------------------------+------------------------+----------+------------------------+---------------+
; minesweeper_jtag_top:u_top|minesweeper_mu500_system:u_system|minesweeper_deterministic_system:g_deterministic.u_core|minesweeper_game_core:u_game|altsyncram:queue_mem_rtl_0|altsyncram_esd1:auto_generated|ALTSYNCRAM                                                                              ; AUTO ; Simple Dual Port ; Single Clock ; 361          ; 10           ; 361          ; 10           ; yes                    ; no                      ; yes                    ; no                      ; 3610  ; 361                         ; 5                           ; 361                         ; 5                           ; 1805                ; 1    ; None ; M9K_X24_Y24_N0                 ; Don't care           ; New data with NBE Read ; New data with NBE Read ; Off      ; No                     ; No - Unknown  ;
; minesweeper_jtag_top:u_top|minesweeper_mu500_system:u_system|minesweeper_deterministic_system:g_deterministic.u_core|minesweeper_game_core:u_game|altsyncram:queue_mem_rtl_1|altsyncram_esd1:auto_generated|ALTSYNCRAM                                                                              ; AUTO ; Simple Dual Port ; Single Clock ; 361          ; 10           ; 361          ; 10           ; yes                    ; no                      ; yes                    ; no                      ; 3610  ; 361                         ; 5                           ; 361                         ; 5                           ; 1805                ; 1    ; None ; M9K_X24_Y24_N0                 ; Don't care           ; New data with NBE Read ; New data with NBE Read ; Off      ; No                     ; No - Unknown  ;
; minesweeper_jtag_top:u_top|minesweeper_mu500_system:u_system|minesweeper_deterministic_system:g_deterministic.u_core|minesweeper_solver_deterministic:u_solver|solver_constraint_cache:u_constraint_cache|altsyncram:constraint_mem_rtl_0|altsyncram_isd1:auto_generated|ALTSYNCRAM                 ; AUTO ; Simple Dual Port ; Single Clock ; 361          ; 12           ; 361          ; 12           ; yes                    ; no                      ; yes                    ; no                      ; 4332  ; 361                         ; 12                          ; 361                         ; 12                          ; 4332                ; 1    ; None ; M9K_X58_Y25_N0                 ; Don't care           ; New data with NBE Read ; New data with NBE Read ; Off      ; No                     ; No - Unknown  ;
; minesweeper_jtag_top:u_top|minesweeper_mu500_system:u_system|minesweeper_deterministic_system:g_deterministic.u_core|minesweeper_solver_deterministic:u_solver|solver_constraint_cache:u_constraint_cache|altsyncram:constraint_mem_rtl_1|altsyncram_svg1:auto_generated|ALTSYNCRAM                 ; AUTO ; Simple Dual Port ; Single Clock ; 361          ; 12           ; 361          ; 12           ; yes                    ; no                      ; yes                    ; no                      ; 4332  ; 361                         ; 12                          ; 361                         ; 12                          ; 4332                ; 1    ; None ; M9K_X58_Y23_N0                 ; Old data             ; New data with NBE Read ; New data with NBE Read ; Off      ; No                     ; No - Unknown  ;
; minesweeper_jtag_top:u_top|minesweeper_mu500_system:u_system|minesweeper_deterministic_system:g_deterministic.u_core|minesweeper_solver_deterministic:u_solver|solver_derived_constraint_store:u_derived_constraint_store|altsyncram:constraint_mem_rtl_0|altsyncram_usd1:auto_generated|ALTSYNCRAM ; AUTO ; Simple Dual Port ; Single Clock ; 256          ; 52           ; 256          ; 52           ; yes                    ; no                      ; yes                    ; no                      ; 13312 ; 256                         ; 52                          ; 256                         ; 52                          ; 13312               ; 2    ; None ; M9K_X58_Y26_N0, M9K_X58_Y27_N0 ; Don't care           ; New data with NBE Read ; New data with NBE Read ; Off      ; No                     ; No - Unknown  ;
; minesweeper_jtag_top:u_top|minesweeper_mu500_system:u_system|minesweeper_deterministic_system:g_deterministic.u_core|minesweeper_solver_deterministic:u_solver|solver_dirty_fifo:u_change_fifo|altsyncram:queue_mem_rtl_0|altsyncram_0gc1:auto_generated|ALTSYNCRAM                                 ; AUTO ; Simple Dual Port ; Single Clock ; 361          ; 10           ; 361          ; 10           ; yes                    ; no                      ; yes                    ; no                      ; 3610  ; 361                         ; 10                          ; 361                         ; 10                          ; 3610                ; 1    ; None ; M9K_X40_Y28_N0                 ; Don't care           ; New data with NBE Read ; New data with NBE Read ; Off      ; No                     ; No - Unknown  ;
; minesweeper_jtag_top:u_top|minesweeper_mu500_system:u_system|minesweeper_deterministic_system:g_deterministic.u_core|minesweeper_solver_deterministic:u_solver|solver_dirty_fifo:u_dirty_fifo|altsyncram:queue_mem_rtl_0|altsyncram_0gc1:auto_generated|ALTSYNCRAM                                  ; AUTO ; Simple Dual Port ; Single Clock ; 361          ; 10           ; 361          ; 10           ; yes                    ; no                      ; yes                    ; no                      ; 3610  ; 361                         ; 10                          ; 361                         ; 10                          ; 3610                ; 1    ; None ; M9K_X40_Y22_N0                 ; Don't care           ; New data with NBE Read ; New data with NBE Read ; Off      ; No                     ; No - Unknown  ;
; minesweeper_jtag_top:u_top|minesweeper_mu500_system:u_system|minesweeper_deterministic_system:g_deterministic.u_core|minesweeper_solver_deterministic:u_solver|solver_safe_fifo:u_safe_fifo|altsyncram:queue_mem_rtl_0|altsyncram_0gc1:auto_generated|ALTSYNCRAM                                    ; AUTO ; Simple Dual Port ; Single Clock ; 361          ; 10           ; 361          ; 10           ; yes                    ; no                      ; yes                    ; no                      ; 3610  ; 361                         ; 10                          ; 361                         ; 10                          ; 3610                ; 1    ; None ; M9K_X40_Y26_N0                 ; Don't care           ; New data with NBE Read ; New data with NBE Read ; Off      ; No                     ; No - Unknown  ;
; minesweeper_jtag_top:u_top|minesweeper_mu500_system:u_system|minesweeper_deterministic_system:g_deterministic.u_core|minesweeper_solver_deterministic:u_solver|solver_state_ram:u_state_ram|altsyncram:knowledge_mem_rtl_0|altsyncram_4tg1:auto_generated|ALTSYNCRAM                                ; AUTO ; Simple Dual Port ; Single Clock ; 361          ; 7            ; 361          ; 7            ; yes                    ; no                      ; yes                    ; no                      ; 2527  ; 361                         ; 7                           ; 361                         ; 7                           ; 2527                ; 1    ; None ; M9K_X40_Y27_N0                 ; Old data             ; New data with NBE Read ; New data with NBE Read ; Off      ; No                     ; No - Unknown  ;
+-----------------------------------------------------------------------------------------------------------------------------------------------------------------------------------------------------------------------------------------------------------------------------------------------------+------+------------------+--------------+--------------+--------------+--------------+--------------+------------------------+-------------------------+------------------------+-------------------------+-------+-----------------------------+-----------------------------+-----------------------------+-----------------------------+---------------------+------+------+--------------------------------+----------------------+------------------------+------------------------+----------+------------------------+---------------+
Note: Fitter may spread logical memories into multiple blocks to improve timing. The actual required RAM blocks can be found in the Fitter Resource Usage section.


+-----------------------------------------------------------------------------------------------+
; Fitter DSP Block Usage Summary                                                                ;
+---------------------------------------+-------------+---------------------+-------------------+
; Statistic                             ; Number Used ; Available per Block ; Maximum Available ;
+---------------------------------------+-------------+---------------------+-------------------+
; Simple Multipliers (9-bit)            ; 5           ; 2                   ; 132               ;
; Simple Multipliers (18-bit)           ; 6           ; 1                   ; 66                ;
; Embedded Multiplier Blocks            ; 11          ; --                  ; 66                ;
; Embedded Multiplier 9-bit elements    ; 17          ; 2                   ; 132               ;
; Signed Embedded Multipliers           ; 0           ; --                  ; --                ;
; Unsigned Embedded Multipliers         ; 11          ; --                  ; --                ;
; Mixed Sign Embedded Multipliers       ; 0           ; --                  ; --                ;
; Variable Sign Embedded Multipliers    ; 0           ; --                  ; --                ;
; Dedicated Input Shift Register Chains ; 0           ; --                  ; --                ;
+---------------------------------------+-------------+---------------------+-------------------+


+-------------------------------------------------------------------------------------------------------------------------------------------------------------------------------------------------------------------------------------------------------------------------------------------------------------------------------------------------------------------------------------------------------------------+
; DSP Block Details                                                                                                                                                                                                                                                                                                                                                                                                 ;
+--------------------------------------------------------------------------------------------------------------------------------------------------------------------------------------------------------------------+----------------------------+--------------------+---------------------+--------------------------------+-----------------------+-----------------------+-------------------+-----------------+
; Name                                                                                                                                                                                                               ; Mode                       ; Location           ; Sign Representation ; Has Input Shift Register Chain ; Data A Input Register ; Data B Input Register ; Pipeline Register ; Output Register ;
+--------------------------------------------------------------------------------------------------------------------------------------------------------------------------------------------------------------------+----------------------------+--------------------+---------------------+--------------------------------+-----------------------+-----------------------+-------------------+-----------------+
; minesweeper_jtag_top:u_top|minesweeper_mu500_system:u_system|minesweeper_metrics:u_metrics|lpm_mult:Mult2|mult_u9t:auto_generated|mac_out2                                                                         ; Simple Multiplier (9-bit)  ; DSPOUT_X31_Y17_N2  ;                     ; No                             ;                       ;                       ;                   ; no              ;
;    minesweeper_jtag_top:u_top|minesweeper_mu500_system:u_system|minesweeper_metrics:u_metrics|lpm_mult:Mult2|mult_u9t:auto_generated|mac_mult1                                                                     ;                            ; DSPMULT_X31_Y17_N0 ; Unsigned            ;                                ; yes                   ; yes                   ; no                ;                 ;
; minesweeper_jtag_top:u_top|minesweeper_mu500_system:u_system|minesweeper_deterministic_system:g_deterministic.u_core|minesweeper_game_core:u_game|lpm_mult:Mult0|mult_u9t:auto_generated|mac_out2                  ; Simple Multiplier (9-bit)  ; DSPOUT_X31_Y13_N2  ;                     ; No                             ;                       ;                       ;                   ; no              ;
;    minesweeper_jtag_top:u_top|minesweeper_mu500_system:u_system|minesweeper_deterministic_system:g_deterministic.u_core|minesweeper_game_core:u_game|lpm_mult:Mult0|mult_u9t:auto_generated|mac_mult1              ;                            ; DSPMULT_X31_Y13_N0 ; Unsigned            ;                                ; yes                   ; yes                   ; no                ;                 ;
; minesweeper_jtag_top:u_top|minesweeper_mu500_system:u_system|minesweeper_deterministic_system:g_deterministic.u_core|minesweeper_solver_deterministic:u_solver|lpm_mult:Mult2|mult_u9t:auto_generated|mac_out2     ; Simple Multiplier (9-bit)  ; DSPOUT_X31_Y21_N2  ;                     ; No                             ;                       ;                       ;                   ; no              ;
;    minesweeper_jtag_top:u_top|minesweeper_mu500_system:u_system|minesweeper_deterministic_system:g_deterministic.u_core|minesweeper_solver_deterministic:u_solver|lpm_mult:Mult2|mult_u9t:auto_generated|mac_mult1 ;                            ; DSPMULT_X31_Y21_N0 ; Unsigned            ;                                ; yes                   ; yes                   ; no                ;                 ;
; minesweeper_jtag_top:u_top|board_stream_controller:u_stream|lpm_mult:Mult0|mult_u9t:auto_generated|mac_out2                                                                                                        ; Simple Multiplier (9-bit)  ; DSPOUT_X31_Y15_N2  ;                     ; No                             ;                       ;                       ;                   ; no              ;
;    minesweeper_jtag_top:u_top|board_stream_controller:u_stream|lpm_mult:Mult0|mult_u9t:auto_generated|mac_mult1                                                                                                    ;                            ; DSPMULT_X31_Y15_N0 ; Unsigned            ;                                ; yes                   ; yes                   ; no                ;                 ;
; minesweeper_jtag_top:u_top|minesweeper_mu500_system:u_system|minesweeper_metrics:u_metrics|lpm_mult:Mult1|mult_pbt:auto_generated|mac_out2                                                                         ; Simple Multiplier (18-bit) ; DSPOUT_X13_Y11_N2  ;                     ; No                             ;                       ;                       ;                   ; no              ;
;    minesweeper_jtag_top:u_top|minesweeper_mu500_system:u_system|minesweeper_metrics:u_metrics|lpm_mult:Mult1|mult_pbt:auto_generated|mac_mult1                                                                     ;                            ; DSPMULT_X13_Y11_N0 ; Unsigned            ;                                ; yes                   ; yes                   ; no                ;                 ;
; minesweeper_jtag_top:u_top|minesweeper_mu500_system:u_system|minesweeper_metrics:u_metrics|lpm_mult:Mult0|mult_eat:auto_generated|mac_out2                                                                         ; Simple Multiplier (9-bit)  ; DSPOUT_X13_Y12_N2  ;                     ; No                             ;                       ;                       ;                   ; no              ;
;    minesweeper_jtag_top:u_top|minesweeper_mu500_system:u_system|minesweeper_metrics:u_metrics|lpm_mult:Mult0|mult_eat:auto_generated|mac_mult1                                                                     ;                            ; DSPMULT_X13_Y12_N0 ; Unsigned            ;                                ; yes                   ; yes                   ; no                ;                 ;
; minesweeper_jtag_top:u_top|minesweeper_mu500_system:u_system|minesweeper_deterministic_system:g_deterministic.u_core|minesweeper_solver_deterministic:u_solver|lpm_mult:Mult0|mult_4dt:auto_generated|mac_out2     ; Simple Multiplier (18-bit) ; DSPOUT_X31_Y12_N2  ;                     ; No                             ;                       ;                       ;                   ; no              ;
;    minesweeper_jtag_top:u_top|minesweeper_mu500_system:u_system|minesweeper_deterministic_system:g_deterministic.u_core|minesweeper_solver_deterministic:u_solver|lpm_mult:Mult0|mult_4dt:auto_generated|mac_mult1 ;                            ; DSPMULT_X31_Y12_N0 ; Unsigned            ;                                ; no                    ; yes                   ; no                ;                 ;
; minesweeper_jtag_top:u_top|minesweeper_mu500_system:u_system|minesweeper_deterministic_system:g_deterministic.u_core|minesweeper_solver_deterministic:u_solver|lpm_mult:Mult1|mult_4dt:auto_generated|mac_out2     ; Simple Multiplier (18-bit) ; DSPOUT_X31_Y11_N2  ;                     ; No                             ;                       ;                       ;                   ; no              ;
;    minesweeper_jtag_top:u_top|minesweeper_mu500_system:u_system|minesweeper_deterministic_system:g_deterministic.u_core|minesweeper_solver_deterministic:u_solver|lpm_mult:Mult1|mult_4dt:auto_generated|mac_mult1 ;                            ; DSPMULT_X31_Y11_N0 ; Unsigned            ;                                ; yes                   ; no                    ; no                ;                 ;
; minesweeper_jtag_top:u_top|minesweeper_mu500_system:u_system|minesweeper_metrics:u_metrics|divider_denominator[0]                                                                                                  ; Simple Multiplier (18-bit) ; DSPOUT_X13_Y13_N2  ;                     ; No                             ;                       ;                       ;                   ; yes             ;
;    minesweeper_jtag_top:u_top|minesweeper_mu500_system:u_system|minesweeper_metrics:u_metrics|lpm_mult:Mult4|mult_obt:auto_generated|mac_mult1                                                                     ;                            ; DSPMULT_X13_Y13_N0 ; Unsigned            ;                                ; no                    ; no                    ; no                ;                 ;
; minesweeper_jtag_top:u_top|minesweeper_mu500_system:u_system|minesweeper_metrics:u_metrics|lpm_mult:Mult3|mult_ngt:auto_generated|mac_out4                                                                         ; Simple Multiplier (18-bit) ; DSPOUT_X13_Y9_N2   ;                     ; No                             ;                       ;                       ;                   ; no              ;
;    minesweeper_jtag_top:u_top|minesweeper_mu500_system:u_system|minesweeper_metrics:u_metrics|lpm_mult:Mult3|mult_ngt:auto_generated|mac_mult3                                                                     ;                            ; DSPMULT_X13_Y9_N0  ; Unsigned            ;                                ; no                    ; no                    ; no                ;                 ;
; minesweeper_jtag_top:u_top|minesweeper_mu500_system:u_system|minesweeper_metrics:u_metrics|lpm_mult:Mult3|mult_ngt:auto_generated|w174w[0]                                                                         ; Simple Multiplier (18-bit) ; DSPOUT_X13_Y10_N2  ;                     ; No                             ;                       ;                       ;                   ; no              ;
;    minesweeper_jtag_top:u_top|minesweeper_mu500_system:u_system|minesweeper_metrics:u_metrics|lpm_mult:Mult3|mult_ngt:auto_generated|mac_mult1                                                                     ;                            ; DSPMULT_X13_Y10_N0 ; Unsigned            ;                                ; no                    ; no                    ; no                ;                 ;
+--------------------------------------------------------------------------------------------------------------------------------------------------------------------------------------------------------------------+----------------------------+--------------------+---------------------+--------------------------------+-----------------------+-----------------------+-------------------+-----------------+


+---------------------------------------------------+
; Routing Usage Summary                             ;
+-----------------------+---------------------------+
; Routing Resource Type ; Usage                     ;
+-----------------------+---------------------------+
; Block interconnects   ; 33,848 / 116,715 ( 29 % ) ;
; C16 interconnects     ; 251 / 3,886 ( 6 % )       ;
; C4 interconnects      ; 18,771 / 73,752 ( 25 % )  ;
; Direct links          ; 3,205 / 116,715 ( 3 % )   ;
; Global clocks         ; 3 / 20 ( 15 % )           ;
; Local interconnects   ; 13,431 / 39,600 ( 34 % )  ;
; R24 interconnects     ; 365 / 3,777 ( 10 % )      ;
; R4 interconnects      ; 21,616 / 99,858 ( 22 % )  ;
+-----------------------+---------------------------+


+------------------------------------------------------------------------------+
; LAB Logic Elements                                                           ;
+---------------------------------------------+--------------------------------+
; Number of Logic Elements  (Average = 13.49) ; Number of LABs  (Total = 1671) ;
+---------------------------------------------+--------------------------------+
; 1                                           ; 50                             ;
; 2                                           ; 25                             ;
; 3                                           ; 26                             ;
; 4                                           ; 24                             ;
; 5                                           ; 18                             ;
; 6                                           ; 14                             ;
; 7                                           ; 14                             ;
; 8                                           ; 31                             ;
; 9                                           ; 42                             ;
; 10                                          ; 52                             ;
; 11                                          ; 53                             ;
; 12                                          ; 58                             ;
; 13                                          ; 68                             ;
; 14                                          ; 113                            ;
; 15                                          ; 219                            ;
; 16                                          ; 864                            ;
+---------------------------------------------+--------------------------------+


+---------------------------------------------------------------------+
; LAB-wide Signals                                                    ;
+------------------------------------+--------------------------------+
; LAB-wide Signals  (Average = 1.86) ; Number of LABs  (Total = 1671) ;
+------------------------------------+--------------------------------+
; 1 Async. clear                     ; 796                            ;
; 1 Clock                            ; 1249                           ;
; 1 Clock enable                     ; 374                            ;
; 1 Sync. clear                      ; 327                            ;
; 1 Sync. load                       ; 33                             ;
; 2 Async. clears                    ; 1                              ;
; 2 Clock enables                    ; 317                            ;
; 2 Clocks                           ; 9                              ;
+------------------------------------+--------------------------------+


+-------------------------------------------------------------------------------+
; LAB Signals Sourced                                                           ;
+----------------------------------------------+--------------------------------+
; Number of Signals Sourced  (Average = 18.05) ; Number of LABs  (Total = 1671) ;
+----------------------------------------------+--------------------------------+
; 0                                            ; 1                              ;
; 1                                            ; 35                             ;
; 2                                            ; 29                             ;
; 3                                            ; 15                             ;
; 4                                            ; 21                             ;
; 5                                            ; 15                             ;
; 6                                            ; 15                             ;
; 7                                            ; 14                             ;
; 8                                            ; 16                             ;
; 9                                            ; 17                             ;
; 10                                           ; 29                             ;
; 11                                           ; 25                             ;
; 12                                           ; 33                             ;
; 13                                           ; 29                             ;
; 14                                           ; 52                             ;
; 15                                           ; 93                             ;
; 16                                           ; 228                            ;
; 17                                           ; 57                             ;
; 18                                           ; 90                             ;
; 19                                           ; 103                            ;
; 20                                           ; 153                            ;
; 21                                           ; 138                            ;
; 22                                           ; 114                            ;
; 23                                           ; 77                             ;
; 24                                           ; 58                             ;
; 25                                           ; 33                             ;
; 26                                           ; 27                             ;
; 27                                           ; 26                             ;
; 28                                           ; 24                             ;
; 29                                           ; 23                             ;
; 30                                           ; 18                             ;
; 31                                           ; 16                             ;
; 32                                           ; 47                             ;
+----------------------------------------------+--------------------------------+


+----------------------------------------------------------------------------------+
; LAB Signals Sourced Out                                                          ;
+-------------------------------------------------+--------------------------------+
; Number of Signals Sourced Out  (Average = 7.93) ; Number of LABs  (Total = 1671) ;
+-------------------------------------------------+--------------------------------+
; 0                                               ; 1                              ;
; 1                                               ; 124                            ;
; 2                                               ; 124                            ;
; 3                                               ; 99                             ;
; 4                                               ; 127                            ;
; 5                                               ; 134                            ;
; 6                                               ; 133                            ;
; 7                                               ; 98                             ;
; 8                                               ; 126                            ;
; 9                                               ; 126                            ;
; 10                                              ; 96                             ;
; 11                                              ; 102                            ;
; 12                                              ; 68                             ;
; 13                                              ; 71                             ;
; 14                                              ; 58                             ;
; 15                                              ; 48                             ;
; 16                                              ; 82                             ;
; 17                                              ; 18                             ;
; 18                                              ; 12                             ;
; 19                                              ; 6                              ;
; 20                                              ; 2                              ;
; 21                                              ; 2                              ;
; 22                                              ; 1                              ;
; 23                                              ; 3                              ;
; 24                                              ; 0                              ;
; 25                                              ; 0                              ;
; 26                                              ; 1                              ;
; 27                                              ; 1                              ;
; 28                                              ; 1                              ;
; 29                                              ; 0                              ;
; 30                                              ; 0                              ;
; 31                                              ; 4                              ;
; 32                                              ; 3                              ;
+-------------------------------------------------+--------------------------------+


+-------------------------------------------------------------------------------+
; LAB Distinct Inputs                                                           ;
+----------------------------------------------+--------------------------------+
; Number of Distinct Inputs  (Average = 19.58) ; Number of LABs  (Total = 1671) ;
+----------------------------------------------+--------------------------------+
; 0                                            ; 0                              ;
; 1                                            ; 2                              ;
; 2                                            ; 8                              ;
; 3                                            ; 11                             ;
; 4                                            ; 68                             ;
; 5                                            ; 21                             ;
; 6                                            ; 30                             ;
; 7                                            ; 27                             ;
; 8                                            ; 20                             ;
; 9                                            ; 26                             ;
; 10                                           ; 28                             ;
; 11                                           ; 35                             ;
; 12                                           ; 43                             ;
; 13                                           ; 48                             ;
; 14                                           ; 62                             ;
; 15                                           ; 57                             ;
; 16                                           ; 59                             ;
; 17                                           ; 76                             ;
; 18                                           ; 71                             ;
; 19                                           ; 92                             ;
; 20                                           ; 98                             ;
; 21                                           ; 93                             ;
; 22                                           ; 89                             ;
; 23                                           ; 87                             ;
; 24                                           ; 71                             ;
; 25                                           ; 64                             ;
; 26                                           ; 58                             ;
; 27                                           ; 46                             ;
; 28                                           ; 44                             ;
; 29                                           ; 43                             ;
; 30                                           ; 38                             ;
; 31                                           ; 33                             ;
; 32                                           ; 22                             ;
; 33                                           ; 29                             ;
; 34                                           ; 22                             ;
; 35                                           ; 18                             ;
; 36                                           ; 20                             ;
; 37                                           ; 11                             ;
+----------------------------------------------+--------------------------------+


+------------------------------------------+
; I/O Rules Summary                        ;
+----------------------------------+-------+
; I/O Rules Statistic              ; Total ;
+----------------------------------+-------+
; Total I/O Rules                  ; 30    ;
; Number of I/O Rules Passed       ; 9     ;
; Number of I/O Rules Failed       ; 0     ;
; Number of I/O Rules Unchecked    ; 0     ;
; Number of I/O Rules Inapplicable ; 21    ;
+----------------------------------+-------+


+--------------------------------------------------------------------------------------------------------------------------------------------------------------------------------------------------------------------------------------------------------------------------------------+
; I/O Rules Details                                                                                                                                                                                                                                                                    ;
+--------------+-----------+-----------------------------------+------------------------------------------------------------------------------------------------------+----------+--------------------------------------------------------------------------+------+-------------------+
; Status       ; ID        ; Category                          ; Rule Description                                                                                     ; Severity ; Information                                                              ; Area ; Extra Information ;
+--------------+-----------+-----------------------------------+------------------------------------------------------------------------------------------------------+----------+--------------------------------------------------------------------------+------+-------------------+
; Pass         ; IO_000001 ; Capacity Checks                   ; Number of pins in an I/O bank should not exceed the number of locations available.                   ; Critical ; 0 such failures found.                                                   ; I/O  ;                   ;
; Inapplicable ; IO_000002 ; Capacity Checks                   ; Number of clocks in an I/O bank should not exceed the number of clocks available.                    ; Critical ; No Global Signal assignments found.                                      ; I/O  ;                   ;
; Pass         ; IO_000003 ; Capacity Checks                   ; Number of pins in a Vrefgroup should not exceed the number of locations available.                   ; Critical ; 0 such failures found.                                                   ; I/O  ;                   ;
; Inapplicable ; IO_000004 ; Voltage Compatibility Checks      ; The I/O bank should support the requested VCCIO.                                                     ; Critical ; No IOBANK_VCCIO assignments found.                                       ; I/O  ;                   ;
; Inapplicable ; IO_000005 ; Voltage Compatibility Checks      ; The I/O bank should not have competing VREF values.                                                  ; Critical ; No VREF I/O Standard assignments found.                                  ; I/O  ;                   ;
; Pass         ; IO_000006 ; Voltage Compatibility Checks      ; The I/O bank should not have competing VCCIO values.                                                 ; Critical ; 0 such failures found.                                                   ; I/O  ;                   ;
; Pass         ; IO_000007 ; Valid Location Checks             ; Checks for unavailable locations.                                                                    ; Critical ; 0 such failures found.                                                   ; I/O  ;                   ;
; Inapplicable ; IO_000008 ; Valid Location Checks             ; Checks for reserved locations.                                                                       ; Critical ; No reserved LogicLock region found.                                      ; I/O  ;                   ;
; Pass         ; IO_000009 ; I/O Properties Checks for One I/O ; The location should support the requested I/O standard.                                              ; Critical ; 0 such failures found.                                                   ; I/O  ;                   ;
; Pass         ; IO_000010 ; I/O Properties Checks for One I/O ; The location should support the requested I/O direction.                                             ; Critical ; 0 such failures found.                                                   ; I/O  ;                   ;
; Inapplicable ; IO_000011 ; I/O Properties Checks for One I/O ; The location should support the requested Current Strength.                                          ; Critical ; No Current Strength assignments found.                                   ; I/O  ;                   ;
; Inapplicable ; IO_000012 ; I/O Properties Checks for One I/O ; The location should support the requested On Chip Termination value.                                 ; Critical ; No Termination assignments found.                                        ; I/O  ;                   ;
; Inapplicable ; IO_000013 ; I/O Properties Checks for One I/O ; The location should support the requested Bus Hold value.                                            ; Critical ; No Enable Bus-Hold Circuitry assignments found.                          ; I/O  ;                   ;
; Inapplicable ; IO_000014 ; I/O Properties Checks for One I/O ; The location should support the requested Weak Pull Up value.                                        ; Critical ; No Weak Pull-Up Resistor assignments found.                              ; I/O  ;                   ;
; Pass         ; IO_000015 ; I/O Properties Checks for One I/O ; The location should support the requested PCI Clamp Diode.                                           ; Critical ; 0 such failures found.                                                   ; I/O  ;                   ;
; Inapplicable ; IO_000018 ; I/O Properties Checks for One I/O ; The I/O standard should support the requested Current Strength.                                      ; Critical ; No Current Strength assignments found.                                   ; I/O  ;                   ;
; Inapplicable ; IO_000019 ; I/O Properties Checks for One I/O ; The I/O standard should support the requested On Chip Termination value.                             ; Critical ; No Termination assignments found.                                        ; I/O  ;                   ;
; Pass         ; IO_000020 ; I/O Properties Checks for One I/O ; The I/O standard should support the requested PCI Clamp Diode.                                       ; Critical ; 0 such failures found.                                                   ; I/O  ;                   ;
; Inapplicable ; IO_000021 ; I/O Properties Checks for One I/O ; The I/O standard should support the requested Weak Pull Up value.                                    ; Critical ; No Weak Pull-Up Resistor assignments found.                              ; I/O  ;                   ;
; Inapplicable ; IO_000022 ; I/O Properties Checks for One I/O ; The I/O standard should support the requested Bus Hold value.                                        ; Critical ; No Enable Bus-Hold Circuitry assignments found.                          ; I/O  ;                   ;
; Inapplicable ; IO_000023 ; I/O Properties Checks for One I/O ; The I/O standard should support the Open Drain value.                                                ; Critical ; No open drain assignments found.                                         ; I/O  ;                   ;
; Inapplicable ; IO_000024 ; I/O Properties Checks for One I/O ; The I/O direction should support the On Chip Termination value.                                      ; Critical ; No Termination assignments found.                                        ; I/O  ;                   ;
; Inapplicable ; IO_000026 ; I/O Properties Checks for One I/O ; On Chip Termination and Current Strength should not be used at the same time.                        ; Critical ; No Current Strength or Termination assignments found.                    ; I/O  ;                   ;
; Inapplicable ; IO_000027 ; I/O Properties Checks for One I/O ; Weak Pull Up and Bus Hold should not be used at the same time.                                       ; Critical ; No Enable Bus-Hold Circuitry or Weak Pull-Up Resistor assignments found. ; I/O  ;                   ;
; Inapplicable ; IO_000045 ; I/O Properties Checks for One I/O ; The I/O standard should support the requested Slew Rate value.                                       ; Critical ; No Slew Rate assignments found.                                          ; I/O  ;                   ;
; Inapplicable ; IO_000046 ; I/O Properties Checks for One I/O ; The location should support the requested Slew Rate value.                                           ; Critical ; No Slew Rate assignments found.                                          ; I/O  ;                   ;
; Inapplicable ; IO_000047 ; I/O Properties Checks for One I/O ; On Chip Termination and Slew Rate should not be used at the same time.                               ; Critical ; No Slew Rate assignments found.                                          ; I/O  ;                   ;
; Pass         ; IO_000033 ; Electromigration Checks           ; Current density for consecutive I/Os should not exceed 240mA for row I/Os and 240mA for column I/Os. ; Critical ; 0 such failures found.                                                   ; I/O  ;                   ;
; Inapplicable ; IO_000034 ; SI Related Distance Checks        ; Single-ended outputs should be 5 LAB row(s) away from a differential I/O.                            ; High     ; No Differential I/O Standard assignments found.                          ; I/O  ;                   ;
; Inapplicable ; IO_000042 ; SI Related SSO Limit Checks       ; No more than 20 outputs are allowed in a VREF group when VREF is being read from.                    ; High     ; No VREF I/O Standard assignments found.                                  ; I/O  ;                   ;
+--------------+-----------+-----------------------------------+------------------------------------------------------------------------------------------------------+----------+--------------------------------------------------------------------------+------+-------------------+


+---------------------------------------------------------------------------------------------------------------------------------------------------------------------------------------------------------------------------------------------------------------------------------------------------------------------------------------------------------------------------------------------------------------------------------------------------------------------------+
; I/O Rules Matrix                                                                                                                                                                                                                                                                                                                                                                                                                                                          ;
+---------------------+--------------+--------------+--------------+--------------+--------------+-----------+--------------+--------------+-----------+-----------+--------------+--------------+--------------+--------------+--------------+--------------+--------------+--------------+--------------+--------------+--------------+--------------+--------------+--------------+--------------+--------------+--------------+-----------+--------------+--------------+
; Pin/Rules           ; IO_000001    ; IO_000002    ; IO_000003    ; IO_000004    ; IO_000005    ; IO_000006 ; IO_000007    ; IO_000008    ; IO_000009 ; IO_000010 ; IO_000011    ; IO_000012    ; IO_000013    ; IO_000014    ; IO_000015    ; IO_000018    ; IO_000019    ; IO_000020    ; IO_000021    ; IO_000022    ; IO_000023    ; IO_000024    ; IO_000026    ; IO_000027    ; IO_000045    ; IO_000046    ; IO_000047    ; IO_000033 ; IO_000034    ; IO_000042    ;
+---------------------+--------------+--------------+--------------+--------------+--------------+-----------+--------------+--------------+-----------+-----------+--------------+--------------+--------------+--------------+--------------+--------------+--------------+--------------+--------------+--------------+--------------+--------------+--------------+--------------+--------------+--------------+--------------+-----------+--------------+--------------+
; Total Pass          ; 83           ; 0            ; 83           ; 0            ; 0            ; 87        ; 83           ; 0            ; 87        ; 87        ; 0            ; 0            ; 0            ; 0            ; 10           ; 0            ; 0            ; 10           ; 0            ; 0            ; 0            ; 0            ; 0            ; 0            ; 0            ; 0            ; 0            ; 87        ; 0            ; 0            ;
; Total Unchecked     ; 0            ; 0            ; 0            ; 0            ; 0            ; 0         ; 0            ; 0            ; 0         ; 0         ; 0            ; 0            ; 0            ; 0            ; 0            ; 0            ; 0            ; 0            ; 0            ; 0            ; 0            ; 0            ; 0            ; 0            ; 0            ; 0            ; 0            ; 0         ; 0            ; 0            ;
; Total Inapplicable  ; 4            ; 87           ; 4            ; 87           ; 87           ; 0         ; 4            ; 87           ; 0         ; 0         ; 87           ; 87           ; 87           ; 87           ; 77           ; 87           ; 87           ; 77           ; 87           ; 87           ; 87           ; 87           ; 87           ; 87           ; 87           ; 87           ; 87           ; 0         ; 87           ; 87           ;
; Total Fail          ; 0            ; 0            ; 0            ; 0            ; 0            ; 0         ; 0            ; 0            ; 0         ; 0         ; 0            ; 0            ; 0            ; 0            ; 0            ; 0            ; 0            ; 0            ; 0            ; 0            ; 0            ; 0            ; 0            ; 0            ; 0            ; 0            ; 0            ; 0         ; 0            ; 0            ;
; HEX_A[0]            ; Pass         ; Inapplicable ; Pass         ; Inapplicable ; Inapplicable ; Pass      ; Pass         ; Inapplicable ; Pass      ; Pass      ; Inapplicable ; Inapplicable ; Inapplicable ; Inapplicable ; Pass         ; Inapplicable ; Inapplicable ; Pass         ; Inapplicable ; Inapplicable ; Inapplicable ; Inapplicable ; Inapplicable ; Inapplicable ; Inapplicable ; Inapplicable ; Inapplicable ; Pass      ; Inapplicable ; Inapplicable ;
; HEX_A[1]            ; Pass         ; Inapplicable ; Pass         ; Inapplicable ; Inapplicable ; Pass      ; Pass         ; Inapplicable ; Pass      ; Pass      ; Inapplicable ; Inapplicable ; Inapplicable ; Inapplicable ; Pass         ; Inapplicable ; Inapplicable ; Pass         ; Inapplicable ; Inapplicable ; Inapplicable ; Inapplicable ; Inapplicable ; Inapplicable ; Inapplicable ; Inapplicable ; Inapplicable ; Pass      ; Inapplicable ; Inapplicable ;
; HEX_A[2]            ; Pass         ; Inapplicable ; Pass         ; Inapplicable ; Inapplicable ; Pass      ; Pass         ; Inapplicable ; Pass      ; Pass      ; Inapplicable ; Inapplicable ; Inapplicable ; Inapplicable ; Pass         ; Inapplicable ; Inapplicable ; Pass         ; Inapplicable ; Inapplicable ; Inapplicable ; Inapplicable ; Inapplicable ; Inapplicable ; Inapplicable ; Inapplicable ; Inapplicable ; Pass      ; Inapplicable ; Inapplicable ;
; HEX_A[3]            ; Pass         ; Inapplicable ; Pass         ; Inapplicable ; Inapplicable ; Pass      ; Pass         ; Inapplicable ; Pass      ; Pass      ; Inapplicable ; Inapplicable ; Inapplicable ; Inapplicable ; Pass         ; Inapplicable ; Inapplicable ; Pass         ; Inapplicable ; Inapplicable ; Inapplicable ; Inapplicable ; Inapplicable ; Inapplicable ; Inapplicable ; Inapplicable ; Inapplicable ; Pass      ; Inapplicable ; Inapplicable ;
; HEX_B[0]            ; Pass         ; Inapplicable ; Pass         ; Inapplicable ; Inapplicable ; Pass      ; Pass         ; Inapplicable ; Pass      ; Pass      ; Inapplicable ; Inapplicable ; Inapplicable ; Inapplicable ; Pass         ; Inapplicable ; Inapplicable ; Pass         ; Inapplicable ; Inapplicable ; Inapplicable ; Inapplicable ; Inapplicable ; Inapplicable ; Inapplicable ; Inapplicable ; Inapplicable ; Pass      ; Inapplicable ; Inapplicable ;
; HEX_B[1]            ; Pass         ; Inapplicable ; Pass         ; Inapplicable ; Inapplicable ; Pass      ; Pass         ; Inapplicable ; Pass      ; Pass      ; Inapplicable ; Inapplicable ; Inapplicable ; Inapplicable ; Pass         ; Inapplicable ; Inapplicable ; Pass         ; Inapplicable ; Inapplicable ; Inapplicable ; Inapplicable ; Inapplicable ; Inapplicable ; Inapplicable ; Inapplicable ; Inapplicable ; Pass      ; Inapplicable ; Inapplicable ;
; HEX_B[2]            ; Pass         ; Inapplicable ; Pass         ; Inapplicable ; Inapplicable ; Pass      ; Pass         ; Inapplicable ; Pass      ; Pass      ; Inapplicable ; Inapplicable ; Inapplicable ; Inapplicable ; Pass         ; Inapplicable ; Inapplicable ; Pass         ; Inapplicable ; Inapplicable ; Inapplicable ; Inapplicable ; Inapplicable ; Inapplicable ; Inapplicable ; Inapplicable ; Inapplicable ; Pass      ; Inapplicable ; Inapplicable ;
; HEX_B[3]            ; Pass         ; Inapplicable ; Pass         ; Inapplicable ; Inapplicable ; Pass      ; Pass         ; Inapplicable ; Pass      ; Pass      ; Inapplicable ; Inapplicable ; Inapplicable ; Inapplicable ; Pass         ; Inapplicable ; Inapplicable ; Pass         ; Inapplicable ; Inapplicable ; Inapplicable ; Inapplicable ; Inapplicable ; Inapplicable ; Inapplicable ; Inapplicable ; Inapplicable ; Pass      ; Inapplicable ; Inapplicable ;
; SEG_A[0]            ; Pass         ; Inapplicable ; Pass         ; Inapplicable ; Inapplicable ; Pass      ; Pass         ; Inapplicable ; Pass      ; Pass      ; Inapplicable ; Inapplicable ; Inapplicable ; Inapplicable ; Inapplicable ; Inapplicable ; Inapplicable ; Inapplicable ; Inapplicable ; Inapplicable ; Inapplicable ; Inapplicable ; Inapplicable ; Inapplicable ; Inapplicable ; Inapplicable ; Inapplicable ; Pass      ; Inapplicable ; Inapplicable ;
; SEG_A[1]            ; Pass         ; Inapplicable ; Pass         ; Inapplicable ; Inapplicable ; Pass      ; Pass         ; Inapplicable ; Pass      ; Pass      ; Inapplicable ; Inapplicable ; Inapplicable ; Inapplicable ; Inapplicable ; Inapplicable ; Inapplicable ; Inapplicable ; Inapplicable ; Inapplicable ; Inapplicable ; Inapplicable ; Inapplicable ; Inapplicable ; Inapplicable ; Inapplicable ; Inapplicable ; Pass      ; Inapplicable ; Inapplicable ;
; SEG_A[2]            ; Pass         ; Inapplicable ; Pass         ; Inapplicable ; Inapplicable ; Pass      ; Pass         ; Inapplicable ; Pass      ; Pass      ; Inapplicable ; Inapplicable ; Inapplicable ; Inapplicable ; Inapplicable ; Inapplicable ; Inapplicable ; Inapplicable ; Inapplicable ; Inapplicable ; Inapplicable ; Inapplicable ; Inapplicable ; Inapplicable ; Inapplicable ; Inapplicable ; Inapplicable ; Pass      ; Inapplicable ; Inapplicable ;
; SEG_A[3]            ; Pass         ; Inapplicable ; Pass         ; Inapplicable ; Inapplicable ; Pass      ; Pass         ; Inapplicable ; Pass      ; Pass      ; Inapplicable ; Inapplicable ; Inapplicable ; Inapplicable ; Inapplicable ; Inapplicable ; Inapplicable ; Inapplicable ; Inapplicable ; Inapplicable ; Inapplicable ; Inapplicable ; Inapplicable ; Inapplicable ; Inapplicable ; Inapplicable ; Inapplicable ; Pass      ; Inapplicable ; Inapplicable ;
; SEG_A[4]            ; Pass         ; Inapplicable ; Pass         ; Inapplicable ; Inapplicable ; Pass      ; Pass         ; Inapplicable ; Pass      ; Pass      ; Inapplicable ; Inapplicable ; Inapplicable ; Inapplicable ; Inapplicable ; Inapplicable ; Inapplicable ; Inapplicable ; Inapplicable ; Inapplicable ; Inapplicable ; Inapplicable ; Inapplicable ; Inapplicable ; Inapplicable ; Inapplicable ; Inapplicable ; Pass      ; Inapplicable ; Inapplicable ;
; SEG_A[5]            ; Pass         ; Inapplicable ; Pass         ; Inapplicable ; Inapplicable ; Pass      ; Pass         ; Inapplicable ; Pass      ; Pass      ; Inapplicable ; Inapplicable ; Inapplicable ; Inapplicable ; Inapplicable ; Inapplicable ; Inapplicable ; Inapplicable ; Inapplicable ; Inapplicable ; Inapplicable ; Inapplicable ; Inapplicable ; Inapplicable ; Inapplicable ; Inapplicable ; Inapplicable ; Pass      ; Inapplicable ; Inapplicable ;
; SEG_A[6]            ; Pass         ; Inapplicable ; Pass         ; Inapplicable ; Inapplicable ; Pass      ; Pass         ; Inapplicable ; Pass      ; Pass      ; Inapplicable ; Inapplicable ; Inapplicable ; Inapplicable ; Inapplicable ; Inapplicable ; Inapplicable ; Inapplicable ; Inapplicable ; Inapplicable ; Inapplicable ; Inapplicable ; Inapplicable ; Inapplicable ; Inapplicable ; Inapplicable ; Inapplicable ; Pass      ; Inapplicable ; Inapplicable ;
; SEG_A[7]            ; Pass         ; Inapplicable ; Pass         ; Inapplicable ; Inapplicable ; Pass      ; Pass         ; Inapplicable ; Pass      ; Pass      ; Inapplicable ; Inapplicable ; Inapplicable ; Inapplicable ; Inapplicable ; Inapplicable ; Inapplicable ; Inapplicable ; Inapplicable ; Inapplicable ; Inapplicable ; Inapplicable ; Inapplicable ; Inapplicable ; Inapplicable ; Inapplicable ; Inapplicable ; Pass      ; Inapplicable ; Inapplicable ;
; SEG_B[0]            ; Pass         ; Inapplicable ; Pass         ; Inapplicable ; Inapplicable ; Pass      ; Pass         ; Inapplicable ; Pass      ; Pass      ; Inapplicable ; Inapplicable ; Inapplicable ; Inapplicable ; Inapplicable ; Inapplicable ; Inapplicable ; Inapplicable ; Inapplicable ; Inapplicable ; Inapplicable ; Inapplicable ; Inapplicable ; Inapplicable ; Inapplicable ; Inapplicable ; Inapplicable ; Pass      ; Inapplicable ; Inapplicable ;
; SEG_B[1]            ; Pass         ; Inapplicable ; Pass         ; Inapplicable ; Inapplicable ; Pass      ; Pass         ; Inapplicable ; Pass      ; Pass      ; Inapplicable ; Inapplicable ; Inapplicable ; Inapplicable ; Inapplicable ; Inapplicable ; Inapplicable ; Inapplicable ; Inapplicable ; Inapplicable ; Inapplicable ; Inapplicable ; Inapplicable ; Inapplicable ; Inapplicable ; Inapplicable ; Inapplicable ; Pass      ; Inapplicable ; Inapplicable ;
; SEG_B[2]            ; Pass         ; Inapplicable ; Pass         ; Inapplicable ; Inapplicable ; Pass      ; Pass         ; Inapplicable ; Pass      ; Pass      ; Inapplicable ; Inapplicable ; Inapplicable ; Inapplicable ; Inapplicable ; Inapplicable ; Inapplicable ; Inapplicable ; Inapplicable ; Inapplicable ; Inapplicable ; Inapplicable ; Inapplicable ; Inapplicable ; Inapplicable ; Inapplicable ; Inapplicable ; Pass      ; Inapplicable ; Inapplicable ;
; SEG_B[3]            ; Pass         ; Inapplicable ; Pass         ; Inapplicable ; Inapplicable ; Pass      ; Pass         ; Inapplicable ; Pass      ; Pass      ; Inapplicable ; Inapplicable ; Inapplicable ; Inapplicable ; Inapplicable ; Inapplicable ; Inapplicable ; Inapplicable ; Inapplicable ; Inapplicable ; Inapplicable ; Inapplicable ; Inapplicable ; Inapplicable ; Inapplicable ; Inapplicable ; Inapplicable ; Pass      ; Inapplicable ; Inapplicable ;
; SEG_B[4]            ; Pass         ; Inapplicable ; Pass         ; Inapplicable ; Inapplicable ; Pass      ; Pass         ; Inapplicable ; Pass      ; Pass      ; Inapplicable ; Inapplicable ; Inapplicable ; Inapplicable ; Inapplicable ; Inapplicable ; Inapplicable ; Inapplicable ; Inapplicable ; Inapplicable ; Inapplicable ; Inapplicable ; Inapplicable ; Inapplicable ; Inapplicable ; Inapplicable ; Inapplicable ; Pass      ; Inapplicable ; Inapplicable ;
; SEG_B[5]            ; Pass         ; Inapplicable ; Pass         ; Inapplicable ; Inapplicable ; Pass      ; Pass         ; Inapplicable ; Pass      ; Pass      ; Inapplicable ; Inapplicable ; Inapplicable ; Inapplicable ; Inapplicable ; Inapplicable ; Inapplicable ; Inapplicable ; Inapplicable ; Inapplicable ; Inapplicable ; Inapplicable ; Inapplicable ; Inapplicable ; Inapplicable ; Inapplicable ; Inapplicable ; Pass      ; Inapplicable ; Inapplicable ;
; SEG_B[6]            ; Pass         ; Inapplicable ; Pass         ; Inapplicable ; Inapplicable ; Pass      ; Pass         ; Inapplicable ; Pass      ; Pass      ; Inapplicable ; Inapplicable ; Inapplicable ; Inapplicable ; Inapplicable ; Inapplicable ; Inapplicable ; Inapplicable ; Inapplicable ; Inapplicable ; Inapplicable ; Inapplicable ; Inapplicable ; Inapplicable ; Inapplicable ; Inapplicable ; Inapplicable ; Pass      ; Inapplicable ; Inapplicable ;
; SEG_B[7]            ; Pass         ; Inapplicable ; Pass         ; Inapplicable ; Inapplicable ; Pass      ; Pass         ; Inapplicable ; Pass      ; Pass      ; Inapplicable ; Inapplicable ; Inapplicable ; Inapplicable ; Inapplicable ; Inapplicable ; Inapplicable ; Inapplicable ; Inapplicable ; Inapplicable ; Inapplicable ; Inapplicable ; Inapplicable ; Inapplicable ; Inapplicable ; Inapplicable ; Inapplicable ; Pass      ; Inapplicable ; Inapplicable ;
; SEG_C[0]            ; Pass         ; Inapplicable ; Pass         ; Inapplicable ; Inapplicable ; Pass      ; Pass         ; Inapplicable ; Pass      ; Pass      ; Inapplicable ; Inapplicable ; Inapplicable ; Inapplicable ; Inapplicable ; Inapplicable ; Inapplicable ; Inapplicable ; Inapplicable ; Inapplicable ; Inapplicable ; Inapplicable ; Inapplicable ; Inapplicable ; Inapplicable ; Inapplicable ; Inapplicable ; Pass      ; Inapplicable ; Inapplicable ;
; SEG_C[1]            ; Pass         ; Inapplicable ; Pass         ; Inapplicable ; Inapplicable ; Pass      ; Pass         ; Inapplicable ; Pass      ; Pass      ; Inapplicable ; Inapplicable ; Inapplicable ; Inapplicable ; Inapplicable ; Inapplicable ; Inapplicable ; Inapplicable ; Inapplicable ; Inapplicable ; Inapplicable ; Inapplicable ; Inapplicable ; Inapplicable ; Inapplicable ; Inapplicable ; Inapplicable ; Pass      ; Inapplicable ; Inapplicable ;
; SEG_C[2]            ; Pass         ; Inapplicable ; Pass         ; Inapplicable ; Inapplicable ; Pass      ; Pass         ; Inapplicable ; Pass      ; Pass      ; Inapplicable ; Inapplicable ; Inapplicable ; Inapplicable ; Inapplicable ; Inapplicable ; Inapplicable ; Inapplicable ; Inapplicable ; Inapplicable ; Inapplicable ; Inapplicable ; Inapplicable ; Inapplicable ; Inapplicable ; Inapplicable ; Inapplicable ; Pass      ; Inapplicable ; Inapplicable ;
; SEG_C[3]            ; Pass         ; Inapplicable ; Pass         ; Inapplicable ; Inapplicable ; Pass      ; Pass         ; Inapplicable ; Pass      ; Pass      ; Inapplicable ; Inapplicable ; Inapplicable ; Inapplicable ; Inapplicable ; Inapplicable ; Inapplicable ; Inapplicable ; Inapplicable ; Inapplicable ; Inapplicable ; Inapplicable ; Inapplicable ; Inapplicable ; Inapplicable ; Inapplicable ; Inapplicable ; Pass      ; Inapplicable ; Inapplicable ;
; SEG_C[4]            ; Pass         ; Inapplicable ; Pass         ; Inapplicable ; Inapplicable ; Pass      ; Pass         ; Inapplicable ; Pass      ; Pass      ; Inapplicable ; Inapplicable ; Inapplicable ; Inapplicable ; Inapplicable ; Inapplicable ; Inapplicable ; Inapplicable ; Inapplicable ; Inapplicable ; Inapplicable ; Inapplicable ; Inapplicable ; Inapplicable ; Inapplicable ; Inapplicable ; Inapplicable ; Pass      ; Inapplicable ; Inapplicable ;
; SEG_C[5]            ; Pass         ; Inapplicable ; Pass         ; Inapplicable ; Inapplicable ; Pass      ; Pass         ; Inapplicable ; Pass      ; Pass      ; Inapplicable ; Inapplicable ; Inapplicable ; Inapplicable ; Inapplicable ; Inapplicable ; Inapplicable ; Inapplicable ; Inapplicable ; Inapplicable ; Inapplicable ; Inapplicable ; Inapplicable ; Inapplicable ; Inapplicable ; Inapplicable ; Inapplicable ; Pass      ; Inapplicable ; Inapplicable ;
; SEG_C[6]            ; Pass         ; Inapplicable ; Pass         ; Inapplicable ; Inapplicable ; Pass      ; Pass         ; Inapplicable ; Pass      ; Pass      ; Inapplicable ; Inapplicable ; Inapplicable ; Inapplicable ; Inapplicable ; Inapplicable ; Inapplicable ; Inapplicable ; Inapplicable ; Inapplicable ; Inapplicable ; Inapplicable ; Inapplicable ; Inapplicable ; Inapplicable ; Inapplicable ; Inapplicable ; Pass      ; Inapplicable ; Inapplicable ;
; SEG_C[7]            ; Pass         ; Inapplicable ; Pass         ; Inapplicable ; Inapplicable ; Pass      ; Pass         ; Inapplicable ; Pass      ; Pass      ; Inapplicable ; Inapplicable ; Inapplicable ; Inapplicable ; Inapplicable ; Inapplicable ; Inapplicable ; Inapplicable ; Inapplicable ; Inapplicable ; Inapplicable ; Inapplicable ; Inapplicable ; Inapplicable ; Inapplicable ; Inapplicable ; Inapplicable ; Pass      ; Inapplicable ; Inapplicable ;
; SEG_D[0]            ; Pass         ; Inapplicable ; Pass         ; Inapplicable ; Inapplicable ; Pass      ; Pass         ; Inapplicable ; Pass      ; Pass      ; Inapplicable ; Inapplicable ; Inapplicable ; Inapplicable ; Inapplicable ; Inapplicable ; Inapplicable ; Inapplicable ; Inapplicable ; Inapplicable ; Inapplicable ; Inapplicable ; Inapplicable ; Inapplicable ; Inapplicable ; Inapplicable ; Inapplicable ; Pass      ; Inapplicable ; Inapplicable ;
; SEG_D[1]            ; Pass         ; Inapplicable ; Pass         ; Inapplicable ; Inapplicable ; Pass      ; Pass         ; Inapplicable ; Pass      ; Pass      ; Inapplicable ; Inapplicable ; Inapplicable ; Inapplicable ; Inapplicable ; Inapplicable ; Inapplicable ; Inapplicable ; Inapplicable ; Inapplicable ; Inapplicable ; Inapplicable ; Inapplicable ; Inapplicable ; Inapplicable ; Inapplicable ; Inapplicable ; Pass      ; Inapplicable ; Inapplicable ;
; SEG_D[2]            ; Pass         ; Inapplicable ; Pass         ; Inapplicable ; Inapplicable ; Pass      ; Pass         ; Inapplicable ; Pass      ; Pass      ; Inapplicable ; Inapplicable ; Inapplicable ; Inapplicable ; Inapplicable ; Inapplicable ; Inapplicable ; Inapplicable ; Inapplicable ; Inapplicable ; Inapplicable ; Inapplicable ; Inapplicable ; Inapplicable ; Inapplicable ; Inapplicable ; Inapplicable ; Pass      ; Inapplicable ; Inapplicable ;
; SEG_D[3]            ; Pass         ; Inapplicable ; Pass         ; Inapplicable ; Inapplicable ; Pass      ; Pass         ; Inapplicable ; Pass      ; Pass      ; Inapplicable ; Inapplicable ; Inapplicable ; Inapplicable ; Inapplicable ; Inapplicable ; Inapplicable ; Inapplicable ; Inapplicable ; Inapplicable ; Inapplicable ; Inapplicable ; Inapplicable ; Inapplicable ; Inapplicable ; Inapplicable ; Inapplicable ; Pass      ; Inapplicable ; Inapplicable ;
; SEG_D[4]            ; Pass         ; Inapplicable ; Pass         ; Inapplicable ; Inapplicable ; Pass      ; Pass         ; Inapplicable ; Pass      ; Pass      ; Inapplicable ; Inapplicable ; Inapplicable ; Inapplicable ; Inapplicable ; Inapplicable ; Inapplicable ; Inapplicable ; Inapplicable ; Inapplicable ; Inapplicable ; Inapplicable ; Inapplicable ; Inapplicable ; Inapplicable ; Inapplicable ; Inapplicable ; Pass      ; Inapplicable ; Inapplicable ;
; SEG_D[5]            ; Pass         ; Inapplicable ; Pass         ; Inapplicable ; Inapplicable ; Pass      ; Pass         ; Inapplicable ; Pass      ; Pass      ; Inapplicable ; Inapplicable ; Inapplicable ; Inapplicable ; Inapplicable ; Inapplicable ; Inapplicable ; Inapplicable ; Inapplicable ; Inapplicable ; Inapplicable ; Inapplicable ; Inapplicable ; Inapplicable ; Inapplicable ; Inapplicable ; Inapplicable ; Pass      ; Inapplicable ; Inapplicable ;
; SEG_D[6]            ; Pass         ; Inapplicable ; Pass         ; Inapplicable ; Inapplicable ; Pass      ; Pass         ; Inapplicable ; Pass      ; Pass      ; Inapplicable ; Inapplicable ; Inapplicable ; Inapplicable ; Inapplicable ; Inapplicable ; Inapplicable ; Inapplicable ; Inapplicable ; Inapplicable ; Inapplicable ; Inapplicable ; Inapplicable ; Inapplicable ; Inapplicable ; Inapplicable ; Inapplicable ; Pass      ; Inapplicable ; Inapplicable ;
; SEG_D[7]            ; Pass         ; Inapplicable ; Pass         ; Inapplicable ; Inapplicable ; Pass      ; Pass         ; Inapplicable ; Pass      ; Pass      ; Inapplicable ; Inapplicable ; Inapplicable ; Inapplicable ; Inapplicable ; Inapplicable ; Inapplicable ; Inapplicable ; Inapplicable ; Inapplicable ; Inapplicable ; Inapplicable ; Inapplicable ; Inapplicable ; Inapplicable ; Inapplicable ; Inapplicable ; Pass      ; Inapplicable ; Inapplicable ;
; SEG_E[0]            ; Pass         ; Inapplicable ; Pass         ; Inapplicable ; Inapplicable ; Pass      ; Pass         ; Inapplicable ; Pass      ; Pass      ; Inapplicable ; Inapplicable ; Inapplicable ; Inapplicable ; Inapplicable ; Inapplicable ; Inapplicable ; Inapplicable ; Inapplicable ; Inapplicable ; Inapplicable ; Inapplicable ; Inapplicable ; Inapplicable ; Inapplicable ; Inapplicable ; Inapplicable ; Pass      ; Inapplicable ; Inapplicable ;
; SEG_E[1]            ; Pass         ; Inapplicable ; Pass         ; Inapplicable ; Inapplicable ; Pass      ; Pass         ; Inapplicable ; Pass      ; Pass      ; Inapplicable ; Inapplicable ; Inapplicable ; Inapplicable ; Inapplicable ; Inapplicable ; Inapplicable ; Inapplicable ; Inapplicable ; Inapplicable ; Inapplicable ; Inapplicable ; Inapplicable ; Inapplicable ; Inapplicable ; Inapplicable ; Inapplicable ; Pass      ; Inapplicable ; Inapplicable ;
; SEG_E[2]            ; Pass         ; Inapplicable ; Pass         ; Inapplicable ; Inapplicable ; Pass      ; Pass         ; Inapplicable ; Pass      ; Pass      ; Inapplicable ; Inapplicable ; Inapplicable ; Inapplicable ; Inapplicable ; Inapplicable ; Inapplicable ; Inapplicable ; Inapplicable ; Inapplicable ; Inapplicable ; Inapplicable ; Inapplicable ; Inapplicable ; Inapplicable ; Inapplicable ; Inapplicable ; Pass      ; Inapplicable ; Inapplicable ;
; SEG_E[3]            ; Pass         ; Inapplicable ; Pass         ; Inapplicable ; Inapplicable ; Pass      ; Pass         ; Inapplicable ; Pass      ; Pass      ; Inapplicable ; Inapplicable ; Inapplicable ; Inapplicable ; Inapplicable ; Inapplicable ; Inapplicable ; Inapplicable ; Inapplicable ; Inapplicable ; Inapplicable ; Inapplicable ; Inapplicable ; Inapplicable ; Inapplicable ; Inapplicable ; Inapplicable ; Pass      ; Inapplicable ; Inapplicable ;
; SEG_E[4]            ; Pass         ; Inapplicable ; Pass         ; Inapplicable ; Inapplicable ; Pass      ; Pass         ; Inapplicable ; Pass      ; Pass      ; Inapplicable ; Inapplicable ; Inapplicable ; Inapplicable ; Inapplicable ; Inapplicable ; Inapplicable ; Inapplicable ; Inapplicable ; Inapplicable ; Inapplicable ; Inapplicable ; Inapplicable ; Inapplicable ; Inapplicable ; Inapplicable ; Inapplicable ; Pass      ; Inapplicable ; Inapplicable ;
; SEG_E[5]            ; Pass         ; Inapplicable ; Pass         ; Inapplicable ; Inapplicable ; Pass      ; Pass         ; Inapplicable ; Pass      ; Pass      ; Inapplicable ; Inapplicable ; Inapplicable ; Inapplicable ; Inapplicable ; Inapplicable ; Inapplicable ; Inapplicable ; Inapplicable ; Inapplicable ; Inapplicable ; Inapplicable ; Inapplicable ; Inapplicable ; Inapplicable ; Inapplicable ; Inapplicable ; Pass      ; Inapplicable ; Inapplicable ;
; SEG_E[6]            ; Pass         ; Inapplicable ; Pass         ; Inapplicable ; Inapplicable ; Pass      ; Pass         ; Inapplicable ; Pass      ; Pass      ; Inapplicable ; Inapplicable ; Inapplicable ; Inapplicable ; Inapplicable ; Inapplicable ; Inapplicable ; Inapplicable ; Inapplicable ; Inapplicable ; Inapplicable ; Inapplicable ; Inapplicable ; Inapplicable ; Inapplicable ; Inapplicable ; Inapplicable ; Pass      ; Inapplicable ; Inapplicable ;
; SEG_E[7]            ; Pass         ; Inapplicable ; Pass         ; Inapplicable ; Inapplicable ; Pass      ; Pass         ; Inapplicable ; Pass      ; Pass      ; Inapplicable ; Inapplicable ; Inapplicable ; Inapplicable ; Inapplicable ; Inapplicable ; Inapplicable ; Inapplicable ; Inapplicable ; Inapplicable ; Inapplicable ; Inapplicable ; Inapplicable ; Inapplicable ; Inapplicable ; Inapplicable ; Inapplicable ; Pass      ; Inapplicable ; Inapplicable ;
; SEG_F[0]            ; Pass         ; Inapplicable ; Pass         ; Inapplicable ; Inapplicable ; Pass      ; Pass         ; Inapplicable ; Pass      ; Pass      ; Inapplicable ; Inapplicable ; Inapplicable ; Inapplicable ; Inapplicable ; Inapplicable ; Inapplicable ; Inapplicable ; Inapplicable ; Inapplicable ; Inapplicable ; Inapplicable ; Inapplicable ; Inapplicable ; Inapplicable ; Inapplicable ; Inapplicable ; Pass      ; Inapplicable ; Inapplicable ;
; SEG_F[1]            ; Pass         ; Inapplicable ; Pass         ; Inapplicable ; Inapplicable ; Pass      ; Pass         ; Inapplicable ; Pass      ; Pass      ; Inapplicable ; Inapplicable ; Inapplicable ; Inapplicable ; Inapplicable ; Inapplicable ; Inapplicable ; Inapplicable ; Inapplicable ; Inapplicable ; Inapplicable ; Inapplicable ; Inapplicable ; Inapplicable ; Inapplicable ; Inapplicable ; Inapplicable ; Pass      ; Inapplicable ; Inapplicable ;
; SEG_F[2]            ; Pass         ; Inapplicable ; Pass         ; Inapplicable ; Inapplicable ; Pass      ; Pass         ; Inapplicable ; Pass      ; Pass      ; Inapplicable ; Inapplicable ; Inapplicable ; Inapplicable ; Inapplicable ; Inapplicable ; Inapplicable ; Inapplicable ; Inapplicable ; Inapplicable ; Inapplicable ; Inapplicable ; Inapplicable ; Inapplicable ; Inapplicable ; Inapplicable ; Inapplicable ; Pass      ; Inapplicable ; Inapplicable ;
; SEG_F[3]            ; Pass         ; Inapplicable ; Pass         ; Inapplicable ; Inapplicable ; Pass      ; Pass         ; Inapplicable ; Pass      ; Pass      ; Inapplicable ; Inapplicable ; Inapplicable ; Inapplicable ; Inapplicable ; Inapplicable ; Inapplicable ; Inapplicable ; Inapplicable ; Inapplicable ; Inapplicable ; Inapplicable ; Inapplicable ; Inapplicable ; Inapplicable ; Inapplicable ; Inapplicable ; Pass      ; Inapplicable ; Inapplicable ;
; SEG_F[4]            ; Pass         ; Inapplicable ; Pass         ; Inapplicable ; Inapplicable ; Pass      ; Pass         ; Inapplicable ; Pass      ; Pass      ; Inapplicable ; Inapplicable ; Inapplicable ; Inapplicable ; Inapplicable ; Inapplicable ; Inapplicable ; Inapplicable ; Inapplicable ; Inapplicable ; Inapplicable ; Inapplicable ; Inapplicable ; Inapplicable ; Inapplicable ; Inapplicable ; Inapplicable ; Pass      ; Inapplicable ; Inapplicable ;
; SEG_F[5]            ; Pass         ; Inapplicable ; Pass         ; Inapplicable ; Inapplicable ; Pass      ; Pass         ; Inapplicable ; Pass      ; Pass      ; Inapplicable ; Inapplicable ; Inapplicable ; Inapplicable ; Inapplicable ; Inapplicable ; Inapplicable ; Inapplicable ; Inapplicable ; Inapplicable ; Inapplicable ; Inapplicable ; Inapplicable ; Inapplicable ; Inapplicable ; Inapplicable ; Inapplicable ; Pass      ; Inapplicable ; Inapplicable ;
; SEG_F[6]            ; Pass         ; Inapplicable ; Pass         ; Inapplicable ; Inapplicable ; Pass      ; Pass         ; Inapplicable ; Pass      ; Pass      ; Inapplicable ; Inapplicable ; Inapplicable ; Inapplicable ; Inapplicable ; Inapplicable ; Inapplicable ; Inapplicable ; Inapplicable ; Inapplicable ; Inapplicable ; Inapplicable ; Inapplicable ; Inapplicable ; Inapplicable ; Inapplicable ; Inapplicable ; Pass      ; Inapplicable ; Inapplicable ;
; SEG_F[7]            ; Pass         ; Inapplicable ; Pass         ; Inapplicable ; Inapplicable ; Pass      ; Pass         ; Inapplicable ; Pass      ; Pass      ; Inapplicable ; Inapplicable ; Inapplicable ; Inapplicable ; Inapplicable ; Inapplicable ; Inapplicable ; Inapplicable ; Inapplicable ; Inapplicable ; Inapplicable ; Inapplicable ; Inapplicable ; Inapplicable ; Inapplicable ; Inapplicable ; Inapplicable ; Pass      ; Inapplicable ; Inapplicable ;
; SEG_G[0]            ; Pass         ; Inapplicable ; Pass         ; Inapplicable ; Inapplicable ; Pass      ; Pass         ; Inapplicable ; Pass      ; Pass      ; Inapplicable ; Inapplicable ; Inapplicable ; Inapplicable ; Inapplicable ; Inapplicable ; Inapplicable ; Inapplicable ; Inapplicable ; Inapplicable ; Inapplicable ; Inapplicable ; Inapplicable ; Inapplicable ; Inapplicable ; Inapplicable ; Inapplicable ; Pass      ; Inapplicable ; Inapplicable ;
; SEG_G[1]            ; Pass         ; Inapplicable ; Pass         ; Inapplicable ; Inapplicable ; Pass      ; Pass         ; Inapplicable ; Pass      ; Pass      ; Inapplicable ; Inapplicable ; Inapplicable ; Inapplicable ; Inapplicable ; Inapplicable ; Inapplicable ; Inapplicable ; Inapplicable ; Inapplicable ; Inapplicable ; Inapplicable ; Inapplicable ; Inapplicable ; Inapplicable ; Inapplicable ; Inapplicable ; Pass      ; Inapplicable ; Inapplicable ;
; SEG_G[2]            ; Pass         ; Inapplicable ; Pass         ; Inapplicable ; Inapplicable ; Pass      ; Pass         ; Inapplicable ; Pass      ; Pass      ; Inapplicable ; Inapplicable ; Inapplicable ; Inapplicable ; Inapplicable ; Inapplicable ; Inapplicable ; Inapplicable ; Inapplicable ; Inapplicable ; Inapplicable ; Inapplicable ; Inapplicable ; Inapplicable ; Inapplicable ; Inapplicable ; Inapplicable ; Pass      ; Inapplicable ; Inapplicable ;
; SEG_G[3]            ; Pass         ; Inapplicable ; Pass         ; Inapplicable ; Inapplicable ; Pass      ; Pass         ; Inapplicable ; Pass      ; Pass      ; Inapplicable ; Inapplicable ; Inapplicable ; Inapplicable ; Inapplicable ; Inapplicable ; Inapplicable ; Inapplicable ; Inapplicable ; Inapplicable ; Inapplicable ; Inapplicable ; Inapplicable ; Inapplicable ; Inapplicable ; Inapplicable ; Inapplicable ; Pass      ; Inapplicable ; Inapplicable ;
; SEG_G[4]            ; Pass         ; Inapplicable ; Pass         ; Inapplicable ; Inapplicable ; Pass      ; Pass         ; Inapplicable ; Pass      ; Pass      ; Inapplicable ; Inapplicable ; Inapplicable ; Inapplicable ; Inapplicable ; Inapplicable ; Inapplicable ; Inapplicable ; Inapplicable ; Inapplicable ; Inapplicable ; Inapplicable ; Inapplicable ; Inapplicable ; Inapplicable ; Inapplicable ; Inapplicable ; Pass      ; Inapplicable ; Inapplicable ;
; SEG_G[5]            ; Pass         ; Inapplicable ; Pass         ; Inapplicable ; Inapplicable ; Pass      ; Pass         ; Inapplicable ; Pass      ; Pass      ; Inapplicable ; Inapplicable ; Inapplicable ; Inapplicable ; Inapplicable ; Inapplicable ; Inapplicable ; Inapplicable ; Inapplicable ; Inapplicable ; Inapplicable ; Inapplicable ; Inapplicable ; Inapplicable ; Inapplicable ; Inapplicable ; Inapplicable ; Pass      ; Inapplicable ; Inapplicable ;
; SEG_G[6]            ; Pass         ; Inapplicable ; Pass         ; Inapplicable ; Inapplicable ; Pass      ; Pass         ; Inapplicable ; Pass      ; Pass      ; Inapplicable ; Inapplicable ; Inapplicable ; Inapplicable ; Inapplicable ; Inapplicable ; Inapplicable ; Inapplicable ; Inapplicable ; Inapplicable ; Inapplicable ; Inapplicable ; Inapplicable ; Inapplicable ; Inapplicable ; Inapplicable ; Inapplicable ; Pass      ; Inapplicable ; Inapplicable ;
; SEG_G[7]            ; Pass         ; Inapplicable ; Pass         ; Inapplicable ; Inapplicable ; Pass      ; Pass         ; Inapplicable ; Pass      ; Pass      ; Inapplicable ; Inapplicable ; Inapplicable ; Inapplicable ; Inapplicable ; Inapplicable ; Inapplicable ; Inapplicable ; Inapplicable ; Inapplicable ; Inapplicable ; Inapplicable ; Inapplicable ; Inapplicable ; Inapplicable ; Inapplicable ; Inapplicable ; Pass      ; Inapplicable ; Inapplicable ;
; SEG_H[0]            ; Pass         ; Inapplicable ; Pass         ; Inapplicable ; Inapplicable ; Pass      ; Pass         ; Inapplicable ; Pass      ; Pass      ; Inapplicable ; Inapplicable ; Inapplicable ; Inapplicable ; Inapplicable ; Inapplicable ; Inapplicable ; Inapplicable ; Inapplicable ; Inapplicable ; Inapplicable ; Inapplicable ; Inapplicable ; Inapplicable ; Inapplicable ; Inapplicable ; Inapplicable ; Pass      ; Inapplicable ; Inapplicable ;
; SEG_H[1]            ; Pass         ; Inapplicable ; Pass         ; Inapplicable ; Inapplicable ; Pass      ; Pass         ; Inapplicable ; Pass      ; Pass      ; Inapplicable ; Inapplicable ; Inapplicable ; Inapplicable ; Inapplicable ; Inapplicable ; Inapplicable ; Inapplicable ; Inapplicable ; Inapplicable ; Inapplicable ; Inapplicable ; Inapplicable ; Inapplicable ; Inapplicable ; Inapplicable ; Inapplicable ; Pass      ; Inapplicable ; Inapplicable ;
; SEG_H[2]            ; Pass         ; Inapplicable ; Pass         ; Inapplicable ; Inapplicable ; Pass      ; Pass         ; Inapplicable ; Pass      ; Pass      ; Inapplicable ; Inapplicable ; Inapplicable ; Inapplicable ; Inapplicable ; Inapplicable ; Inapplicable ; Inapplicable ; Inapplicable ; Inapplicable ; Inapplicable ; Inapplicable ; Inapplicable ; Inapplicable ; Inapplicable ; Inapplicable ; Inapplicable ; Pass      ; Inapplicable ; Inapplicable ;
; SEG_H[3]            ; Pass         ; Inapplicable ; Pass         ; Inapplicable ; Inapplicable ; Pass      ; Pass         ; Inapplicable ; Pass      ; Pass      ; Inapplicable ; Inapplicable ; Inapplicable ; Inapplicable ; Inapplicable ; Inapplicable ; Inapplicable ; Inapplicable ; Inapplicable ; Inapplicable ; Inapplicable ; Inapplicable ; Inapplicable ; Inapplicable ; Inapplicable ; Inapplicable ; Inapplicable ; Pass      ; Inapplicable ; Inapplicable ;
; SEG_H[4]            ; Pass         ; Inapplicable ; Pass         ; Inapplicable ; Inapplicable ; Pass      ; Pass         ; Inapplicable ; Pass      ; Pass      ; Inapplicable ; Inapplicable ; Inapplicable ; Inapplicable ; Inapplicable ; Inapplicable ; Inapplicable ; Inapplicable ; Inapplicable ; Inapplicable ; Inapplicable ; Inapplicable ; Inapplicable ; Inapplicable ; Inapplicable ; Inapplicable ; Inapplicable ; Pass      ; Inapplicable ; Inapplicable ;
; SEG_H[5]            ; Pass         ; Inapplicable ; Pass         ; Inapplicable ; Inapplicable ; Pass      ; Pass         ; Inapplicable ; Pass      ; Pass      ; Inapplicable ; Inapplicable ; Inapplicable ; Inapplicable ; Inapplicable ; Inapplicable ; Inapplicable ; Inapplicable ; Inapplicable ; Inapplicable ; Inapplicable ; Inapplicable ; Inapplicable ; Inapplicable ; Inapplicable ; Inapplicable ; Inapplicable ; Pass      ; Inapplicable ; Inapplicable ;
; SEG_H[6]            ; Pass         ; Inapplicable ; Pass         ; Inapplicable ; Inapplicable ; Pass      ; Pass         ; Inapplicable ; Pass      ; Pass      ; Inapplicable ; Inapplicable ; Inapplicable ; Inapplicable ; Inapplicable ; Inapplicable ; Inapplicable ; Inapplicable ; Inapplicable ; Inapplicable ; Inapplicable ; Inapplicable ; Inapplicable ; Inapplicable ; Inapplicable ; Inapplicable ; Inapplicable ; Pass      ; Inapplicable ; Inapplicable ;
; SEG_H[7]            ; Pass         ; Inapplicable ; Pass         ; Inapplicable ; Inapplicable ; Pass      ; Pass         ; Inapplicable ; Pass      ; Pass      ; Inapplicable ; Inapplicable ; Inapplicable ; Inapplicable ; Inapplicable ; Inapplicable ; Inapplicable ; Inapplicable ; Inapplicable ; Inapplicable ; Inapplicable ; Inapplicable ; Inapplicable ; Inapplicable ; Inapplicable ; Inapplicable ; Inapplicable ; Pass      ; Inapplicable ; Inapplicable ;
; SEG_SEL[0]          ; Pass         ; Inapplicable ; Pass         ; Inapplicable ; Inapplicable ; Pass      ; Pass         ; Inapplicable ; Pass      ; Pass      ; Inapplicable ; Inapplicable ; Inapplicable ; Inapplicable ; Inapplicable ; Inapplicable ; Inapplicable ; Inapplicable ; Inapplicable ; Inapplicable ; Inapplicable ; Inapplicable ; Inapplicable ; Inapplicable ; Inapplicable ; Inapplicable ; Inapplicable ; Pass      ; Inapplicable ; Inapplicable ;
; SEG_SEL[1]          ; Pass         ; Inapplicable ; Pass         ; Inapplicable ; Inapplicable ; Pass      ; Pass         ; Inapplicable ; Pass      ; Pass      ; Inapplicable ; Inapplicable ; Inapplicable ; Inapplicable ; Inapplicable ; Inapplicable ; Inapplicable ; Inapplicable ; Inapplicable ; Inapplicable ; Inapplicable ; Inapplicable ; Inapplicable ; Inapplicable ; Inapplicable ; Inapplicable ; Inapplicable ; Pass      ; Inapplicable ; Inapplicable ;
; SEG_SEL[2]          ; Pass         ; Inapplicable ; Pass         ; Inapplicable ; Inapplicable ; Pass      ; Pass         ; Inapplicable ; Pass      ; Pass      ; Inapplicable ; Inapplicable ; Inapplicable ; Inapplicable ; Inapplicable ; Inapplicable ; Inapplicable ; Inapplicable ; Inapplicable ; Inapplicable ; Inapplicable ; Inapplicable ; Inapplicable ; Inapplicable ; Inapplicable ; Inapplicable ; Inapplicable ; Pass      ; Inapplicable ; Inapplicable ;
; SEG_SEL[3]          ; Pass         ; Inapplicable ; Pass         ; Inapplicable ; Inapplicable ; Pass      ; Pass         ; Inapplicable ; Pass      ; Pass      ; Inapplicable ; Inapplicable ; Inapplicable ; Inapplicable ; Inapplicable ; Inapplicable ; Inapplicable ; Inapplicable ; Inapplicable ; Inapplicable ; Inapplicable ; Inapplicable ; Inapplicable ; Inapplicable ; Inapplicable ; Inapplicable ; Inapplicable ; Pass      ; Inapplicable ; Inapplicable ;
; SEG_SEL[4]          ; Pass         ; Inapplicable ; Pass         ; Inapplicable ; Inapplicable ; Pass      ; Pass         ; Inapplicable ; Pass      ; Pass      ; Inapplicable ; Inapplicable ; Inapplicable ; Inapplicable ; Inapplicable ; Inapplicable ; Inapplicable ; Inapplicable ; Inapplicable ; Inapplicable ; Inapplicable ; Inapplicable ; Inapplicable ; Inapplicable ; Inapplicable ; Inapplicable ; Inapplicable ; Pass      ; Inapplicable ; Inapplicable ;
; SEG_SEL[5]          ; Pass         ; Inapplicable ; Pass         ; Inapplicable ; Inapplicable ; Pass      ; Pass         ; Inapplicable ; Pass      ; Pass      ; Inapplicable ; Inapplicable ; Inapplicable ; Inapplicable ; Inapplicable ; Inapplicable ; Inapplicable ; Inapplicable ; Inapplicable ; Inapplicable ; Inapplicable ; Inapplicable ; Inapplicable ; Inapplicable ; Inapplicable ; Inapplicable ; Inapplicable ; Pass      ; Inapplicable ; Inapplicable ;
; SEG_SEL[6]          ; Pass         ; Inapplicable ; Pass         ; Inapplicable ; Inapplicable ; Pass      ; Pass         ; Inapplicable ; Pass      ; Pass      ; Inapplicable ; Inapplicable ; Inapplicable ; Inapplicable ; Inapplicable ; Inapplicable ; Inapplicable ; Inapplicable ; Inapplicable ; Inapplicable ; Inapplicable ; Inapplicable ; Inapplicable ; Inapplicable ; Inapplicable ; Inapplicable ; Inapplicable ; Pass      ; Inapplicable ; Inapplicable ;
; SEG_SEL[7]          ; Pass         ; Inapplicable ; Pass         ; Inapplicable ; Inapplicable ; Pass      ; Pass         ; Inapplicable ; Pass      ; Pass      ; Inapplicable ; Inapplicable ; Inapplicable ; Inapplicable ; Inapplicable ; Inapplicable ; Inapplicable ; Inapplicable ; Inapplicable ; Inapplicable ; Inapplicable ; Inapplicable ; Inapplicable ; Inapplicable ; Inapplicable ; Inapplicable ; Inapplicable ; Pass      ; Inapplicable ; Inapplicable ;
; SEG_SEL[8]          ; Pass         ; Inapplicable ; Pass         ; Inapplicable ; Inapplicable ; Pass      ; Pass         ; Inapplicable ; Pass      ; Pass      ; Inapplicable ; Inapplicable ; Inapplicable ; Inapplicable ; Inapplicable ; Inapplicable ; Inapplicable ; Inapplicable ; Inapplicable ; Inapplicable ; Inapplicable ; Inapplicable ; Inapplicable ; Inapplicable ; Inapplicable ; Inapplicable ; Inapplicable ; Pass      ; Inapplicable ; Inapplicable ;
; CLK_20MHZ           ; Pass         ; Inapplicable ; Pass         ; Inapplicable ; Inapplicable ; Pass      ; Pass         ; Inapplicable ; Pass      ; Pass      ; Inapplicable ; Inapplicable ; Inapplicable ; Inapplicable ; Pass         ; Inapplicable ; Inapplicable ; Pass         ; Inapplicable ; Inapplicable ; Inapplicable ; Inapplicable ; Inapplicable ; Inapplicable ; Inapplicable ; Inapplicable ; Inapplicable ; Pass      ; Inapplicable ; Inapplicable ;
; RESET_N             ; Pass         ; Inapplicable ; Pass         ; Inapplicable ; Inapplicable ; Pass      ; Pass         ; Inapplicable ; Pass      ; Pass      ; Inapplicable ; Inapplicable ; Inapplicable ; Inapplicable ; Pass         ; Inapplicable ; Inapplicable ; Pass         ; Inapplicable ; Inapplicable ; Inapplicable ; Inapplicable ; Inapplicable ; Inapplicable ; Inapplicable ; Inapplicable ; Inapplicable ; Pass      ; Inapplicable ; Inapplicable ;
; altera_reserved_tms ; Inapplicable ; Inapplicable ; Inapplicable ; Inapplicable ; Inapplicable ; Pass      ; Inapplicable ; Inapplicable ; Pass      ; Pass      ; Inapplicable ; Inapplicable ; Inapplicable ; Inapplicable ; Inapplicable ; Inapplicable ; Inapplicable ; Inapplicable ; Inapplicable ; Inapplicable ; Inapplicable ; Inapplicable ; Inapplicable ; Inapplicable ; Inapplicable ; Inapplicable ; Inapplicable ; Pass      ; Inapplicable ; Inapplicable ;
; altera_reserved_tck ; Inapplicable ; Inapplicable ; Inapplicable ; Inapplicable ; Inapplicable ; Pass      ; Inapplicable ; Inapplicable ; Pass      ; Pass      ; Inapplicable ; Inapplicable ; Inapplicable ; Inapplicable ; Inapplicable ; Inapplicable ; Inapplicable ; Inapplicable ; Inapplicable ; Inapplicable ; Inapplicable ; Inapplicable ; Inapplicable ; Inapplicable ; Inapplicable ; Inapplicable ; Inapplicable ; Pass      ; Inapplicable ; Inapplicable ;
; altera_reserved_tdi ; Inapplicable ; Inapplicable ; Inapplicable ; Inapplicable ; Inapplicable ; Pass      ; Inapplicable ; Inapplicable ; Pass      ; Pass      ; Inapplicable ; Inapplicable ; Inapplicable ; Inapplicable ; Inapplicable ; Inapplicable ; Inapplicable ; Inapplicable ; Inapplicable ; Inapplicable ; Inapplicable ; Inapplicable ; Inapplicable ; Inapplicable ; Inapplicable ; Inapplicable ; Inapplicable ; Pass      ; Inapplicable ; Inapplicable ;
; altera_reserved_tdo ; Inapplicable ; Inapplicable ; Inapplicable ; Inapplicable ; Inapplicable ; Pass      ; Inapplicable ; Inapplicable ; Pass      ; Pass      ; Inapplicable ; Inapplicable ; Inapplicable ; Inapplicable ; Inapplicable ; Inapplicable ; Inapplicable ; Inapplicable ; Inapplicable ; Inapplicable ; Inapplicable ; Inapplicable ; Inapplicable ; Inapplicable ; Inapplicable ; Inapplicable ; Inapplicable ; Pass      ; Inapplicable ; Inapplicable ;
+---------------------+--------------+--------------+--------------+--------------+--------------+-----------+--------------+--------------+-----------+-----------+--------------+--------------+--------------+--------------+--------------+--------------+--------------+--------------+--------------+--------------+--------------+--------------+--------------+--------------+--------------+--------------+--------------+-----------+--------------+--------------+


+---------------------------------------------------------------------------------------------+
; Fitter Device Options                                                                       ;
+------------------------------------------------------------------+--------------------------+
; Option                                                           ; Setting                  ;
+------------------------------------------------------------------+--------------------------+
; Enable user-supplied start-up clock (CLKUSR)                     ; Off                      ;
; Enable device-wide reset (DEV_CLRn)                              ; Off                      ;
; Enable device-wide output enable (DEV_OE)                        ; Off                      ;
; Enable INIT_DONE output                                          ; Off                      ;
; Configuration scheme                                             ; Active Serial            ;
; Error detection CRC                                              ; Off                      ;
; Enable open drain on CRC_ERROR pin                               ; Off                      ;
; Enable input tri-state on active configuration pins in user mode ; Off                      ;
; Configuration Voltage Level                                      ; Auto                     ;
; Force Configuration Voltage Level                                ; Off                      ;
; nCEO                                                             ; As output driving ground ;
; Data[0]                                                          ; As input tri-stated      ;
; Data[1]/ASDO                                                     ; As input tri-stated      ;
; Data[7..2]                                                       ; Unreserved               ;
; FLASH_nCE/nCSO                                                   ; As input tri-stated      ;
; Other Active Parallel pins                                       ; Unreserved               ;
; DCLK                                                             ; As output driving ground ;
+------------------------------------------------------------------+--------------------------+


+------------------------------------+
; Operating Settings and Conditions  ;
+---------------------------+--------+
; Setting                   ; Value  ;
+---------------------------+--------+
; Nominal Core Voltage      ; 1.20 V ;
; Low Junction Temperature  ; -40 °C ;
; High Junction Temperature ; 100 °C ;
+---------------------------+--------+


+------------------------------------------------------------+
; Estimated Delay Added for Hold Timing Summary              ;
+-----------------+----------------------+-------------------+
; Source Clock(s) ; Destination Clock(s) ; Delay Added in ns ;
+-----------------+----------------------+-------------------+
; CLK_20MHZ       ; CLK_20MHZ            ; 3.8               ;
+-----------------+----------------------+-------------------+
Note: For more information on problematic transfers, consider running the Fitter again with the Optimize hold timing option (Settings Menu) turned off.
This will disable optimization of problematic paths and expose them for further analysis using the Timing Analyzer.


+------------------------------------------------------------------------------------------------------------------------------------------------------------------------------------------------------------------------------------------------------------------------------------------------------------------------------------------------------------------------------------------------------------------------------------------------------------------------------------------------------------------------------------------------------------------------------------------------+
; Estimated Delay Added for Hold Timing Details                                                                                                                                                                                                                                                                                                                                                                                                                                                                                                                                                  ;
+-------------------------------------------------------------------------------------------------------------------------------------------------------------------------------------------------------------------------------------------------+--------------------------------------------------------------------------------------------------------------------------------------------------------------------------------------------------------------------------------------------------------------------------------------------------------------------------+-------------------+
; Source Register                                                                                                                                                                                                                                 ; Destination Register                                                                                                                                                                                                                                                                                                     ; Delay Added in ns ;
+-------------------------------------------------------------------------------------------------------------------------------------------------------------------------------------------------------------------------------------------------+--------------------------------------------------------------------------------------------------------------------------------------------------------------------------------------------------------------------------------------------------------------------------------------------------------------------------+-------------------+
; minesweeper_jtag_top:u_top|minesweeper_mu500_system:u_system|minesweeper_deterministic_system:g_deterministic.u_core|minesweeper_solver_deterministic:u_solver|solver_derived_constraint_store:u_derived_constraint_store|pending_generation[1] ; minesweeper_jtag_top:u_top|minesweeper_mu500_system:u_system|minesweeper_deterministic_system:g_deterministic.u_core|minesweeper_solver_deterministic:u_solver|solver_derived_constraint_store:u_derived_constraint_store|altsyncram:constraint_mem_rtl_0|altsyncram_usd1:auto_generated|ram_block1a45~porta_datain_reg0 ; 0.282             ;
; minesweeper_jtag_top:u_top|minesweeper_mu500_system:u_system|minesweeper_deterministic_system:g_deterministic.u_core|minesweeper_solver_deterministic:u_solver|solver_derived_constraint_store:u_derived_constraint_store|pending_generation[0] ; minesweeper_jtag_top:u_top|minesweeper_mu500_system:u_system|minesweeper_deterministic_system:g_deterministic.u_core|minesweeper_solver_deterministic:u_solver|solver_derived_constraint_store:u_derived_constraint_store|altsyncram:constraint_mem_rtl_0|altsyncram_usd1:auto_generated|ram_block1a44~porta_datain_reg0 ; 0.265             ;
; minesweeper_jtag_top:u_top|minesweeper_mu500_system:u_system|minesweeper_deterministic_system:g_deterministic.u_core|minesweeper_solver_deterministic:u_solver|solver_derived_constraint_store:u_derived_constraint_store|pending_generation[3] ; minesweeper_jtag_top:u_top|minesweeper_mu500_system:u_system|minesweeper_deterministic_system:g_deterministic.u_core|minesweeper_solver_deterministic:u_solver|solver_derived_constraint_store:u_derived_constraint_store|altsyncram:constraint_mem_rtl_0|altsyncram_usd1:auto_generated|ram_block1a47~porta_datain_reg0 ; 0.265             ;
; minesweeper_jtag_top:u_top|minesweeper_mu500_system:u_system|minesweeper_deterministic_system:g_deterministic.u_core|minesweeper_solver_deterministic:u_solver|solver_derived_constraint_store:u_derived_constraint_store|pending_generation[2] ; minesweeper_jtag_top:u_top|minesweeper_mu500_system:u_system|minesweeper_deterministic_system:g_deterministic.u_core|minesweeper_solver_deterministic:u_solver|solver_derived_constraint_store:u_derived_constraint_store|altsyncram:constraint_mem_rtl_0|altsyncram_usd1:auto_generated|ram_block1a46~porta_datain_reg0 ; 0.265             ;
; minesweeper_jtag_top:u_top|minesweeper_mu500_system:u_system|minesweeper_deterministic_system:g_deterministic.u_core|minesweeper_solver_deterministic:u_solver|solver_derived_constraint_store:u_derived_constraint_store|pending_generation[5] ; minesweeper_jtag_top:u_top|minesweeper_mu500_system:u_system|minesweeper_deterministic_system:g_deterministic.u_core|minesweeper_solver_deterministic:u_solver|solver_derived_constraint_store:u_derived_constraint_store|altsyncram:constraint_mem_rtl_0|altsyncram_usd1:auto_generated|ram_block1a49~porta_datain_reg0 ; 0.265             ;
; minesweeper_jtag_top:u_top|minesweeper_mu500_system:u_system|minesweeper_deterministic_system:g_deterministic.u_core|minesweeper_solver_deterministic:u_solver|solver_derived_constraint_store:u_derived_constraint_store|pending_generation[4] ; minesweeper_jtag_top:u_top|minesweeper_mu500_system:u_system|minesweeper_deterministic_system:g_deterministic.u_core|minesweeper_solver_deterministic:u_solver|solver_derived_constraint_store:u_derived_constraint_store|altsyncram:constraint_mem_rtl_0|altsyncram_usd1:auto_generated|ram_block1a48~porta_datain_reg0 ; 0.265             ;
; minesweeper_jtag_top:u_top|minesweeper_mu500_system:u_system|minesweeper_deterministic_system:g_deterministic.u_core|minesweeper_solver_deterministic:u_solver|solver_derived_constraint_store:u_derived_constraint_store|pending_generation[7] ; minesweeper_jtag_top:u_top|minesweeper_mu500_system:u_system|minesweeper_deterministic_system:g_deterministic.u_core|minesweeper_solver_deterministic:u_solver|solver_derived_constraint_store:u_derived_constraint_store|altsyncram:constraint_mem_rtl_0|altsyncram_usd1:auto_generated|ram_block1a51~porta_datain_reg0 ; 0.265             ;
; minesweeper_jtag_top:u_top|minesweeper_mu500_system:u_system|minesweeper_deterministic_system:g_deterministic.u_core|minesweeper_solver_deterministic:u_solver|solver_derived_constraint_store:u_derived_constraint_store|pending_generation[6] ; minesweeper_jtag_top:u_top|minesweeper_mu500_system:u_system|minesweeper_deterministic_system:g_deterministic.u_core|minesweeper_solver_deterministic:u_solver|solver_derived_constraint_store:u_derived_constraint_store|altsyncram:constraint_mem_rtl_0|altsyncram_usd1:auto_generated|ram_block1a50~porta_datain_reg0 ; 0.265             ;
; minesweeper_jtag_top:u_top|minesweeper_mu500_system:u_system|minesweeper_deterministic_system:g_deterministic.u_core|minesweeper_solver_deterministic:u_solver|solver_dirty_fifo:u_dirty_fifo|tail[0]                                           ; minesweeper_jtag_top:u_top|minesweeper_mu500_system:u_system|minesweeper_deterministic_system:g_deterministic.u_core|minesweeper_solver_deterministic:u_solver|solver_dirty_fifo:u_dirty_fifo|altsyncram:queue_mem_rtl_0|altsyncram_0gc1:auto_generated|ram_block1a4~porta_address_reg0                                  ; 0.258             ;
; minesweeper_jtag_top:u_top|minesweeper_mu500_system:u_system|minesweeper_deterministic_system:g_deterministic.u_core|minesweeper_game_core:u_game|queue_head[5]                                                                                 ; minesweeper_jtag_top:u_top|minesweeper_mu500_system:u_system|minesweeper_deterministic_system:g_deterministic.u_core|minesweeper_game_core:u_game|altsyncram:queue_mem_rtl_1|altsyncram_esd1:auto_generated|ram_block1a6~portb_address_reg0                                                                              ; 0.142             ;
; minesweeper_jtag_top:u_top|minesweeper_mu500_system:u_system|minesweeper_deterministic_system:g_deterministic.u_core|minesweeper_game_core:u_game|queue_head[6]                                                                                 ; minesweeper_jtag_top:u_top|minesweeper_mu500_system:u_system|minesweeper_deterministic_system:g_deterministic.u_core|minesweeper_game_core:u_game|altsyncram:queue_mem_rtl_1|altsyncram_esd1:auto_generated|ram_block1a6~portb_address_reg0                                                                              ; 0.142             ;
; minesweeper_jtag_top:u_top|minesweeper_mu500_system:u_system|minesweeper_deterministic_system:g_deterministic.u_core|minesweeper_game_core:u_game|queue_head[4]                                                                                 ; minesweeper_jtag_top:u_top|minesweeper_mu500_system:u_system|minesweeper_deterministic_system:g_deterministic.u_core|minesweeper_game_core:u_game|altsyncram:queue_mem_rtl_1|altsyncram_esd1:auto_generated|ram_block1a6~portb_address_reg0                                                                              ; 0.141             ;
; minesweeper_jtag_top:u_top|minesweeper_mu500_system:u_system|minesweeper_deterministic_system:g_deterministic.u_core|minesweeper_game_core:u_game|queue_head[3]                                                                                 ; minesweeper_jtag_top:u_top|minesweeper_mu500_system:u_system|minesweeper_deterministic_system:g_deterministic.u_core|minesweeper_game_core:u_game|altsyncram:queue_mem_rtl_1|altsyncram_esd1:auto_generated|ram_block1a6~portb_address_reg0                                                                              ; 0.141             ;
; minesweeper_jtag_top:u_top|minesweeper_mu500_system:u_system|minesweeper_deterministic_system:g_deterministic.u_core|minesweeper_game_core:u_game|queue_head[2]                                                                                 ; minesweeper_jtag_top:u_top|minesweeper_mu500_system:u_system|minesweeper_deterministic_system:g_deterministic.u_core|minesweeper_game_core:u_game|altsyncram:queue_mem_rtl_1|altsyncram_esd1:auto_generated|ram_block1a6~portb_address_reg0                                                                              ; 0.141             ;
; minesweeper_jtag_top:u_top|minesweeper_mu500_system:u_system|minesweeper_deterministic_system:g_deterministic.u_core|minesweeper_game_core:u_game|queue_head[1]                                                                                 ; minesweeper_jtag_top:u_top|minesweeper_mu500_system:u_system|minesweeper_deterministic_system:g_deterministic.u_core|minesweeper_game_core:u_game|altsyncram:queue_mem_rtl_1|altsyncram_esd1:auto_generated|ram_block1a6~portb_address_reg0                                                                              ; 0.141             ;
; minesweeper_jtag_top:u_top|minesweeper_mu500_system:u_system|minesweeper_deterministic_system:g_deterministic.u_core|minesweeper_game_core:u_game|queue_head[7]                                                                                 ; minesweeper_jtag_top:u_top|minesweeper_mu500_system:u_system|minesweeper_deterministic_system:g_deterministic.u_core|minesweeper_game_core:u_game|altsyncram:queue_mem_rtl_1|altsyncram_esd1:auto_generated|ram_block1a5~portb_address_reg0                                                                              ; 0.141             ;
; minesweeper_jtag_top:u_top|minesweeper_mu500_system:u_system|minesweeper_deterministic_system:g_deterministic.u_core|minesweeper_game_core:u_game|queue_head[8]                                                                                 ; minesweeper_jtag_top:u_top|minesweeper_mu500_system:u_system|minesweeper_deterministic_system:g_deterministic.u_core|minesweeper_game_core:u_game|altsyncram:queue_mem_rtl_0|altsyncram_esd1:auto_generated|ram_block1a0~portb_address_reg0                                                                              ; 0.141             ;
; minesweeper_jtag_top:u_top|minesweeper_mu500_system:u_system|minesweeper_deterministic_system:g_deterministic.u_core|minesweeper_solver_deterministic:u_solver|solver_derived_constraint_store:u_derived_constraint_store|pending_mask[14]      ; minesweeper_jtag_top:u_top|minesweeper_mu500_system:u_system|minesweeper_deterministic_system:g_deterministic.u_core|minesweeper_solver_deterministic:u_solver|solver_derived_constraint_store:u_derived_constraint_store|altsyncram:constraint_mem_rtl_0|altsyncram_usd1:auto_generated|ram_block1a14~porta_datain_reg0 ; 0.040             ;
; minesweeper_jtag_top:u_top|minesweeper_mu500_system:u_system|minesweeper_deterministic_system:g_deterministic.u_core|minesweeper_solver_deterministic:u_solver|solver_derived_constraint_store:u_derived_constraint_store|pending_mask[23]      ; minesweeper_jtag_top:u_top|minesweeper_mu500_system:u_system|minesweeper_deterministic_system:g_deterministic.u_core|minesweeper_solver_deterministic:u_solver|solver_derived_constraint_store:u_derived_constraint_store|altsyncram:constraint_mem_rtl_0|altsyncram_usd1:auto_generated|ram_block1a23~porta_datain_reg0 ; 0.032             ;
; minesweeper_jtag_top:u_top|minesweeper_mu500_system:u_system|minesweeper_deterministic_system:g_deterministic.u_core|minesweeper_solver_deterministic:u_solver|solver_derived_constraint_store:u_derived_constraint_store|pending_mask[19]      ; minesweeper_jtag_top:u_top|minesweeper_mu500_system:u_system|minesweeper_deterministic_system:g_deterministic.u_core|minesweeper_solver_deterministic:u_solver|solver_derived_constraint_store:u_derived_constraint_store|altsyncram:constraint_mem_rtl_0|altsyncram_usd1:auto_generated|ram_block1a19~porta_datain_reg0 ; 0.030             ;
; minesweeper_jtag_top:u_top|minesweeper_mu500_system:u_system|minesweeper_deterministic_system:g_deterministic.u_core|minesweeper_solver_deterministic:u_solver|solver_derived_constraint_store:u_derived_constraint_store|pending_mask[5]       ; minesweeper_jtag_top:u_top|minesweeper_mu500_system:u_system|minesweeper_deterministic_system:g_deterministic.u_core|minesweeper_solver_deterministic:u_solver|solver_derived_constraint_store:u_derived_constraint_store|altsyncram:constraint_mem_rtl_0|altsyncram_usd1:auto_generated|ram_block1a5~porta_datain_reg0  ; 0.028             ;
; minesweeper_jtag_top:u_top|minesweeper_mu500_system:u_system|minesweeper_deterministic_system:g_deterministic.u_core|minesweeper_solver_deterministic:u_solver|solver_derived_constraint_store:u_derived_constraint_store|pending_mask[6]       ; minesweeper_jtag_top:u_top|minesweeper_mu500_system:u_system|minesweeper_deterministic_system:g_deterministic.u_core|minesweeper_solver_deterministic:u_solver|solver_derived_constraint_store:u_derived_constraint_store|altsyncram:constraint_mem_rtl_0|altsyncram_usd1:auto_generated|ram_block1a6~porta_datain_reg0  ; 0.028             ;
; minesweeper_jtag_top:u_top|minesweeper_mu500_system:u_system|minesweeper_deterministic_system:g_deterministic.u_core|minesweeper_solver_deterministic:u_solver|solver_derived_constraint_store:u_derived_constraint_store|pending_mask[12]      ; minesweeper_jtag_top:u_top|minesweeper_mu500_system:u_system|minesweeper_deterministic_system:g_deterministic.u_core|minesweeper_solver_deterministic:u_solver|solver_derived_constraint_store:u_derived_constraint_store|altsyncram:constraint_mem_rtl_0|altsyncram_usd1:auto_generated|ram_block1a12~porta_datain_reg0 ; 0.028             ;
; minesweeper_jtag_top:u_top|minesweeper_mu500_system:u_system|minesweeper_deterministic_system:g_deterministic.u_core|minesweeper_solver_deterministic:u_solver|solver_derived_constraint_store:u_derived_constraint_store|pending_mask[7]       ; minesweeper_jtag_top:u_top|minesweeper_mu500_system:u_system|minesweeper_deterministic_system:g_deterministic.u_core|minesweeper_solver_deterministic:u_solver|solver_derived_constraint_store:u_derived_constraint_store|altsyncram:constraint_mem_rtl_0|altsyncram_usd1:auto_generated|ram_block1a7~porta_datain_reg0  ; 0.028             ;
; minesweeper_jtag_top:u_top|minesweeper_mu500_system:u_system|minesweeper_deterministic_system:g_deterministic.u_core|minesweeper_solver_deterministic:u_solver|solver_derived_constraint_store:u_derived_constraint_store|pending_mask[13]      ; minesweeper_jtag_top:u_top|minesweeper_mu500_system:u_system|minesweeper_deterministic_system:g_deterministic.u_core|minesweeper_solver_deterministic:u_solver|solver_derived_constraint_store:u_derived_constraint_store|altsyncram:constraint_mem_rtl_0|altsyncram_usd1:auto_generated|ram_block1a13~porta_datain_reg0 ; 0.028             ;
; minesweeper_jtag_top:u_top|minesweeper_mu500_system:u_system|minesweeper_deterministic_system:g_deterministic.u_core|minesweeper_solver_deterministic:u_solver|solver_derived_constraint_store:u_derived_constraint_store|pending_mask[16]      ; minesweeper_jtag_top:u_top|minesweeper_mu500_system:u_system|minesweeper_deterministic_system:g_deterministic.u_core|minesweeper_solver_deterministic:u_solver|solver_derived_constraint_store:u_derived_constraint_store|altsyncram:constraint_mem_rtl_0|altsyncram_usd1:auto_generated|ram_block1a16~porta_datain_reg0 ; 0.028             ;
; minesweeper_jtag_top:u_top|minesweeper_mu500_system:u_system|minesweeper_deterministic_system:g_deterministic.u_core|minesweeper_solver_deterministic:u_solver|solver_derived_constraint_store:u_derived_constraint_store|pending_mask[17]      ; minesweeper_jtag_top:u_top|minesweeper_mu500_system:u_system|minesweeper_deterministic_system:g_deterministic.u_core|minesweeper_solver_deterministic:u_solver|solver_derived_constraint_store:u_derived_constraint_store|altsyncram:constraint_mem_rtl_0|altsyncram_usd1:auto_generated|ram_block1a17~porta_datain_reg0 ; 0.028             ;
+-------------------------------------------------------------------------------------------------------------------------------------------------------------------------------------------------------------------------------------------------+--------------------------------------------------------------------------------------------------------------------------------------------------------------------------------------------------------------------------------------------------------------------------------------------------------------------------+-------------------+
Note: This table only shows the top 27 path(s) that have the largest delay added for hold.


+-----------------+
; Fitter Messages ;
+-----------------+
Info (16303): Aggressive Area optimization mode selected -- logic area will be prioritized at the potential cost of reduced timing performance
Info (20032): Parallel compilation is enabled and will use up to 4 processors
Info (119006): Selected device EP4CE30F23I7 for design "minesweeper_submission_local_mu500"
Info (21076): High junction temperature operating condition is not set. Assuming a default value of '100'.
Info (21076): Low junction temperature operating condition is not set. Assuming a default value of '-40'.
Info (171003): Fitter is performing an Auto Fit compilation, which may decrease Fitter effort to reduce compilation time
Warning (292013): Feature LogicLock is only available with a valid subscription license. You can purchase a software subscription to gain full access to this feature.
Info (176444): Device migration not selected. If you intend to use device migration later, you may need to change the pin assignments as they may be incompatible with other devices
    Info (176445): Device EP4CE15F23A7 is compatible
    Info (176445): Device EP4CE15F23C7 is compatible
    Info (176445): Device EP4CE15F23I7 is compatible
    Info (176445): Device EP4CE40F23A7 is compatible
    Info (176445): Device EP4CE40F23C7 is compatible
    Info (176445): Device EP4CE40F23I7 is compatible
    Info (176445): Device EP4CE30F23A7 is compatible
    Info (176445): Device EP4CE30F23C7 is compatible
    Info (176445): Device EP4CE55F23C7 is compatible
    Info (176445): Device EP4CE55F23A7 is compatible
    Info (176445): Device EP4CE55F23I7 is compatible
    Info (176445): Device EP4CE75F23C7 is compatible
    Info (176445): Device EP4CE75F23I7 is compatible
    Info (176445): Device EP4CE115F23C7 is compatible
    Info (176445): Device EP4CE115F23I7 is compatible
Info (169124): Fitter converted 5 user pins into dedicated programming pins
    Info (169125): Pin ~ALTERA_ASDO_DATA1~ is reserved at location D1
    Info (169125): Pin ~ALTERA_FLASH_nCE_nCSO~ is reserved at location E2
    Info (169125): Pin ~ALTERA_DCLK~ is reserved at location K2
    Info (169125): Pin ~ALTERA_DATA0~ is reserved at location K1
    Info (169125): Pin ~ALTERA_nCEO~ is reserved at location K22
Warning (15714): Some pins have incomplete I/O assignments. Refer to the I/O Assignment Warnings report for details
Info (176045): Design uses memory blocks. Violating setup or hold times of memory block address registers for either read or write operations could cause memory contents to be corrupted. Make sure that all memory block address registers meet the setup and hold time requirements.
Info (332164): Evaluating HDL-embedded SDC commands
    Info (332165): Entity sld_hub
        Info (332166): create_clock -name altera_reserved_tck [get_ports {altera_reserved_tck}] -period 10MHz   
        Info (332166): set_clock_groups -asynchronous -group {altera_reserved_tck}
Info (332104): Reading SDC File: 'minesweeper_mu500.sdc'
Info (332151): Clock uncertainty is not calculated until you update the timing netlist.
Info (332154): The derive_clock_uncertainty command did not apply clock uncertainty to any clock-to-clock transfers.
Info (332129): Detected timing requirements -- optimizing circuit to achieve only the specified requirements
Info (332111): Found 2 clocks
    Info (332111):   Period   Clock Name
    Info (332111): ======== ============
    Info (332111):  100.000 altera_reserved_tck
    Info (332111):   50.000    CLK_20MHZ
Info (176353): Automatically promoted node CLK_20MHZ~input (placed in PIN A12 (CLK8, DIFFCLK_5n)) File: C:/Users/nabeo/quartus_experiment_original_c4/rtl/top/minesweeper_jtag_submission_local_top.v Line: 6
    Info (176355): Automatically promoted destinations to use location or clock signal Global Clock CLKCTRL_G14
Info (176353): Automatically promoted node altera_internal_jtag~TCKUTAP 
    Info (176355): Automatically promoted destinations to use location or clock signal Global Clock
Info (176353): Automatically promoted node minesweeper_jtag_top:u_top|reset_sync[1]  File: C:/Users/nabeo/quartus_experiment_original_c4/rtl/top/minesweeper_jtag_top.v Line: 118
    Info (176355): Automatically promoted destinations to use location or clock signal Global Clock
    Info (176356): Following destination nodes may be non-global or may not use global or regional clocks
        Info (176357): Destination node minesweeper_jtag_top:u_top|minesweeper_mu500_system:u_system|minesweeper_deterministic_system:g_deterministic.u_core|minesweeper_game_core:u_game|comb~1
        Info (176357): Destination node minesweeper_jtag_top:u_top|minesweeper_mu500_system:u_system|minesweeper_deterministic_system:g_deterministic.u_core|minesweeper_game_core:u_game|Decoder0~328 File: C:/Users/nabeo/quartus_experiment_original_c4/rtl/core/minesweeper_game_core.v Line: 170
        Info (176357): Destination node minesweeper_jtag_top:u_top|minesweeper_mu500_system:u_system|minesweeper_deterministic_system:g_deterministic.u_core|minesweeper_game_core:u_game|Decoder0~333 File: C:/Users/nabeo/quartus_experiment_original_c4/rtl/core/minesweeper_game_core.v Line: 170
        Info (176357): Destination node minesweeper_jtag_top:u_top|minesweeper_mu500_system:u_system|minesweeper_deterministic_system:g_deterministic.u_core|minesweeper_game_core:u_game|Decoder0~397 File: C:/Users/nabeo/quartus_experiment_original_c4/rtl/core/minesweeper_game_core.v Line: 170
        Info (176357): Destination node minesweeper_jtag_top:u_top|minesweeper_mu500_system:u_system|minesweeper_deterministic_system:g_deterministic.u_core|minesweeper_solver_deterministic:u_solver|solver_derived_constraint_store:u_derived_constraint_store|always0~35
        Info (176357): Destination node minesweeper_jtag_top:u_top|minesweeper_mu500_system:u_system|minesweeper_deterministic_system:g_deterministic.u_core|minesweeper_solver_deterministic:u_solver|solver_neighbor_scan:u_neighbor_scan|unknown_y~65 File: C:/Users/nabeo/quartus_experiment_original_c4/rtl/solver/solver_neighbor_scan.v Line: 49
        Info (176357): Destination node minesweeper_jtag_top:u_top|minesweeper_mu500_system:u_system|minesweeper_deterministic_system:g_deterministic.u_core|minesweeper_solver_deterministic:u_solver|solver_neighbor_scan:u_neighbor_scan|unknown_y~67 File: C:/Users/nabeo/quartus_experiment_original_c4/rtl/solver/solver_neighbor_scan.v Line: 49
        Info (176357): Destination node minesweeper_jtag_top:u_top|minesweeper_mu500_system:u_system|minesweeper_deterministic_system:g_deterministic.u_core|minesweeper_solver_deterministic:u_solver|solver_small_component_pipeline:u_small_component_pipeline|solver_forced_cell_walker:u_walker|active_mine_mask~0 File: C:/Users/nabeo/quartus_experiment_original_c4/rtl/solver/solver_forced_cell_walker.v Line: 31
        Info (176357): Destination node minesweeper_jtag_top:u_top|minesweeper_mu500_system:u_system|minesweeper_deterministic_system:g_deterministic.u_core|minesweeper_solver_deterministic:u_solver|solver_small_component_pipeline:u_small_component_pipeline|solver_forced_cell_walker:u_walker|active_safe_mask[4]~0 File: C:/Users/nabeo/quartus_experiment_original_c4/rtl/solver/solver_forced_cell_walker.v Line: 38
        Info (176357): Destination node minesweeper_jtag_top:u_top|minesweeper_mu500_system:u_system|minesweeper_deterministic_system:g_deterministic.u_core|minesweeper_solver_deterministic:u_solver|solver_small_component_pipeline:u_small_component_pipeline|child_reset~0 File: C:/Users/nabeo/quartus_experiment_original_c4/rtl/solver/solver_small_component_pipeline.v Line: 107
        Info (176358): Non-global destination nodes limited to 10 nodes
Info (176233): Starting register packing
Info (176235): Finished register packing
    Extra Info (176218): Packed 103 registers into blocks of type Embedded multiplier block
    Extra Info (176218): Packed 19 registers into blocks of type Embedded multiplier output
    Extra Info (176220): Created 77 register duplicates
Info (171121): Fitter preparation operations ending: elapsed time is 00:00:10
Info (14896): Fitter has disabled Advanced Physical Optimization because it is not supported for the current family.
Info (170189): Fitter placement preparation operations beginning
Info (170190): Fitter placement preparation operations ending: elapsed time is 00:00:05
Info (170191): Fitter placement operations beginning
Info (170137): Fitter placement was successful
Info (170192): Fitter placement operations ending: elapsed time is 00:00:13
Info (170193): Fitter routing operations beginning
Info (170195): Router estimated average interconnect usage is 19% of the available device resources
    Info (170196): Router estimated peak interconnect usage is 40% of the available device resources in the region that extends from location X11_Y22 to location X21_Y32
Info (170199): The Fitter performed an Auto Fit compilation.  Optimizations were skipped to reduce compilation time.
    Info (170201): Optimizations that may affect the design's routability were skipped
    Info (170200): Optimizations that may affect the design's timing were skipped
Info (170194): Fitter routing operations ending: elapsed time is 00:00:12
Info (11888): Total time spent on timing analysis during the Fitter is 10.71 seconds.
Info (334003): Started post-fitting delay annotation
Info (334004): Delay annotation completed successfully
Info (334003): Started post-fitting delay annotation
Info (334004): Delay annotation completed successfully
Info (11218): Fitter post-fit operations ending: elapsed time is 00:00:07
Warning (169177): 10 pins must meet Intel FPGA requirements for 3.3-, 3.0-, and 2.5-V interfaces. For more information, refer to AN 447: Interfacing Cyclone IV E Devices with 3.3/3.0/2.5-V LVTTL/LVCMOS I/O Systems.
    Info (169178): Pin HEX_A[0] uses I/O standard 3.3-V LVTTL at A14 File: C:/Users/nabeo/quartus_experiment_original_c4/rtl/top/minesweeper_jtag_submission_local_top.v Line: 8
    Info (169178): Pin HEX_A[1] uses I/O standard 3.3-V LVTTL at B14 File: C:/Users/nabeo/quartus_experiment_original_c4/rtl/top/minesweeper_jtag_submission_local_top.v Line: 8
    Info (169178): Pin HEX_A[2] uses I/O standard 3.3-V LVTTL at E14 File: C:/Users/nabeo/quartus_experiment_original_c4/rtl/top/minesweeper_jtag_submission_local_top.v Line: 8
    Info (169178): Pin HEX_A[3] uses I/O standard 3.3-V LVTTL at F14 File: C:/Users/nabeo/quartus_experiment_original_c4/rtl/top/minesweeper_jtag_submission_local_top.v Line: 8
    Info (169178): Pin HEX_B[0] uses I/O standard 3.3-V LVTTL at A15 File: C:/Users/nabeo/quartus_experiment_original_c4/rtl/top/minesweeper_jtag_submission_local_top.v Line: 9
    Info (169178): Pin HEX_B[1] uses I/O standard 3.3-V LVTTL at B15 File: C:/Users/nabeo/quartus_experiment_original_c4/rtl/top/minesweeper_jtag_submission_local_top.v Line: 9
    Info (169178): Pin HEX_B[2] uses I/O standard 3.3-V LVTTL at C15 File: C:/Users/nabeo/quartus_experiment_original_c4/rtl/top/minesweeper_jtag_submission_local_top.v Line: 9
    Info (169178): Pin HEX_B[3] uses I/O standard 3.3-V LVTTL at D15 File: C:/Users/nabeo/quartus_experiment_original_c4/rtl/top/minesweeper_jtag_submission_local_top.v Line: 9
    Info (169178): Pin CLK_20MHZ uses I/O standard 3.3-V LVTTL at A12 File: C:/Users/nabeo/quartus_experiment_original_c4/rtl/top/minesweeper_jtag_submission_local_top.v Line: 6
    Info (169178): Pin RESET_N uses I/O standard 3.3-V LVTTL at E15 File: C:/Users/nabeo/quartus_experiment_original_c4/rtl/top/minesweeper_jtag_submission_local_top.v Line: 7
Info (144001): Generated suppressed messages file C:/Users/nabeo/quartus_experiment_original_c4/quartus/output_submission_local_mu500/minesweeper_submission_local_mu500.fit.smsg
Info: Quartus Prime Fitter was successful. 0 errors, 3 warnings
    Info: Peak virtual memory: 6017 megabytes
    Info: Processing ended: Sun Aug 23 19:35:02 2026
    Info: Elapsed time: 00:00:57
    Info: Total CPU time (on all processors): 00:01:28


+----------------------------+
; Fitter Suppressed Messages ;
+----------------------------+
The suppressed messages can be found in C:/Users/nabeo/quartus_experiment_original_c4/quartus/output_submission_local_mu500/minesweeper_submission_local_mu500.fit.smsg.


