board_index,board_name,width,height,total_mines,selections,opened_safe,opened_mines,cycles,cfg_cycles,load_cycles,solver_cycles,score_cycles,total_board_cycles,score_numerator,score_denominator,score_scaled,score,board_crc,jtag_retries,transport_error,protocol_version,build_id,solver_stalled
1,board_8x14_27_1_none,8,14,27,62,85,2,48689,0,0,48689,0,48689,2125,2295,9259,0.9259,2774,0,0,2,0001,0
2,board_11x19_31_35_none,11,19,31,63,178,0,13034,0,0,13034,0,13034,5518,5518,10000,1.0000,EEDC,0,0,2,0001,0
3,board_18x14_66_70_none,18,14,66,118,183,7,525116,0,0,525116,0,525116,10776,12276,8778,0.8778,7EE7,0,0,2,0001,1
4,board_19x6_21_151_none,19,6,21,33,93,2,38852,0,0,38852,0,38852,1767,1953,9047,0.9047,6C79,0,0,2,0001,0
5,board_18x5_18_177_none,18,5,18,47,72,1,72749,0,0,72749,0,72749,1224,1296,9444,0.9444,84B2,0,0,2,0001,0
6,board_17x6_25_200_none,17,6,25,65,77,2,83188,0,0,83188,0,83188,1771,1925,9200,0.9200,A7A6,0,0,2,0001,0
7,board_12x14_37_231_none,12,14,37,93,131,1,39048,0,0,39048,0,39048,4716,4847,9729,0.9729,FF21,0,0,2,0001,0
8,board_7x19_23_273_none,7,19,23,69,110,2,28764,0,0,28764,0,28764,2310,2530,9130,0.9130,D1B2,0,0,2,0001,0
9,board_4x16_19_299_none,4,16,19,35,45,3,56481,0,0,56481,0,56481,720,855,8421,0.8421,CE34,0,0,2,0001,0
10,board_4x6_3_321_none,4,6,3,12,21,0,2967,0,0,2967,0,2967,63,63,10000,1.0000,3E18,0,0,2,0001,0
11,board_7x4_6_325_none,7,4,6,8,22,1,4293,0,0,4293,0,4293,110,132,8333,0.8333,817A,0,0,2,0001,0
12,board_10x8_21_332_none,10,8,21,30,59,1,18605,0,0,18605,0,18605,1180,1239,9523,0.9523,74A6,0,0,2,0001,0
13,board_17x19_46_358_none,17,19,46,114,277,0,23840,0,0,23840,0,23840,12742,12742,10000,1.0000,AE07,0,0,2,0001,0
14,board_18x19_74_408_none,18,19,74,148,268,1,137205,0,0,137205,0,137205,19564,19832,9864,0.9864,ABBC,0,0,2,0001,0
15,board_19x12_49_496_none,19,12,49,92,179,2,74166,0,0,74166,0,74166,8413,8771,9591,0.9591,3AC1,0,0,2,0001,0
16,board_18x6_15_552_none,18,6,15,43,93,0,7735,0,0,7735,0,7735,1395,1395,10000,1.0000,FF30,0,0,2,0001,0
17,board_12x5_16_570_none,12,5,16,27,44,1,126090,0,0,126090,0,126090,660,704,9375,0.9375,3884,0,0,2,0001,0
18,board_11x6_18_590_none,11,6,18,41,48,2,54441,0,0,54441,0,54441,768,864,8888,0.8888,8E1A,0,0,2,0001,0
19,board_5x18_13_613_none,5,18,13,24,77,0,12801,0,0,12801,0,12801,1001,1001,10000,1.0000,E3DB,0,0,2,0001,0
20,board_4x14_14_628_none,4,14,14,25,42,1,61327,0,0,61327,0,61327,546,588,9285,0.9285,044E,0,0,2,0001,0
21,board_9x5_7_645_none,9,5,7,7,38,1,3235,0,0,3235,0,3235,228,266,8571,0.8571,E49C,0,0,2,0001,0
22,board_16x8_27_654_none,16,8,27,64,101,0,22902,0,0,22902,0,22902,2727,2727,10000,1.0000,F882,0,0,2,0001,0
23,board_17x10_29_686_none,17,10,29,61,141,1,44737,0,0,44737,0,44737,3948,4089,9655,0.9655,76BD,0,0,2,0001,0
24,board_19x18_59_719_none,19,18,59,139,283,1,128122,0,0,128122,0,128122,16414,16697,9830,0.9830,3497,0,0,2,0001,0
25,board_19x19_97_786_none,19,19,97,120,173,4,642849,0,0,642849,0,642849,15725,25608,6140,0.6140,4194,0,0,2,0001,1
26,board_19x19_92_895_none,19,19,92,141,246,3,695014,0,0,695014,0,695014,21825,24748,8818,0.8818,6CB0,0,0,2,0001,1
27,board_17x14_41_1003_none,17,14,41,89,197,3,54818,0,0,54818,0,54818,7486,8077,9268,0.9268,7707,0,0,2,0001,0
28,board_16x12_28_1051_none,16,12,28,38,164,0,11465,0,0,11465,0,11465,4592,4592,10000,1.0000,32BD,0,0,2,0001,0
29,board_15x10_20_1082_none,15,10,20,57,130,3,34374,0,0,34374,0,34374,2210,2600,8500,0.8500,9128,0,0,2,0001,0
30,board_7x5_8_1103_none,7,5,8,18,27,2,6710,0,0,6710,0,6710,162,216,7500,0.7500,2D20,0,0,2,0001,0
31,board_4x18_14_1113_none,4,18,14,32,58,2,23874,0,0,23874,0,23874,696,812,8571,0.8571,EB2A,0,0,2,0001,0
32,board_4x19_19_1129_none,4,19,19,44,57,1,26216,0,0,26216,0,26216,1026,1083,9473,0.9473,ED18,0,0,2,0001,0
33,board_8x16_22_1152_none,8,16,22,49,106,0,10416,0,0,10416,0,10416,2332,2332,10000,1.0000,5CB3,0,0,2,0001,0
34,board_12x8_17_1176_none,12,8,17,26,79,0,8733,0,0,8733,0,8733,1343,1343,10000,1.0000,1C65,0,0,2,0001,0
35,board_19x6_20_1196_none,19,6,20,44,94,0,13779,0,0,13779,0,13779,1880,1880,10000,1.0000,DE0D,0,0,2,0001,0
36,board_18x19_86_1218_none,18,19,86,131,240,2,189775,0,0,189775,0,189775,20128,22016,9142,0.9142,8DA2,0,0,2,0001,1
37,board_11x14_22_1318_none,11,14,22,47,132,0,8881,0,0,8881,0,8881,2904,2904,10000,1.0000,C912,0,0,2,0001,0
38,board_10x12_18_1343_none,10,12,18,45,102,0,8684,0,0,8684,0,8684,1836,1836,10000,1.0000,A863,0,0,2,0001,0
39,board_6x5_7_1368_none,6,5,7,12,23,0,2286,0,0,2286,0,2286,161,161,10000,1.0000,D1D0,0,0,2,0001,0
40,board_4x10_6_1376_none,4,10,6,16,34,0,5325,0,0,5325,0,5325,204,204,10000,1.0000,789F,0,0,2,0001,0
41,board_5x14_15_1384_none,5,14,15,32,55,4,100393,0,0,100393,0,100393,605,825,7333,0.7333,1354,0,0,2,0001,0
42,board_11x19_37_1403_none,11,19,37,87,172,0,33503,0,0,33503,0,33503,6364,6364,10000,1.0000,0FDD,0,0,2,0001,0
43,board_15x14_31_1446_none,15,14,31,68,179,0,50933,0,0,50933,0,50933,5549,5549,10000,1.0000,F6EB,0,0,2,0001,0
44,board_18x6_30_1480_none,18,6,30,56,78,4,53678,0,0,53678,0,53678,2028,2340,8666,0.8666,C589,0,0,2,0001,0
45,board_18x8_21_1515_none,18,8,21,48,123,0,14921,0,0,14921,0,14921,2583,2583,10000,1.0000,2AD5,0,0,2,0001,0
46,board_18x10_31_1538_none,18,10,31,79,149,1,32744,0,0,32744,0,32744,4470,4619,9677,0.9677,C950,0,0,2,0001,0
47,board_16x14_55_1571_none,16,14,55,100,169,1,122653,0,0,122653,0,122653,9126,9295,9818,0.9818,52F5,0,0,2,0001,0
48,board_14x18_63_1632_none,14,18,63,116,189,2,109035,0,0,109035,0,109035,11529,11907,9682,0.9682,E364,0,0,2,0001,0
49,board_11x19_46_1705_none,11,19,46,55,105,2,48492,0,0,48492,0,48492,4504,7498,6006,0.6006,5EAA,0,0,2,0001,1
50,board_6x14_15_1756_none,6,14,15,39,69,0,71281,0,0,71281,0,71281,1035,1035,10000,1.0000,115D,0,0,2,0001,0
51,board_4x10_11_1773_none,4,10,11,19,29,3,12501,0,0,12501,0,12501,232,319,7272,0.7272,3768,0,0,2,0001,0
52,board_4x4_3_1786_none,4,4,3,10,13,0,10047,0,0,10047,0,10047,39,39,10000,1.0000,238E,0,0,2,0001,0
53,board_6x6_5_1792_none,6,6,5,2,31,0,1673,0,0,1673,0,1673,155,155,10000,1.0000,BC91,0,0,2,0001,0
54,board_8x10_16_1798_none,8,10,16,42,64,3,29748,0,0,29748,0,29748,832,1024,8125,0.8125,7D57,0,0,2,0001,0
55,board_10x14_38_1817_none,10,14,38,56,102,5,156602,0,0,156602,0,156602,3366,3876,8684,0.8684,0689,0,0,2,0001,0
56,board_15x19_50_1861_none,15,19,50,139,235,1,54004,0,0,54004,0,54004,11515,11750,9800,0.9800,89B3,0,0,2,0001,0
57,board_16x19_45_1918_none,16,19,45,83,259,1,23295,0,0,23295,0,23295,11396,11655,9777,0.9777,F30E,0,0,2,0001,0
58,board_19x14_56_1973_none,19,14,56,114,210,0,72140,0,0,72140,0,72140,11760,11760,10000,1.0000,9D05,0,0,2,0001,0
59,board_18x4_10_2037_none,18,4,10,22,62,0,11663,0,0,11663,0,11663,620,620,10000,1.0000,45E8,0,0,2,0001,0
60,board_15x6_16_2048_none,15,6,16,35,74,0,12118,0,0,12118,0,12118,1184,1184,10000,1.0000,B9C7,0,0,2,0001,0
61,board_12x10_30_2065_none,12,10,30,67,90,2,33266,0,0,33266,0,33266,2520,2700,9333,0.9333,DA73,0,0,2,0001,0
62,board_11x12_36_2100_none,11,12,36,71,96,2,107215,0,0,107215,0,107215,3264,3456,9444,0.9444,5E27,0,0,2,0001,0
63,board_5x19_14_2151_none,5,19,14,47,81,1,84387,0,0,84387,0,84387,1053,1134,9285,0.9285,C615,0,0,2,0001,0
64,board_4x12_12_2166_none,4,12,12,28,36,1,21815,0,0,21815,0,21815,396,432,9166,0.9166,0318,0,0,2,0001,0
65,board_6x5_5_2182_none,6,5,5,11,25,1,5112,0,0,5112,0,5112,100,125,8000,0.8000,EDE3,0,0,2,0001,0
66,board_7x4_4_2188_none,7,4,4,5,24,0,2610,0,0,2610,0,2610,96,96,10000,1.0000,698B,0,0,2,0001,0
67,board_9x4_5_2194_none,9,4,5,12,31,1,2504,0,0,2504,0,2504,124,155,8000,0.8000,5704,0,0,2,0001,0
68,board_16x14_55_2201_none,16,14,55,106,169,3,73061,0,0,73061,0,73061,8788,9295,9454,0.9454,1C5B,0,0,2,0001,0
69,board_19x19_50_2263_none,19,19,50,116,311,0,58498,0,0,58498,0,58498,15550,15550,10000,1.0000,1230,0,0,2,0001,0
70,board_19x16_75_2315_none,19,16,75,147,229,5,527581,0,0,527581,0,527581,16030,17175,9333,0.9333,8BA8,0,0,2,0001,0
71,board_14x4_7_2401_none,14,4,7,16,49,0,3329,0,0,3329,0,3329,343,343,10000,1.0000,2B51,0,0,2,0001,0
72,board_9x6_13_2409_none,9,6,13,33,41,2,83102,0,0,83102,0,83102,451,533,8461,0.8461,85C7,0,0,2,0001,0
73,board_4x16_13_2425_none,4,16,13,19,51,2,23678,0,0,23678,0,23678,561,663,8461,0.8461,C290,0,0,2,0001,0
74,board_5x16_22_2443_none,5,16,22,39,58,5,66471,0,0,66471,0,66471,986,1276,7727,0.7727,78EA,0,0,2,0001,0
75,board_11x5_7_2473_none,11,5,7,19,48,0,5134,0,0,5134,0,5134,336,336,10000,1.0000,FF59,0,0,2,0001,0
76,board_18x8_37_2481_none,18,8,37,35,62,1,388841,0,0,388841,0,388841,2187,3959,5524,0.5524,FB70,0,0,2,0001,1
77,board_19x12_48_2530_none,19,12,48,126,180,7,280372,0,0,280372,0,280372,7380,8640,8541,0.8541,DEC6,0,0,2,0001,0
78,board_19x16_46_2583_none,19,16,46,113,258,0,51221,0,0,51221,0,51221,11868,11868,10000,1.0000,2C74,0,0,2,0001,0
79,board_19x18_47_2633_none,19,18,47,97,295,0,34359,0,0,34359,0,34359,13865,13865,10000,1.0000,B048,0,0,2,0001,0
80,board_17x18_78_2682_none,17,18,78,158,228,3,396178,0,0,396178,0,396178,17100,17784,9615,0.9615,F3D6,0,0,2,0001,0
81,board_15x14_51_2776_none,15,14,51,82,149,2,266540,0,0,266540,0,266540,7281,8109,8978,0.8978,A9F5,0,0,2,0001,1
82,board_10x6_8_2841_none,10,6,8,12,52,0,4722,0,0,4722,0,4722,416,416,10000,1.0000,03CB,0,0,2,0001,0
83,board_6x4_6_2852_none,6,4,6,15,18,0,45052,0,0,45052,0,45052,108,108,10000,1.0000,F38C,0,0,2,0001,0
84,board_5x5_6_2859_none,5,5,6,23,19,4,4573,0,0,4573,0,4573,38,114,3333,0.3333,B86E,0,0,2,0001,0
85,board_4x12_8_2866_none,4,12,8,19,40,0,11752,0,0,11752,0,11752,320,320,10000,1.0000,62E8,0,0,2,0001,0
86,board_6x19_24_2876_none,6,19,24,19,39,3,137097,0,0,137097,0,137097,666,2160,3083,0.3083,EF0F,0,0,2,0001,1
87,board_8x19_39_2903_none,8,19,39,52,98,1,125551,0,0,125551,0,125551,3709,4407,8416,0.8416,E37E,0,0,2,0001,1
88,board_12x12_26_2952_none,12,12,26,62,118,0,76644,0,0,76644,0,76644,3068,3068,10000,1.0000,1A7D,0,0,2,0001,0
89,board_15x8_16_2982_none,15,8,16,49,104,0,12220,0,0,12220,0,12220,1664,1664,10000,1.0000,9284,0,0,2,0001,0
90,board_19x5_25_2999_none,19,5,25,44,70,3,32842,0,0,32842,0,32842,1540,1750,8800,0.8800,E8B7,0,0,2,0001,0
91,board_19x6_29_3031_none,19,6,29,66,85,3,98631,0,0,98631,0,98631,2210,2465,8965,0.8965,7EF6,0,0,2,0001,0
92,board_16x19_62_3063_none,16,19,62,130,242,0,167805,0,0,167805,0,167805,15004,15004,10000,1.0000,A234,0,0,2,0001,0
93,board_9x14_22_3129_none,9,14,22,45,104,1,78895,0,0,78895,0,78895,2184,2288,9545,0.9545,BCC3,0,0,2,0001,0
94,board_5x6_5_3153_none,5,6,5,15,25,0,1965,0,0,1965,0,1965,125,125,10000,1.0000,90CD,0,0,2,0001,0
95,board_4x5_4_3159_none,4,5,4,7,16,1,2331,0,0,2331,0,2331,48,64,7500,0.7500,684E,0,0,2,0001,0
96,board_4x8_6_3164_none,4,8,6,10,26,0,4592,0,0,4592,0,4592,156,156,10000,1.0000,55BB,0,0,2,0001,0
97,board_6x12_10_3173_none,6,12,10,15,62,0,5659,0,0,5659,0,5659,620,620,10000,1.0000,BF58,0,0,2,0001,0
98,board_12x19_63_3184_none,12,19,63,111,154,3,386639,0,0,386639,0,386639,9207,10395,8857,0.8857,391D,0,0,2,0001,1
99,board_19x8_26_3257_none,19,8,26,48,126,0,53868,0,0,53868,0,53868,3276,3276,10000,1.0000,8E95,0,0,2,0001,0
100,board_18x5_19_3285_none,18,5,19,50,71,2,28810,0,0,28810,0,28810,1207,1349,8947,0.8947,C1CA,0,0,2,0001,0
101,board_16x10_22_3306_none,16,10,22,54,138,0,13330,0,0,13330,0,13330,3036,3036,10000,1.0000,84ED,0,0,2,0001,0
102,board_12x16_42_3329_none,12,16,42,68,150,1,208671,0,0,208671,0,208671,6150,6300,9761,0.9761,A037,0,0,2,0001,0
103,board_7x19_27_3377_none,7,19,27,55,106,0,40454,0,0,40454,0,40454,2862,2862,10000,1.0000,2326,0,0,2,0001,0
104,board_4x14_9_3407_none,4,14,9,19,47,1,20044,0,0,20044,0,20044,376,423,8888,0.8888,65CC,0,0,2,0001,0
105,board_4x8_6_3417_none,4,8,6,20,26,0,4815,0,0,4815,0,4815,156,156,10000,1.0000,4E92,0,0,2,0001,0
106,board_4x6_6_3425_none,4,6,6,9,18,0,2382,0,0,2382,0,2382,108,108,10000,1.0000,C551,0,0,2,0001,0
107,board_6x4_5_3433_none,6,4,5,12,19,0,1705,0,0,1705,0,1705,95,95,10000,1.0000,A65F,0,0,2,0001,0
108,board_7x5_6_3440_none,7,5,6,22,29,1,12243,0,0,12243,0,12243,145,174,8333,0.8333,7C6B,0,0,2,0001,0
109,board_15x18_68_3447_none,15,18,68,95,126,6,434695,0,0,434695,0,434695,7356,13736,5355,0.5355,E387,0,0,2,0001,1
110,board_19x14_40_3528_none,19,14,40,73,226,0,28392,0,0,28392,0,28392,9040,9040,10000,1.0000,9160,0,0,2,0001,0
111,board_18x5_23_3571_none,18,5,23,52,59,2,206401,0,0,206401,0,206401,1223,1541,7936,0.7936,2117,0,0,2,0001,1
112,board_16x4_12_3597_none,16,4,12,37,52,2,26992,0,0,26992,0,26992,520,624,8333,0.8333,5C2B,0,0,2,0001,0
113,board_14x5_10_3611_none,14,5,10,36,60,1,95363,0,0,95363,0,95363,540,600,9000,0.9000,8DB4,0,0,2,0001,0
114,board_11x8_13_3622_none,11,8,13,18,75,2,13747,0,0,13747,0,13747,825,975,8461,0.8461,563A,0,0,2,0001,0
115,board_5x19_24_3636_none,5,19,24,47,71,3,29143,0,0,29143,0,29143,1491,1704,8750,0.8750,4591,0,0,2,0001,0
116,board_4x16_9_3665_none,4,16,9,19,55,0,4542,0,0,4542,0,4542,495,495,10000,1.0000,1FC3,0,0,2,0001,0
117,board_7x6_11_3675_none,7,6,11,25,31,4,27373,0,0,27373,0,27373,217,341,6363,0.6363,B0D9,0,0,2,0001,0
118,board_14x6_12_3687_none,14,6,12,8,72,0,6141,0,0,6141,0,6141,864,864,10000,1.0000,F1E8,0,0,2,0001,0
119,board_19x18_81_3701_none,19,18,81,45,97,3,469800,0,0,469800,0,469800,7074,21141,3346,0.3346,E7BE,0,0,2,0001,1
120,board_19x19_55_3790_none,19,19,55,87,306,0,18603,0,0,18603,0,18603,16830,16830,10000,1.0000,34F5,0,0,2,0001,0
121,board_19x19_49_3848_none,19,19,49,105,312,1,48601,0,0,48601,0,48601,14976,15288,9795,0.9795,2DBD,0,0,2,0001,0
122,board_14x6_21_3900_none,14,6,21,47,63,2,32734,0,0,32734,0,32734,1197,1323,9047,0.9047,6C49,0,0,2,0001,0
123,board_9x4_5_3924_none,9,4,5,8,31,0,12205,0,0,12205,0,12205,155,155,10000,1.0000,FB9C,0,0,2,0001,0
124,board_5x10_12_3930_none,5,10,12,30,38,4,67791,0,0,67791,0,67791,304,456,6666,0.6666,F7C2,0,0,2,0001,0
125,board_4x18_14_3944_none,4,18,14,28,58,0,25858,0,0,25858,0,25858,812,812,10000,1.0000,CD10,0,0,2,0001,0
126,board_4x19_12_3961_none,4,19,12,22,64,0,8032,0,0,8032,0,8032,768,768,10000,1.0000,D1A8,0,0,2,0001,0
127,board_11x8_22_3974_none,11,8,22,37,66,1,30885,0,0,30885,0,30885,1386,1452,9545,0.9545,8D98,0,0,2,0001,0
128,board_16x4_8_3998_none,16,4,8,18,56,0,9476,0,0,9476,0,9476,448,448,10000,1.0000,8B2B,0,0,2,0001,0
129,board_17x4_10_4007_none,17,4,10,21,58,1,15343,0,0,15343,0,15343,522,580,9000,0.9000,93A5,0,0,2,0001,0
130,board_19x14_67_4019_none,19,14,67,146,199,1,226872,0,0,226872,0,226872,13134,13333,9850,0.9850,B210,0,0,2,0001,0
131,board_19x18_58_4099_none,19,18,58,129,284,0,50119,0,0,50119,0,50119,16472,16472,10000,1.0000,3513,0,0,2,0001,0
132,board_14x16_53_4164_none,14,16,53,114,161,2,586230,0,0,586230,0,586230,8191,9063,9037,0.9037,6DB4,0,0,2,0001,1
133,board_12x14_46_4226_none,12,14,46,66,88,3,427766,0,0,427766,0,427766,3682,5612,6560,0.6560,0D17,0,0,2,0001,1
134,board_10x10_24_4277_none,10,10,24,53,76,0,14738,0,0,14738,0,14738,1824,1824,10000,1.0000,1A89,0,0,2,0001,0
135,board_7x5_5_4304_none,7,5,5,15,30,1,6460,0,0,6460,0,6460,120,150,8000,0.8000,A5BA,0,0,2,0001,0
136,board_4x6_6_4311_none,4,6,6,12,18,0,2910,0,0,2910,0,2910,108,108,10000,1.0000,92DD,0,0,2,0001,0
137,board_6x18_15_4319_none,6,18,15,27,93,0,10987,0,0,10987,0,10987,1395,1395,10000,1.0000,AA70,0,0,2,0001,0
138,board_14x14_51_4335_none,14,14,51,72,113,4,319416,0,0,319416,0,319416,5183,7395,7008,0.7008,D922,0,0,2,0001,1
139,board_19x4_11_4390_none,19,4,11,21,65,0,7042,0,0,7042,0,7042,715,715,10000,1.0000,0B55,0,0,2,0001,0
140,board_19x5_23_4403_none,19,5,23,32,72,0,21471,0,0,21471,0,21471,1656,1656,10000,1.0000,01B7,0,0,2,0001,0
141,board_19x8_39_4427_none,19,8,39,83,113,2,134567,0,0,134567,0,134567,4181,4407,9487,0.9487,C291,0,0,2,0001,0
142,board_14x19_38_4473_none,14,19,38,74,228,0,28873,0,0,28873,0,28873,8664,8664,10000,1.0000,83D0,0,0,2,0001,0
143,board_10x19_46_4515_none,10,19,46,125,144,4,171468,0,0,171468,0,171468,6048,6624,9130,0.9130,AF8D,0,0,2,0001,0
144,board_9x18_41_4567_none,9,18,41,85,121,5,55002,0,0,55002,0,55002,4356,4961,8780,0.8780,7AF8,0,0,2,0001,0
145,board_6x12_15_4612_none,6,12,15,31,57,0,3627,0,0,3627,0,3627,855,855,10000,1.0000,406D,0,0,2,0001,0
146,board_4x8_5_4628_none,4,8,5,8,27,0,3976,0,0,3976,0,3976,135,135,10000,1.0000,6689,0,0,2,0001,0
147,board_4x4_3_4635_none,4,4,3,8,13,0,1483,0,0,1483,0,1483,39,39,10000,1.0000,CFFD,0,0,2,0001,0
148,board_8x12_16_4639_none,8,12,16,35,80,0,5287,0,0,5287,0,5287,1280,1280,10000,1.0000,40CB,0,0,2,0001,0
149,board_15x19_69_4657_none,15,19,69,145,216,4,301901,0,0,301901,0,301901,14040,14904,9420,0.9420,D59E,0,0,2,0001,0
150,board_17x18_78_4735_none,17,18,78,110,175,3,1251180,0,0,1251180,0,1251180,12966,17784,7290,0.7290,B7D1,0,0,2,0001,1
151,board_19x6_18_4835_none,19,6,18,43,96,0,10650,0,0,10650,0,10650,1728,1728,10000,1.0000,74FA,0,0,2,0001,0
152,board_17x5_22_4855_none,17,5,22,50,63,4,244538,0,0,244538,0,244538,1134,1386,8181,0.8181,B3C9,0,0,2,0001,0
153,board_9x18_27_4886_none,9,18,27,41,135,1,24751,0,0,24751,0,24751,3510,3645,9629,0.9629,6430,0,0,2,0001,0
154,board_4x14_9_4915_none,4,14,9,15,47,0,14733,0,0,14733,0,14733,423,423,10000,1.0000,6E78,0,0,2,0001,0
155,board_5x5_5_4925_none,5,5,5,12,20,1,5931,0,0,5931,0,5931,80,100,8000,0.8000,37FF,0,0,2,0001,0
156,board_10x6_13_4933_none,10,6,13,40,47,2,76828,0,0,76828,0,76828,517,611,8461,0.8461,4559,0,0,2,0001,0
157,board_14x12_23_4949_none,14,12,23,41,145,0,11013,0,0,11013,0,11013,3335,3335,10000,1.0000,8DF4,0,0,2,0001,0
158,board_16x16_44_4975_none,16,16,44,106,212,2,34615,0,0,34615,0,34615,8904,9328,9545,0.9545,CC75,0,0,2,0001,0
159,board_19x16_54_5024_none,19,16,54,107,250,2,98962,0,0,98962,0,98962,13000,13500,9629,0.9629,632F,0,0,2,0001,0
160,board_15x4_16_5084_none,15,4,16,35,44,5,47094,0,0,47094,0,47094,484,704,6875,0.6875,E578,0,0,2,0001,0
161,board_8x10_11_5105_none,8,10,11,25,69,0,5533,0,0,5533,0,5533,759,759,10000,1.0000,BFB3,0,0,2,0001,0
162,board_7x12_12_5117_none,7,12,12,12,72,2,7730,0,0,7730,0,7730,720,864,8333,0.8333,5564,0,0,2,0001,0
163,board_6x14_15_5132_none,6,14,15,39,69,3,25755,0,0,25755,0,25755,828,1035,8000,0.8000,EE4F,0,0,2,0001,0
164,board_4x19_15_5149_none,4,19,15,26,61,2,17692,0,0,17692,0,17692,793,915,8666,0.8666,98AB,0,0,2,0001,0
165,board_4x16_11_5168_none,4,16,11,20,53,0,5590,0,0,5590,0,5590,583,583,10000,1.0000,1DFE,0,0,2,0001,0
166,board_9x6_13_5182_none,9,6,13,8,41,1,5932,0,0,5932,0,5932,492,533,9230,0.9230,E8B1,0,0,2,0001,0
167,board_16x6_14_5197_none,16,6,14,30,82,0,9345,0,0,9345,0,9345,1148,1148,10000,1.0000,F869,0,0,2,0001,0
168,board_19x19_95_5213_none,19,19,95,106,153,3,542963,0,0,542963,0,542963,13737,25270,5436,0.5436,E048,0,0,2,0001,1
169,board_16x14_33_5327_none,16,14,33,62,191,0,17933,0,0,17933,0,17933,6303,6303,10000,1.0000,45B8,0,0,2,0001,0
170,board_9x4_9_5364_none,9,4,9,19,27,2,30329,0,0,30329,0,30329,189,243,7777,0.7777,D83C,0,0,2,0001,0
171,board_4x12_10_5374_none,4,12,10,28,38,1,29573,0,0,29573,0,29573,342,380,9000,0.9000,5617,0,0,2,0001,0
172,board_6x19_20_5387_none,6,19,20,45,94,0,13263,0,0,13263,0,13263,1880,1880,10000,1.0000,BF4A,0,0,2,0001,0
173,board_12x10_30_5410_none,12,10,30,65,90,1,354490,0,0,354490,0,354490,2610,2700,9666,0.9666,2DA8,0,0,2,0001,0
174,board_19x5_13_5448_none,19,5,13,23,82,0,33461,0,0,33461,0,33461,1066,1066,10000,1.0000,CF47,0,0,2,0001,0
175,board_19x10_41_5465_none,19,10,41,69,146,4,161888,0,0,161888,0,161888,5390,6109,8823,0.8823,18CA,0,0,2,0001,1
176,board_19x12_56_5510_none,19,12,56,90,172,0,49645,0,0,49645,0,49645,9632,9632,10000,1.0000,6F86,0,0,2,0001,0
177,board_19x14_70_5573_none,19,14,70,134,194,6,645547,0,0,645547,0,645547,12404,13720,9040,0.9040,9FE0,0,0,2,0001,1
178,board_12x18_32_5652_none,12,18,32,97,184,0,14493,0,0,14493,0,14493,5888,5888,10000,1.0000,D6A9,0,0,2,0001,0
179,board_7x8_14_5691_none,7,8,14,23,42,2,30100,0,0,30100,0,30100,504,588,8571,0.8571,A36B,0,0,2,0001,0
180,board_4x4_3_5706_none,4,4,3,8,13,0,2857,0,0,2857,0,2857,39,39,10000,1.0000,C09B,0,0,2,0001,0
181,board_4x10_11_5710_none,4,10,11,14,18,2,73326,0,0,73326,0,73326,140,319,4388,0.4388,66DF,0,0,2,0001,1
182,board_7x16_27_5722_none,7,16,27,55,85,6,35777,0,0,35777,0,35777,1785,2295,7777,0.7777,29CC,0,0,2,0001,0
183,board_9x19_29_5751_none,9,19,29,46,142,0,8901,0,0,8901,0,8901,4118,4118,10000,1.0000,0F28,0,0,2,0001,0
184,board_10x19_29_5782_none,10,19,29,68,161,0,27880,0,0,27880,0,27880,4669,4669,10000,1.0000,8CB7,0,0,2,0001,0
185,board_12x19_34_5818_none,12,19,34,80,194,0,12010,0,0,12010,0,12010,6596,6596,10000,1.0000,AFA7,0,0,2,0001,0
186,board_18x10_46_5854_none,18,10,46,107,134,1,143118,0,0,143118,0,143118,6030,6164,9782,0.9782,67C9,0,0,2,0001,0
187,board_19x4_11_5911_none,19,4,11,21,65,0,11220,0,0,11220,0,11220,715,715,10000,1.0000,215D,0,0,2,0001,0
188,board_15x14_51_5923_none,15,14,51,11,17,2,136006,0,0,136006,0,136006,549,8109,677,0.0677,FE36,0,0,2,0001,1
189,board_11x19_31_5977_none,11,19,31,73,178,0,15647,0,0,15647,0,15647,5518,5518,10000,1.0000,C12A,0,0,2,0001,0
190,board_6x16_23_6011_none,6,16,23,54,73,1,27440,0,0,27440,0,27440,1606,1679,9565,0.9565,DB14,0,0,2,0001,0
191,board_4x10_10_6039_none,4,10,10,17,30,2,13564,0,0,13564,0,13564,240,300,8000,0.8000,DCEF,0,0,2,0001,0
192,board_4x4_3_6051_none,4,4,3,6,13,0,1746,0,0,1746,0,1746,39,39,10000,1.0000,1656,0,0,2,0001,0
193,board_7x6_10_6055_none,7,6,10,23,32,1,40819,0,0,40819,0,40819,288,320,9000,0.9000,C0FA,0,0,2,0001,0
194,board_12x16_35_6069_none,12,16,35,99,157,1,334657,0,0,334657,0,334657,5338,5495,9714,0.9714,910E,0,0,2,0001,0
195,board_18x18_78_6108_none,18,18,78,162,246,2,290015,0,0,290015,0,290015,18696,19188,9743,0.9743,6D83,0,0,2,0001,0
196,board_19x10_41_6201_none,19,10,41,79,149,0,70069,0,0,70069,0,70069,6109,6109,10000,1.0000,623F,0,0,2,0001,0
197,board_18x4_10_6249_none,18,4,10,31,62,1,13598,0,0,13598,0,13598,558,620,9000,0.9000,2BD4,0,0,2,0001,0
198,board_11x10_27_6260_none,11,10,27,52,83,1,36320,0,0,36320,0,36320,2158,2241,9629,0.9629,EE2D,0,0,2,0001,0
199,board_4x19_19_6291_none,4,19,19,36,56,3,45334,0,0,45334,0,45334,893,1083,8245,0.8245,A8D8,0,0,2,0001,1
200,board_5x8_6_6317_none,5,8,6,7,34,0,2717,0,0,2717,0,2717,204,204,10000,1.0000,DD8E,0,0,2,0001,0
201,board_6x6_5_6324_none,6,6,5,11,31,0,1983,0,0,1983,0,1983,155,155,10000,1.0000,84D8,0,0,2,0001,0
202,board_9x4_7_6330_none,9,4,7,19,29,0,9422,0,0,9422,0,9422,203,203,10000,1.0000,911B,0,0,2,0001,0
203,board_14x8_26_6338_none,14,8,26,40,86,1,60518,0,0,60518,0,60518,2150,2236,9615,0.9615,BA9F,0,0,2,0001,0
204,board_17x14_35_6367_none,17,14,35,61,203,0,18605,0,0,18605,0,18605,7105,7105,10000,1.0000,FB16,0,0,2,0001,0
205,board_19x19_78_6407_none,19,19,78,159,283,3,119682,0,0,119682,0,119682,21225,22074,9615,0.9615,F026,0,0,2,0001,0
206,board_18x12_37_6494_none,18,12,37,80,179,0,12207,0,0,12207,0,12207,6623,6623,10000,1.0000,1E1B,0,0,2,0001,0
207,board_17x10_25_6536_none,17,10,25,63,145,1,26534,0,0,26534,0,26534,3480,3625,9600,0.9600,E3C3,0,0,2,0001,0
208,board_15x6_13_6564_none,15,6,13,31,77,0,25497,0,0,25497,0,25497,1001,1001,10000,1.0000,776D,0,0,2,0001,0
209,board_14x5_12_6578_none,14,5,12,29,58,0,26604,0,0,26604,0,26604,696,696,10000,1.0000,0758,0,0,2,0001,0
210,board_9x5_11_6591_none,9,5,11,30,34,4,59089,0,0,59089,0,59089,238,374,6363,0.6363,EDA4,0,0,2,0001,0
211,board_8x6_12_6603_none,8,6,12,22,36,1,10727,0,0,10727,0,10727,396,432,9166,0.9166,021B,0,0,2,0001,0
212,board_4x19_15_6619_none,4,19,15,43,61,0,47476,0,0,47476,0,47476,915,915,10000,1.0000,7F79,0,0,2,0001,0
213,board_4x19_23_6637_none,4,19,23,42,53,3,26214,0,0,26214,0,26214,1060,1219,8695,0.8695,EC67,0,0,2,0001,0
214,board_8x12_14_6664_none,8,12,14,26,82,2,10141,0,0,10141,0,10141,984,1148,8571,0.8571,47F6,0,0,2,0001,0
215,board_11x6_12_6679_none,11,6,12,21,54,0,7761,0,0,7761,0,7761,648,648,10000,1.0000,835F,0,0,2,0001,0
216,board_12x5_13_6693_none,12,5,13,30,47,3,26516,0,0,26516,0,26516,470,611,7692,0.7692,8FF9,0,0,2,0001,0
217,board_17x5_20_6708_none,17,5,20,40,65,4,52265,0,0,52265,0,52265,1040,1300,8000,0.8000,83DF,0,0,2,0001,0
218,board_19x18_71_6733_none,19,18,71,155,271,0,79825,0,0,79825,0,79825,19241,19241,10000,1.0000,C4C9,0,0,2,0001,0
219,board_16x18_59_6816_none,16,18,59,128,229,1,157582,0,0,157582,0,157582,13282,13511,9830,0.9830,80D2,0,0,2,0001,0
220,board_10x8_14_6882_none,10,8,14,26,66,1,8709,0,0,8709,0,8709,858,924,9285,0.9285,9066,0,0,2,0001,0
221,board_8x5_9_6897_none,8,5,9,10,22,0,81523,0,0,81523,0,81523,198,279,7096,0.7096,A20F,0,0,2,0001,1
222,board_5x4_5_6907_none,5,4,5,12,15,3,28679,0,0,28679,0,28679,30,75,4000,0.4000,973F,0,0,2,0001,0
223,board_4x5_4_6913_none,4,5,4,10,16,1,16568,0,0,16568,0,16568,48,64,7500,0.7500,A0F8,0,0,2,0001,0
224,board_4x16_15_6918_none,4,16,15,22,49,1,8697,0,0,8697,0,8697,686,735,9333,0.9333,0DA2,0,0,2,0001,0
225,board_5x18_22_6938_none,5,18,22,43,68,2,59363,0,0,59363,0,59363,1360,1496,9090,0.9090,D957,0,0,2,0001,0
226,board_8x19_37_6967_none,8,19,37,96,115,4,68925,0,0,68925,0,68925,3795,4255,8918,0.8918,B2B5,0,0,2,0001,0
227,board_15x10_26_7014_none,15,10,26,56,124,1,28932,0,0,28932,0,28932,3100,3224,9615,0.9615,933D,0,0,2,0001,0
228,board_18x5_23_7044_none,18,5,23,36,67,0,9866,0,0,9866,0,9866,1541,1541,10000,1.0000,9780,0,0,2,0001,0
229,board_19x10_28_7070_none,19,10,28,59,162,1,23679,0,0,23679,0,23679,4374,4536,9642,0.9642,DB2C,0,0,2,0001,0
230,board_12x19_51_7103_none,12,19,51,119,177,5,560179,0,0,560179,0,560179,8142,9027,9019,0.9019,7E60,0,0,2,0001,0
231,board_7x12_14_7160_none,7,12,14,45,70,0,6694,0,0,6694,0,6694,980,980,10000,1.0000,32FB,0,0,2,0001,0
232,board_5x8_10_7176_none,5,8,10,19,30,0,3931,0,0,3931,0,3931,300,300,10000,1.0000,DECB,0,0,2,0001,0
233,board_4x4_4_7187_none,4,4,4,14,12,2,3958,0,0,3958,0,3958,24,48,5000,0.5000,5A07,0,0,2,0001,0
234,board_6x10_10_7194_none,6,10,10,15,50,0,9777,0,0,9777,0,9777,500,500,10000,1.0000,46DF,0,0,2,0001,0
235,board_7x12_17_7206_none,7,12,17,43,67,4,22566,0,0,22566,0,22566,871,1139,7647,0.7647,4A16,0,0,2,0001,0
236,board_14x19_46_7224_none,14,19,46,98,220,1,72258,0,0,72258,0,72258,9900,10120,9782,0.9782,6DA9,0,0,2,0001,0
237,board_15x19_41_7279_none,15,19,41,78,244,0,62076,0,0,62076,0,62076,10004,10004,10000,1.0000,1EC6,0,0,2,0001,0
238,board_19x6_32_7323_none,19,6,32,29,72,2,67894,0,0,67894,0,67894,2140,2624,8155,0.8155,4859,0,0,2,0001,1
239,board_16x8_22_7362_none,16,8,22,40,106,0,42894,0,0,42894,0,42894,2332,2332,10000,1.0000,626A,0,0,2,0001,0
240,board_10x18_43_7386_none,10,18,43,75,118,1,181498,0,0,181498,0,181498,4937,5891,8380,0.8380,29A2,0,0,2,0001,1
241,board_5x18_13_7433_none,5,18,13,35,77,0,19509,0,0,19509,0,19509,1001,1001,10000,1.0000,C8E7,0,0,2,0001,0
242,board_4x14_12_7447_none,4,14,12,32,44,3,18849,0,0,18849,0,18849,396,528,7500,0.7500,2C58,0,0,2,0001,0
243,board_5x4_3_7460_none,5,4,3,9,17,0,1546,0,0,1546,0,1546,51,51,10000,1.0000,0375,0,0,2,0001,0
244,board_10x8_17_7464_none,10,8,17,32,63,0,13737,0,0,13737,0,13737,1071,1071,10000,1.0000,FEF2,0,0,2,0001,0
245,board_15x16_58_7483_none,15,16,58,123,182,0,198697,0,0,198697,0,198697,10556,10556,10000,1.0000,AFF6,0,0,2,0001,0
246,board_17x19_55_7547_none,17,19,55,147,268,1,263996,0,0,263996,0,263996,14472,14740,9818,0.9818,6A9F,0,0,2,0001,0
247,board_18x19_50_7610_none,18,19,50,102,292,0,19279,0,0,19279,0,19279,14600,14600,10000,1.0000,B1C8,0,0,2,0001,0
248,board_19x19_52_7666_none,19,19,52,118,309,0,28308,0,0,28308,0,28308,16068,16068,10000,1.0000,124F,0,0,2,0001,0
249,board_19x18_59_7723_none,19,18,59,138,283,0,58310,0,0,58310,0,58310,16697,16697,10000,1.0000,7FB0,0,0,2,0001,0
250,board_19x16_65_7787_none,19,16,65,148,239,1,68629,0,0,68629,0,68629,15296,15535,9846,0.9846,9423,0,0,2,0001,0
251,board_17x5_14_7860_none,17,5,14,33,71,4,94788,0,0,94788,0,94788,710,994,7142,0.7142,1F20,0,0,2,0001,0
252,board_10x8_19_7876_none,10,8,19,36,61,1,15343,0,0,15343,0,15343,1098,1159,9473,0.9473,469B,0,0,2,0001,0
253,board_4x19_11_7900_none,4,19,11,22,65,3,13635,0,0,13635,0,13635,520,715,7272,0.7272,BA60,0,0,2,0001,0
254,board_5x12_16_7912_none,5,12,16,29,44,2,22708,0,0,22708,0,22708,616,704,8750,0.8750,47E6,0,0,2,0001,0
255,board_8x6_8_7929_none,8,6,8,16,40,1,17724,0,0,17724,0,17724,280,320,8750,0.8750,03CF,0,0,2,0001,0
256,board_12x4_9_7939_none,12,4,9,23,39,0,7463,0,0,7463,0,7463,351,351,10000,1.0000,FA04,0,0,2,0001,0
257,board_16x8_33_7949_none,16,8,33,63,95,2,80248,0,0,80248,0,80248,2945,3135,9393,0.9393,DD9F,0,0,2,0001,0
258,board_18x12_52_7990_none,18,12,52,107,164,0,35700,0,0,35700,0,35700,8528,8528,10000,1.0000,7DAC,0,0,2,0001,0
259,board_19x19_50_8055_none,19,19,50,117,311,0,80182,0,0,80182,0,80182,15550,15550,10000,1.0000,362B,0,0,2,0001,0
260,board_18x18_78_8107_none,18,18,78,160,246,3,173991,0,0,173991,0,173991,18450,19188,9615,0.9615,B4C8,0,0,2,0001,0
261,board_17x14_62_8194_none,17,14,62,46,98,4,248194,0,0,248194,0,248194,5372,10912,4923,0.4923,DBAB,0,0,2,0001,1
262,board_12x6_11_8265_none,12,6,11,30,61,0,8709,0,0,8709,0,8709,671,671,10000,1.0000,68D1,0,0,2,0001,0
263,board_11x5_7_8277_none,11,5,7,13,48,0,2934,0,0,2934,0,2934,336,336,10000,1.0000,0FCD,0,0,2,0001,0
264,board_9x4_6_8286_none,9,4,6,9,30,1,5339,0,0,5339,0,5339,150,180,8333,0.8333,0ACA,0,0,2,0001,0
265,board_7x5_8_8294_none,7,5,8,13,27,0,4081,0,0,4081,0,4081,216,216,10000,1.0000,1AD2,0,0,2,0001,0
266,board_4x18_9_8303_none,4,18,9,19,63,0,6308,0,0,6308,0,6308,567,567,10000,1.0000,37DD,0,0,2,0001,0
267,board_6x19_27_8314_none,6,19,27,47,67,1,103850,0,0,103850,0,103850,1722,2349,7330,0.7330,6C3C,0,0,2,0001,1
268,board_10x12_26_8348_none,10,12,26,52,94,1,11818,0,0,11818,0,11818,2350,2444,9615,0.9615,851E,0,0,2,0001,0
269,board_14x6_12_8378_none,14,6,12,13,72,1,10379,0,0,10379,0,10379,792,864,9166,0.9166,6E4C,0,0,2,0001,0
270,board_15x5_11_8391_none,15,5,11,22,64,2,16554,0,0,16554,0,16554,576,704,8181,0.8181,4BC5,0,0,2,0001,0
271,board_19x10_41_8404_none,19,10,41,70,136,3,297459,0,0,297459,0,297459,5129,6109,8395,0.8395,96C2,0,0,2,0001,1
272,board_17x19_68_8450_none,17,19,68,194,255,2,124461,0,0,124461,0,124461,16830,17340,9705,0.9705,CBFD,0,0,2,0001,0
273,board_9x10_13_8526_none,9,10,13,27,77,1,11698,0,0,11698,0,11698,924,1001,9230,0.9230,E4EA,0,0,2,0001,0
274,board_8x8_8_8540_none,8,8,8,14,56,0,5227,0,0,5227,0,5227,448,448,10000,1.0000,C0FE,0,0,2,0001,0
275,board_6x5_5_8549_none,6,5,5,7,25,0,1703,0,0,1703,0,1703,125,125,10000,1.0000,DE17,0,0,2,0001,0
276,board_4x4_4_8556_none,4,4,4,9,12,0,2734,0,0,2734,0,2734,48,48,10000,1.0000,428A,0,0,2,0001,0
277,board_4x4_4_8561_none,4,4,4,15,12,3,3389,0,0,3389,0,3389,12,48,2500,0.2500,8955,0,0,2,0001,0
278,board_4x8_6_8566_none,4,8,6,9,26,0,5128,0,0,5128,0,5128,156,156,10000,1.0000,82C4,0,0,2,0001,0
279,board_8x19_31_8574_none,8,19,31,56,121,0,132771,0,0,132771,0,132771,3751,3751,10000,1.0000,C960,0,0,2,0001,0
280,board_15x14_37_8610_none,15,14,37,72,173,1,26637,0,0,26637,0,26637,6228,6401,9729,0.9729,841E,0,0,2,0001,0
281,board_19x4_19_8654_none,19,4,19,42,57,3,61520,0,0,61520,0,61520,912,1083,8421,0.8421,1F5F,0,0,2,0001,0
282,board_19x6_25_8674_none,19,6,25,55,89,2,129012,0,0,129012,0,129012,2047,2225,9200,0.9200,9B74,0,0,2,0001,0
283,board_17x12_28_8705_none,17,12,28,66,176,2,54286,0,0,54286,0,54286,4576,4928,9285,0.9285,9C80,0,0,2,0001,0
284,board_14x18_51_8739_none,14,18,51,121,201,2,70831,0,0,70831,0,70831,9849,10251,9607,0.9607,6DA6,0,0,2,0001,0
285,board_9x19_41_8795_none,9,19,41,82,130,1,42547,0,0,42547,0,42547,5200,5330,9756,0.9756,D57F,0,0,2,0001,0
286,board_6x14_12_8842_none,6,14,12,11,72,0,7090,0,0,7090,0,7090,864,864,10000,1.0000,FDCC,0,0,2,0001,0
287,board_4x4_4_8857_none,4,4,4,6,12,1,1668,0,0,1668,0,1668,36,48,7500,0.7500,4DCB,0,0,2,0001,0
288,board_10x14_25_8862_none,10,14,25,31,115,0,11349,0,0,11349,0,11349,2875,2875,10000,1.0000,AA9E,0,0,2,0001,0
289,board_14x19_67_8892_none,14,19,67,112,194,4,133767,0,0,133767,0,133767,12202,13333,9151,0.9151,1BA8,0,0,2,0001,1
290,board_18x16_43_8965_none,18,16,43,116,245,2,38125,0,0,38125,0,38125,10045,10535,9534,0.9534,F2A3,0,0,2,0001,0
291,board_19x6_29_9014_none,19,6,29,53,85,2,35395,0,0,35395,0,35395,2295,2465,9310,0.9310,B638,0,0,2,0001,0
292,board_15x6_13_9046_none,15,6,13,33,77,0,13995,0,0,13995,0,13995,1001,1001,10000,1.0000,3B9C,0,0,2,0001,0
293,board_14x8_15_9060_none,14,8,15,23,97,0,5776,0,0,5776,0,5776,1455,1455,10000,1.0000,1634,0,0,2,0001,0
294,board_6x19_28_9077_none,6,19,28,31,86,1,34828,0,0,34828,0,34828,2322,2408,9642,0.9642,67F1,0,0,2,0001,0
295,board_4x12_8_9111_none,4,12,8,20,40,2,11064,0,0,11064,0,11064,240,320,7500,0.7500,578E,0,0,2,0001,0
296,board_9x4_6_9120_none,9,4,6,11,30,0,9320,0,0,9320,0,9320,180,180,10000,1.0000,82BC,0,0,2,0001,0
297,board_10x5_7_9127_none,10,5,7,22,43,1,23910,0,0,23910,0,23910,258,301,8571,0.8571,4D0E,0,0,2,0001,0
298,board_11x6_9_9135_none,11,6,9,26,57,1,9031,0,0,9031,0,9031,456,513,8888,0.8888,7AE9,0,0,2,0001,0
299,board_18x18_81_9145_none,18,18,81,161,243,0,246026,0,0,246026,0,246026,19683,19683,10000,1.0000,D5D2,0,0,2,0001,0
300,board_19x19_65_9242_none,19,19,65,122,296,0,57428,0,0,57428,0,57428,19240,19240,10000,1.0000,FC59,0,0,2,0001,0
301,board_19x18_47_9310_none,19,18,47,96,295,0,24616,0,0,24616,0,24616,13865,13865,10000,1.0000,18C9,0,0,2,0001,0
302,board_17x8_35_9363_none,17,8,35,79,101,1,33740,0,0,33740,0,33740,3434,3535,9714,0.9714,B2FB,0,0,2,0001,0
303,board_10x5_7_9401_none,10,5,7,7,43,1,3288,0,0,3288,0,3288,258,301,8571,0.8571,6765,0,0,2,0001,0
304,board_6x12_17_9409_none,6,12,17,49,55,2,33487,0,0,33487,0,33487,825,935,8823,0.8823,54E6,0,0,2,0001,0
305,board_4x16_19_9429_none,4,16,19,39,43,3,144224,0,0,144224,0,144224,682,855,7976,0.7976,926D,0,0,2,0001,1
306,board_4x19_15_9452_none,4,19,15,34,61,1,34321,0,0,34321,0,34321,854,915,9333,0.9333,8A72,0,0,2,0001,0
307,board_4x19_13_9469_none,4,19,13,17,63,0,47603,0,0,47603,0,47603,819,819,10000,1.0000,6F0A,0,0,2,0001,0
308,board_5x16_14_9484_none,5,16,14,18,51,0,52000,0,0,52000,0,52000,714,924,7727,0.7727,D65B,0,0,2,0001,1
309,board_8x10_21_9502_none,8,10,21,47,59,1,151757,0,0,151757,0,151757,1180,1239,9523,0.9523,2F49,0,0,2,0001,0
310,board_9x8_19_9531_none,9,8,19,47,53,2,136120,0,0,136120,0,136120,901,1007,8947,0.8947,A199,0,0,2,0001,0
311,board_15x4_8_9552_none,15,4,8,22,52,0,6315,0,0,6315,0,6315,416,416,10000,1.0000,9001,0,0,2,0001,0
312,board_16x5_11_9561_none,16,5,11,16,69,1,10156,0,0,10156,0,10156,690,759,9090,0.9090,2B6F,0,0,2,0001,0
313,board_19x18_72_9573_none,19,18,72,74,171,1,695359,0,0,695359,0,695359,12042,19440,6194,0.6194,0CEB,0,0,2,0001,1
314,board_16x16_53_9660_none,16,16,53,128,203,3,144699,0,0,144699,0,144699,10150,10759,9433,0.9433,D42A,0,0,2,0001,0
315,board_11x8_22_9720_none,11,8,22,47,66,2,98669,0,0,98669,0,98669,1320,1452,9090,0.9090,E21A,0,0,2,0001,0
316,board_8x4_4_9748_none,8,4,4,8,28,0,1579,0,0,1579,0,1579,112,112,10000,1.0000,1A8C,0,0,2,0001,0
317,board_6x4_3_9753_none,6,4,3,3,21,1,2048,0,0,2048,0,2048,42,63,6666,0.6666,7306,0,0,2,0001,0
318,board_4x6_6_9757_none,4,6,6,12,18,0,6493,0,0,6493,0,6493,108,108,10000,1.0000,1830,0,0,2,0001,0
319,board_5x19_14_9764_none,5,19,14,23,81,2,12103,0,0,12103,0,12103,972,1134,8571,0.8571,6474,0,0,2,0001,0
320,board_11x14_42_9782_none,11,14,42,53,86,5,329465,0,0,329465,0,329465,3052,4704,6488,0.6488,2FA5,0,0,2,0001,1
321,board_12x12_40_9830_none,12,12,40,77,104,4,263507,0,0,263507,0,263507,3744,4160,9000,0.9000,689F,0,0,2,0001,0
322,board_15x8_25_9883_none,15,8,25,71,95,2,101895,0,0,101895,0,101895,2185,2375,9200,0.9200,521C,0,0,2,0001,0
323,board_18x4_10_9912_none,18,4,10,25,62,0,7704,0,0,7704,0,7704,620,620,10000,1.0000,3BE6,0,0,2,0001,0
324,board_19x10_50_9923_none,19,10,50,93,140,1,284066,0,0,284066,0,284066,6860,7000,9800,0.9800,6914,0,0,2,0001,0
325,board_17x18_44_9976_none,17,18,44,86,262,0,15592,0,0,15592,0,15592,11528,11528,10000,1.0000,0234,0,0,2,0001,0
326,board_15x19_42_10025_none,15,19,42,81,243,0,14892,0,0,14892,0,14892,10206,10206,10000,1.0000,5D1F,0,0,2,0001,0
327,board_14x19_46_10069_none,14,19,46,100,220,0,22126,0,0,22126,0,22126,10120,10120,10000,1.0000,2ED5,0,0,2,0001,0
328,board_11x18_48_10118_none,11,18,48,72,150,3,108007,0,0,108007,0,108007,6750,7200,9375,0.9375,38F7,0,0,2,0001,0
329,board_5x6_4_10169_none,5,6,4,13,26,0,1821,0,0,1821,0,1821,104,104,10000,1.0000,EC6E,0,0,2,0001,0
330,board_4x4_3_10174_none,4,4,3,3,13,0,1208,0,0,1208,0,1208,39,39,10000,1.0000,ADA4,0,0,2,0001,0
331,board_4x8_9_10179_none,4,8,9,15,23,2,9751,0,0,9751,0,9751,161,207,7777,0.7777,EB90,0,0,2,0001,0
332,board_8x16_18_10190_none,8,16,18,19,110,0,6131,0,0,6131,0,6131,1980,1980,10000,1.0000,3DE2,0,0,2,0001,0
333,board_15x18_68_10210_none,15,18,68,129,202,0,93895,0,0,93895,0,93895,13736,13736,10000,1.0000,749E,0,0,2,0001,0
334,board_18x10_32_10284_none,18,10,32,83,148,0,48152,0,0,48152,0,48152,4736,4736,10000,1.0000,D16C,0,0,2,0001,0
335,board_19x4_15_10319_none,19,4,15,32,61,1,22254,0,0,22254,0,22254,854,915,9333,0.9333,3BEE,0,0,2,0001,0
336,board_16x10_33_10337_none,16,10,33,85,127,0,77945,0,0,77945,0,77945,4191,4191,10000,1.0000,0B00,0,0,2,0001,0
337,board_9x19_36_10376_none,9,19,36,71,135,2,72099,0,0,72099,0,72099,4590,4860,9444,0.9444,0778,0,0,2,0001,0
338,board_4x12_9_10418_none,4,12,9,11,39,1,4961,0,0,4961,0,4961,312,351,8888,0.8888,995D,0,0,2,0001,0
339,board_5x4_5_10428_none,5,4,5,16,15,1,25613,0,0,25613,0,25613,60,75,8000,0.8000,6B17,0,0,2,0001,0
340,board_6x4_6_10436_none,6,4,6,9,18,1,3905,0,0,3905,0,3905,90,108,8333,0.8333,9FD3,0,0,2,0001,0
341,board_7x5_9_10444_none,7,5,9,15,26,1,7236,0,0,7236,0,7236,208,234,8888,0.8888,A8B4,0,0,2,0001,0
342,board_15x18_45_10455_none,15,18,45,93,225,1,93722,0,0,93722,0,93722,9900,10125,9777,0.9777,94A5,0,0,2,0001,0
343,board_18x19_90_10511_none,18,19,90,163,232,4,418272,0,0,418272,0,418272,19872,22680,8761,0.8761,9827,0,0,2,0001,1
344,board_19x14_48_10622_none,19,14,48,81,218,0,21951,0,0,21951,0,21951,10464,10464,10000,1.0000,34A2,0,0,2,0001,0
345,board_17x4_17_10676_none,17,4,17,24,51,0,28155,0,0,28155,0,28155,867,867,10000,1.0000,2935,0,0,2,0001,0
346,board_12x6_16_10695_none,12,6,16,28,56,1,5897,0,0,5897,0,5897,840,896,9375,0.9375,0295,0,0,2,0001,0
347,board_10x10_15_10713_none,10,10,15,31,85,0,7315,0,0,7315,0,7315,1275,1275,10000,1.0000,F25F,0,0,2,0001,0
348,board_9x12_15_10730_none,9,12,15,33,93,1,27873,0,0,27873,0,27873,1302,1395,9333,0.9333,F4A2,0,0,2,0001,0
349,board_4x19_21_10747_none,4,19,21,45,55,4,50794,0,0,50794,0,50794,935,1155,8095,0.8095,D2F6,0,0,2,0001,0
350,board_4x14_8_10774_none,4,14,8,19,48,0,4001,0,0,4001,0,4001,384,384,10000,1.0000,4308,0,0,2,0001,0
351,board_4x12_7_10783_none,4,12,7,17,41,0,9506,0,0,9506,0,9506,287,287,10000,1.0000,B7D8,0,0,2,0001,0
352,board_11x4_11_10792_none,11,4,11,22,33,2,9670,0,0,9670,0,9670,297,363,8181,0.8181,130A,0,0,2,0001,0
353,board_15x8_17_10807_none,15,8,17,40,103,0,11915,0,0,11915,0,11915,1751,1751,10000,1.0000,E310,0,0,2,0001,0
354,board_16x10_22_10825_none,16,10,22,40,138,0,21169,0,0,21169,0,21169,3036,3036,10000,1.0000,CEBA,0,0,2,0001,0
355,board_18x16_62_10848_none,18,16,62,119,226,1,46158,0,0,46158,0,46158,13786,14012,9838,0.9838,E031,0,0,2,0001,0
356,board_19x18_58_10918_none,19,18,58,119,284,0,26157,0,0,26157,0,26157,16472,16472,10000,1.0000,6945,0,0,2,0001,0
357,board_17x12_30_10982_none,17,12,30,61,174,1,26344,0,0,26344,0,26344,5046,5220,9666,0.9666,2034,0,0,2,0001,0
358,board_16x10_27_11014_none,16,10,27,62,133,2,28532,0,0,28532,0,28532,3325,3591,9259,0.9259,C65C,0,0,2,0001,0
359,board_10x4_9_11043_none,10,4,9,20,31,4,6725,0,0,6725,0,6725,155,279,5555,0.5555,2016,0,0,2,0001,0
360,board_5x10_7_11053_none,5,10,7,11,43,2,6187,0,0,6187,0,6187,215,301,7142,0.7142,B54F,0,0,2,0001,0
361,board_4x12_10_11061_none,4,12,10,13,38,1,7668,0,0,7668,0,7668,342,380,9000,0.9000,86D6,0,0,2,0001,0
362,board_5x19_17_11073_none,5,19,17,29,78,0,8728,0,0,8728,0,8728,1326,1326,10000,1.0000,5D41,0,0,2,0001,0
363,board_10x10_21_11094_none,10,10,21,36,79,1,35988,0,0,35988,0,35988,1580,1659,9523,0.9523,990F,0,0,2,0001,0
364,board_12x6_20_11118_none,12,6,20,44,52,0,181584,0,0,181584,0,181584,1040,1040,10000,1.0000,BFC8,0,0,2,0001,0
365,board_19x8_22_11140_none,19,8,22,46,130,1,14899,0,0,14899,0,14899,2730,2860,9545,0.9545,5178,0,0,2,0001,0
366,board_19x10_33_11163_none,19,10,33,59,157,0,36363,0,0,36363,0,36363,5181,5181,10000,1.0000,CA50,0,0,2,0001,0
367,board_17x19_56_11199_none,17,19,56,90,267,0,21169,0,0,21169,0,21169,14952,14952,10000,1.0000,11F3,0,0,2,0001,0
368,board_14x16_32_11257_none,14,16,32,73,192,0,20864,0,0,20864,0,20864,6144,6144,10000,1.0000,2BBF,0,0,2,0001,0
369,board_6x4_5_11291_none,6,4,5,17,19,1,18303,0,0,18303,0,18303,76,95,8000,0.8000,A5A4,0,0,2,0001,0
370,board_4x12_12_11297_none,4,12,12,18,36,1,16161,0,0,16161,0,16161,396,432,9166,0.9166,93E0,0,0,2,0001,0
371,board_10x19_26_11312_none,10,19,26,60,164,1,63854,0,0,63854,0,63854,4100,4264,9615,0.9615,AC7D,0,0,2,0001,0
372,board_14x14_41_11343_none,14,14,41,74,155,3,70999,0,0,70999,0,70999,5890,6355,9268,0.9268,6AAF,0,0,2,0001,0
373,board_19x4_11_11395_none,19,4,11,19,65,0,59997,0,0,59997,0,59997,715,715,10000,1.0000,AAE5,0,0,2,0001,0
374,board_17x14_62_11407_none,17,14,62,107,172,3,414465,0,0,414465,0,414465,10136,10912,9288,0.9288,09F1,0,0,2,0001,1
375,board_16x16_62_11479_none,16,16,62,132,194,1,570292,0,0,570292,0,570292,11834,12028,9838,0.9838,3CD1,0,0,2,0001,0
376,board_12x19_35_11559_none,12,19,35,70,193,0,12568,0,0,12568,0,12568,6755,6755,10000,1.0000,77B0,0,0,2,0001,0
377,board_9x18_27_11595_none,9,18,27,68,135,1,32075,0,0,32075,0,32075,3510,3645,9629,0.9629,FC16,0,0,2,0001,0
378,board_4x5_3_11628_none,4,5,3,6,17,0,2819,0,0,2819,0,2819,51,51,10000,1.0000,EB66,0,0,2,0001,0
379,board_6x8_11_11632_none,6,8,11,20,37,2,8134,0,0,8134,0,8134,333,407,8181,0.8181,C878,0,0,2,0001,0
380,board_11x18_35_11644_none,11,18,35,62,163,2,42960,0,0,42960,0,42960,5379,5705,9428,0.9428,BB4E,0,0,2,0001,0
381,board_14x19_36_11685_none,14,19,36,64,230,0,13541,0,0,13541,0,13541,8280,8280,10000,1.0000,D03E,0,0,2,0001,0
382,board_19x12_60_11725_none,19,12,60,108,154,1,245013,0,0,245013,0,245013,9072,10080,9000,0.9000,0F8F,0,0,2,0001,1
383,board_18x4_10_11796_none,18,4,10,22,62,0,14757,0,0,14757,0,14757,620,620,10000,1.0000,A84F,0,0,2,0001,0
384,board_11x14_34_11808_none,11,14,34,74,120,1,144400,0,0,144400,0,144400,3960,4080,9705,0.9705,EDF3,0,0,2,0001,0
385,board_7x19_19_11845_none,7,19,19,33,114,0,13861,0,0,13861,0,13861,2166,2166,10000,1.0000,87D0,0,0,2,0001,0
386,board_4x14_14_11865_none,4,14,14,24,42,1,40694,0,0,40694,0,40694,546,588,9285,0.9285,C499,0,0,2,0001,0
387,board_6x4_3_11881_none,6,4,3,8,21,0,1596,0,0,1596,0,1596,63,63,10000,1.0000,C6C6,0,0,2,0001,0
388,board_12x10_30_11885_none,12,10,30,31,66,1,52244,0,0,52244,0,52244,1890,2700,7000,0.7000,51DB,0,0,2,0001,1
389,board_14x12_35_11917_none,14,12,35,85,133,1,259316,0,0,259316,0,259316,4522,4655,9714,0.9714,4E5E,0,0,2,0001,0
390,board_16x16_37_11954_none,16,16,37,75,219,0,46329,0,0,46329,0,46329,8103,8103,10000,1.0000,B68F,0,0,2,0001,0
391,board_19x18_90_11995_none,19,18,90,198,252,3,406136,0,0,406136,0,406136,21924,22680,9666,0.9666,F2CC,0,0,2,0001,0
392,board_19x12_48_12094_none,19,12,48,107,180,2,68853,0,0,68853,0,68853,8280,8640,9583,0.9583,465C,0,0,2,0001,0
393,board_15x4_10_12147_none,15,4,10,18,50,0,7501,0,0,7501,0,7501,500,500,10000,1.0000,973E,0,0,2,0001,0
394,board_14x4_11_12158_none,14,4,11,31,45,1,31196,0,0,31196,0,31196,450,495,9090,0.9090,8AB8,0,0,2,0001,0
395,board_11x5_14_12170_none,11,5,14,21,41,3,61708,0,0,61708,0,61708,451,574,7857,0.7857,C47C,0,0,2,0001,0
396,board_10x6_16_12185_none,10,6,16,33,44,1,122305,0,0,122305,0,122305,660,704,9375,0.9375,0E14,0,0,2,0001,0
397,board_8x10_16_12206_none,8,10,16,44,64,3,22806,0,0,22806,0,22806,832,1024,8125,0.8125,6814,0,0,2,0001,0
398,board_5x16_11_12225_none,5,16,11,26,69,0,5341,0,0,5341,0,5341,759,759,10000,1.0000,47DD,0,0,2,0001,0
399,board_4x18_12_12237_none,4,18,12,29,60,1,40465,0,0,40465,0,40465,660,720,9166,0.9166,AFC6,0,0,2,0001,0
400,board_4x18_19_12251_none,4,18,19,36,53,2,34956,0,0,34956,0,34956,901,1007,8947,0.8947,A3E1,0,0,2,0001,0
401,board_9x6_8_12275_none,9,6,8,23,46,2,13751,0,0,13751,0,13751,276,368,7500,0.7500,2E44,0,0,2,0001,0
402,board_16x6_24_12285_none,16,6,24,23,42,0,169984,0,0,169984,0,169984,1008,1728,5833,0.5833,AD06,0,0,2,0001,1
403,board_18x10_31_12314_none,18,10,31,75,149,0,16660,0,0,16660,0,16660,4619,4619,10000,1.0000,1A75,0,0,2,0001,0
404,board_19x18_60_12348_none,19,18,60,139,282,1,57697,0,0,57697,0,57697,16638,16920,9833,0.9833,423B,0,0,2,0001,0
405,board_19x19_90_12420_none,19,19,90,26,29,7,641878,0,0,641878,0,641878,713,24390,292,0.0292,7728,0,0,2,0001,1
406,board_18x19_90_12527_none,18,19,90,158,217,3,280097,0,0,280097,0,280097,18774,22680,8277,0.8277,9F29,0,0,2,0001,1
407,board_15x12_26_12630_none,15,12,26,53,154,1,23418,0,0,23418,0,23418,3850,4004,9615,0.9615,C458,0,0,2,0001,0
408,board_11x6_12_12660_none,11,6,12,18,54,0,6524,0,0,6524,0,6524,648,648,10000,1.0000,6841,0,0,2,0001,0
409,board_6x5_7_12674_none,6,5,7,15,23,1,74118,0,0,74118,0,74118,138,161,8571,0.8571,0086,0,0,2,0001,0
410,board_4x8_6_12684_none,4,8,6,18,26,0,15675,0,0,15675,0,15675,156,156,10000,1.0000,3C23,0,0,2,0001,0
411,board_4x16_11_12691_none,4,16,11,39,53,0,5054,0,0,5054,0,5054,583,583,10000,1.0000,44A6,0,0,2,0001,0
412,board_6x19_30_12703_none,6,19,30,64,84,3,67533,0,0,67533,0,67533,2268,2520,9000,0.9000,2A34,0,0,2,0001,0
413,board_10x14_21_12740_none,10,14,21,32,119,2,51752,0,0,51752,0,51752,2261,2499,9047,0.9047,854B,0,0,2,0001,0
414,board_17x4_18_12764_none,17,4,18,40,50,3,37261,0,0,37261,0,37261,750,900,8333,0.8333,B842,0,0,2,0001,0
415,board_19x8_23_12784_none,19,8,23,50,129,0,15162,0,0,15162,0,15162,2967,2967,10000,1.0000,2F21,0,0,2,0001,0
416,board_18x16_62_12811_none,18,16,62,121,226,3,190951,0,0,190951,0,190951,13334,14012,9516,0.9516,6C60,0,0,2,0001,0
417,board_17x19_82_12880_none,17,19,82,142,241,4,204203,0,0,204203,0,204203,18798,19762,9512,0.9512,11A2,0,0,2,0001,0
418,board_11x16_27_12975_none,11,16,27,59,149,1,13649,0,0,13649,0,13649,3874,4023,9629,0.9629,72F3,0,0,2,0001,0
419,board_8x10_14_13005_none,8,10,14,31,66,1,39998,0,0,39998,0,39998,858,924,9285,0.9285,B860,0,0,2,0001,0
420,board_7x8_11_13020_none,7,8,11,19,45,0,4502,0,0,4502,0,4502,495,495,10000,1.0000,2293,0,0,2,0001,0
421,board_4x4_3_13034_none,4,4,3,8,13,0,2468,0,0,2468,0,2468,39,39,10000,1.0000,E31B,0,0,2,0001,0
422,board_4x6_3_13040_none,4,6,3,10,21,0,2452,0,0,2452,0,2452,63,63,10000,1.0000,60E1,0,0,2,0001,0
423,board_4x10_6_13044_none,4,10,6,11,34,0,3077,0,0,3077,0,3077,204,204,10000,1.0000,55B7,0,0,2,0001,0
424,board_6x14_18_13051_none,6,14,18,34,66,0,9518,0,0,9518,0,9518,1188,1188,10000,1.0000,5A34,0,0,2,0001,0
425,board_7x16_27_13075_none,7,16,27,51,85,2,74295,0,0,74295,0,74295,2125,2295,9259,0.9259,4DCE,0,0,2,0001,0
426,board_10x19_47_13106_none,10,19,47,83,118,5,107077,0,0,107077,0,107077,4831,6721,7187,0.7187,F38F,0,0,2,0001,1
427,board_17x12_35_13163_none,17,12,35,94,169,0,274485,0,0,274485,0,274485,5915,5915,10000,1.0000,C99B,0,0,2,0001,0
428,board_19x4_19_13202_none,19,4,19,37,57,2,39847,0,0,39847,0,39847,969,1083,8947,0.8947,08CE,0,0,2,0001,0
429,board_18x8_21_13222_none,18,8,21,37,123,1,31863,0,0,31863,0,31863,2460,2583,9523,0.9523,2DDC,0,0,2,0001,0
430,board_11x19_51_13248_none,11,19,51,107,150,3,479546,0,0,479546,0,479546,7176,8058,8905,0.8905,38CC,0,0,2,0001,1
431,board_10x19_41_13308_none,10,19,41,77,137,2,118556,0,0,118556,0,118556,5319,6109,8706,0.8706,2679,0,0,2,0001,1
432,board_7x18_16_13358_none,7,18,16,30,110,1,12593,0,0,12593,0,12593,1650,1760,9375,0.9375,B7A1,0,0,2,0001,0
433,board_4x6_6_13375_none,4,6,6,13,18,0,7881,0,0,7881,0,7881,108,108,10000,1.0000,FEC3,0,0,2,0001,0
434,board_6x5_4_13382_none,6,5,4,7,26,0,1756,0,0,1756,0,1756,104,104,10000,1.0000,0570,0,0,2,0001,0
435,board_11x14_42_13388_none,11,14,42,46,84,1,207845,0,0,207845,0,207845,3416,4704,7261,0.7261,01C5,0,0,2,0001,1
436,board_14x18_58_13437_none,14,18,58,120,194,4,237578,0,0,237578,0,237578,10476,11252,9310,0.9310,C495,0,0,2,0001,0
437,board_19x14_57_13505_none,19,14,57,91,164,1,303741,0,0,303741,0,303741,9139,11913,7671,0.7671,F9DF,0,0,2,0001,1
438,board_19x10_51_13570_none,19,10,51,85,111,2,414178,0,0,414178,0,414178,5383,7089,7593,0.7593,9169,0,0,2,0001,1
439,board_16x4_9_13630_none,16,4,9,24,55,2,14232,0,0,14232,0,14232,385,495,7777,0.7777,A6B4,0,0,2,0001,0
440,board_12x8_21_13640_none,12,8,21,52,75,0,72842,0,0,72842,0,72842,1575,1575,10000,1.0000,2323,0,0,2,0001,0
441,board_5x19_15_13665_none,5,19,15,40,80,0,13925,0,0,13925,0,13925,1200,1200,10000,1.0000,CB31,0,0,2,0001,0
442,board_4x10_12_13681_none,4,10,12,24,28,1,28634,0,0,28634,0,28634,308,336,9166,0.9166,14BE,0,0,2,0001,0
443,board_11x5_9_13695_none,11,5,9,12,46,0,5042,0,0,5042,0,5042,414,414,10000,1.0000,F88D,0,0,2,0001,0
444,board_15x10_39_13706_none,15,10,39,66,99,4,285277,0,0,285277,0,285277,3417,4329,7893,0.7893,B2A4,0,0,2,0001,1
445,board_19x19_55_13757_none,19,19,55,91,306,0,60061,0,0,60061,0,60061,16830,16830,10000,1.0000,9F56,0,0,2,0001,0
446,board_19x16_73_13822_none,19,16,73,169,231,0,162813,0,0,162813,0,162813,16863,16863,10000,1.0000,9540,0,0,2,0001,0
447,board_15x6_16_13906_none,15,6,16,41,74,0,14880,0,0,14880,0,14880,1184,1184,10000,1.0000,B377,0,0,2,0001,0
448,board_8x6_12_13927_none,8,6,12,12,29,1,60286,0,0,60286,0,60286,312,432,7222,0.7222,4969,0,0,2,0001,1
449,board_4x14_14_13941_none,4,14,14,33,42,2,66033,0,0,66033,0,66033,504,588,8571,0.8571,5534,0,0,2,0001,0
450,board_4x18_10_13956_none,4,18,10,26,62,0,6306,0,0,6306,0,6306,620,620,10000,1.0000,19D5,0,0,2,0001,0
451,board_4x19_11_13967_none,4,19,11,26,65,3,25814,0,0,25814,0,25814,520,715,7272,0.7272,FDD6,0,0,2,0001,0
452,board_8x12_23_13980_none,8,12,23,29,36,1,159133,0,0,159133,0,159133,755,1679,4496,0.4496,BE2F,0,0,2,0001,1
453,board_16x4_13_14006_none,16,4,13,23,51,2,20405,0,0,20405,0,20405,561,663,8461,0.8461,EE99,0,0,2,0001,0
454,board_19x16_46_14021_none,19,16,46,84,258,0,26293,0,0,26293,0,26293,11868,11868,10000,1.0000,D663,0,0,2,0001,0
455,board_19x18_46_14075_none,19,18,46,98,296,1,40558,0,0,40558,0,40558,13320,13616,9782,0.9782,5A3C,0,0,2,0001,0
456,board_14x14_47_14124_none,14,14,47,105,149,2,111717,0,0,111717,0,111717,6705,7003,9574,0.9574,901A,0,0,2,0001,0
457,board_10x8_12_14176_none,10,8,12,25,68,0,6470,0,0,6470,0,6470,816,816,10000,1.0000,8290,0,0,2,0001,0
458,board_9x6_7_14190_none,9,6,7,13,47,0,3232,0,0,3232,0,3232,329,329,10000,1.0000,1155,0,0,2,0001,0
459,board_5x4_5_14198_none,5,4,5,13,15,1,27877,0,0,27877,0,27877,60,75,8000,0.8000,62EF,0,0,2,0001,0
460,board_4x10_8_14204_none,4,10,8,22,32,3,12231,0,0,12231,0,12231,160,256,6250,0.6250,70C8,0,0,2,0001,0
461,board_8x19_37_14213_none,8,19,37,44,58,3,211816,0,0,211816,0,211816,1801,4255,4232,0.4232,02D1,0,0,2,0001,1
462,board_10x18_47_14253_none,10,18,47,91,133,2,74800,0,0,74800,0,74800,5985,6251,9574,0.9574,B8E7,0,0,2,0001,0
463,board_17x6_15_14308_none,17,6,15,32,87,1,36041,0,0,36041,0,36041,1218,1305,9333,0.9333,6D26,0,0,2,0001,0
464,board_19x6_29_14325_none,19,6,29,71,85,3,46982,0,0,46982,0,46982,2210,2465,8965,0.8965,3DE2,0,0,2,0001,0
465,board_16x18_49_14358_none,16,18,49,94,239,1,104926,0,0,104926,0,104926,11472,11711,9795,0.9795,37F4,0,0,2,0001,0
466,board_12x19_63_14414_none,12,19,63,84,126,3,367523,0,0,367523,0,367523,7443,10395,7160,0.7160,9982,0,0,2,0001,1
467,board_6x10_8_14486_none,6,10,8,18,52,0,6568,0,0,6568,0,6568,416,416,10000,1.0000,469F,0,0,2,0001,0
468,board_5x8_6_14495_none,5,8,6,17,34,1,4937,0,0,4937,0,4937,170,204,8333,0.8333,8C9F,0,0,2,0001,0
469,board_4x4_3_14502_none,4,4,3,7,13,0,4417,0,0,4417,0,4417,39,39,10000,1.0000,6BB2,0,0,2,0001,0
470,board_6x10_9_14506_none,6,10,9,19,51,0,10490,0,0,10490,0,10490,459,459,10000,1.0000,0CCD,0,0,2,0001,0
471,board_12x19_63_14516_none,12,19,63,66,86,2,306385,0,0,306385,0,306385,5088,10395,4894,0.4894,388C,0,0,2,0001,1
472,board_14x19_69_14592_none,14,19,69,153,197,7,452090,0,0,452090,0,452090,12214,13593,8985,0.8985,97E3,0,0,2,0001,0
473,board_16x18_59_14670_none,16,18,59,107,229,0,37602,0,0,37602,0,37602,13511,13511,10000,1.0000,6101,0,0,2,0001,0
474,board_19x10_28_14740_none,19,10,28,48,162,0,31413,0,0,31413,0,31413,4536,4536,10000,1.0000,7020,0,0,2,0001,0
475,board_19x6_25_14772_none,19,6,25,32,80,1,57267,0,0,57267,0,57267,1911,2225,8588,0.8588,2202,0,0,2,0001,1
476,board_18x4_18_14799_none,18,4,18,42,54,1,35864,0,0,35864,0,35864,918,972,9444,0.9444,EB02,0,0,2,0001,0
477,board_17x6_18_14821_none,17,6,18,26,84,2,24484,0,0,24484,0,24484,1344,1512,8888,0.8888,15CA,0,0,2,0001,0
478,board_9x19_44_14840_none,9,19,44,80,127,4,107580,0,0,107580,0,107580,5080,5588,9090,0.9090,F9C6,0,0,2,0001,0
479,board_7x19_32_14894_none,7,19,32,77,101,2,100690,0,0,100690,0,100690,3030,3232,9375,0.9375,7D5F,0,0,2,0001,0
480,board_4x8_6_14930_none,4,8,6,13,26,0,3806,0,0,3806,0,3806,156,156,10000,1.0000,3A4A,0,0,2,0001,0
481,board_4x6_6_14937_none,4,6,6,7,18,0,3402,0,0,3402,0,3402,108,108,10000,1.0000,9EC9,0,0,2,0001,0
482,board_7x4_6_14945_none,7,4,6,4,22,0,3007,0,0,3007,0,3007,132,132,10000,1.0000,2893,0,0,2,0001,0
483,board_8x5_6_14958_none,8,5,6,15,34,0,3740,0,0,3740,0,3740,204,204,10000,1.0000,EED2,0,0,2,0001,0
484,board_15x16_58_14965_none,15,16,58,102,182,1,53603,0,0,53603,0,53603,10374,10556,9827,0.9827,0EB9,0,0,2,0001,0
485,board_19x16_43_15033_none,19,16,43,86,261,0,26231,0,0,26231,0,26231,11223,11223,10000,1.0000,9287,0,0,2,0001,0
486,board_17x5_22_15079_none,17,5,22,34,63,2,54253,0,0,54253,0,54253,1260,1386,9090,0.9090,E7AF,0,0,2,0001,0
487,board_15x4_12_15104_none,15,4,12,20,48,2,9894,0,0,9894,0,9894,480,576,8333,0.8333,6621,0,0,2,0001,0
488,board_9x10_15_15118_none,9,10,15,34,75,0,9429,0,0,9429,0,9429,1125,1125,10000,1.0000,C2AD,0,0,2,0001,0
489,board_6x16_25_15135_none,6,16,25,47,71,4,55841,0,0,55841,0,55841,1491,1775,8400,0.8400,CE8E,0,0,2,0001,0
490,board_4x19_17_15167_none,4,19,17,28,59,2,29123,0,0,29123,0,29123,885,1003,8823,0.8823,37F4,0,0,2,0001,0
491,board_4x18_9_15186_none,4,18,9,21,63,1,31733,0,0,31733,0,31733,504,567,8888,0.8888,E168,0,0,2,0001,0
492,board_4x14_11_15197_none,4,14,11,24,45,1,13772,0,0,13772,0,13772,450,495,9090,0.9090,7C1B,0,0,2,0001,0
493,board_10x4_8_15211_none,10,4,8,19,32,0,11762,0,0,11762,0,11762,256,256,10000,1.0000,8C1D,0,0,2,0001,0
494,board_14x5_9_15220_none,14,5,9,15,61,1,9212,0,0,9212,0,9212,488,549,8888,0.8888,8A46,0,0,2,0001,0
495,board_19x18_82_15230_none,19,18,82,139,185,7,549799,0,0,549799,0,549799,13350,21320,6261,0.6261,59B9,0,0,2,0001,1
496,board_18x16_49_15325_none,18,16,49,93,239,2,42397,0,0,42397,0,42397,11233,11711,9591,0.9591,8421,0,0,2,0001,0
497,board_10x4_7_15379_none,10,4,7,23,33,0,2742,0,0,2742,0,2742,231,231,10000,1.0000,02F8,0,0,2,0001,0
498,board_4x10_11_15388_none,4,10,11,16,29,0,14490,0,0,14490,0,14490,319,319,10000,1.0000,D850,0,0,2,0001,0
499,board_4x14_14_15402_none,4,14,14,28,42,1,47546,0,0,47546,0,47546,546,588,9285,0.9285,8FB2,0,0,2,0001,0
500,board_7x18_21_15420_none,7,18,21,49,105,1,19002,0,0,19002,0,19002,2100,2205,9523,0.9523,D6F5,0,0,2,0001,0
501,board_9x14_31_15447_none,9,14,31,23,20,3,119580,0,0,119580,0,119580,335,2945,1137,0.1137,2CF4,0,0,2,0001,1
502,board_17x4_9_15483_none,17,4,9,20,59,0,3572,0,0,3572,0,3572,531,531,10000,1.0000,A79A,0,0,2,0001,0
503,board_19x14_66_15494_none,19,14,66,94,149,2,624816,0,0,624816,0,624816,9434,13200,7146,0.7146,206C,0,0,2,0001,1
504,board_18x18_56_15566_none,18,18,56,132,268,1,230898,0,0,230898,0,230898,14740,15008,9821,0.9821,0420,0,0,2,0001,0
505,board_11x14_42_15626_none,11,14,42,75,112,2,65611,0,0,65611,0,65611,4480,4704,9523,0.9523,2A0D,0,0,2,0001,0
506,board_6x5_4_15676_none,6,5,4,19,26,0,5222,0,0,5222,0,5222,104,104,10000,1.0000,5195,0,0,2,0001,0
507,board_4x4_3_15681_none,4,4,3,8,13,0,2327,0,0,2327,0,2327,39,39,10000,1.0000,C970,0,0,2,0001,0
508,board_4x8_8_15685_none,4,8,8,16,24,0,14937,0,0,14937,0,14937,192,192,10000,1.0000,DEAF,0,0,2,0001,0
509,board_8x19_20_15695_none,8,19,20,29,132,0,15255,0,0,15255,0,15255,2640,2640,10000,1.0000,9CED,0,0,2,0001,0
510,board_9x19_25_15716_none,9,19,25,51,146,1,33528,0,0,33528,0,33528,3504,3650,9600,0.9600,680E,0,0,2,0001,0
511,board_12x18_53_15744_none,12,18,53,99,163,2,190603,0,0,190603,0,190603,8313,8639,9622,0.9622,1772,0,0,2,0001,0
512,board_14x16_58_15803_none,14,16,58,80,145,1,700744,0,0,700744,0,700744,8244,9628,8562,0.8562,12A4,0,0,2,0001,1
513,board_18x8_24_15871_none,18,8,24,52,120,0,36583,0,0,36583,0,36583,2880,2880,10000,1.0000,4574,0,0,2,0001,0
514,board_19x4_13_15899_none,19,4,13,32,63,0,10450,0,0,10450,0,10450,819,819,10000,1.0000,6FF2,0,0,2,0001,0
515,board_19x6_31_15916_none,19,6,31,20,33,4,96972,0,0,96972,0,96972,691,2573,2685,0.2685,BFE4,0,0,2,0001,1
516,board_14x18_33_15954_none,14,18,33,56,219,1,18511,0,0,18511,0,18511,7008,7227,9696,0.9696,09C6,0,0,2,0001,0
517,board_9x19_41_15989_none,9,19,41,71,130,0,66940,0,0,66940,0,66940,5330,5330,10000,1.0000,8150,0,0,2,0001,0
518,board_6x14_20_16033_none,6,14,20,24,64,1,27600,0,0,27600,0,27600,1216,1280,9500,0.9500,03E7,0,0,2,0001,0
519,board_4x8_5_16058_none,4,8,5,12,27,1,3859,0,0,3859,0,3859,108,135,8000,0.8000,84CC,0,0,2,0001,0
520,board_5x5_6_16064_none,5,5,6,11,19,0,14357,0,0,14357,0,14357,114,114,10000,1.0000,B17D,0,0,2,0001,0
521,board_8x10_16_16071_none,8,10,16,18,64,1,6129,0,0,6129,0,6129,960,1024,9375,0.9375,8ABA,0,0,2,0001,0
522,board_16x19_74_16092_none,16,19,74,56,66,2,1310106,0,0,1310106,0,1310106,4424,17020,2599,0.2599,49AE,0,0,2,0001,1
523,board_19x10_28_16190_none,19,10,28,38,162,0,50280,0,0,50280,0,50280,4536,4536,10000,1.0000,AD0B,0,0,2,0001,0
524,board_19x8_21_16220_none,19,8,21,54,131,0,13100,0,0,13100,0,13100,2751,2751,10000,1.0000,2755,0,0,2,0001,0
525,board_19x6_18_16242_none,19,6,18,43,96,1,17868,0,0,17868,0,17868,1632,1728,9444,0.9444,E80E,0,0,2,0001,0
526,board_17x4_18_16262_none,17,4,18,26,50,2,18098,0,0,18098,0,18098,800,900,8888,0.8888,6375,0,0,2,0001,0
527,board_14x8_23_16283_none,14,8,23,54,89,1,45390,0,0,45390,0,45390,1958,2047,9565,0.9565,DD4D,0,0,2,0001,0
528,board_10x14_19_16311_none,10,14,19,41,121,0,22284,0,0,22284,0,22284,2299,2299,10000,1.0000,B911,0,0,2,0001,0
529,board_4x18_18_16332_none,4,18,18,37,47,1,61919,0,0,61919,0,61919,792,972,8148,0.8148,A1B3,0,0,2,0001,1
530,board_4x14_9_16351_none,4,14,9,12,47,0,5198,0,0,5198,0,5198,423,423,10000,1.0000,9EFA,0,0,2,0001,0
531,board_5x6_5_16362_none,5,6,5,14,25,0,4342,0,0,4342,0,4342,125,125,10000,1.0000,D5EF,0,0,2,0001,0
532,board_6x5_6_16368_none,6,5,6,15,24,0,6247,0,0,6247,0,6247,144,144,10000,1.0000,F4A3,0,0,2,0001,0
533,board_10x5_12_16376_none,10,5,12,34,38,1,18775,0,0,18775,0,18775,418,456,9166,0.9166,539B,0,0,2,0001,0
534,board_12x8_17_16390_none,12,8,17,30,79,1,12716,0,0,12716,0,12716,1264,1343,9411,0.9411,BAD4,0,0,2,0001,0
535,board_19x19_95_16408_none,19,19,95,209,259,6,630016,0,0,630016,0,630016,23009,25270,9105,0.9105,A160,0,0,2,0001,1
536,board_19x18_72_16520_none,19,18,72,132,257,1,586795,0,0,586795,0,586795,18234,19440,9379,0.9379,795F,0,0,2,0001,1
537,board_18x12_30_16599_none,18,12,30,67,186,0,17324,0,0,17324,0,17324,5580,5580,10000,1.0000,7589,0,0,2,0001,0
538,board_15x5_18_16631_none,15,5,18,41,57,2,146502,0,0,146502,0,146502,912,1026,8888,0.8888,06D3,0,0,2,0001,0
539,board_10x5_10_16658_none,10,5,10,19,40,0,4906,0,0,4906,0,4906,400,400,10000,1.0000,3BFB,0,0,2,0001,0
540,board_6x12_10_16670_none,6,12,10,16,62,0,3725,0,0,3725,0,3725,620,620,10000,1.0000,777C,0,0,2,0001,0
541,board_4x18_18_16682_none,4,18,18,41,54,2,21427,0,0,21427,0,21427,864,972,8888,0.8888,015E,0,0,2,0001,0
542,board_4x19_19_16703_none,4,19,19,35,57,2,18499,0,0,18499,0,18499,969,1083,8947,0.8947,B240,0,0,2,0001,0
543,board_4x19_18_16727_none,4,19,18,34,58,2,31235,0,0,31235,0,31235,928,1044,8888,0.8888,282B,0,0,2,0001,0
544,board_9x8_15_16748_none,9,8,15,50,57,0,72797,0,0,72797,0,72797,855,855,10000,1.0000,9895,0,0,2,0001,0
545,board_12x4_13_16765_none,12,4,13,28,35,3,22093,0,0,22093,0,22093,350,455,7692,0.7692,5FC3,0,0,2,0001,0
546,board_18x8_19_16783_none,18,8,19,37,125,0,14694,0,0,14694,0,14694,2375,2375,10000,1.0000,3971,0,0,2,0001,0
547,board_19x19_94_16805_none,19,19,94,107,150,6,365621,0,0,365621,0,365621,12498,25098,4979,0.4979,8D91,0,0,2,0001,1
548,board_14x12_29_16920_none,14,12,29,66,139,0,34597,0,0,34597,0,34597,4031,4031,10000,1.0000,CA68,0,0,2,0001,0
549,board_8x4_8_16953_none,8,4,8,19,24,1,21378,0,0,21378,0,21378,168,192,8750,0.8750,8271,0,0,2,0001,0
550,board_4x10_7_16962_none,4,10,7,9,33,1,4108,0,0,4108,0,4108,198,231,8571,0.8571,2FC1,0,0,2,0001,0
551,board_6x19_24_16971_none,6,19,24,38,67,0,251050,0,0,251050,0,251050,1608,2160,7444,0.7444,1E9F,0,0,2,0001,1
552,board_7x19_23_16998_none,7,19,23,54,110,1,17394,0,0,17394,0,17394,2420,2530,9565,0.9565,B801,0,0,2,0001,0
553,board_11x14_28_17028_none,11,14,28,51,126,0,79311,0,0,79311,0,79311,3528,3528,10000,1.0000,8295,0,0,2,0001,0
554,board_16x6_26_17059_none,16,6,26,52,70,2,49456,0,0,49456,0,49456,1680,1820,9230,0.9230,A069,0,0,2,0001,0
555,board_19x4_11_17094_none,19,4,11,22,65,0,27268,0,0,27268,0,27268,715,715,10000,1.0000,E0B4,0,0,2,0001,0
556,board_19x12_55_17106_none,19,12,55,67,113,3,394255,0,0,394255,0,394255,5696,9515,5986,0.5986,B15B,0,0,2,0001,1
557,board_14x19_39_17170_none,14,19,39,70,227,0,25114,0,0,25114,0,25114,8853,8853,10000,1.0000,C41A,0,0,2,0001,0
558,board_9x14_27_17212_none,9,14,27,59,99,2,70064,0,0,70064,0,70064,2475,2673,9259,0.9259,5958,0,0,2,0001,0
559,board_8x12_23_17245_none,8,12,23,26,55,1,138070,0,0,138070,0,138070,1192,1679,7099,0.7099,8DED,0,0,2,0001,1
560,board_6x8_12_17269_none,6,8,12,16,36,0,6876,0,0,6876,0,6876,432,432,10000,1.0000,A191,0,0,2,0001,0
561,board_4x4_3_17283_none,4,4,3,6,13,1,2424,0,0,2424,0,2424,26,39,6666,0.6666,511A,0,0,2,0001,0
562,board_6x12_19_17287_none,6,12,19,36,53,2,26316,0,0,26316,0,26316,901,1007,8947,0.8947,4AA4,0,0,2,0001,0
563,board_12x19_33_17311_none,12,19,33,64,195,0,20203,0,0,20203,0,20203,6435,6435,10000,1.0000,7D83,0,0,2,0001,0
564,board_19x8_37_17349_none,19,8,37,58,115,2,63783,0,0,63783,0,63783,4025,4255,9459,0.9459,9642,0,0,2,0001,0
565,board_19x4_11_17392_none,19,4,11,23,65,0,11103,0,0,11103,0,11103,715,715,10000,1.0000,745F,0,0,2,0001,0
566,board_18x5_16_17405_none,18,5,16,52,74,3,67906,0,0,67906,0,67906,962,1184,8125,0.8125,DBB4,0,0,2,0001,0
567,board_15x12_47_17426_none,15,12,47,97,133,6,268508,0,0,268508,0,268508,5453,6251,8723,0.8723,3E9F,0,0,2,0001,0
568,board_10x19_28_17482_none,10,19,28,65,162,0,15001,0,0,15001,0,15001,4536,4536,10000,1.0000,8544,0,0,2,0001,0
569,board_4x14_17_17512_none,4,14,17,23,39,2,23751,0,0,23751,0,23751,585,663,8823,0.8823,5D66,0,0,2,0001,0
570,board_4x5_3_17533_none,4,5,3,4,17,0,1783,0,0,1783,0,1783,51,51,10000,1.0000,1334,0,0,2,0001,0
571,board_5x4_3_17537_none,5,4,3,9,17,1,13672,0,0,13672,0,13672,34,51,6666,0.6666,8CD4,0,0,2,0001,0
572,board_11x12_33_17542_none,11,12,33,48,63,3,349326,0,0,349326,0,349326,1782,3267,5454,0.5454,8C46,0,0,2,0001,1
573,board_15x18_38_17581_none,15,18,38,62,232,1,27083,0,0,27083,0,27083,8584,8816,9736,0.9736,1428,0,0,2,0001,0
574,board_17x19_48_17621_none,17,19,48,86,275,0,37050,0,0,37050,0,37050,13200,13200,10000,1.0000,A2E8,0,0,2,0001,0
575,board_19x10_40_17672_none,19,10,40,88,150,1,31945,0,0,31945,0,31945,5850,6000,9750,0.9750,F9BC,0,0,2,0001,0
576,board_16x4_10_17716_none,16,4,10,21,54,2,13944,0,0,13944,0,13944,432,540,8000,0.8000,F83C,0,0,2,0001,0
577,board_8x14_19_17728_none,8,14,19,45,93,0,209800,0,0,209800,0,209800,1767,1767,10000,1.0000,1335,0,0,2,0001,0
578,board_7x16_16_17749_none,7,16,16,25,96,0,14569,0,0,14569,0,14569,1536,1536,10000,1.0000,BBA7,0,0,2,0001,0
579,board_4x18_18_17767_none,4,18,18,33,54,1,84084,0,0,84084,0,84084,918,972,9444,0.9444,CA0F,0,0,2,0001,0
580,board_4x12_12_17787_none,4,12,12,27,36,0,12214,0,0,12214,0,12214,432,432,10000,1.0000,3239,0,0,2,0001,0
581,board_11x4_11_17803_none,11,4,11,16,33,1,15243,0,0,15243,0,15243,330,363,9090,0.9090,2747,0,0,2,0001,0
582,board_18x14_37_17819_none,18,14,37,88,215,0,20869,0,0,20869,0,20869,7955,7955,10000,1.0000,8C2B,0,0,2,0001,0
583,board_19x18_49_17860_none,19,18,49,89,293,0,51450,0,0,51450,0,51450,14357,14357,10000,1.0000,C2E4,0,0,2,0001,0
584,board_19x19_94_17913_none,19,19,94,195,267,2,376126,0,0,376126,0,376126,24564,25098,9787,0.9787,F1D9,0,0,2,0001,0
585,board_14x6_12_18020_none,14,6,12,35,72,0,11185,0,0,11185,0,11185,864,864,10000,1.0000,B81D,0,0,2,0001,0
586,board_6x8_10_18035_none,6,8,10,31,38,2,61479,0,0,61479,0,61479,304,380,8000,0.8000,5B75,0,0,2,0001,0
587,board_4x19_19_18048_none,4,19,19,32,57,0,33451,0,0,33451,0,33451,1083,1083,10000,1.0000,4BB8,0,0,2,0001,0
588,board_8x14_19_18072_none,8,14,19,44,93,0,20074,0,0,20074,0,20074,1767,1767,10000,1.0000,0A94,0,0,2,0001,0
589,board_15x4_15_18094_none,15,4,15,33,45,1,65914,0,0,65914,0,65914,630,675,9333,0.9333,96CA,0,0,2,0001,0
590,board_19x8_26_18112_none,19,8,26,52,126,1,71204,0,0,71204,0,71204,3150,3276,9615,0.9615,A4CA,0,0,2,0001,0
591,board_18x19_83_18140_none,18,19,83,177,238,1,443330,0,0,443330,0,443330,19495,21497,9068,0.9068,AAE0,0,0,2,0001,1
592,board_16x19_72_18234_none,16,19,72,133,219,2,384346,0,0,384346,0,384346,15304,16704,9161,0.9161,1C97,0,0,2,0001,1
593,board_9x8_12_18317_none,9,8,12,26,60,0,11803,0,0,11803,0,11803,720,720,10000,1.0000,F0B8,0,0,2,0001,0
594,board_5x4_5_18331_none,5,4,5,7,15,1,2656,0,0,2656,0,2656,60,75,8000,0.8000,F7AF,0,0,2,0001,0
595,board_4x12_7_18337_none,4,12,7,12,41,0,20522,0,0,20522,0,20522,287,287,10000,1.0000,C679,0,0,2,0001,0
596,board_5x16_17_18346_none,5,16,17,24,34,2,96082,0,0,96082,0,96082,452,1071,4220,0.4220,5A25,0,0,2,0001,1
597,board_7x19_34_18364_none,7,19,34,6,16,2,45624,0,0,45624,0,45624,346,3366,1027,0.1027,ADE5,0,0,2,0001,1
598,board_15x12_26_18406_none,15,12,26,57,154,0,55504,0,0,55504,0,55504,4004,4004,10000,1.0000,C868,0,0,2,0001,0
599,board_19x4_17_18436_none,19,4,17,38,59,3,15340,0,0,15340,0,15340,826,1003,8235,0.8235,9C93,0,0,2,0001,0
600,board_19x6_18_18459_none,19,6,18,39,96,1,20323,0,0,20323,0,20323,1632,1728,9444,0.9444,4EB7,0,0,2,0001,0
601,board_19x8_21_18479_none,19,8,21,57,131,1,26607,0,0,26607,0,26607,2620,2751,9523,0.9523,E9AB,0,0,2,0001,0
602,board_12x19_59_18502_none,12,19,59,44,61,7,419208,0,0,419208,0,419208,2416,9971,2423,0.2423,574F,0,0,2,0001,1
603,board_7x14_14_18573_none,7,14,14,22,84,0,7426,0,0,7426,0,7426,1176,1176,10000,1.0000,818B,0,0,2,0001,0
604,board_4x8_9_18590_none,4,8,9,10,23,0,3755,0,0,3755,0,3755,207,207,10000,1.0000,01EA,0,0,2,0001,0
605,board_5x6_4_18600_none,5,6,4,7,26,0,2765,0,0,2765,0,2765,104,104,10000,1.0000,F021,0,0,2,0001,0
606,board_6x8_7_18605_none,6,8,7,16,41,0,8737,0,0,8737,0,8737,287,287,10000,1.0000,9B83,0,0,2,0001,0
607,board_12x19_57_18613_none,12,19,57,64,130,2,84640,0,0,84640,0,84640,7068,9747,7251,0.7251,5657,0,0,2,0001,1
608,board_15x19_50_18681_none,15,19,50,114,235,0,28900,0,0,28900,0,28900,11750,11750,10000,1.0000,1813,0,0,2,0001,0
609,board_19x10_47_18742_none,19,10,47,60,123,1,129477,0,0,129477,0,129477,5638,6721,8388,0.8388,A583,0,0,2,0001,1
610,board_18x4_12_18798_none,18,4,12,21,60,2,14875,0,0,14875,0,14875,600,720,8333,0.8333,0D8D,0,0,2,0001,0
611,board_17x5_11_18811_none,17,5,11,27,74,0,48641,0,0,48641,0,48641,814,814,10000,1.0000,3FC0,0,0,2,0001,0
612,board_12x12_37_18823_none,12,12,37,63,107,2,168165,0,0,168165,0,168165,3745,3959,9459,0.9459,8D55,0,0,2,0001,0
613,board_9x18_38_18866_none,9,18,38,83,124,1,196749,0,0,196749,0,196749,4588,4712,9736,0.9736,7BC8,0,0,2,0001,0
614,board_4x16_11_18910_none,4,16,11,20,53,0,11414,0,0,11414,0,11414,583,583,10000,1.0000,7155,0,0,2,0001,0
615,board_5x5_5_18924_none,5,5,5,11,20,2,25386,0,0,25386,0,25386,60,100,6000,0.6000,ADD8,0,0,2,0001,0
616,board_10x6_11_18930_none,10,6,11,25,49,0,52515,0,0,52515,0,52515,539,539,10000,1.0000,9E8E,0,0,2,0001,0
617,board_14x12_43_18943_none,14,12,43,97,125,2,203410,0,0,203410,0,203410,5125,5375,9534,0.9534,F659,0,0,2,0001,0
618,board_15x14_55_18994_none,15,14,55,73,113,3,578548,0,0,578548,0,578548,5750,8525,6744,0.6744,8FCD,0,0,2,0001,1
619,board_19x19_53_19054_none,19,19,53,102,308,0,17956,0,0,17956,0,17956,16324,16324,10000,1.0000,BF4D,0,0,2,0001,0
620,board_18x8_34_19111_none,18,8,34,71,110,1,63823,0,0,63823,0,63823,3630,3740,9705,0.9705,0BE4,0,0,2,0001,0
621,board_11x5_9_19150_none,11,5,9,12,46,0,3036,0,0,3036,0,3036,414,414,10000,1.0000,2904,0,0,2,0001,0
622,board_7x12_22_19161_none,7,12,22,42,62,2,20034,0,0,20034,0,20034,1240,1364,9090,0.9090,12E9,0,0,2,0001,0
623,board_4x18_14_19186_none,4,18,14,26,58,0,17663,0,0,17663,0,17663,812,812,10000,1.0000,41CA,0,0,2,0001,0
624,board_4x19_13_19201_none,4,19,13,31,63,1,16364,0,0,16364,0,16364,756,819,9230,0.9230,3B48,0,0,2,0001,0
625,board_5x14_19_19218_none,5,14,19,25,51,2,35027,0,0,35027,0,35027,867,969,8947,0.8947,5DBC,0,0,2,0001,0
626,board_11x4_6_19241_none,11,4,6,12,38,2,5571,0,0,5571,0,5571,152,228,6666,0.6666,8A01,0,0,2,0001,0
627,board_12x4_7_19249_none,12,4,7,14,41,0,3929,0,0,3929,0,3929,287,287,10000,1.0000,5FAB,0,0,2,0001,0
628,board_18x12_54_19258_none,18,12,54,87,126,1,376237,0,0,376237,0,376237,6642,8748,7592,0.7592,CC57,0,0,2,0001,1
629,board_19x14_56_19321_none,19,14,56,96,203,1,67686,0,0,67686,0,67686,11158,11760,9488,0.9488,FE38,0,0,2,0001,1
630,board_19x19_63_19382_none,19,19,63,124,298,4,130599,0,0,130599,0,130599,17582,18774,9365,0.9365,9645,0,0,2,0001,0
631,board_18x19_72_19456_none,18,19,72,85,158,2,338558,0,0,338558,0,338558,10836,19440,5574,0.5574,C056,0,0,2,0001,1
632,board_12x8_17_19534_none,12,8,17,41,79,1,19219,0,0,19219,0,19219,1264,1343,9411,0.9411,0CA1,0,0,2,0001,0
633,board_11x6_10_19553_none,11,6,10,40,56,0,4214,0,0,4214,0,4214,560,560,10000,1.0000,900B,0,0,2,0001,0
634,board_4x8_9_19566_none,4,8,9,19,23,1,17830,0,0,17830,0,17830,184,207,8888,0.8888,6EDF,0,0,2,0001,0
635,board_4x12_10_19576_none,4,12,10,13,38,1,6649,0,0,6649,0,6649,342,380,9000,0.9000,E706,0,0,2,0001,0
636,board_4x16_9_19587_none,4,16,9,14,55,0,12477,0,0,12477,0,12477,495,495,10000,1.0000,80BE,0,0,2,0001,0
637,board_8x18_36_19597_none,8,18,36,76,108,3,107932,0,0,107932,0,107932,3564,3888,9166,0.9166,253B,0,0,2,0001,0
638,board_15x6_12_19639_none,15,6,12,29,78,0,8769,0,0,8769,0,8769,936,936,10000,1.0000,6D1C,0,0,2,0001,0
639,board_16x5_11_19653_none,16,5,11,32,69,2,24614,0,0,24614,0,24614,621,759,8181,0.8181,5657,0,0,2,0001,0
640,board_19x5_24_19667_none,19,5,24,38,71,2,25231,0,0,25231,0,25231,1562,1704,9166,0.9166,EF5F,0,0,2,0001,0
641,board_19x14_39_19701_none,19,14,39,76,227,1,27334,0,0,27334,0,27334,8626,8853,9743,0.9743,A91E,0,0,2,0001,0
642,board_12x18_58_19745_none,12,18,58,74,144,2,191930,0,0,191930,0,191930,8036,9164,8769,0.8769,76EB,0,0,2,0001,1
643,board_9x12_19_19807_none,9,12,19,51,89,0,23491,0,0,23491,0,23491,1691,1691,10000,1.0000,7B77,0,0,2,0001,0
644,board_8x10_11_19829_none,8,10,11,25,69,0,8878,0,0,8878,0,8878,759,759,10000,1.0000,C879,0,0,2,0001,0
645,board_4x4_4_19842_none,4,4,4,13,12,1,11663,0,0,11663,0,11663,36,48,7500,0.7500,CAC0,0,0,2,0001,0
646,board_4x6_6_19847_none,4,6,6,14,18,1,15715,0,0,15715,0,15715,90,108,8333,0.8333,6817,0,0,2,0001,0
647,board_5x12_9_19856_none,5,12,9,19,51,2,51495,0,0,51495,0,51495,357,459,7777,0.7777,27B1,0,0,2,0001,0
648,board_9x19_35_19866_none,9,19,35,53,136,0,47977,0,0,47977,0,47977,4760,4760,10000,1.0000,00A1,0,0,2,0001,0
649,board_12x19_61_19905_none,12,19,61,141,159,4,389535,0,0,389535,0,389535,9031,10187,8865,0.8865,583F,0,0,2,0001,1
650,board_17x12_30_19977_none,17,12,30,74,174,0,23177,0,0,23177,0,23177,5220,5220,10000,1.0000,A383,0,0,2,0001,0
651,board_18x10_24_20009_none,18,10,24,54,156,0,17034,0,0,17034,0,17034,3744,3744,10000,1.0000,2F62,0,0,2,0001,0
652,board_19x4_19_20035_none,19,4,19,42,57,2,32267,0,0,32267,0,32267,969,1083,8947,0.8947,DD7E,0,0,2,0001,0
653,board_19x4_19_20058_none,19,4,19,33,46,4,144872,0,0,144872,0,144872,646,1083,5964,0.5964,C9F9,0,0,2,0001,1
654,board_17x10_25_20080_none,17,10,25,39,145,1,22395,0,0,22395,0,22395,3480,3625,9600,0.9600,FC7A,0,0,2,0001,0
655,board_15x14_31_20109_none,15,14,31,64,179,0,16289,0,0,16289,0,16289,5549,5549,10000,1.0000,3444,0,0,2,0001,0
656,board_12x18_46_20144_none,12,18,46,107,170,3,173984,0,0,173984,0,173984,7310,7820,9347,0.9347,B5C4,0,0,2,0001,0
657,board_10x19_51_20198_none,10,19,51,90,139,3,126249,0,0,126249,0,126249,6672,7089,9411,0.9411,4505,0,0,2,0001,0
658,board_4x10_6_20256_none,4,10,6,5,34,0,1960,0,0,1960,0,1960,204,204,10000,1.0000,628B,0,0,2,0001,0
659,board_4x6_5_20263_none,4,6,5,13,19,1,19916,0,0,19916,0,19916,76,95,8000,0.8000,68C7,0,0,2,0001,0
660,board_7x6_7_20269_none,7,6,7,17,35,0,2090,0,0,2090,0,2090,245,245,10000,1.0000,5E22,0,0,2,0001,0
661,board_9x10_12_20277_none,9,10,12,26,78,1,7675,0,0,7675,0,7675,858,936,9166,0.9166,B706,0,0,2,0001,0
662,board_14x18_58_20291_none,14,18,58,85,194,0,80629,0,0,80629,0,80629,11252,11252,10000,1.0000,D9CE,0,0,2,0001,0
663,board_15x19_73_20357_none,15,19,73,17,17,5,109713,0,0,109713,0,109713,181,15476,116,0.0116,E58F,0,0,2,0001,1
664,board_19x16_45_20449_none,19,16,45,91,259,3,181788,0,0,181788,0,181788,10878,11655,9333,0.9333,963E,0,0,2,0001,0
665,board_19x12_34_20497_none,19,12,34,61,194,0,17611,0,0,17611,0,17611,6596,6596,10000,1.0000,CE09,0,0,2,0001,0
666,board_18x5_24_20534_none,18,5,24,31,38,5,52535,0,0,52535,0,52535,582,1584,3674,0.3674,868D,0,0,2,0001,1
667,board_12x8_13_20562_none,12,8,13,32,83,1,12848,0,0,12848,0,12848,996,1079,9230,0.9230,6BAE,0,0,2,0001,0
668,board_9x14_27_20577_none,9,14,27,73,99,3,46709,0,0,46709,0,46709,2376,2673,8888,0.8888,FD45,0,0,2,0001,0
669,board_4x19_13_20607_none,4,19,13,24,63,0,10315,0,0,10315,0,10315,819,819,10000,1.0000,9C1F,0,0,2,0001,0
670,board_4x18_10_20621_none,4,18,10,34,62,0,17621,0,0,17621,0,17621,620,620,10000,1.0000,7A86,0,0,2,0001,0
671,board_4x14_8_20632_none,4,14,8,14,48,1,5708,0,0,5708,0,5708,336,384,8750,0.8750,AF21,0,0,2,0001,0
672,board_4x10_9_20641_none,4,10,9,26,31,3,15421,0,0,15421,0,15421,186,279,6666,0.6666,FE18,0,0,2,0001,0
673,board_10x4_7_20652_none,10,4,7,13,33,1,13467,0,0,13467,0,13467,198,231,8571,0.8571,6BFA,0,0,2,0001,0
674,board_12x6_10_20660_none,12,6,10,15,62,0,3586,0,0,3586,0,3586,620,620,10000,1.0000,C4A3,0,0,2,0001,0
675,board_17x14_58_20672_none,17,14,58,85,125,2,619865,0,0,619865,0,619865,6890,10440,6599,0.6599,26F6,0,0,2,0001,1
676,board_18x18_85_20749_none,18,18,85,155,237,2,550870,0,0,550870,0,550870,19667,20315,9681,0.9681,10C3,0,0,2,0001,1
677,board_19x19_53_20848_none,19,19,53,85,308,1,37088,0,0,37088,0,37088,16016,16324,9811,0.9811,A7FF,0,0,2,0001,0
678,board_19x16_45_20907_none,19,16,45,91,259,0,16227,0,0,16227,0,16227,11655,11655,10000,1.0000,BF82,0,0,2,0001,0
679,board_12x4_11_20957_none,12,4,11,19,37,3,17173,0,0,17173,0,17173,296,407,7272,0.7272,F921,0,0,2,0001,0
680,board_10x4_6_20969_none,10,4,6,11,34,0,6426,0,0,6426,0,6426,204,204,10000,1.0000,5CAB,0,0,2,0001,0
681,board_6x10_12_20976_none,6,10,12,25,48,1,5705,0,0,5705,0,5705,528,576,9166,0.9166,8A6A,0,0,2,0001,0
682,board_4x18_17_20990_none,4,18,17,35,55,1,13852,0,0,13852,0,13852,880,935,9411,0.9411,9EFF,0,0,2,0001,0
683,board_6x16_17_21013_none,6,16,17,41,79,0,43056,0,0,43056,0,43056,1343,1343,10000,1.0000,4BE5,0,0,2,0001,0
684,board_8x12_23_21034_none,8,12,23,60,73,2,109792,0,0,109792,0,109792,1533,1679,9130,0.9130,0845,0,0,2,0001,0
685,board_11x6_17_21059_none,11,6,17,9,24,0,120496,0,0,120496,0,120496,408,833,4897,0.4897,3886,0,0,2,0001,1
686,board_16x4_9_21080_none,16,4,9,5,55,0,3429,0,0,3429,0,3429,495,495,10000,1.0000,B334,0,0,2,0001,0
687,board_18x8_31_21091_none,18,8,31,41,80,4,133722,0,0,133722,0,133722,2028,3503,5789,0.5789,04C0,0,0,2,0001,1
688,board_19x18_71_21126_none,19,18,71,116,261,3,262706,0,0,262706,0,262706,17718,19241,9208,0.9208,1B7B,0,0,2,0001,1
689,board_16x18_49_21207_none,16,18,49,86,239,0,28775,0,0,28775,0,28775,11711,11711,10000,1.0000,29E5,0,0,2,0001,0
690,board_8x5_6_21261_none,8,5,6,15,34,0,8222,0,0,8222,0,8222,204,204,10000,1.0000,E278,0,0,2,0001,0
691,board_4x5_4_21268_none,4,5,4,10,16,2,2729,0,0,2729,0,2729,32,64,5000,0.5000,A9A7,0,0,2,0001,0
692,board_5x18_16_21273_none,5,18,16,44,74,3,73681,0,0,73681,0,73681,962,1184,8125,0.8125,599D,0,0,2,0001,0
693,board_12x14_46_21294_none,12,14,46,54,84,3,296561,0,0,296561,0,296561,3498,5612,6233,0.6233,A8EF,0,0,2,0001,1
694,board_14x12_43_21351_none,14,12,43,62,110,1,70773,0,0,70773,0,70773,4605,5375,8567,0.8567,AA96,0,0,2,0001,1
695,board_15x10_36_21407_none,15,10,36,83,114,1,319984,0,0,319984,0,319984,3990,4104,9722,0.9722,5537,0,0,2,0001,0
696,board_19x4_14_21446_none,19,4,14,28,62,0,16315,0,0,16315,0,16315,868,868,10000,1.0000,F85C,0,0,2,0001,0
697,board_19x6_29_21462_none,19,6,29,54,85,2,85047,0,0,85047,0,85047,2295,2465,9310,0.9310,A99D,0,0,2,0001,0
698,board_15x19_38_21497_none,15,19,38,88,247,0,53031,0,0,53031,0,53031,9386,9386,10000,1.0000,B5BF,0,0,2,0001,0
699,board_8x14_29_21540_none,8,14,29,66,83,2,86074,0,0,86074,0,86074,2241,2407,9310,0.9310,A838,0,0,2,0001,0
700,board_6x10_12_21578_none,6,10,12,28,48,0,20344,0,0,20344,0,20344,576,576,10000,1.0000,0D0D,0,0,2,0001,0
701,board_5x8_7_21592_none,5,8,7,10,33,0,8457,0,0,8457,0,8457,231,231,10000,1.0000,38D3,0,0,2,0001,0
702,board_4x4_3_21601_none,4,4,3,6,13,1,1898,0,0,1898,0,1898,26,39,6666,0.6666,9327,0,0,2,0001,0
703,board_6x10_14_21605_none,6,10,14,23,46,0,12303,0,0,12303,0,12303,644,644,10000,1.0000,5DB1,0,0,2,0001,0
704,board_9x16_21_21622_none,9,16,21,53,123,0,78256,0,0,78256,0,78256,2583,2583,10000,1.0000,76C6,0,0,2,0001,0
705,board_14x19_55_21645_none,14,19,55,102,211,1,146095,0,0,146095,0,146095,11394,11605,9818,0.9818,188F,0,0,2,0001,0
706,board_16x18_73_21710_none,16,18,73,150,215,3,117885,0,0,117885,0,117885,15050,15695,9589,0.9589,91E5,0,0,2,0001,0
707,board_19x5_14_21797_none,19,5,14,25,81,0,7765,0,0,7765,0,7765,1134,1134,10000,1.0000,2B27,0,0,2,0001,0
708,board_19x4_14_21814_none,19,4,14,40,62,0,15434,0,0,15434,0,15434,868,868,10000,1.0000,B6F0,0,0,2,0001,0
709,board_16x8_31_21830_none,16,8,31,63,97,0,101314,0,0,101314,0,101314,3007,3007,10000,1.0000,C31B,0,0,2,0001,0
710,board_12x14_26_21866_none,12,14,26,47,142,0,16630,0,0,16630,0,16630,3692,3692,10000,1.0000,A8DD,0,0,2,0001,0
711,board_11x16_25_21897_none,11,16,25,62,151,1,17080,0,0,17080,0,17080,3624,3775,9600,0.9600,DB90,0,0,2,0001,0
712,board_6x19_29_21923_none,6,19,29,55,85,3,51822,0,0,51822,0,51822,2210,2465,8965,0.8965,8B40,0,0,2,0001,0
713,board_4x8_4_21959_none,4,8,4,11,28,0,1804,0,0,1804,0,1804,112,112,10000,1.0000,808F,0,0,2,0001,0
714,board_5x4_4_21964_none,5,4,4,10,16,1,2637,0,0,2637,0,2637,48,64,7500,0.7500,507A,0,0,2,0001,0
715,board_9x6_13_21970_none,9,6,13,29,41,1,17755,0,0,17755,0,17755,492,533,9230,0.9230,5EC8,0,0,2,0001,0
716,board_10x8_17_21987_none,10,8,17,26,63,0,73119,0,0,73119,0,73119,1071,1071,10000,1.0000,A1EF,0,0,2,0001,0
717,board_11x10_20_22006_none,11,10,20,52,90,0,57777,0,0,57777,0,57777,1800,1800,10000,1.0000,431D,0,0,2,0001,0
718,board_18x19_93_22029_none,18,19,93,184,214,3,536905,0,0,536905,0,536905,19155,23157,8271,0.8271,9F68,0,0,2,0001,1
719,board_19x12_34_22144_none,19,12,34,67,194,0,19157,0,0,19157,0,19157,6596,6596,10000,1.0000,8646,0,0,2,0001,0
720,board_17x5_17_22182_none,17,5,17,35,68,0,84000,0,0,84000,0,84000,1156,1156,10000,1.0000,E7AE,0,0,2,0001,0
721,board_16x4_16_22202_none,16,4,16,30,48,1,27387,0,0,27387,0,27387,720,768,9375,0.9375,8F96,0,0,2,0001,0
722,board_14x4_15_22223_none,14,4,15,26,41,2,14084,0,0,14084,0,14084,533,615,8666,0.8666,4497,0,0,2,0001,0
723,board_9x10_13_22240_none,9,10,13,21,77,1,11998,0,0,11998,0,11998,924,1001,9230,0.9230,81B4,0,0,2,0001,0
724,board_7x14_14_22254_none,7,14,14,32,84,1,12111,0,0,12111,0,12111,1092,1176,9285,0.9285,C028,0,0,2,0001,0
725,board_4x19_21_22271_none,4,19,21,28,55,2,14587,0,0,14587,0,14587,1045,1155,9047,0.9047,4B54,0,0,2,0001,0
726,board_4x19_21_22294_none,4,19,21,44,55,1,37610,0,0,37610,0,37610,1100,1155,9523,0.9523,DCB8,0,0,2,0001,0
727,board_5x12_8_22319_none,5,12,8,14,52,0,5988,0,0,5988,0,5988,416,416,10000,1.0000,33F7,0,0,2,0001,0
728,board_10x4_11_22329_none,10,4,11,25,29,2,22677,0,0,22677,0,22677,261,319,8181,0.8181,FF93,0,0,2,0001,0
729,board_18x12_31_22343_none,18,12,31,50,185,2,43751,0,0,43751,0,43751,5365,5735,9354,0.9354,5070,0,0,2,0001,0
730,board_19x19_74_22378_none,19,19,74,163,287,0,72774,0,0,72774,0,72774,21238,21238,10000,1.0000,36E1,0,0,2,0001,0
731,board_12x6_19_22466_none,12,6,19,8,22,3,31099,0,0,31099,0,31099,259,1007,2571,0.2571,5089,0,0,2,0001,1
732,board_5x8_5_22491_none,5,8,5,12,35,0,4244,0,0,4244,0,4244,175,175,10000,1.0000,948F,0,0,2,0001,0
733,board_4x10_6_22498_none,4,10,6,15,34,0,4802,0,0,4802,0,4802,204,204,10000,1.0000,2F11,0,0,2,0001,0
734,board_5x19_21_22506_none,5,19,21,40,74,1,85655,0,0,85655,0,85655,1480,1554,9523,0.9523,0030,0,0,2,0001,0
735,board_12x8_24_22532_none,12,8,24,48,72,1,111814,0,0,111814,0,111814,1656,1728,9583,0.9583,2562,0,0,2,0001,0
736,board_18x4_12_22565_none,18,4,12,25,60,0,6916,0,0,6916,0,6916,720,720,10000,1.0000,430D,0,0,2,0001,0
737,board_18x5_13_22579_none,18,5,13,37,77,0,7604,0,0,7604,0,7604,1001,1001,10000,1.0000,E238,0,0,2,0001,0
738,board_19x14_66_22594_none,19,14,66,140,190,0,156379,0,0,156379,0,156379,12540,13200,9500,0.9500,F8BE,0,0,2,0001,1
739,board_15x19_41_22670_none,15,19,41,81,244,0,34660,0,0,34660,0,34660,10004,10004,10000,1.0000,4535,0,0,2,0001,0
740,board_9x10_22_22717_none,9,10,22,36,68,1,29406,0,0,29406,0,29406,1428,1496,9545,0.9545,3A77,0,0,2,0001,0
741,board_6x5_7_22745_none,6,5,7,17,23,2,20347,0,0,20347,0,20347,115,161,7142,0.7142,3A87,0,0,2,0001,0
742,board_4x4_3_22753_none,4,4,3,8,13,0,5052,0,0,5052,0,5052,39,39,10000,1.0000,8827,0,0,2,0001,0
743,board_5x14_19_22757_none,5,14,19,22,28,2,112758,0,0,112758,0,112758,430,969,4437,0.4437,2656,0,0,2,0001,1
744,board_11x19_29_22779_none,11,19,29,55,180,1,15754,0,0,15754,0,15754,5040,5220,9655,0.9655,0BCA,0,0,2,0001,0
745,board_17x10_44_22815_none,17,10,44,77,126,4,178368,0,0,178368,0,178368,5040,5544,9090,0.9090,D5F6,0,0,2,0001,0
746,board_18x8_37_22870_none,18,8,37,84,107,5,138611,0,0,138611,0,138611,3424,3959,8648,0.8648,AB47,0,0,2,0001,0
747,board_18x6_28_22912_none,18,6,28,28,24,4,193769,0,0,193769,0,193769,352,2240,1571,0.1571,A1FB,0,0,2,0001,1
748,board_18x8_31_22944_none,18,8,31,45,69,3,339545,0,0,339545,0,339545,1800,3503,5138,0.5138,69A7,0,0,2,0001,1
749,board_17x12_53_22978_none,17,12,53,101,151,6,246000,0,0,246000,0,246000,7097,8003,8867,0.8867,BBE9,0,0,2,0001,0
750,board_12x19_41_23044_none,12,19,41,81,187,1,57007,0,0,57007,0,57007,7480,7667,9756,0.9756,96FF,0,0,2,0001,0
751,board_7x16_23_23088_none,7,16,23,48,89,2,55916,0,0,55916,0,55916,1869,2047,9130,0.9130,0C2D,0,0,2,0001,0
752,board_4x6_5_23114_none,4,6,5,11,19,0,12175,0,0,12175,0,12175,95,95,10000,1.0000,33DD,0,0,2,0001,0
753,board_4x4_3_23120_none,4,4,3,8,13,0,3939,0,0,3939,0,3939,39,39,10000,1.0000,4751,0,0,2,0001,0
754,board_6x6_8_23124_none,6,6,8,19,28,1,30916,0,0,30916,0,30916,196,224,8750,0.8750,C218,0,0,2,0001,0
755,board_10x14_35_23133_none,10,14,35,60,82,4,163821,0,0,163821,0,163821,2450,3675,6666,0.6666,393E,0,0,2,0001,1
756,board_11x16_38_23171_none,11,16,38,43,61,2,430615,0,0,430615,0,430615,2042,5244,3893,0.3893,9708,0,0,2,0001,1
757,board_14x19_38_23214_none,14,19,38,99,228,0,39360,0,0,39360,0,39360,8664,8664,10000,1.0000,1F89,0,0,2,0001,0
758,board_18x16_71_23254_none,18,16,71,131,197,0,845267,0,0,845267,0,845267,13987,15407,9078,0.9078,47E4,0,0,2,0001,1
759,board_18x4_10_23341_none,18,4,10,21,62,0,8531,0,0,8531,0,8531,620,620,10000,1.0000,3DBC,0,0,2,0001,0
760,board_18x4_10_23353_none,18,4,10,11,62,0,14223,0,0,14223,0,14223,620,620,10000,1.0000,0D90,0,0,2,0001,0
761,board_16x5_16_23364_none,16,5,16,25,64,2,27823,0,0,27823,0,27823,896,1024,8750,0.8750,770E,0,0,2,0001,0
762,board_11x12_33_23382_none,11,12,33,70,99,1,74014,0,0,74014,0,74014,3168,3267,9696,0.9696,6AAA,0,0,2,0001,0
763,board_5x19_17_23420_none,5,19,17,41,78,1,56515,0,0,56515,0,56515,1248,1326,9411,0.9411,9185,0,0,2,0001,0
764,board_4x8_6_23438_none,4,8,6,16,26,0,5281,0,0,5281,0,5281,156,156,10000,1.0000,EEF7,0,0,2,0001,0
765,board_7x4_4_23445_none,7,4,4,11,24,0,3582,0,0,3582,0,3582,96,96,10000,1.0000,A1AA,0,0,2,0001,0
766,board_10x5_12_23450_none,10,5,12,20,38,0,69597,0,0,69597,0,69597,456,456,10000,1.0000,FC70,0,0,2,0001,0
767,board_12x8_26_23463_none,12,8,26,42,55,1,79601,0,0,79601,0,79601,1360,1820,7472,0.7472,7691,0,0,2,0001,1
768,board_19x19_63_23496_none,19,19,63,141,298,0,31857,0,0,31857,0,31857,18774,18774,10000,1.0000,9E64,0,0,2,0001,0
769,board_19x19_88_23567_none,19,19,88,192,273,2,279891,0,0,279891,0,279891,23478,24024,9772,0.9772,E302,0,0,2,0001,0
770,board_18x12_47_23668_none,18,12,47,114,169,3,104540,0,0,104540,0,104540,7436,7943,9361,0.9361,1C7C,0,0,2,0001,0
771,board_11x4_11_23722_none,11,4,11,18,33,0,21620,0,0,21620,0,21620,363,363,10000,1.0000,9FD4,0,0,2,0001,0
772,board_7x10_14_23740_none,7,10,14,21,56,0,11698,0,0,11698,0,11698,784,784,10000,1.0000,535B,0,0,2,0001,0
773,board_5x14_11_23756_none,5,14,11,35,59,3,64664,0,0,64664,0,64664,472,649,7272,0.7272,495F,0,0,2,0001,0
774,board_4x19_13_23768_none,4,19,13,31,63,0,18205,0,0,18205,0,18205,819,819,10000,1.0000,8321,0,0,2,0001,0
775,board_4x19_15_23783_none,4,19,15,28,61,1,19807,0,0,19807,0,19807,854,915,9333,0.9333,1084,0,0,2,0001,0
776,board_8x10_11_23802_none,8,10,11,23,69,1,23987,0,0,23987,0,23987,690,759,9090,0.9090,028F,0,0,2,0001,0
777,board_16x5_20_23816_none,16,5,20,43,60,1,71370,0,0,71370,0,71370,1140,1200,9500,0.9500,41E1,0,0,2,0001,0
778,board_17x6_25_23837_none,17,6,25,39,77,1,25642,0,0,25642,0,25642,1848,1925,9600,0.9600,CCB4,0,0,2,0001,0
779,board_18x10_32_23865_none,18,10,32,75,148,1,28343,0,0,28343,0,28343,4588,4736,9687,0.9687,A9DE,0,0,2,0001,0
780,board_19x18_60_23901_none,19,18,60,152,282,0,39241,0,0,39241,0,39241,16920,16920,10000,1.0000,3FC5,0,0,2,0001,0
781,board_18x19_93_23968_none,18,19,93,116,194,1,434066,0,0,434066,0,434066,17793,23157,7683,0.7683,B0D8,0,0,2,0001,1
782,board_11x8_13_24073_none,11,8,13,28,75,1,31627,0,0,31627,0,31627,900,975,9230,0.9230,7DB0,0,0,2,0001,0
783,board_6x4_6_24089_none,6,4,6,15,18,2,4187,0,0,4187,0,4187,72,108,6666,0.6666,A26A,0,0,2,0001,0
784,board_4x10_5_24098_none,4,10,5,9,35,0,4321,0,0,4321,0,4321,175,175,10000,1.0000,3465,0,0,2,0001,0
785,board_7x19_35_24104_none,7,19,35,66,98,2,57891,0,0,57891,0,57891,3234,3430,9428,0.9428,E131,0,0,2,0001,0
786,board_12x12_21_24149_none,12,12,21,60,123,0,12114,0,0,12114,0,12114,2583,2583,10000,1.0000,8A05,0,0,2,0001,0
787,board_18x4_19_24172_none,18,4,19,42,53,4,67278,0,0,67278,0,67278,795,1007,7894,0.7894,AB8C,0,0,2,0001,0
788,board_19x10_26_24193_none,19,10,26,44,164,0,14693,0,0,14693,0,14693,4264,4264,10000,1.0000,2159,0,0,2,0001,0
789,board_18x14_45_24220_none,18,14,45,81,207,2,58930,0,0,58930,0,58930,8901,9315,9555,0.9555,E38F,0,0,2,0001,0
790,board_14x19_64_24269_none,14,19,64,95,165,1,1166445,0,0,1166445,0,1166445,10358,12928,8012,0.8012,160C,0,0,2,0001,1
791,board_6x8_10_24343_none,6,8,10,21,38,0,11701,0,0,11701,0,11701,380,380,10000,1.0000,D805,0,0,2,0001,0
792,board_5x6_8_24354_none,5,6,8,16,22,1,23509,0,0,23509,0,23509,154,176,8750,0.8750,50B9,0,0,2,0001,0
793,board_4x8_5_24364_none,4,8,5,13,27,0,4312,0,0,4312,0,4312,135,135,10000,1.0000,94D9,0,0,2,0001,0
794,board_11x19_53_24370_none,11,19,53,53,94,2,320542,0,0,320542,0,320542,4670,8268,5648,0.5648,5EEB,0,0,2,0001,1
795,board_16x16_35_24434_none,16,16,35,79,221,0,14234,0,0,14234,0,14234,7735,7735,10000,1.0000,C305,0,0,2,0001,0
796,board_17x14_35_24472_none,17,14,35,75,203,0,12627,0,0,12627,0,12627,7105,7105,10000,1.0000,6E0F,0,0,2,0001,0
797,board_18x10_38_24513_none,18,10,38,83,142,3,43503,0,0,43503,0,43503,4970,5396,9210,0.9210,A7B5,0,0,2,0001,0
798,board_19x5_25_24554_none,19,5,25,31,47,5,72305,0,0,72305,0,72305,825,1750,4714,0.4714,F61A,0,0,2,0001,1
799,board_16x10_27_24583_none,16,10,27,45,133,0,33902,0,0,33902,0,33902,3591,3591,10000,1.0000,8E86,0,0,2,0001,0
800,board_15x12_38_24612_none,15,12,38,94,142,1,77310,0,0,77310,0,77310,5254,5396,9736,0.9736,4F5F,0,0,2,0001,0
801,board_9x19_36_24654_none,9,19,36,77,135,1,133880,0,0,133880,0,133880,4725,4860,9722,0.9722,05E5,0,0,2,0001,0
802,board_7x19_19_24696_none,7,19,19,29,114,0,6286,0,0,6286,0,6286,2166,2166,10000,1.0000,00E7,0,0,2,0001,0
803,board_4x8_8_24717_none,4,8,8,20,24,1,7764,0,0,7764,0,7764,168,192,8750,0.8750,AB99,0,0,2,0001,0
804,board_5x4_3_24726_none,5,4,3,14,17,0,4481,0,0,4481,0,4481,51,51,10000,1.0000,03D3,0,0,2,0001,0
805,board_11x12_33_24730_none,11,12,33,26,51,2,113540,0,0,113540,0,113540,1485,3267,4545,0.4545,F9EB,0,0,2,0001,1
806,board_14x16_58_24767_none,14,16,58,75,117,2,281329,0,0,281329,0,281329,6454,9628,6703,0.6703,A90C,0,0,2,0001,1
807,board_19x18_49_24841_none,19,18,49,100,293,1,58134,0,0,58134,0,58134,14064,14357,9795,0.9795,F851,0,0,2,0001,0
808,board_18x6_28_24895_none,18,6,28,47,79,3,62128,0,0,62128,0,62128,1972,2240,8803,0.8803,7CD3,0,0,2,0001,1
809,board_12x6_13_24925_none,12,6,13,33,59,1,11305,0,0,11305,0,11305,708,767,9230,0.9230,74B0,0,0,2,0001,0
810,board_7x16_27_24940_none,7,16,27,56,85,0,28875,0,0,28875,0,28875,2295,2295,10000,1.0000,B59B,0,0,2,0001,0
811,board_4x19_11_24972_none,4,19,11,16,65,0,4117,0,0,4117,0,4117,715,715,10000,1.0000,3D9F,0,0,2,0001,0
812,board_5x10_14_24985_none,5,10,14,20,36,1,31636,0,0,31636,0,31636,468,504,9285,0.9285,C2F2,0,0,2,0001,0
813,board_6x8_11_25002_none,6,8,11,6,16,2,44576,0,0,44576,0,44576,102,407,2506,0.2506,2C7C,0,0,2,0001,1
814,board_9x4_5_25015_none,9,4,5,7,31,0,1885,0,0,1885,0,1885,155,155,10000,1.0000,BF75,0,0,2,0001,0
815,board_11x4_7_25021_none,11,4,7,24,37,0,8515,0,0,8515,0,8515,259,259,10000,1.0000,3F89,0,0,2,0001,0
816,board_14x6_18_25030_none,14,6,18,34,66,2,13901,0,0,13901,0,13901,1056,1188,8888,0.8888,4DBF,0,0,2,0001,0
817,board_17x12_53_25049_none,17,12,53,68,96,5,194211,0,0,194211,0,194211,4333,8003,5414,0.5414,5717,0,0,2,0001,1
818,board_19x19_55_25112_none,19,19,55,104,306,0,35942,0,0,35942,0,35942,16830,16830,10000,1.0000,2D23,0,0,2,0001,0
819,board_16x10_38_25170_none,16,10,38,85,122,1,62576,0,0,62576,0,62576,4514,4636,9736,0.9736,1727,0,0,2,0001,0
820,board_8x5_8_25211_none,8,5,8,9,23,0,65917,0,0,65917,0,65917,184,256,7187,0.7187,ADAC,0,0,2,0001,1
821,board_4x14_12_25220_none,4,14,12,31,44,0,17471,0,0,17471,0,17471,528,528,10000,1.0000,55EB,0,0,2,0001,0
822,board_4x16_11_25233_none,4,16,11,21,53,1,10324,0,0,10324,0,10324,530,583,9090,0.9090,A88A,0,0,2,0001,0
823,board_6x18_26_25248_none,6,18,26,42,82,0,34077,0,0,34077,0,34077,2132,2132,10000,1.0000,7649,0,0,2,0001,0
824,board_12x6_11_25279_none,12,6,11,17,61,1,8927,0,0,8927,0,8927,610,671,9090,0.9090,6F73,0,0,2,0001,0
825,board_19x8_39_25292_none,19,8,39,59,96,4,270429,0,0,270429,0,270429,3292,4407,7469,0.7469,2315,0,0,2,0001,1
826,board_19x10_47_25338_none,19,10,47,65,119,2,576553,0,0,576553,0,576553,5307,6721,7896,0.7896,9748,0,0,2,0001,1
827,board_18x19_59_25391_none,18,19,59,89,274,0,147137,0,0,147137,0,147137,16166,16697,9681,0.9681,5096,0,0,2,0001,1
828,board_15x18_68_25458_none,15,18,68,103,155,6,775955,0,0,775955,0,775955,9328,13736,6790,0.6790,A894,0,0,2,0001,1
829,board_10x10_17_25536_none,10,10,17,36,83,0,27763,0,0,27763,0,27763,1411,1411,10000,1.0000,7268,0,0,2,0001,0
830,board_6x4_4_25554_none,6,4,4,16,20,1,4495,0,0,4495,0,4495,60,80,7500,0.7500,A41A,0,0,2,0001,0
831,board_4x12_9_25559_none,4,12,9,23,39,2,11932,0,0,11932,0,11932,273,351,7777,0.7777,FEE1,0,0,2,0001,0
832,board_7x19_22_25570_none,7,19,22,42,111,0,11828,0,0,11828,0,11828,2442,2442,10000,1.0000,9DA8,0,0,2,0001,0
833,board_9x19_42_25595_none,9,19,42,36,33,3,306845,0,0,306845,0,306845,999,5418,1843,0.1843,0E62,0,0,2,0001,1
834,board_17x8_18_25648_none,17,8,18,26,118,0,10821,0,0,10821,0,10821,2124,2124,10000,1.0000,ACCD,0,0,2,0001,0
835,board_18x5_16_25669_none,18,5,16,49,74,3,67684,0,0,67684,0,67684,962,1184,8125,0.8125,8BD5,0,0,2,0001,0
836,board_19x6_29_25687_none,19,6,29,48,82,3,334372,0,0,334372,0,334372,2123,2465,8612,0.8612,C71F,0,0,2,0001,1
837,board_18x10_32_25723_none,18,10,32,72,148,0,31613,0,0,31613,0,31613,4736,4736,10000,1.0000,78AF,0,0,2,0001,0
838,board_14x19_54_25761_none,14,19,54,125,212,0,124549,0,0,124549,0,124549,11448,11448,10000,1.0000,84F7,0,0,2,0001,0
839,board_11x19_57_25819_none,11,19,57,123,150,6,1019038,0,0,1019038,0,1019038,7638,8664,8815,0.8815,653F,0,0,2,0001,1
840,board_8x16_26_25890_none,8,16,26,64,102,2,205799,0,0,205799,0,205799,2448,2652,9230,0.9230,62B3,0,0,2,0001,0
841,board_4x5_4_25918_none,4,5,4,12,16,1,6227,0,0,6227,0,6227,48,64,7500,0.7500,7944,0,0,2,0001,0
842,board_5x6_7_25924_none,5,6,7,14,23,2,4683,0,0,4683,0,4683,115,161,7142,0.7142,E3D3,0,0,2,0001,0
843,board_6x8_8_25932_none,6,8,8,16,40,1,6026,0,0,6026,0,6026,280,320,8750,0.8750,5F35,0,0,2,0001,0
844,board_10x16_28_25942_none,10,16,28,64,132,0,9618,0,0,9618,0,9618,3696,3696,10000,1.0000,39DE,0,0,2,0001,0
845,board_17x18_62_25975_none,17,18,62,127,244,1,82975,0,0,82975,0,82975,14884,15128,9838,0.9838,32B4,0,0,2,0001,0
846,board_19x10_28_26045_none,19,10,28,80,162,1,24500,0,0,24500,0,24500,4374,4536,9642,0.9642,DCEB,0,0,2,0001,0
847,board_19x4_20_26074_none,19,4,20,40,56,1,40278,0,0,40278,0,40278,1064,1120,9500,0.9500,DBED,0,0,2,0001,0
848,board_15x8_17_26099_none,15,8,17,37,103,0,11883,0,0,11883,0,11883,1751,1751,10000,1.0000,263B,0,0,2,0001,0
849,board_10x16_34_26118_none,10,16,34,86,126,1,59761,0,0,59761,0,59761,4158,4284,9705,0.9705,5EA0,0,0,2,0001,0
850,board_4x16_10_26156_none,4,16,10,32,54,0,10550,0,0,10550,0,10550,540,540,10000,1.0000,26E5,0,0,2,0001,0
851,board_4x8_7_26168_none,4,8,7,15,25,1,18761,0,0,18761,0,18761,150,175,8571,0.8571,75CA,0,0,2,0001,0
852,board_6x4_6_26176_none,6,4,6,10,18,0,3859,0,0,3859,0,3859,108,108,10000,1.0000,FF9A,0,0,2,0001,0
853,board_12x10_18_26183_none,12,10,18,32,102,0,21296,0,0,21296,0,21296,1836,1836,10000,1.0000,5474,0,0,2,0001,0
854,board_15x14_44_26202_none,15,14,44,88,166,0,99448,0,0,99448,0,99448,7304,7304,10000,1.0000,5B60,0,0,2,0001,0
855,board_19x19_63_26250_none,19,19,63,134,283,0,109291,0,0,109291,0,109291,17829,18774,9496,0.9496,E423,0,0,2,0001,1
856,board_19x16_43_26321_none,19,16,43,83,256,1,237204,0,0,237204,0,237204,10747,11223,9575,0.9575,321F,0,0,2,0001,1
857,board_15x4_15_26376_none,15,4,15,38,45,4,25481,0,0,25481,0,25481,495,675,7333,0.7333,E9B4,0,0,2,0001,0
858,board_12x4_9_26397_none,12,4,9,19,39,0,8788,0,0,8788,0,8788,351,351,10000,1.0000,729F,0,0,2,0001,0
859,board_5x16_22_26409_none,5,16,22,37,49,2,221711,0,0,221711,0,221711,962,1276,7539,0.7539,DAE5,0,0,2,0001,1
860,board_4x19_11_26436_none,4,19,11,25,65,0,7836,0,0,7836,0,7836,715,715,10000,1.0000,E248,0,0,2,0001,0
861,board_8x8_16_26448_none,8,8,16,23,48,1,12149,0,0,12149,0,12149,720,768,9375,0.9375,3589,0,0,2,0001,0
862,board_11x4_9_26469_none,11,4,9,18,35,1,17037,0,0,17037,0,17037,280,315,8888,0.8888,5A77,0,0,2,0001,0
863,board_16x6_14_26479_none,16,6,14,34,82,0,13130,0,0,13130,0,13130,1148,1148,10000,1.0000,9B48,0,0,2,0001,0
864,board_19x19_76_26496_none,19,19,76,171,285,1,86651,0,0,86651,0,86651,21375,21660,9868,0.9868,4A38,0,0,2,0001,0
865,board_16x14_47_26583_none,16,14,47,93,177,1,86608,0,0,86608,0,86608,8142,8319,9787,0.9787,D5A4,0,0,2,0001,0
866,board_12x8_26_26636_none,12,8,26,44,70,5,127267,0,0,127267,0,127267,1470,1820,8076,0.8076,F29E,0,0,2,0001,0
867,board_11x6_17_26668_none,11,6,17,36,49,1,11971,0,0,11971,0,11971,784,833,9411,0.9411,CCBE,0,0,2,0001,0
868,board_9x4_6_26690_none,9,4,6,11,30,0,17167,0,0,17167,0,17167,180,180,10000,1.0000,BADE,0,0,2,0001,0
869,board_6x5_4_26699_none,6,5,4,9,26,0,19546,0,0,19546,0,19546,104,104,10000,1.0000,2654,0,0,2,0001,0
870,board_5x6_5_26704_none,5,6,5,4,25,0,1440,0,0,1440,0,1440,125,125,10000,1.0000,69C0,0,0,2,0001,0
871,board_4x16_15_26710_none,4,16,15,28,49,0,33964,0,0,33964,0,33964,735,735,10000,1.0000,137D,0,0,2,0001,0
872,board_8x18_24_26730_none,8,18,24,54,120,4,51326,0,0,51326,0,51326,2400,2880,8333,0.8333,355C,0,0,2,0001,0
873,board_14x8_26_26756_none,14,8,26,49,86,2,51817,0,0,51817,0,51817,2064,2236,9230,0.9230,70CD,0,0,2,0001,0
874,board_19x6_25_26789_none,19,6,25,45,89,2,36330,0,0,36330,0,36330,2047,2225,9200,0.9200,9396,0,0,2,0001,0
875,board_18x18_54_26821_none,18,18,54,138,270,0,28577,0,0,28577,0,28577,14580,14580,10000,1.0000,74E5,0,0,2,0001,0
876,board_12x18_46_26883_none,12,18,46,106,170,2,89070,0,0,89070,0,89070,7480,7820,9565,0.9565,DB96,0,0,2,0001,0
877,board_7x8_11_26939_none,7,8,11,29,45,2,22249,0,0,22249,0,22249,405,495,8181,0.8181,7AFB,0,0,2,0001,0
878,board_4x4_3_26952_none,4,4,3,10,13,0,8221,0,0,8221,0,8221,39,39,10000,1.0000,7E22,0,0,2,0001,0
879,board_5x12_15_26956_none,5,12,15,39,45,3,93696,0,0,93696,0,93696,540,675,8000,0.8000,8842,0,0,2,0001,0
880,board_8x18_20_26974_none,8,18,20,46,124,0,28714,0,0,28714,0,28714,2480,2480,10000,1.0000,9090,0,0,2,0001,0
881,board_14x18_58_26995_none,14,18,58,98,179,2,558337,0,0,558337,0,558337,9994,11252,8881,0.8881,6E2F,0,0,2,0001,1
882,board_18x10_37_27066_none,18,10,37,76,143,1,30266,0,0,30266,0,30266,5148,5291,9729,0.9729,88D6,0,0,2,0001,0
883,board_18x8_25_27109_none,18,8,25,64,119,1,47670,0,0,47670,0,47670,2856,2975,9600,0.9600,DDC4,0,0,2,0001,0
884,board_19x6_17_27138_none,19,6,17,46,97,0,18271,0,0,18271,0,18271,1649,1649,10000,1.0000,49F5,0,0,2,0001,0
885,board_18x8_37_27158_none,18,8,37,80,107,2,124585,0,0,124585,0,124585,3745,3959,9459,0.9459,7234,0,0,2,0001,0
886,board_16x12_40_27197_none,16,12,40,85,152,0,25305,0,0,25305,0,25305,6080,6080,10000,1.0000,4003,0,0,2,0001,0
887,board_11x19_31_27240_none,11,19,31,45,178,0,24542,0,0,24542,0,24542,5518,5518,10000,1.0000,EC1F,0,0,2,0001,0
888,board_7x18_32_27275_none,7,18,32,38,63,4,226759,0,0,226759,0,226759,1640,3008,5452,0.5452,6184,0,0,2,0001,1
889,board_4x6_3_27308_none,4,6,3,8,21,0,2110,0,0,2110,0,2110,63,63,10000,1.0000,E864,0,0,2,0001,0
890,board_8x8_15_27312_none,8,8,15,31,49,0,6729,0,0,6729,0,6729,735,735,10000,1.0000,B2EE,0,0,2,0001,0
891,board_16x19_64_27330_none,16,19,64,94,240,0,36392,0,0,36392,0,36392,15360,15360,10000,1.0000,FDFE,0,0,2,0001,0
892,board_18x18_85_27401_none,18,18,85,180,239,5,424395,0,0,424395,0,424395,19120,20315,9411,0.9411,BB97,0,0,2,0001,0
893,board_19x8_21_27503_none,19,8,21,37,131,0,25487,0,0,25487,0,25487,2751,2751,10000,1.0000,5699,0,0,2,0001,0
894,board_18x5_16_27526_none,18,5,16,31,74,1,10700,0,0,10700,0,10700,1110,1184,9375,0.9375,4726,0,0,2,0001,0
895,board_14x6_21_27544_none,14,6,21,33,63,4,48763,0,0,48763,0,48763,1071,1323,8095,0.8095,499B,0,0,2,0001,0
896,board_12x8_21_27569_none,12,8,21,44,75,1,10880,0,0,10880,0,10880,1500,1575,9523,0.9523,2AA3,0,0,2,0001,0
897,board_5x19_24_27595_none,5,19,24,56,70,4,239619,0,0,239619,0,239619,1396,1704,8192,0.8192,AF5A,0,0,2,0001,1
898,board_4x10_6_27622_none,4,10,6,16,34,0,4209,0,0,4209,0,4209,204,204,10000,1.0000,B909,0,0,2,0001,0
899,board_8x4_8_27629_none,8,4,8,14,24,1,22477,0,0,22477,0,22477,168,192,8750,0.8750,5777,0,0,2,0001,0
900,board_16x12_26_27641_none,16,12,26,56,166,0,22166,0,0,22166,0,22166,4316,4316,10000,1.0000,D844,0,0,2,0001,0
901,board_19x19_98_27668_none,19,19,98,202,263,1,224942,0,0,224942,0,224942,25511,25774,9897,0.9897,F708,0,0,2,0001,0
902,board_17x10_25_27784_none,17,10,25,60,145,1,38208,0,0,38208,0,38208,3480,3625,9600,0.9600,2082,0,0,2,0001,0
903,board_15x6_19_27813_none,15,6,19,39,71,3,66361,0,0,66361,0,66361,1136,1349,8421,0.8421,ED70,0,0,2,0001,0
904,board_7x8_8_27833_none,7,8,8,17,48,0,6033,0,0,6033,0,6033,384,384,10000,1.0000,5038,0,0,2,0001,0
905,board_6x10_8_27842_none,6,10,8,20,52,0,4619,0,0,4619,0,4619,416,416,10000,1.0000,4827,0,0,2,0001,0
906,board_4x19_19_27852_none,4,19,19,28,50,3,45918,0,0,45918,0,45918,779,1083,7192,0.7192,72DA,0,0,2,0001,1
907,board_8x12_14_27873_none,8,12,14,29,82,1,17473,0,0,17473,0,17473,1066,1148,9285,0.9285,8A40,0,0,2,0001,0
908,board_14x4_15_27890_none,14,4,15,28,41,4,21615,0,0,21615,0,21615,451,615,7333,0.7333,F98F,0,0,2,0001,0
909,board_19x10_28_27910_none,19,10,28,45,162,0,28386,0,0,28386,0,28386,4536,4536,10000,1.0000,75A7,0,0,2,0001,0
910,board_19x14_58_27943_none,19,14,58,98,208,1,74499,0,0,74499,0,74499,11856,12064,9827,0.9827,7945,0,0,2,0001,0
911,board_18x19_71_28013_none,18,19,71,168,271,1,92373,0,0,92373,0,92373,18970,19241,9859,0.9859,E150,0,0,2,0001,0
912,board_16x18_41_28090_none,16,18,41,98,247,0,19775,0,0,19775,0,19775,10127,10127,10000,1.0000,61EF,0,0,2,0001,0
913,board_11x10_24_28132_none,11,10,24,31,86,1,47165,0,0,47165,0,47165,1978,2064,9583,0.9583,9BCC,0,0,2,0001,0
914,board_9x6_15_28158_none,9,6,15,31,39,1,7491,0,0,7491,0,7491,546,585,9333,0.9333,3D45,0,0,2,0001,0
915,board_8x5_10_28174_none,8,5,10,14,30,1,22679,0,0,22679,0,22679,270,300,9000,0.9000,FCC0,0,0,2,0001,0
916,board_4x8_4_28187_none,4,8,4,10,28,0,2030,0,0,2030,0,2030,112,112,10000,1.0000,B679,0,0,2,0001,0
917,board_6x19_27_28192_none,6,19,27,29,87,0,31732,0,0,31732,0,31732,2349,2349,10000,1.0000,B325,0,0,2,0001,0
918,board_10x18_24_28221_none,10,18,24,37,156,0,11121,0,0,11121,0,11121,3744,3744,10000,1.0000,3397,0,0,2,0001,0
919,board_16x8_33_28248_none,16,8,33,47,84,3,109063,0,0,109063,0,109063,2487,3135,7933,0.7933,5F65,0,0,2,0001,1
920,board_18x4_16_28293_none,18,4,16,24,45,2,80744,0,0,80744,0,80744,608,896,6785,0.6785,83D6,0,0,2,0001,1
921,board_18x12_54_28312_none,18,12,54,110,162,2,251722,0,0,251722,0,251722,8424,8748,9629,0.9629,DC42,0,0,2,0001,0
922,board_12x19_35_28378_none,12,19,35,62,193,0,28124,0,0,28124,0,28124,6755,6755,10000,1.0000,1EC8,0,0,2,0001,0
923,board_10x18_26_28416_none,10,18,26,47,154,1,30430,0,0,30430,0,30430,3850,4004,9615,0.9615,EB8F,0,0,2,0001,0
924,board_4x5_4_28446_none,4,5,4,10,16,0,1971,0,0,1971,0,1971,64,64,10000,1.0000,2ABB,0,0,2,0001,0
925,board_4x6_5_28451_none,4,6,5,12,19,1,10908,0,0,10908,0,10908,76,95,8000,0.8000,A13D,0,0,2,0001,0
926,board_7x12_22_28457_none,7,12,22,58,62,3,24978,0,0,24978,0,24978,1178,1364,8636,0.8636,F99A,0,0,2,0001,0
927,board_15x19_41_28484_none,15,19,41,92,244,0,24217,0,0,24217,0,24217,10004,10004,10000,1.0000,06F7,0,0,2,0001,0
928,board_17x16_57_28529_none,17,16,57,92,215,0,43365,0,0,43365,0,43365,12255,12255,10000,1.0000,9EE8,0,0,2,0001,0
929,board_18x14_61_28590_none,18,14,61,107,191,8,152867,0,0,152867,0,152867,10123,11651,8688,0.8688,1568,0,0,2,0001,0
930,board_18x12_58_28657_none,18,12,58,66,95,4,581954,0,0,581954,0,581954,4878,9164,5323,0.5323,377F,0,0,2,0001,1
931,board_19x10_49_28723_none,19,10,49,97,141,3,160791,0,0,160791,0,160791,6486,6909,9387,0.9387,4D46,0,0,2,0001,0
932,board_18x4_11_28783_none,18,4,11,30,61,1,17586,0,0,17586,0,17586,610,671,9090,0.9090,E319,0,0,2,0001,0
933,board_11x16_38_28796_none,11,16,38,66,138,1,34376,0,0,34376,0,34376,5106,5244,9736,0.9736,2C0E,0,0,2,0001,0
934,board_7x19_19_28838_none,7,19,19,23,114,0,10730,0,0,10730,0,10730,2166,2166,10000,1.0000,0E28,0,0,2,0001,0
935,board_4x14_15_28860_none,4,14,15,40,41,3,49637,0,0,49637,0,49637,492,615,8000,0.8000,EE11,0,0,2,0001,0
936,board_6x4_3_28879_none,6,4,3,3,21,0,1384,0,0,1384,0,1384,63,63,10000,1.0000,4AF1,0,0,2,0001,0
937,board_14x14_41_28883_none,14,14,41,78,155,1,53327,0,0,53327,0,53327,6200,6355,9756,0.9756,D2F8,0,0,2,0001,0
938,board_15x16_41_28927_none,15,16,41,58,199,0,11935,0,0,11935,0,11935,8159,8159,10000,1.0000,CC16,0,0,2,0001,0
939,board_17x19_43_28976_none,17,19,43,97,280,0,24677,0,0,24677,0,24677,12040,12040,10000,1.0000,5911,0,0,2,0001,0
940,board_18x19_62_29027_none,18,19,62,151,280,0,35735,0,0,35735,0,35735,17360,17360,10000,1.0000,709B,0,0,2,0001,0
941,board_18x8_25_29093_none,18,8,25,37,119,0,16711,0,0,16711,0,16711,2975,2975,10000,1.0000,2D1F,0,0,2,0001,0
942,board_15x4_10_29119_none,15,4,10,17,50,0,5112,0,0,5112,0,5112,500,500,10000,1.0000,17A4,0,0,2,0001,0
943,board_7x14_17_29130_none,7,14,17,32,81,1,9459,0,0,9459,0,9459,1296,1377,9411,0.9411,57D6,0,0,2,0001,0
944,board_4x19_17_29151_none,4,19,17,33,59,1,10145,0,0,10145,0,10145,944,1003,9411,0.9411,E73A,0,0,2,0001,0
945,board_4x18_18_29171_none,4,18,18,42,54,2,40375,0,0,40375,0,40375,864,972,8888,0.8888,97EA,0,0,2,0001,0
946,board_9x5_6_29191_none,9,5,6,4,39,0,3503,0,0,3503,0,3503,234,234,10000,1.0000,08BC,0,0,2,0001,0
947,board_10x4_7_29198_none,10,4,7,15,33,0,31809,0,0,31809,0,31809,231,231,10000,1.0000,19A5,0,0,2,0001,0
948,board_12x4_12_29206_none,12,4,12,25,36,2,12753,0,0,12753,0,12753,360,432,8333,0.8333,F050,0,0,2,0001,0
949,board_14x5_18_29221_none,14,5,18,36,45,2,83055,0,0,83055,0,83055,706,936,7542,0.7542,9A55,0,0,2,0001,1
950,board_19x18_50_29242_none,19,18,50,118,292,0,18573,0,0,18573,0,18573,14600,14600,10000,1.0000,A3B4,0,0,2,0001,0
951,board_18x18_85_29299_none,18,18,85,81,117,3,160082,0,0,160082,0,160082,9228,20315,4542,0.4542,38FD,0,0,2,0001,1
952,board_12x6_11_29398_none,12,6,11,24,61,0,5610,0,0,5610,0,5610,671,671,10000,1.0000,A707,0,0,2,0001,0
953,board_7x5_9_29410_none,7,5,9,23,26,2,26584,0,0,26584,0,26584,182,234,7777,0.7777,C83D,0,0,2,0001,0
954,board_4x12_7_29422_none,4,12,7,21,41,0,13199,0,0,13199,0,13199,287,287,10000,1.0000,CF54,0,0,2,0001,0
955,board_5x19_26_29431_none,5,19,26,45,69,1,35025,0,0,35025,0,35025,1725,1794,9615,0.9615,D3AC,0,0,2,0001,0
956,board_6x19_29_29461_none,6,19,29,59,83,4,125792,0,0,125792,0,125792,2067,2465,8385,0.8385,149E,0,0,2,0001,1
957,board_14x6_15_29496_none,14,6,15,29,69,0,13047,0,0,13047,0,13047,1035,1035,10000,1.0000,ED02,0,0,2,0001,0
958,board_16x4_16_29512_none,16,4,16,32,48,2,27977,0,0,27977,0,27977,672,768,8750,0.8750,E76C,0,0,2,0001,0
959,board_18x4_19_29529_none,18,4,19,38,53,0,30226,0,0,30226,0,30226,1007,1007,10000,1.0000,F33F,0,0,2,0001,0
960,board_19x12_32_29552_none,19,12,32,66,196,1,35143,0,0,35143,0,35143,6076,6272,9687,0.9687,4027,0,0,2,0001,0
961,board_16x19_80_29590_none,16,19,80,130,156,5,382699,0,0,382699,0,382699,11360,17920,6339,0.6339,39E5,0,0,2,0001,1
962,board_14x18_51_29683_none,14,18,51,77,183,1,181537,0,0,181537,0,181537,9132,10251,8908,0.8908,5FCD,0,0,2,0001,1
963,board_7x6_9_29747_none,7,6,9,19,33,1,6652,0,0,6652,0,6652,264,297,8888,0.8888,1245,0,0,2,0001,0
964,board_4x8_4_29757_none,4,8,4,12,28,0,3465,0,0,3465,0,3465,112,112,10000,1.0000,78C9,0,0,2,0001,0
965,board_6x16_20_29762_none,6,16,20,36,76,1,44819,0,0,44819,0,44819,1444,1520,9500,0.9500,BDA6,0,0,2,0001,0
966,board_11x19_44_29784_none,11,19,44,95,165,0,54243,0,0,54243,0,54243,7260,7260,10000,1.0000,41EA,0,0,2,0001,0
967,board_18x8_30_29834_none,18,8,30,63,114,0,126463,0,0,126463,0,126463,3420,3420,10000,1.0000,C2BA,0,0,2,0001,0
968,board_19x4_18_29868_none,19,4,18,38,46,1,98601,0,0,98601,0,98601,770,1044,7375,0.7375,93A9,0,0,2,0001,1
969,board_18x8_20_29890_none,18,8,20,38,124,0,12030,0,0,12030,0,12030,2480,2480,10000,1.0000,DEC6,0,0,2,0001,0
970,board_18x10_26_29913_none,18,10,26,61,154,2,27052,0,0,27052,0,27052,3696,4004,9230,0.9230,6F23,0,0,2,0001,0
971,board_17x12_35_29944_none,17,12,35,81,169,0,12488,0,0,12488,0,12488,5915,5915,10000,1.0000,539E,0,0,2,0001,0
972,board_10x19_41_29983_none,10,19,41,102,149,3,81918,0,0,81918,0,81918,5662,6109,9268,0.9268,5AB8,0,0,2,0001,0
973,board_9x19_29_30032_none,9,19,29,53,142,0,19106,0,0,19106,0,19106,4118,4118,10000,1.0000,1F45,0,0,2,0001,0
974,board_4x8_8_30065_none,4,8,8,10,24,0,5881,0,0,5881,0,5881,192,192,10000,1.0000,F891,0,0,2,0001,0
975,board_4x5_5_30076_none,4,5,5,7,15,2,2536,0,0,2536,0,2536,45,75,6000,0.6000,9ACD,0,0,2,0001,0
976,board_7x8_8_30084_none,7,8,8,19,48,0,3243,0,0,3243,0,3243,384,384,10000,1.0000,07E9,0,0,2,0001,0
977,board_10x14_35_30093_none,10,14,35,70,105,2,83874,0,0,83874,0,83874,3465,3675,9428,0.9428,FEF3,0,0,2,0001,0
978,board_12x18_58_30137_none,12,18,58,111,153,4,255302,0,0,255302,0,255302,8242,9164,8993,0.8993,4882,0,0,2,0001,1
979,board_17x19_46_30204_none,17,19,46,90,277,1,90441,0,0,90441,0,90441,12465,12742,9782,0.9782,8D50,0,0,2,0001,0
980,board_19x6_32_30259_none,19,6,32,61,82,3,140646,0,0,140646,0,140646,2378,2624,9062,0.9062,B344,0,0,2,0001,0
981,board_15x6_13_30301_none,15,6,13,40,77,0,12685,0,0,12685,0,12685,1001,1001,10000,1.0000,BCFC,0,0,2,0001,0
982,board_12x10_26_30315_none,12,10,26,60,94,2,28694,0,0,28694,0,28694,2256,2444,9230,0.9230,56CC,0,0,2,0001,0
983,board_6x19_20_30346_none,6,19,20,55,94,0,32354,0,0,32354,0,32354,1880,1880,10000,1.0000,0797,0,0,2,0001,0
984,board_4x14_11_30367_none,4,14,11,31,45,1,36208,0,0,36208,0,36208,450,495,9090,0.9090,A159,0,0,2,0001,0
985,board_7x4_5_30379_none,7,4,5,18,23,0,21872,0,0,21872,0,21872,115,115,10000,1.0000,5DBB,0,0,2,0001,0
986,board_12x8_21_30385_none,12,8,21,54,75,3,258381,0,0,258381,0,258381,1350,1575,8571,0.8571,98B8,0,0,2,0001,0
987,board_15x12_47_30411_none,15,12,47,93,133,2,73502,0,0,73502,0,73502,5985,6251,9574,0.9574,3126,0,0,2,0001,0
988,board_18x18_65_30464_none,18,18,65,99,244,3,181944,0,0,181944,0,181944,15083,16835,8959,0.8959,95E5,0,0,2,0001,1
989,board_18x19_60_30536_none,18,19,60,132,282,0,35232,0,0,35232,0,35232,16920,16920,10000,1.0000,A557,0,0,2,0001,0
990,board_19x19_53_30603_none,19,19,53,91,308,3,87790,0,0,87790,0,87790,15400,16324,9433,0.9433,B93B,0,0,2,0001,0
991,board_18x12_58_30666_none,18,12,58,83,107,4,281084,0,0,281084,0,281084,5574,9164,6082,0.6082,858E,0,0,2,0001,1
992,board_15x5_13_30734_none,15,5,13,27,62,1,32676,0,0,32676,0,32676,744,806,9230,0.9230,ECBC,0,0,2,0001,0
993,board_8x8_15_30748_none,8,8,15,45,49,3,68848,0,0,68848,0,68848,588,735,8000,0.8000,5EB6,0,0,2,0001,0
994,board_4x19_10_30764_none,4,19,10,19,66,0,12975,0,0,12975,0,12975,660,660,10000,1.0000,F44A,0,0,2,0001,0
995,board_6x14_22_30776_none,6,14,22,42,62,3,97753,0,0,97753,0,97753,1178,1364,8636,0.8636,853C,0,0,2,0001,0
996,board_7x12_22_30799_none,7,12,22,38,53,3,123287,0,0,123287,0,123287,980,1364,7184,0.7184,51F3,0,0,2,0001,1
997,board_10x6_11_30823_none,10,6,11,28,49,0,10239,0,0,10239,0,10239,539,539,10000,1.0000,560E,0,0,2,0001,0
998,board_17x6_25_30836_none,17,6,25,41,77,0,26282,0,0,26282,0,26282,1925,1925,10000,1.0000,E88B,0,0,2,0001,0
999,board_19x18_50_30871_none,19,18,50,98,292,0,43132,0,0,43132,0,43132,14600,14600,10000,1.0000,DE95,0,0,2,0001,0
1000,board_15x14_55_30923_none,15,14,55,103,155,4,196797,0,0,196797,0,196797,7905,8525,9272,0.9272,5374,0,0,2,0001,0
