"board_index","board_name","width","height","total_mines","selections","opened_safe","opened_mines","cycles","cfg_cycles","load_cycles","solver_cycles","score_cycles","total_board_cycles","score_numerator","score_denominator","score_scaled","score","solver_stalled"
"1","board_8x14_27_1_none","8","14","27","62","85","2","48689","3","112","48689","37","48843","2125","2295","9259","0.9259","0"
"2","board_11x19_31_35_none","11","19","31","63","178","0","13034","3","209","13034","37","13285","5518","5518","10000","1.0000","0"
"3","board_18x14_66_70_none","18","14","66","118","183","7","525116","3","252","525116","37","525410","10776","12276","8778","0.8778","1"
"4","board_19x6_21_151_none","19","6","21","33","93","2","38852","3","114","38852","37","39008","1767","1953","9047","0.9047","0"
"5","board_18x5_18_177_none","18","5","18","47","72","1","72749","3","90","72749","37","72881","1224","1296","9444","0.9444","0"
"6","board_17x6_25_200_none","17","6","25","65","77","2","83188","3","102","83188","37","83332","1771","1925","9200","0.9200","0"
"7","board_12x14_37_231_none","12","14","37","93","131","1","39048","3","168","39048","37","39258","4716","4847","9729","0.9729","0"
"8","board_7x19_23_273_none","7","19","23","69","110","2","28764","3","133","28764","37","28939","2310","2530","9130","0.9130","0"
"9","board_4x16_19_299_none","4","16","19","35","45","3","56481","3","64","56481","37","56587","720","855","8421","0.8421","0"
"10","board_4x6_3_321_none","4","6","3","12","21","0","2967","3","24","2967","37","3033","63","63","10000","1.0000","0"
"11","board_7x4_6_325_none","7","4","6","8","22","1","4293","3","28","4293","37","4363","110","132","8333","0.8333","0"
"12","board_10x8_21_332_none","10","8","21","30","59","1","18605","3","80","18605","37","18727","1180","1239","9523","0.9523","0"
"13","board_17x19_46_358_none","17","19","46","114","277","0","23840","3","323","23840","37","24205","12742","12742","10000","1.0000","0"
"14","board_18x19_74_408_none","18","19","74","148","268","1","137205","3","342","137205","37","137589","19564","19832","9864","0.9864","0"
"15","board_19x12_49_496_none","19","12","49","92","179","2","74166","3","228","74166","37","74436","8413","8771","9591","0.9591","0"
"16","board_18x6_15_552_none","18","6","15","43","93","0","7735","3","108","7735","37","7885","1395","1395","10000","1.0000","0"
"17","board_12x5_16_570_none","12","5","16","27","44","1","126090","3","60","126090","37","126192","660","704","9375","0.9375","0"
"18","board_11x6_18_590_none","11","6","18","41","48","2","54441","3","66","54441","37","54549","768","864","8888","0.8888","0"
"19","board_5x18_13_613_none","5","18","13","24","77","0","12801","3","90","12801","37","12933","1001","1001","10000","1.0000","0"
"20","board_4x14_14_628_none","4","14","14","25","42","1","61327","3","56","61327","37","61425","546","588","9285","0.9285","0"
"21","board_9x5_7_645_none","9","5","7","7","38","1","3235","3","45","3235","37","3322","228","266","8571","0.8571","0"
"22","board_16x8_27_654_none","16","8","27","64","101","0","22902","3","128","22902","37","23072","2727","2727","10000","1.0000","0"
"23","board_17x10_29_686_none","17","10","29","61","141","1","44737","3","170","44737","37","44949","3948","4089","9655","0.9655","0"
"24","board_19x18_59_719_none","19","18","59","139","283","1","128122","3","342","128122","37","128506","16414","16697","9830","0.9830","0"
"25","board_19x19_97_786_none","19","19","97","120","173","4","642849","3","361","642849","37","643252","15725","25608","6140","0.6140","1"
"26","board_19x19_92_895_none","19","19","92","141","246","3","695014","3","361","695014","37","695417","21825","24748","8818","0.8818","1"
"27","board_17x14_41_1003_none","17","14","41","89","197","3","54818","3","238","54818","37","55098","7486","8077","9268","0.9268","0"
"28","board_16x12_28_1051_none","16","12","28","38","164","0","11465","3","192","11465","37","11699","4592","4592","10000","1.0000","0"
"29","board_15x10_20_1082_none","15","10","20","57","130","3","34374","3","150","34374","37","34566","2210","2600","8500","0.8500","0"
"30","board_7x5_8_1103_none","7","5","8","18","27","2","6710","3","35","6710","37","6787","162","216","7500","0.7500","0"
"31","board_4x18_14_1113_none","4","18","14","32","58","2","23874","3","72","23874","37","23988","696","812","8571","0.8571","0"
"32","board_4x19_19_1129_none","4","19","19","44","57","1","26216","3","76","26216","37","26334","1026","1083","9473","0.9473","0"
"33","board_8x16_22_1152_none","8","16","22","49","106","0","10416","3","128","10416","37","10586","2332","2332","10000","1.0000","0"
"34","board_12x8_17_1176_none","12","8","17","26","79","0","8733","3","96","8733","37","8871","1343","1343","10000","1.0000","0"
"35","board_19x6_20_1196_none","19","6","20","44","94","0","13779","3","114","13779","37","13935","1880","1880","10000","1.0000","0"
"36","board_18x19_86_1218_none","18","19","86","131","240","2","189775","3","342","189775","37","190159","20128","22016","9142","0.9142","1"
"37","board_11x14_22_1318_none","11","14","22","47","132","0","8881","3","154","8881","37","9077","2904","2904","10000","1.0000","0"
"38","board_10x12_18_1343_none","10","12","18","45","102","0","8684","3","120","8684","37","8846","1836","1836","10000","1.0000","0"
"39","board_6x5_7_1368_none","6","5","7","12","23","0","2286","3","30","2286","37","2358","161","161","10000","1.0000","0"
"40","board_4x10_6_1376_none","4","10","6","16","34","0","5325","3","40","5325","37","5407","204","204","10000","1.0000","0"
"41","board_5x14_15_1384_none","5","14","15","32","55","4","100393","3","70","100393","37","100505","605","825","7333","0.7333","0"
"42","board_11x19_37_1403_none","11","19","37","87","172","0","33503","3","209","33503","37","33754","6364","6364","10000","1.0000","0"
"43","board_15x14_31_1446_none","15","14","31","68","179","0","50933","3","210","50933","37","51185","5549","5549","10000","1.0000","0"
"44","board_18x6_30_1480_none","18","6","30","56","78","4","53678","3","108","53678","37","53828","2028","2340","8666","0.8666","0"
"45","board_18x8_21_1515_none","18","8","21","48","123","0","14921","3","144","14921","37","15107","2583","2583","10000","1.0000","0"
"46","board_18x10_31_1538_none","18","10","31","79","149","1","32744","3","180","32744","37","32966","4470","4619","9677","0.9677","0"
"47","board_16x14_55_1571_none","16","14","55","100","169","1","122653","3","224","122653","37","122919","9126","9295","9818","0.9818","0"
"48","board_14x18_63_1632_none","14","18","63","116","189","2","109035","3","252","109035","37","109329","11529","11907","9682","0.9682","0"
"49","board_11x19_46_1705_none","11","19","46","55","105","2","48492","3","209","48492","37","48743","4504","7498","6006","0.6006","1"
"50","board_6x14_15_1756_none","6","14","15","39","69","0","71281","3","84","71281","37","71407","1035","1035","10000","1.0000","0"
"51","board_4x10_11_1773_none","4","10","11","19","29","3","12501","3","40","12501","37","12583","232","319","7272","0.7272","0"
"52","board_4x4_3_1786_none","4","4","3","10","13","0","10047","3","16","10047","37","10105","39","39","10000","1.0000","0"
"53","board_6x6_5_1792_none","6","6","5","2","31","0","1673","3","36","1673","37","1751","155","155","10000","1.0000","0"
"54","board_8x10_16_1798_none","8","10","16","42","64","3","29748","3","80","29748","37","29870","832","1024","8125","0.8125","0"
"55","board_10x14_38_1817_none","10","14","38","56","102","5","156602","3","140","156602","37","156784","3366","3876","8684","0.8684","0"
"56","board_15x19_50_1861_none","15","19","50","139","235","1","54004","3","285","54004","37","54331","11515","11750","9800","0.9800","0"
"57","board_16x19_45_1918_none","16","19","45","83","259","1","23295","3","304","23295","37","23641","11396","11655","9777","0.9777","0"
"58","board_19x14_56_1973_none","19","14","56","114","210","0","72140","3","266","72140","37","72448","11760","11760","10000","1.0000","0"
"59","board_18x4_10_2037_none","18","4","10","22","62","0","11663","3","72","11663","37","11777","620","620","10000","1.0000","0"
"60","board_15x6_16_2048_none","15","6","16","35","74","0","12118","3","90","12118","37","12250","1184","1184","10000","1.0000","0"
"61","board_12x10_30_2065_none","12","10","30","67","90","2","33266","3","120","33266","37","33428","2520","2700","9333","0.9333","0"
"62","board_11x12_36_2100_none","11","12","36","71","96","2","107215","3","132","107215","37","107389","3264","3456","9444","0.9444","0"
"63","board_5x19_14_2151_none","5","19","14","47","81","1","84387","3","95","84387","37","84524","1053","1134","9285","0.9285","0"
"64","board_4x12_12_2166_none","4","12","12","28","36","1","21815","3","48","21815","37","21905","396","432","9166","0.9166","0"
"65","board_6x5_5_2182_none","6","5","5","11","25","1","5112","3","30","5112","37","5184","100","125","8000","0.8000","0"
"66","board_7x4_4_2188_none","7","4","4","5","24","0","2610","3","28","2610","37","2680","96","96","10000","1.0000","0"
"67","board_9x4_5_2194_none","9","4","5","12","31","1","2504","3","36","2504","37","2582","124","155","8000","0.8000","0"
"68","board_16x14_55_2201_none","16","14","55","106","169","3","73061","3","224","73061","37","73327","8788","9295","9454","0.9454","0"
"69","board_19x19_50_2263_none","19","19","50","116","311","0","58498","3","361","58498","37","58901","15550","15550","10000","1.0000","0"
"70","board_19x16_75_2315_none","19","16","75","147","229","5","527581","3","304","527581","37","527927","16030","17175","9333","0.9333","0"
"71","board_14x4_7_2401_none","14","4","7","16","49","0","3329","3","56","3329","37","3427","343","343","10000","1.0000","0"
"72","board_9x6_13_2409_none","9","6","13","33","41","2","83102","3","54","83102","37","83198","451","533","8461","0.8461","0"
"73","board_4x16_13_2425_none","4","16","13","19","51","2","23678","3","64","23678","37","23784","561","663","8461","0.8461","0"
"74","board_5x16_22_2443_none","5","16","22","39","58","5","66471","3","80","66471","37","66593","986","1276","7727","0.7727","0"
"75","board_11x5_7_2473_none","11","5","7","19","48","0","5134","3","55","5134","37","5231","336","336","10000","1.0000","0"
"76","board_18x8_37_2481_none","18","8","37","35","62","1","388841","3","144","388841","37","389027","2187","3959","5524","0.5524","1"
"77","board_19x12_48_2530_none","19","12","48","126","180","7","280372","3","228","280372","37","280642","7380","8640","8541","0.8541","0"
"78","board_19x16_46_2583_none","19","16","46","113","258","0","51221","3","304","51221","37","51567","11868","11868","10000","1.0000","0"
"79","board_19x18_47_2633_none","19","18","47","97","295","0","34359","3","342","34359","37","34743","13865","13865","10000","1.0000","0"
"80","board_17x18_78_2682_none","17","18","78","158","228","3","396178","3","306","396178","37","396526","17100","17784","9615","0.9615","0"
"81","board_15x14_51_2776_none","15","14","51","82","149","2","266540","3","210","266540","37","266792","7281","8109","8978","0.8978","1"
"82","board_10x6_8_2841_none","10","6","8","12","52","0","4722","3","60","4722","37","4824","416","416","10000","1.0000","0"
"83","board_6x4_6_2852_none","6","4","6","15","18","0","45052","3","24","45052","37","45118","108","108","10000","1.0000","0"
"84","board_5x5_6_2859_none","5","5","6","23","19","4","4573","3","25","4573","37","4640","38","114","3333","0.3333","0"
"85","board_4x12_8_2866_none","4","12","8","19","40","0","11752","3","48","11752","37","11842","320","320","10000","1.0000","0"
"86","board_6x19_24_2876_none","6","19","24","19","39","3","137097","3","114","137097","37","137253","666","2160","3083","0.3083","1"
"87","board_8x19_39_2903_none","8","19","39","52","98","1","125551","3","152","125551","37","125745","3709","4407","8416","0.8416","1"
"88","board_12x12_26_2952_none","12","12","26","62","118","0","76644","3","144","76644","37","76830","3068","3068","10000","1.0000","0"
"89","board_15x8_16_2982_none","15","8","16","49","104","0","12220","3","120","12220","37","12382","1664","1664","10000","1.0000","0"
"90","board_19x5_25_2999_none","19","5","25","44","70","3","32842","3","95","32842","37","32979","1540","1750","8800","0.8800","0"
"91","board_19x6_29_3031_none","19","6","29","66","85","3","98631","3","114","98631","37","98787","2210","2465","8965","0.8965","0"
"92","board_16x19_62_3063_none","16","19","62","130","242","0","167805","3","304","167805","37","168151","15004","15004","10000","1.0000","0"
"93","board_9x14_22_3129_none","9","14","22","45","104","1","78895","3","126","78895","37","79063","2184","2288","9545","0.9545","0"
"94","board_5x6_5_3153_none","5","6","5","15","25","0","1965","3","30","1965","37","2037","125","125","10000","1.0000","0"
"95","board_4x5_4_3159_none","4","5","4","7","16","1","2331","3","20","2331","37","2393","48","64","7500","0.7500","0"
"96","board_4x8_6_3164_none","4","8","6","10","26","0","4592","3","32","4592","37","4666","156","156","10000","1.0000","0"
"97","board_6x12_10_3173_none","6","12","10","15","62","0","5659","3","72","5659","37","5773","620","620","10000","1.0000","0"
"98","board_12x19_63_3184_none","12","19","63","111","154","3","386639","3","228","386639","37","386909","9207","10395","8857","0.8857","1"
"99","board_19x8_26_3257_none","19","8","26","48","126","0","53868","3","152","53868","37","54062","3276","3276","10000","1.0000","0"
"100","board_18x5_19_3285_none","18","5","19","50","71","2","28810","3","90","28810","37","28942","1207","1349","8947","0.8947","0"
"101","board_16x10_22_3306_none","16","10","22","54","138","0","13330","3","160","13330","37","13532","3036","3036","10000","1.0000","0"
"102","board_12x16_42_3329_none","12","16","42","68","150","1","208671","3","192","208671","37","208905","6150","6300","9761","0.9761","0"
"103","board_7x19_27_3377_none","7","19","27","55","106","0","40454","3","133","40454","37","40629","2862","2862","10000","1.0000","0"
"104","board_4x14_9_3407_none","4","14","9","19","47","1","20044","3","56","20044","37","20142","376","423","8888","0.8888","0"
"105","board_4x8_6_3417_none","4","8","6","20","26","0","4815","3","32","4815","37","4889","156","156","10000","1.0000","0"
"106","board_4x6_6_3425_none","4","6","6","9","18","0","2382","3","24","2382","37","2448","108","108","10000","1.0000","0"
"107","board_6x4_5_3433_none","6","4","5","12","19","0","1705","3","24","1705","37","1771","95","95","10000","1.0000","0"
"108","board_7x5_6_3440_none","7","5","6","22","29","1","12243","3","35","12243","37","12320","145","174","8333","0.8333","0"
"109","board_15x18_68_3447_none","15","18","68","95","126","6","434695","3","270","434695","37","435007","7356","13736","5355","0.5355","1"
"110","board_19x14_40_3528_none","19","14","40","73","226","0","28392","3","266","28392","37","28700","9040","9040","10000","1.0000","0"
"111","board_18x5_23_3571_none","18","5","23","52","59","2","206401","3","90","206401","37","206533","1223","1541","7936","0.7936","1"
"112","board_16x4_12_3597_none","16","4","12","37","52","2","26992","3","64","26992","37","27098","520","624","8333","0.8333","0"
"113","board_14x5_10_3611_none","14","5","10","36","60","1","95363","3","70","95363","37","95475","540","600","9000","0.9000","0"
"114","board_11x8_13_3622_none","11","8","13","18","75","2","13747","3","88","13747","37","13877","825","975","8461","0.8461","0"
"115","board_5x19_24_3636_none","5","19","24","47","71","3","29143","3","95","29143","37","29280","1491","1704","8750","0.8750","0"
"116","board_4x16_9_3665_none","4","16","9","19","55","0","4542","3","64","4542","37","4648","495","495","10000","1.0000","0"
"117","board_7x6_11_3675_none","7","6","11","25","31","4","27373","3","42","27373","37","27457","217","341","6363","0.6363","0"
"118","board_14x6_12_3687_none","14","6","12","8","72","0","6141","3","84","6141","37","6267","864","864","10000","1.0000","0"
"119","board_19x18_81_3701_none","19","18","81","45","97","3","469800","3","342","469800","37","470184","7074","21141","3346","0.3346","1"
"120","board_19x19_55_3790_none","19","19","55","87","306","0","18603","3","361","18603","37","19006","16830","16830","10000","1.0000","0"
"121","board_19x19_49_3848_none","19","19","49","105","312","1","48601","3","361","48601","37","49004","14976","15288","9795","0.9795","0"
"122","board_14x6_21_3900_none","14","6","21","47","63","2","32734","3","84","32734","37","32860","1197","1323","9047","0.9047","0"
"123","board_9x4_5_3924_none","9","4","5","8","31","0","12205","3","36","12205","37","12283","155","155","10000","1.0000","0"
"124","board_5x10_12_3930_none","5","10","12","30","38","4","67791","3","50","67791","37","67883","304","456","6666","0.6666","0"
"125","board_4x18_14_3944_none","4","18","14","28","58","0","25858","3","72","25858","37","25972","812","812","10000","1.0000","0"
"126","board_4x19_12_3961_none","4","19","12","22","64","0","8032","3","76","8032","37","8150","768","768","10000","1.0000","0"
"127","board_11x8_22_3974_none","11","8","22","37","66","1","30885","3","88","30885","37","31015","1386","1452","9545","0.9545","0"
"128","board_16x4_8_3998_none","16","4","8","18","56","0","9476","3","64","9476","37","9582","448","448","10000","1.0000","0"
"129","board_17x4_10_4007_none","17","4","10","21","58","1","15343","3","68","15343","37","15453","522","580","9000","0.9000","0"
"130","board_19x14_67_4019_none","19","14","67","146","199","1","226872","3","266","226872","37","227180","13134","13333","9850","0.9850","0"
"131","board_19x18_58_4099_none","19","18","58","129","284","0","50119","3","342","50119","37","50503","16472","16472","10000","1.0000","0"
"132","board_14x16_53_4164_none","14","16","53","114","161","2","586230","3","224","586230","37","586496","8191","9063","9037","0.9037","1"
"133","board_12x14_46_4226_none","12","14","46","66","88","3","427766","3","168","427766","37","427976","3682","5612","6560","0.6560","1"
"134","board_10x10_24_4277_none","10","10","24","53","76","0","14738","3","100","14738","37","14880","1824","1824","10000","1.0000","0"
"135","board_7x5_5_4304_none","7","5","5","15","30","1","6460","3","35","6460","37","6537","120","150","8000","0.8000","0"
"136","board_4x6_6_4311_none","4","6","6","12","18","0","2910","3","24","2910","37","2976","108","108","10000","1.0000","0"
"137","board_6x18_15_4319_none","6","18","15","27","93","0","10987","3","108","10987","37","11137","1395","1395","10000","1.0000","0"
"138","board_14x14_51_4335_none","14","14","51","72","113","4","319416","3","196","319416","37","319654","5183","7395","7008","0.7008","1"
"139","board_19x4_11_4390_none","19","4","11","21","65","0","7042","3","76","7042","37","7160","715","715","10000","1.0000","0"
"140","board_19x5_23_4403_none","19","5","23","32","72","0","21471","3","95","21471","37","21608","1656","1656","10000","1.0000","0"
"141","board_19x8_39_4427_none","19","8","39","83","113","2","134567","3","152","134567","37","134761","4181","4407","9487","0.9487","0"
"142","board_14x19_38_4473_none","14","19","38","74","228","0","28873","3","266","28873","37","29181","8664","8664","10000","1.0000","0"
"143","board_10x19_46_4515_none","10","19","46","125","144","4","171468","3","190","171468","37","171700","6048","6624","9130","0.9130","0"
"144","board_9x18_41_4567_none","9","18","41","85","121","5","55002","3","162","55002","37","55206","4356","4961","8780","0.8780","0"
"145","board_6x12_15_4612_none","6","12","15","31","57","0","3627","3","72","3627","37","3741","855","855","10000","1.0000","0"
"146","board_4x8_5_4628_none","4","8","5","8","27","0","3976","3","32","3976","37","4050","135","135","10000","1.0000","0"
"147","board_4x4_3_4635_none","4","4","3","8","13","0","1483","3","16","1483","37","1541","39","39","10000","1.0000","0"
"148","board_8x12_16_4639_none","8","12","16","35","80","0","5287","3","96","5287","37","5425","1280","1280","10000","1.0000","0"
"149","board_15x19_69_4657_none","15","19","69","145","216","4","301901","3","285","301901","37","302228","14040","14904","9420","0.9420","0"
"150","board_17x18_78_4735_none","17","18","78","110","175","3","1251180","3","306","1251180","37","1251528","12966","17784","7290","0.7290","1"
"151","board_19x6_18_4835_none","19","6","18","43","96","0","10650","3","114","10650","37","10806","1728","1728","10000","1.0000","0"
"152","board_17x5_22_4855_none","17","5","22","50","63","4","244538","3","85","244538","37","244665","1134","1386","8181","0.8181","0"
"153","board_9x18_27_4886_none","9","18","27","41","135","1","24751","3","162","24751","37","24955","3510","3645","9629","0.9629","0"
"154","board_4x14_9_4915_none","4","14","9","15","47","0","14733","3","56","14733","37","14831","423","423","10000","1.0000","0"
"155","board_5x5_5_4925_none","5","5","5","12","20","1","5931","3","25","5931","37","5998","80","100","8000","0.8000","0"
"156","board_10x6_13_4933_none","10","6","13","40","47","2","76828","3","60","76828","37","76930","517","611","8461","0.8461","0"
"157","board_14x12_23_4949_none","14","12","23","41","145","0","11013","3","168","11013","37","11223","3335","3335","10000","1.0000","0"
"158","board_16x16_44_4975_none","16","16","44","106","212","2","34615","3","256","34615","37","34913","8904","9328","9545","0.9545","0"
"159","board_19x16_54_5024_none","19","16","54","107","250","2","98962","3","304","98962","37","99308","13000","13500","9629","0.9629","0"
"160","board_15x4_16_5084_none","15","4","16","35","44","5","47094","3","60","47094","37","47196","484","704","6875","0.6875","0"
"161","board_8x10_11_5105_none","8","10","11","25","69","0","5533","3","80","5533","37","5655","759","759","10000","1.0000","0"
"162","board_7x12_12_5117_none","7","12","12","12","72","2","7730","3","84","7730","37","7856","720","864","8333","0.8333","0"
"163","board_6x14_15_5132_none","6","14","15","39","69","3","25755","3","84","25755","37","25881","828","1035","8000","0.8000","0"
"164","board_4x19_15_5149_none","4","19","15","26","61","2","17692","3","76","17692","37","17810","793","915","8666","0.8666","0"
"165","board_4x16_11_5168_none","4","16","11","20","53","0","5590","3","64","5590","37","5696","583","583","10000","1.0000","0"
"166","board_9x6_13_5182_none","9","6","13","8","41","1","5932","3","54","5932","37","6028","492","533","9230","0.9230","0"
"167","board_16x6_14_5197_none","16","6","14","30","82","0","9345","3","96","9345","37","9483","1148","1148","10000","1.0000","0"
"168","board_19x19_95_5213_none","19","19","95","106","153","3","542963","3","361","542963","37","543366","13737","25270","5436","0.5436","1"
"169","board_16x14_33_5327_none","16","14","33","62","191","0","17933","3","224","17933","37","18199","6303","6303","10000","1.0000","0"
"170","board_9x4_9_5364_none","9","4","9","19","27","2","30329","3","36","30329","37","30407","189","243","7777","0.7777","0"
"171","board_4x12_10_5374_none","4","12","10","28","38","1","29573","3","48","29573","37","29663","342","380","9000","0.9000","0"
"172","board_6x19_20_5387_none","6","19","20","45","94","0","13263","3","114","13263","37","13419","1880","1880","10000","1.0000","0"
"173","board_12x10_30_5410_none","12","10","30","65","90","1","354490","3","120","354490","37","354652","2610","2700","9666","0.9666","0"
"174","board_19x5_13_5448_none","19","5","13","23","82","0","33461","3","95","33461","37","33598","1066","1066","10000","1.0000","0"
"175","board_19x10_41_5465_none","19","10","41","69","146","4","161888","3","190","161888","37","162120","5390","6109","8823","0.8823","1"
"176","board_19x12_56_5510_none","19","12","56","90","172","0","49645","3","228","49645","37","49915","9632","9632","10000","1.0000","0"
"177","board_19x14_70_5573_none","19","14","70","134","194","6","645547","3","266","645547","37","645855","12404","13720","9040","0.9040","1"
"178","board_12x18_32_5652_none","12","18","32","97","184","0","14493","3","216","14493","37","14751","5888","5888","10000","1.0000","0"
"179","board_7x8_14_5691_none","7","8","14","23","42","2","30100","3","56","30100","37","30198","504","588","8571","0.8571","0"
"180","board_4x4_3_5706_none","4","4","3","8","13","0","2857","3","16","2857","37","2915","39","39","10000","1.0000","0"
"181","board_4x10_11_5710_none","4","10","11","14","18","2","73326","3","40","73326","37","73408","140","319","4388","0.4388","1"
"182","board_7x16_27_5722_none","7","16","27","55","85","6","35777","3","112","35777","37","35931","1785","2295","7777","0.7777","0"
"183","board_9x19_29_5751_none","9","19","29","46","142","0","8901","3","171","8901","37","9114","4118","4118","10000","1.0000","0"
"184","board_10x19_29_5782_none","10","19","29","68","161","0","27880","3","190","27880","37","28112","4669","4669","10000","1.0000","0"
"185","board_12x19_34_5818_none","12","19","34","80","194","0","12010","3","228","12010","37","12280","6596","6596","10000","1.0000","0"
"186","board_18x10_46_5854_none","18","10","46","107","134","1","143118","3","180","143118","37","143340","6030","6164","9782","0.9782","0"
"187","board_19x4_11_5911_none","19","4","11","21","65","0","11220","3","76","11220","37","11338","715","715","10000","1.0000","0"
"188","board_15x14_51_5923_none","15","14","51","11","17","2","136006","3","210","136006","37","136258","549","8109","677","0.0677","1"
"189","board_11x19_31_5977_none","11","19","31","73","178","0","15647","3","209","15647","37","15898","5518","5518","10000","1.0000","0"
"190","board_6x16_23_6011_none","6","16","23","54","73","1","27440","3","96","27440","37","27578","1606","1679","9565","0.9565","0"
"191","board_4x10_10_6039_none","4","10","10","17","30","2","13564","3","40","13564","37","13646","240","300","8000","0.8000","0"
"192","board_4x4_3_6051_none","4","4","3","6","13","0","1746","3","16","1746","37","1804","39","39","10000","1.0000","0"
"193","board_7x6_10_6055_none","7","6","10","23","32","1","40819","3","42","40819","37","40903","288","320","9000","0.9000","0"
"194","board_12x16_35_6069_none","12","16","35","99","157","1","334657","3","192","334657","37","334891","5338","5495","9714","0.9714","0"
"195","board_18x18_78_6108_none","18","18","78","162","246","2","290015","3","324","290015","37","290381","18696","19188","9743","0.9743","0"
"196","board_19x10_41_6201_none","19","10","41","79","149","0","70069","3","190","70069","37","70301","6109","6109","10000","1.0000","0"
"197","board_18x4_10_6249_none","18","4","10","31","62","1","13598","3","72","13598","37","13712","558","620","9000","0.9000","0"
"198","board_11x10_27_6260_none","11","10","27","52","83","1","36320","3","110","36320","37","36472","2158","2241","9629","0.9629","0"
"199","board_4x19_19_6291_none","4","19","19","36","56","3","45334","3","76","45334","37","45452","893","1083","8245","0.8245","1"
"200","board_5x8_6_6317_none","5","8","6","7","34","0","2717","3","40","2717","37","2799","204","204","10000","1.0000","0"
"201","board_6x6_5_6324_none","6","6","5","11","31","0","1983","3","36","1983","37","2061","155","155","10000","1.0000","0"
"202","board_9x4_7_6330_none","9","4","7","19","29","0","9422","3","36","9422","37","9500","203","203","10000","1.0000","0"
"203","board_14x8_26_6338_none","14","8","26","40","86","1","60518","3","112","60518","37","60672","2150","2236","9615","0.9615","0"
"204","board_17x14_35_6367_none","17","14","35","61","203","0","18605","3","238","18605","37","18885","7105","7105","10000","1.0000","0"
"205","board_19x19_78_6407_none","19","19","78","159","283","3","119682","3","361","119682","37","120085","21225","22074","9615","0.9615","0"
"206","board_18x12_37_6494_none","18","12","37","80","179","0","12207","3","216","12207","37","12465","6623","6623","10000","1.0000","0"
"207","board_17x10_25_6536_none","17","10","25","63","145","1","26534","3","170","26534","37","26746","3480","3625","9600","0.9600","0"
"208","board_15x6_13_6564_none","15","6","13","31","77","0","25497","3","90","25497","37","25629","1001","1001","10000","1.0000","0"
"209","board_14x5_12_6578_none","14","5","12","29","58","0","26604","3","70","26604","37","26716","696","696","10000","1.0000","0"
"210","board_9x5_11_6591_none","9","5","11","30","34","4","59089","3","45","59089","37","59176","238","374","6363","0.6363","0"
"211","board_8x6_12_6603_none","8","6","12","22","36","1","10727","3","48","10727","37","10817","396","432","9166","0.9166","0"
"212","board_4x19_15_6619_none","4","19","15","43","61","0","47476","3","76","47476","37","47594","915","915","10000","1.0000","0"
"213","board_4x19_23_6637_none","4","19","23","42","53","3","26214","3","76","26214","37","26332","1060","1219","8695","0.8695","0"
"214","board_8x12_14_6664_none","8","12","14","26","82","2","10141","3","96","10141","37","10279","984","1148","8571","0.8571","0"
"215","board_11x6_12_6679_none","11","6","12","21","54","0","7761","3","66","7761","37","7869","648","648","10000","1.0000","0"
"216","board_12x5_13_6693_none","12","5","13","30","47","3","26516","3","60","26516","37","26618","470","611","7692","0.7692","0"
"217","board_17x5_20_6708_none","17","5","20","40","65","4","52265","3","85","52265","37","52392","1040","1300","8000","0.8000","0"
"218","board_19x18_71_6733_none","19","18","71","155","271","0","79825","3","342","79825","37","80209","19241","19241","10000","1.0000","0"
"219","board_16x18_59_6816_none","16","18","59","128","229","1","157582","3","288","157582","37","157912","13282","13511","9830","0.9830","0"
"220","board_10x8_14_6882_none","10","8","14","26","66","1","8709","3","80","8709","37","8831","858","924","9285","0.9285","0"
"221","board_8x5_9_6897_none","8","5","9","10","22","0","81523","3","40","81523","37","81605","198","279","7096","0.7096","1"
"222","board_5x4_5_6907_none","5","4","5","12","15","3","28679","3","20","28679","37","28741","30","75","4000","0.4000","0"
"223","board_4x5_4_6913_none","4","5","4","10","16","1","16568","3","20","16568","37","16630","48","64","7500","0.7500","0"
"224","board_4x16_15_6918_none","4","16","15","22","49","1","8697","3","64","8697","37","8803","686","735","9333","0.9333","0"
"225","board_5x18_22_6938_none","5","18","22","43","68","2","59363","3","90","59363","37","59495","1360","1496","9090","0.9090","0"
"226","board_8x19_37_6967_none","8","19","37","96","115","4","68925","3","152","68925","37","69119","3795","4255","8918","0.8918","0"
"227","board_15x10_26_7014_none","15","10","26","56","124","1","28932","3","150","28932","37","29124","3100","3224","9615","0.9615","0"
"228","board_18x5_23_7044_none","18","5","23","36","67","0","9866","3","90","9866","37","9998","1541","1541","10000","1.0000","0"
"229","board_19x10_28_7070_none","19","10","28","59","162","1","23679","3","190","23679","37","23911","4374","4536","9642","0.9642","0"
"230","board_12x19_51_7103_none","12","19","51","119","177","5","560179","3","228","560179","37","560449","8142","9027","9019","0.9019","0"
"231","board_7x12_14_7160_none","7","12","14","45","70","0","6694","3","84","6694","37","6820","980","980","10000","1.0000","0"
"232","board_5x8_10_7176_none","5","8","10","19","30","0","3931","3","40","3931","37","4013","300","300","10000","1.0000","0"
"233","board_4x4_4_7187_none","4","4","4","14","12","2","3958","3","16","3958","37","4016","24","48","5000","0.5000","0"
"234","board_6x10_10_7194_none","6","10","10","15","50","0","9777","3","60","9777","37","9879","500","500","10000","1.0000","0"
"235","board_7x12_17_7206_none","7","12","17","43","67","4","22566","3","84","22566","37","22692","871","1139","7647","0.7647","0"
"236","board_14x19_46_7224_none","14","19","46","98","220","1","72258","3","266","72258","37","72566","9900","10120","9782","0.9782","0"
"237","board_15x19_41_7279_none","15","19","41","78","244","0","62076","3","285","62076","37","62403","10004","10004","10000","1.0000","0"
"238","board_19x6_32_7323_none","19","6","32","29","72","2","67894","3","114","67894","37","68050","2140","2624","8155","0.8155","1"
"239","board_16x8_22_7362_none","16","8","22","40","106","0","42894","3","128","42894","37","43064","2332","2332","10000","1.0000","0"
"240","board_10x18_43_7386_none","10","18","43","75","118","1","181498","3","180","181498","37","181720","4937","5891","8380","0.8380","1"
"241","board_5x18_13_7433_none","5","18","13","35","77","0","19509","3","90","19509","37","19641","1001","1001","10000","1.0000","0"
"242","board_4x14_12_7447_none","4","14","12","32","44","3","18849","3","56","18849","37","18947","396","528","7500","0.7500","0"
"243","board_5x4_3_7460_none","5","4","3","9","17","0","1546","3","20","1546","37","1608","51","51","10000","1.0000","0"
"244","board_10x8_17_7464_none","10","8","17","32","63","0","13737","3","80","13737","37","13859","1071","1071","10000","1.0000","0"
"245","board_15x16_58_7483_none","15","16","58","123","182","0","198697","3","240","198697","37","198979","10556","10556","10000","1.0000","0"
"246","board_17x19_55_7547_none","17","19","55","147","268","1","263996","3","323","263996","37","264361","14472","14740","9818","0.9818","0"
"247","board_18x19_50_7610_none","18","19","50","102","292","0","19279","3","342","19279","37","19663","14600","14600","10000","1.0000","0"
"248","board_19x19_52_7666_none","19","19","52","118","309","0","28308","3","361","28308","37","28711","16068","16068","10000","1.0000","0"
"249","board_19x18_59_7723_none","19","18","59","138","283","0","58310","3","342","58310","37","58694","16697","16697","10000","1.0000","0"
"250","board_19x16_65_7787_none","19","16","65","148","239","1","68629","3","304","68629","37","68975","15296","15535","9846","0.9846","0"
"251","board_17x5_14_7860_none","17","5","14","33","71","4","94788","3","85","94788","37","94915","710","994","7142","0.7142","0"
"252","board_10x8_19_7876_none","10","8","19","36","61","1","15343","3","80","15343","37","15465","1098","1159","9473","0.9473","0"
"253","board_4x19_11_7900_none","4","19","11","22","65","3","13635","3","76","13635","37","13753","520","715","7272","0.7272","0"
"254","board_5x12_16_7912_none","5","12","16","29","44","2","22708","3","60","22708","37","22810","616","704","8750","0.8750","0"
"255","board_8x6_8_7929_none","8","6","8","16","40","1","17724","3","48","17724","37","17814","280","320","8750","0.8750","0"
"256","board_12x4_9_7939_none","12","4","9","23","39","0","7463","3","48","7463","37","7553","351","351","10000","1.0000","0"
"257","board_16x8_33_7949_none","16","8","33","63","95","2","80248","3","128","80248","37","80418","2945","3135","9393","0.9393","0"
"258","board_18x12_52_7990_none","18","12","52","107","164","0","35700","3","216","35700","37","35958","8528","8528","10000","1.0000","0"
"259","board_19x19_50_8055_none","19","19","50","117","311","0","80182","3","361","80182","37","80585","15550","15550","10000","1.0000","0"
"260","board_18x18_78_8107_none","18","18","78","160","246","3","173991","3","324","173991","37","174357","18450","19188","9615","0.9615","0"
"261","board_17x14_62_8194_none","17","14","62","46","98","4","248194","3","238","248194","37","248474","5372","10912","4923","0.4923","1"
"262","board_12x6_11_8265_none","12","6","11","30","61","0","8709","3","72","8709","37","8823","671","671","10000","1.0000","0"
"263","board_11x5_7_8277_none","11","5","7","13","48","0","2934","3","55","2934","37","3031","336","336","10000","1.0000","0"
"264","board_9x4_6_8286_none","9","4","6","9","30","1","5339","3","36","5339","37","5417","150","180","8333","0.8333","0"
"265","board_7x5_8_8294_none","7","5","8","13","27","0","4081","3","35","4081","37","4158","216","216","10000","1.0000","0"
"266","board_4x18_9_8303_none","4","18","9","19","63","0","6308","3","72","6308","37","6422","567","567","10000","1.0000","0"
"267","board_6x19_27_8314_none","6","19","27","47","67","1","103850","3","114","103850","37","104006","1722","2349","7330","0.7330","1"
"268","board_10x12_26_8348_none","10","12","26","52","94","1","11818","3","120","11818","37","11980","2350","2444","9615","0.9615","0"
"269","board_14x6_12_8378_none","14","6","12","13","72","1","10379","3","84","10379","37","10505","792","864","9166","0.9166","0"
"270","board_15x5_11_8391_none","15","5","11","22","64","2","16554","3","75","16554","37","16671","576","704","8181","0.8181","0"
"271","board_19x10_41_8404_none","19","10","41","70","136","3","297459","3","190","297459","37","297691","5129","6109","8395","0.8395","1"
"272","board_17x19_68_8450_none","17","19","68","194","255","2","124461","3","323","124461","37","124826","16830","17340","9705","0.9705","0"
"273","board_9x10_13_8526_none","9","10","13","27","77","1","11698","3","90","11698","37","11830","924","1001","9230","0.9230","0"
"274","board_8x8_8_8540_none","8","8","8","14","56","0","5227","3","64","5227","37","5333","448","448","10000","1.0000","0"
"275","board_6x5_5_8549_none","6","5","5","7","25","0","1703","3","30","1703","37","1775","125","125","10000","1.0000","0"
"276","board_4x4_4_8556_none","4","4","4","9","12","0","2734","3","16","2734","37","2792","48","48","10000","1.0000","0"
"277","board_4x4_4_8561_none","4","4","4","15","12","3","3389","3","16","3389","37","3447","12","48","2500","0.2500","0"
"278","board_4x8_6_8566_none","4","8","6","9","26","0","5128","3","32","5128","37","5202","156","156","10000","1.0000","0"
"279","board_8x19_31_8574_none","8","19","31","56","121","0","132771","3","152","132771","37","132965","3751","3751","10000","1.0000","0"
"280","board_15x14_37_8610_none","15","14","37","72","173","1","26637","3","210","26637","37","26889","6228","6401","9729","0.9729","0"
"281","board_19x4_19_8654_none","19","4","19","42","57","3","61520","3","76","61520","37","61638","912","1083","8421","0.8421","0"
"282","board_19x6_25_8674_none","19","6","25","55","89","2","129012","3","114","129012","37","129168","2047","2225","9200","0.9200","0"
"283","board_17x12_28_8705_none","17","12","28","66","176","2","54286","3","204","54286","37","54532","4576","4928","9285","0.9285","0"
"284","board_14x18_51_8739_none","14","18","51","121","201","2","70831","3","252","70831","37","71125","9849","10251","9607","0.9607","0"
"285","board_9x19_41_8795_none","9","19","41","82","130","1","42547","3","171","42547","37","42760","5200","5330","9756","0.9756","0"
"286","board_6x14_12_8842_none","6","14","12","11","72","0","7090","3","84","7090","37","7216","864","864","10000","1.0000","0"
"287","board_4x4_4_8857_none","4","4","4","6","12","1","1668","3","16","1668","37","1726","36","48","7500","0.7500","0"
"288","board_10x14_25_8862_none","10","14","25","31","115","0","11349","3","140","11349","37","11531","2875","2875","10000","1.0000","0"
"289","board_14x19_67_8892_none","14","19","67","112","194","4","133767","3","266","133767","37","134075","12202","13333","9151","0.9151","1"
"290","board_18x16_43_8965_none","18","16","43","116","245","2","38125","3","288","38125","37","38455","10045","10535","9534","0.9534","0"
"291","board_19x6_29_9014_none","19","6","29","53","85","2","35395","3","114","35395","37","35551","2295","2465","9310","0.9310","0"
"292","board_15x6_13_9046_none","15","6","13","33","77","0","13995","3","90","13995","37","14127","1001","1001","10000","1.0000","0"
"293","board_14x8_15_9060_none","14","8","15","23","97","0","5776","3","112","5776","37","5930","1455","1455","10000","1.0000","0"
"294","board_6x19_28_9077_none","6","19","28","31","86","1","34828","3","114","34828","37","34984","2322","2408","9642","0.9642","0"
"295","board_4x12_8_9111_none","4","12","8","20","40","2","11064","3","48","11064","37","11154","240","320","7500","0.7500","0"
"296","board_9x4_6_9120_none","9","4","6","11","30","0","9320","3","36","9320","37","9398","180","180","10000","1.0000","0"
"297","board_10x5_7_9127_none","10","5","7","22","43","1","23910","3","50","23910","37","24002","258","301","8571","0.8571","0"
"298","board_11x6_9_9135_none","11","6","9","26","57","1","9031","3","66","9031","37","9139","456","513","8888","0.8888","0"
"299","board_18x18_81_9145_none","18","18","81","161","243","0","246026","3","324","246026","37","246392","19683","19683","10000","1.0000","0"
"300","board_19x19_65_9242_none","19","19","65","122","296","0","57428","3","361","57428","37","57831","19240","19240","10000","1.0000","0"
"301","board_19x18_47_9310_none","19","18","47","96","295","0","24616","3","342","24616","37","25000","13865","13865","10000","1.0000","0"
"302","board_17x8_35_9363_none","17","8","35","79","101","1","33740","3","136","33740","37","33918","3434","3535","9714","0.9714","0"
"303","board_10x5_7_9401_none","10","5","7","7","43","1","3288","3","50","3288","37","3380","258","301","8571","0.8571","0"
"304","board_6x12_17_9409_none","6","12","17","49","55","2","33487","3","72","33487","37","33601","825","935","8823","0.8823","0"
"305","board_4x16_19_9429_none","4","16","19","39","43","3","144224","3","64","144224","37","144330","682","855","7976","0.7976","1"
"306","board_4x19_15_9452_none","4","19","15","34","61","1","34321","3","76","34321","37","34439","854","915","9333","0.9333","0"
"307","board_4x19_13_9469_none","4","19","13","17","63","0","47603","3","76","47603","37","47721","819","819","10000","1.0000","0"
"308","board_5x16_14_9484_none","5","16","14","18","51","0","52000","3","80","52000","37","52122","714","924","7727","0.7727","1"
"309","board_8x10_21_9502_none","8","10","21","47","59","1","151757","3","80","151757","37","151879","1180","1239","9523","0.9523","0"
"310","board_9x8_19_9531_none","9","8","19","47","53","2","136120","3","72","136120","37","136234","901","1007","8947","0.8947","0"
"311","board_15x4_8_9552_none","15","4","8","22","52","0","6315","3","60","6315","37","6417","416","416","10000","1.0000","0"
"312","board_16x5_11_9561_none","16","5","11","16","69","1","10156","3","80","10156","37","10278","690","759","9090","0.9090","0"
"313","board_19x18_72_9573_none","19","18","72","74","171","1","695359","3","342","695359","37","695743","12042","19440","6194","0.6194","1"
"314","board_16x16_53_9660_none","16","16","53","128","203","3","144699","3","256","144699","37","144997","10150","10759","9433","0.9433","0"
"315","board_11x8_22_9720_none","11","8","22","47","66","2","98669","3","88","98669","37","98799","1320","1452","9090","0.9090","0"
"316","board_8x4_4_9748_none","8","4","4","8","28","0","1579","3","32","1579","37","1653","112","112","10000","1.0000","0"
"317","board_6x4_3_9753_none","6","4","3","3","21","1","2048","3","24","2048","37","2114","42","63","6666","0.6666","0"
"318","board_4x6_6_9757_none","4","6","6","12","18","0","6493","3","24","6493","37","6559","108","108","10000","1.0000","0"
"319","board_5x19_14_9764_none","5","19","14","23","81","2","12103","3","95","12103","37","12240","972","1134","8571","0.8571","0"
"320","board_11x14_42_9782_none","11","14","42","53","86","5","329465","3","154","329465","37","329661","3052","4704","6488","0.6488","1"
"321","board_12x12_40_9830_none","12","12","40","77","104","4","263507","3","144","263507","37","263693","3744","4160","9000","0.9000","0"
"322","board_15x8_25_9883_none","15","8","25","71","95","2","101895","3","120","101895","37","102057","2185","2375","9200","0.9200","0"
"323","board_18x4_10_9912_none","18","4","10","25","62","0","7704","3","72","7704","37","7818","620","620","10000","1.0000","0"
"324","board_19x10_50_9923_none","19","10","50","93","140","1","284066","3","190","284066","37","284298","6860","7000","9800","0.9800","0"
"325","board_17x18_44_9976_none","17","18","44","86","262","0","15592","3","306","15592","37","15940","11528","11528","10000","1.0000","0"
"326","board_15x19_42_10025_none","15","19","42","81","243","0","14892","3","285","14892","37","15219","10206","10206","10000","1.0000","0"
"327","board_14x19_46_10069_none","14","19","46","100","220","0","22126","3","266","22126","37","22434","10120","10120","10000","1.0000","0"
"328","board_11x18_48_10118_none","11","18","48","72","150","3","108007","3","198","108007","37","108247","6750","7200","9375","0.9375","0"
"329","board_5x6_4_10169_none","5","6","4","13","26","0","1821","3","30","1821","37","1893","104","104","10000","1.0000","0"
"330","board_4x4_3_10174_none","4","4","3","3","13","0","1208","3","16","1208","37","1266","39","39","10000","1.0000","0"
"331","board_4x8_9_10179_none","4","8","9","15","23","2","9751","3","32","9751","37","9825","161","207","7777","0.7777","0"
"332","board_8x16_18_10190_none","8","16","18","19","110","0","6131","3","128","6131","37","6301","1980","1980","10000","1.0000","0"
"333","board_15x18_68_10210_none","15","18","68","129","202","0","93895","3","270","93895","37","94207","13736","13736","10000","1.0000","0"
"334","board_18x10_32_10284_none","18","10","32","83","148","0","48152","3","180","48152","37","48374","4736","4736","10000","1.0000","0"
"335","board_19x4_15_10319_none","19","4","15","32","61","1","22254","3","76","22254","37","22372","854","915","9333","0.9333","0"
"336","board_16x10_33_10337_none","16","10","33","85","127","0","77945","3","160","77945","37","78147","4191","4191","10000","1.0000","0"
"337","board_9x19_36_10376_none","9","19","36","71","135","2","72099","3","171","72099","37","72312","4590","4860","9444","0.9444","0"
"338","board_4x12_9_10418_none","4","12","9","11","39","1","4961","3","48","4961","37","5051","312","351","8888","0.8888","0"
"339","board_5x4_5_10428_none","5","4","5","16","15","1","25613","3","20","25613","37","25675","60","75","8000","0.8000","0"
"340","board_6x4_6_10436_none","6","4","6","9","18","1","3905","3","24","3905","37","3971","90","108","8333","0.8333","0"
"341","board_7x5_9_10444_none","7","5","9","15","26","1","7236","3","35","7236","37","7313","208","234","8888","0.8888","0"
"342","board_15x18_45_10455_none","15","18","45","93","225","1","93722","3","270","93722","37","94034","9900","10125","9777","0.9777","0"
"343","board_18x19_90_10511_none","18","19","90","163","232","4","418272","3","342","418272","37","418656","19872","22680","8761","0.8761","1"
"344","board_19x14_48_10622_none","19","14","48","81","218","0","21951","3","266","21951","37","22259","10464","10464","10000","1.0000","0"
"345","board_17x4_17_10676_none","17","4","17","24","51","0","28155","3","68","28155","37","28265","867","867","10000","1.0000","0"
"346","board_12x6_16_10695_none","12","6","16","28","56","1","5897","3","72","5897","37","6011","840","896","9375","0.9375","0"
"347","board_10x10_15_10713_none","10","10","15","31","85","0","7315","3","100","7315","37","7457","1275","1275","10000","1.0000","0"
"348","board_9x12_15_10730_none","9","12","15","33","93","1","27873","3","108","27873","37","28023","1302","1395","9333","0.9333","0"
"349","board_4x19_21_10747_none","4","19","21","45","55","4","50794","3","76","50794","37","50912","935","1155","8095","0.8095","0"
"350","board_4x14_8_10774_none","4","14","8","19","48","0","4001","3","56","4001","37","4099","384","384","10000","1.0000","0"
"351","board_4x12_7_10783_none","4","12","7","17","41","0","9506","3","48","9506","37","9596","287","287","10000","1.0000","0"
"352","board_11x4_11_10792_none","11","4","11","22","33","2","9670","3","44","9670","37","9756","297","363","8181","0.8181","0"
"353","board_15x8_17_10807_none","15","8","17","40","103","0","11915","3","120","11915","37","12077","1751","1751","10000","1.0000","0"
"354","board_16x10_22_10825_none","16","10","22","40","138","0","21169","3","160","21169","37","21371","3036","3036","10000","1.0000","0"
"355","board_18x16_62_10848_none","18","16","62","119","226","1","46158","3","288","46158","37","46488","13786","14012","9838","0.9838","0"
"356","board_19x18_58_10918_none","19","18","58","119","284","0","26157","3","342","26157","37","26541","16472","16472","10000","1.0000","0"
"357","board_17x12_30_10982_none","17","12","30","61","174","1","26344","3","204","26344","37","26590","5046","5220","9666","0.9666","0"
"358","board_16x10_27_11014_none","16","10","27","62","133","2","28532","3","160","28532","37","28734","3325","3591","9259","0.9259","0"
"359","board_10x4_9_11043_none","10","4","9","20","31","4","6725","3","40","6725","37","6807","155","279","5555","0.5555","0"
"360","board_5x10_7_11053_none","5","10","7","11","43","2","6187","3","50","6187","37","6279","215","301","7142","0.7142","0"
"361","board_4x12_10_11061_none","4","12","10","13","38","1","7668","3","48","7668","37","7758","342","380","9000","0.9000","0"
"362","board_5x19_17_11073_none","5","19","17","29","78","0","8728","3","95","8728","37","8865","1326","1326","10000","1.0000","0"
"363","board_10x10_21_11094_none","10","10","21","36","79","1","35988","3","100","35988","37","36130","1580","1659","9523","0.9523","0"
"364","board_12x6_20_11118_none","12","6","20","44","52","0","181584","3","72","181584","37","181698","1040","1040","10000","1.0000","0"
"365","board_19x8_22_11140_none","19","8","22","46","130","1","14899","3","152","14899","37","15093","2730","2860","9545","0.9545","0"
"366","board_19x10_33_11163_none","19","10","33","59","157","0","36363","3","190","36363","37","36595","5181","5181","10000","1.0000","0"
"367","board_17x19_56_11199_none","17","19","56","90","267","0","21169","3","323","21169","37","21534","14952","14952","10000","1.0000","0"
"368","board_14x16_32_11257_none","14","16","32","73","192","0","20864","3","224","20864","37","21130","6144","6144","10000","1.0000","0"
"369","board_6x4_5_11291_none","6","4","5","17","19","1","18303","3","24","18303","37","18369","76","95","8000","0.8000","0"
"370","board_4x12_12_11297_none","4","12","12","18","36","1","16161","3","48","16161","37","16251","396","432","9166","0.9166","0"
"371","board_10x19_26_11312_none","10","19","26","60","164","1","63854","3","190","63854","37","64086","4100","4264","9615","0.9615","0"
"372","board_14x14_41_11343_none","14","14","41","74","155","3","70999","3","196","70999","37","71237","5890","6355","9268","0.9268","0"
"373","board_19x4_11_11395_none","19","4","11","19","65","0","59997","3","76","59997","37","60115","715","715","10000","1.0000","0"
"374","board_17x14_62_11407_none","17","14","62","107","172","3","414465","3","238","414465","37","414745","10136","10912","9288","0.9288","1"
"375","board_16x16_62_11479_none","16","16","62","132","194","1","570292","3","256","570292","37","570590","11834","12028","9838","0.9838","0"
"376","board_12x19_35_11559_none","12","19","35","70","193","0","12568","3","228","12568","37","12838","6755","6755","10000","1.0000","0"
"377","board_9x18_27_11595_none","9","18","27","68","135","1","32075","3","162","32075","37","32279","3510","3645","9629","0.9629","0"
"378","board_4x5_3_11628_none","4","5","3","6","17","0","2819","3","20","2819","37","2881","51","51","10000","1.0000","0"
"379","board_6x8_11_11632_none","6","8","11","20","37","2","8134","3","48","8134","37","8224","333","407","8181","0.8181","0"
"380","board_11x18_35_11644_none","11","18","35","62","163","2","42960","3","198","42960","37","43200","5379","5705","9428","0.9428","0"
"381","board_14x19_36_11685_none","14","19","36","64","230","0","13541","3","266","13541","37","13849","8280","8280","10000","1.0000","0"
"382","board_19x12_60_11725_none","19","12","60","108","154","1","245013","3","228","245013","37","245283","9072","10080","9000","0.9000","1"
"383","board_18x4_10_11796_none","18","4","10","22","62","0","14757","3","72","14757","37","14871","620","620","10000","1.0000","0"
"384","board_11x14_34_11808_none","11","14","34","74","120","1","144400","3","154","144400","37","144596","3960","4080","9705","0.9705","0"
"385","board_7x19_19_11845_none","7","19","19","33","114","0","13861","3","133","13861","37","14036","2166","2166","10000","1.0000","0"
"386","board_4x14_14_11865_none","4","14","14","24","42","1","40694","3","56","40694","37","40792","546","588","9285","0.9285","0"
"387","board_6x4_3_11881_none","6","4","3","8","21","0","1596","3","24","1596","37","1662","63","63","10000","1.0000","0"
"388","board_12x10_30_11885_none","12","10","30","31","66","1","52244","3","120","52244","37","52406","1890","2700","7000","0.7000","1"
"389","board_14x12_35_11917_none","14","12","35","85","133","1","259316","3","168","259316","37","259526","4522","4655","9714","0.9714","0"
"390","board_16x16_37_11954_none","16","16","37","75","219","0","46329","3","256","46329","37","46627","8103","8103","10000","1.0000","0"
"391","board_19x18_90_11995_none","19","18","90","198","252","3","406136","3","342","406136","37","406520","21924","22680","9666","0.9666","0"
"392","board_19x12_48_12094_none","19","12","48","107","180","2","68853","3","228","68853","37","69123","8280","8640","9583","0.9583","0"
"393","board_15x4_10_12147_none","15","4","10","18","50","0","7501","3","60","7501","37","7603","500","500","10000","1.0000","0"
"394","board_14x4_11_12158_none","14","4","11","31","45","1","31196","3","56","31196","37","31294","450","495","9090","0.9090","0"
"395","board_11x5_14_12170_none","11","5","14","21","41","3","61708","3","55","61708","37","61805","451","574","7857","0.7857","0"
"396","board_10x6_16_12185_none","10","6","16","33","44","1","122305","3","60","122305","37","122407","660","704","9375","0.9375","0"
"397","board_8x10_16_12206_none","8","10","16","44","64","3","22806","3","80","22806","37","22928","832","1024","8125","0.8125","0"
"398","board_5x16_11_12225_none","5","16","11","26","69","0","5341","3","80","5341","37","5463","759","759","10000","1.0000","0"
"399","board_4x18_12_12237_none","4","18","12","29","60","1","40465","3","72","40465","37","40579","660","720","9166","0.9166","0"
"400","board_4x18_19_12251_none","4","18","19","36","53","2","34956","3","72","34956","37","35070","901","1007","8947","0.8947","0"
"401","board_9x6_8_12275_none","9","6","8","23","46","2","13751","3","54","13751","37","13847","276","368","7500","0.7500","0"
"402","board_16x6_24_12285_none","16","6","24","23","42","0","169984","3","96","169984","37","170122","1008","1728","5833","0.5833","1"
"403","board_18x10_31_12314_none","18","10","31","75","149","0","16660","3","180","16660","37","16882","4619","4619","10000","1.0000","0"
"404","board_19x18_60_12348_none","19","18","60","139","282","1","57697","3","342","57697","37","58081","16638","16920","9833","0.9833","0"
"405","board_19x19_90_12420_none","19","19","90","26","29","7","641878","3","361","641878","37","642281","713","24390","292","0.0292","1"
"406","board_18x19_90_12527_none","18","19","90","158","217","3","280097","3","342","280097","37","280481","18774","22680","8277","0.8277","1"
"407","board_15x12_26_12630_none","15","12","26","53","154","1","23418","3","180","23418","37","23640","3850","4004","9615","0.9615","0"
"408","board_11x6_12_12660_none","11","6","12","18","54","0","6524","3","66","6524","37","6632","648","648","10000","1.0000","0"
"409","board_6x5_7_12674_none","6","5","7","15","23","1","74118","3","30","74118","37","74190","138","161","8571","0.8571","0"
"410","board_4x8_6_12684_none","4","8","6","18","26","0","15675","3","32","15675","37","15749","156","156","10000","1.0000","0"
"411","board_4x16_11_12691_none","4","16","11","39","53","0","5054","3","64","5054","37","5160","583","583","10000","1.0000","0"
"412","board_6x19_30_12703_none","6","19","30","64","84","3","67533","3","114","67533","37","67689","2268","2520","9000","0.9000","0"
"413","board_10x14_21_12740_none","10","14","21","32","119","2","51752","3","140","51752","37","51934","2261","2499","9047","0.9047","0"
"414","board_17x4_18_12764_none","17","4","18","40","50","3","37261","3","68","37261","37","37371","750","900","8333","0.8333","0"
"415","board_19x8_23_12784_none","19","8","23","50","129","0","15162","3","152","15162","37","15356","2967","2967","10000","1.0000","0"
"416","board_18x16_62_12811_none","18","16","62","121","226","3","190951","3","288","190951","37","191281","13334","14012","9516","0.9516","0"
"417","board_17x19_82_12880_none","17","19","82","142","241","4","204203","3","323","204203","37","204568","18798","19762","9512","0.9512","0"
"418","board_11x16_27_12975_none","11","16","27","59","149","1","13649","3","176","13649","37","13867","3874","4023","9629","0.9629","0"
"419","board_8x10_14_13005_none","8","10","14","31","66","1","39998","3","80","39998","37","40120","858","924","9285","0.9285","0"
"420","board_7x8_11_13020_none","7","8","11","19","45","0","4502","3","56","4502","37","4600","495","495","10000","1.0000","0"
"421","board_4x4_3_13034_none","4","4","3","8","13","0","2468","3","16","2468","37","2526","39","39","10000","1.0000","0"
"422","board_4x6_3_13040_none","4","6","3","10","21","0","2452","3","24","2452","37","2518","63","63","10000","1.0000","0"
"423","board_4x10_6_13044_none","4","10","6","11","34","0","3077","3","40","3077","37","3159","204","204","10000","1.0000","0"
"424","board_6x14_18_13051_none","6","14","18","34","66","0","9518","3","84","9518","37","9644","1188","1188","10000","1.0000","0"
"425","board_7x16_27_13075_none","7","16","27","51","85","2","74295","3","112","74295","37","74449","2125","2295","9259","0.9259","0"
"426","board_10x19_47_13106_none","10","19","47","83","118","5","107077","3","190","107077","37","107309","4831","6721","7187","0.7187","1"
"427","board_17x12_35_13163_none","17","12","35","94","169","0","274485","3","204","274485","37","274731","5915","5915","10000","1.0000","0"
"428","board_19x4_19_13202_none","19","4","19","37","57","2","39847","3","76","39847","37","39965","969","1083","8947","0.8947","0"
"429","board_18x8_21_13222_none","18","8","21","37","123","1","31863","3","144","31863","37","32049","2460","2583","9523","0.9523","0"
"430","board_11x19_51_13248_none","11","19","51","107","150","3","479546","3","209","479546","37","479797","7176","8058","8905","0.8905","1"
"431","board_10x19_41_13308_none","10","19","41","77","137","2","118556","3","190","118556","37","118788","5319","6109","8706","0.8706","1"
"432","board_7x18_16_13358_none","7","18","16","30","110","1","12593","3","126","12593","37","12761","1650","1760","9375","0.9375","0"
"433","board_4x6_6_13375_none","4","6","6","13","18","0","7881","3","24","7881","37","7947","108","108","10000","1.0000","0"
"434","board_6x5_4_13382_none","6","5","4","7","26","0","1756","3","30","1756","37","1828","104","104","10000","1.0000","0"
"435","board_11x14_42_13388_none","11","14","42","46","84","1","207845","3","154","207845","37","208041","3416","4704","7261","0.7261","1"
"436","board_14x18_58_13437_none","14","18","58","120","194","4","237578","3","252","237578","37","237872","10476","11252","9310","0.9310","0"
"437","board_19x14_57_13505_none","19","14","57","91","164","1","303741","3","266","303741","37","304049","9139","11913","7671","0.7671","1"
"438","board_19x10_51_13570_none","19","10","51","85","111","2","414178","3","190","414178","37","414410","5383","7089","7593","0.7593","1"
"439","board_16x4_9_13630_none","16","4","9","24","55","2","14232","3","64","14232","37","14338","385","495","7777","0.7777","0"
"440","board_12x8_21_13640_none","12","8","21","52","75","0","72842","3","96","72842","37","72980","1575","1575","10000","1.0000","0"
"441","board_5x19_15_13665_none","5","19","15","40","80","0","13925","3","95","13925","37","14062","1200","1200","10000","1.0000","0"
"442","board_4x10_12_13681_none","4","10","12","24","28","1","28634","3","40","28634","37","28716","308","336","9166","0.9166","0"
"443","board_11x5_9_13695_none","11","5","9","12","46","0","5042","3","55","5042","37","5139","414","414","10000","1.0000","0"
"444","board_15x10_39_13706_none","15","10","39","66","99","4","285277","3","150","285277","37","285469","3417","4329","7893","0.7893","1"
"445","board_19x19_55_13757_none","19","19","55","91","306","0","60061","3","361","60061","37","60464","16830","16830","10000","1.0000","0"
"446","board_19x16_73_13822_none","19","16","73","169","231","0","162813","3","304","162813","37","163159","16863","16863","10000","1.0000","0"
"447","board_15x6_16_13906_none","15","6","16","41","74","0","14880","3","90","14880","37","15012","1184","1184","10000","1.0000","0"
"448","board_8x6_12_13927_none","8","6","12","12","29","1","60286","3","48","60286","37","60376","312","432","7222","0.7222","1"
"449","board_4x14_14_13941_none","4","14","14","33","42","2","66033","3","56","66033","37","66131","504","588","8571","0.8571","0"
"450","board_4x18_10_13956_none","4","18","10","26","62","0","6306","3","72","6306","37","6420","620","620","10000","1.0000","0"
"451","board_4x19_11_13967_none","4","19","11","26","65","3","25814","3","76","25814","37","25932","520","715","7272","0.7272","0"
"452","board_8x12_23_13980_none","8","12","23","29","36","1","159133","3","96","159133","37","159271","755","1679","4496","0.4496","1"
"453","board_16x4_13_14006_none","16","4","13","23","51","2","20405","3","64","20405","37","20511","561","663","8461","0.8461","0"
"454","board_19x16_46_14021_none","19","16","46","84","258","0","26293","3","304","26293","37","26639","11868","11868","10000","1.0000","0"
"455","board_19x18_46_14075_none","19","18","46","98","296","1","40558","3","342","40558","37","40942","13320","13616","9782","0.9782","0"
"456","board_14x14_47_14124_none","14","14","47","105","149","2","111717","3","196","111717","37","111955","6705","7003","9574","0.9574","0"
"457","board_10x8_12_14176_none","10","8","12","25","68","0","6470","3","80","6470","37","6592","816","816","10000","1.0000","0"
"458","board_9x6_7_14190_none","9","6","7","13","47","0","3232","3","54","3232","37","3328","329","329","10000","1.0000","0"
"459","board_5x4_5_14198_none","5","4","5","13","15","1","27877","3","20","27877","37","27939","60","75","8000","0.8000","0"
"460","board_4x10_8_14204_none","4","10","8","22","32","3","12231","3","40","12231","37","12313","160","256","6250","0.6250","0"
"461","board_8x19_37_14213_none","8","19","37","44","58","3","211816","3","152","211816","37","212010","1801","4255","4232","0.4232","1"
"462","board_10x18_47_14253_none","10","18","47","91","133","2","74800","3","180","74800","37","75022","5985","6251","9574","0.9574","0"
"463","board_17x6_15_14308_none","17","6","15","32","87","1","36041","3","102","36041","37","36185","1218","1305","9333","0.9333","0"
"464","board_19x6_29_14325_none","19","6","29","71","85","3","46982","3","114","46982","37","47138","2210","2465","8965","0.8965","0"
"465","board_16x18_49_14358_none","16","18","49","94","239","1","104926","3","288","104926","37","105256","11472","11711","9795","0.9795","0"
"466","board_12x19_63_14414_none","12","19","63","84","126","3","367523","3","228","367523","37","367793","7443","10395","7160","0.7160","1"
"467","board_6x10_8_14486_none","6","10","8","18","52","0","6568","3","60","6568","37","6670","416","416","10000","1.0000","0"
"468","board_5x8_6_14495_none","5","8","6","17","34","1","4937","3","40","4937","37","5019","170","204","8333","0.8333","0"
"469","board_4x4_3_14502_none","4","4","3","7","13","0","4417","3","16","4417","37","4475","39","39","10000","1.0000","0"
"470","board_6x10_9_14506_none","6","10","9","19","51","0","10490","3","60","10490","37","10592","459","459","10000","1.0000","0"
"471","board_12x19_63_14516_none","12","19","63","66","86","2","306385","3","228","306385","37","306655","5088","10395","4894","0.4894","1"
"472","board_14x19_69_14592_none","14","19","69","153","197","7","452090","3","266","452090","37","452398","12214","13593","8985","0.8985","0"
"473","board_16x18_59_14670_none","16","18","59","107","229","0","37602","3","288","37602","37","37932","13511","13511","10000","1.0000","0"
"474","board_19x10_28_14740_none","19","10","28","48","162","0","31413","3","190","31413","37","31645","4536","4536","10000","1.0000","0"
"475","board_19x6_25_14772_none","19","6","25","32","80","1","57267","3","114","57267","37","57423","1911","2225","8588","0.8588","1"
"476","board_18x4_18_14799_none","18","4","18","42","54","1","35864","3","72","35864","37","35978","918","972","9444","0.9444","0"
"477","board_17x6_18_14821_none","17","6","18","26","84","2","24484","3","102","24484","37","24628","1344","1512","8888","0.8888","0"
"478","board_9x19_44_14840_none","9","19","44","80","127","4","107580","3","171","107580","37","107793","5080","5588","9090","0.9090","0"
"479","board_7x19_32_14894_none","7","19","32","77","101","2","100690","3","133","100690","37","100865","3030","3232","9375","0.9375","0"
"480","board_4x8_6_14930_none","4","8","6","13","26","0","3806","3","32","3806","37","3880","156","156","10000","1.0000","0"
"481","board_4x6_6_14937_none","4","6","6","7","18","0","3402","3","24","3402","37","3468","108","108","10000","1.0000","0"
"482","board_7x4_6_14945_none","7","4","6","4","22","0","3007","3","28","3007","37","3077","132","132","10000","1.0000","0"
"483","board_8x5_6_14958_none","8","5","6","15","34","0","3740","3","40","3740","37","3822","204","204","10000","1.0000","0"
"484","board_15x16_58_14965_none","15","16","58","102","182","1","53603","3","240","53603","37","53885","10374","10556","9827","0.9827","0"
"485","board_19x16_43_15033_none","19","16","43","86","261","0","26231","3","304","26231","37","26577","11223","11223","10000","1.0000","0"
"486","board_17x5_22_15079_none","17","5","22","34","63","2","54253","3","85","54253","37","54380","1260","1386","9090","0.9090","0"
"487","board_15x4_12_15104_none","15","4","12","20","48","2","9894","3","60","9894","37","9996","480","576","8333","0.8333","0"
"488","board_9x10_15_15118_none","9","10","15","34","75","0","9429","3","90","9429","37","9561","1125","1125","10000","1.0000","0"
"489","board_6x16_25_15135_none","6","16","25","47","71","4","55841","3","96","55841","37","55979","1491","1775","8400","0.8400","0"
"490","board_4x19_17_15167_none","4","19","17","28","59","2","29123","3","76","29123","37","29241","885","1003","8823","0.8823","0"
"491","board_4x18_9_15186_none","4","18","9","21","63","1","31733","3","72","31733","37","31847","504","567","8888","0.8888","0"
"492","board_4x14_11_15197_none","4","14","11","24","45","1","13772","3","56","13772","37","13870","450","495","9090","0.9090","0"
"493","board_10x4_8_15211_none","10","4","8","19","32","0","11762","3","40","11762","37","11844","256","256","10000","1.0000","0"
"494","board_14x5_9_15220_none","14","5","9","15","61","1","9212","3","70","9212","37","9324","488","549","8888","0.8888","0"
"495","board_19x18_82_15230_none","19","18","82","139","185","7","549799","3","342","549799","37","550183","13350","21320","6261","0.6261","1"
"496","board_18x16_49_15325_none","18","16","49","93","239","2","42397","3","288","42397","37","42727","11233","11711","9591","0.9591","0"
"497","board_10x4_7_15379_none","10","4","7","23","33","0","2742","3","40","2742","37","2824","231","231","10000","1.0000","0"
"498","board_4x10_11_15388_none","4","10","11","16","29","0","14490","3","40","14490","37","14572","319","319","10000","1.0000","0"
"499","board_4x14_14_15402_none","4","14","14","28","42","1","47546","3","56","47546","37","47644","546","588","9285","0.9285","0"
"500","board_7x18_21_15420_none","7","18","21","49","105","1","19002","3","126","19002","37","19170","2100","2205","9523","0.9523","0"
"501","board_9x14_31_15447_none","9","14","31","23","20","3","119580","3","126","119580","37","119748","335","2945","1137","0.1137","1"
"502","board_17x4_9_15483_none","17","4","9","20","59","0","3572","3","68","3572","37","3682","531","531","10000","1.0000","0"
"503","board_19x14_66_15494_none","19","14","66","94","149","2","624816","3","266","624816","37","625124","9434","13200","7146","0.7146","1"
"504","board_18x18_56_15566_none","18","18","56","132","268","1","230898","3","324","230898","37","231264","14740","15008","9821","0.9821","0"
"505","board_11x14_42_15626_none","11","14","42","75","112","2","65611","3","154","65611","37","65807","4480","4704","9523","0.9523","0"
"506","board_6x5_4_15676_none","6","5","4","19","26","0","5222","3","30","5222","37","5294","104","104","10000","1.0000","0"
"507","board_4x4_3_15681_none","4","4","3","8","13","0","2327","3","16","2327","37","2385","39","39","10000","1.0000","0"
"508","board_4x8_8_15685_none","4","8","8","16","24","0","14937","3","32","14937","37","15011","192","192","10000","1.0000","0"
"509","board_8x19_20_15695_none","8","19","20","29","132","0","15255","3","152","15255","37","15449","2640","2640","10000","1.0000","0"
"510","board_9x19_25_15716_none","9","19","25","51","146","1","33528","3","171","33528","37","33741","3504","3650","9600","0.9600","0"
"511","board_12x18_53_15744_none","12","18","53","99","163","2","190603","3","216","190603","37","190861","8313","8639","9622","0.9622","0"
"512","board_14x16_58_15803_none","14","16","58","80","145","1","700744","3","224","700744","37","701010","8244","9628","8562","0.8562","1"
"513","board_18x8_24_15871_none","18","8","24","52","120","0","36583","3","144","36583","37","36769","2880","2880","10000","1.0000","0"
"514","board_19x4_13_15899_none","19","4","13","32","63","0","10450","3","76","10450","37","10568","819","819","10000","1.0000","0"
"515","board_19x6_31_15916_none","19","6","31","20","33","4","96972","3","114","96972","37","97128","691","2573","2685","0.2685","1"
"516","board_14x18_33_15954_none","14","18","33","56","219","1","18511","3","252","18511","37","18805","7008","7227","9696","0.9696","0"
"517","board_9x19_41_15989_none","9","19","41","71","130","0","66940","3","171","66940","37","67153","5330","5330","10000","1.0000","0"
"518","board_6x14_20_16033_none","6","14","20","24","64","1","27600","3","84","27600","37","27726","1216","1280","9500","0.9500","0"
"519","board_4x8_5_16058_none","4","8","5","12","27","1","3859","3","32","3859","37","3933","108","135","8000","0.8000","0"
"520","board_5x5_6_16064_none","5","5","6","11","19","0","14357","3","25","14357","37","14424","114","114","10000","1.0000","0"
"521","board_8x10_16_16071_none","8","10","16","18","64","1","6129","3","80","6129","37","6251","960","1024","9375","0.9375","0"
"522","board_16x19_74_16092_none","16","19","74","56","66","2","1310106","3","304","1310106","37","1310452","4424","17020","2599","0.2599","1"
"523","board_19x10_28_16190_none","19","10","28","38","162","0","50280","3","190","50280","37","50512","4536","4536","10000","1.0000","0"
"524","board_19x8_21_16220_none","19","8","21","54","131","0","13100","3","152","13100","37","13294","2751","2751","10000","1.0000","0"
"525","board_19x6_18_16242_none","19","6","18","43","96","1","17868","3","114","17868","37","18024","1632","1728","9444","0.9444","0"
"526","board_17x4_18_16262_none","17","4","18","26","50","2","18098","3","68","18098","37","18208","800","900","8888","0.8888","0"
"527","board_14x8_23_16283_none","14","8","23","54","89","1","45390","3","112","45390","37","45544","1958","2047","9565","0.9565","0"
"528","board_10x14_19_16311_none","10","14","19","41","121","0","22284","3","140","22284","37","22466","2299","2299","10000","1.0000","0"
"529","board_4x18_18_16332_none","4","18","18","37","47","1","61919","3","72","61919","37","62033","792","972","8148","0.8148","1"
"530","board_4x14_9_16351_none","4","14","9","12","47","0","5198","3","56","5198","37","5296","423","423","10000","1.0000","0"
"531","board_5x6_5_16362_none","5","6","5","14","25","0","4342","3","30","4342","37","4414","125","125","10000","1.0000","0"
"532","board_6x5_6_16368_none","6","5","6","15","24","0","6247","3","30","6247","37","6319","144","144","10000","1.0000","0"
"533","board_10x5_12_16376_none","10","5","12","34","38","1","18775","3","50","18775","37","18867","418","456","9166","0.9166","0"
"534","board_12x8_17_16390_none","12","8","17","30","79","1","12716","3","96","12716","37","12854","1264","1343","9411","0.9411","0"
"535","board_19x19_95_16408_none","19","19","95","209","259","6","630016","3","361","630016","37","630419","23009","25270","9105","0.9105","1"
"536","board_19x18_72_16520_none","19","18","72","132","257","1","586795","3","342","586795","37","587179","18234","19440","9379","0.9379","1"
"537","board_18x12_30_16599_none","18","12","30","67","186","0","17324","3","216","17324","37","17582","5580","5580","10000","1.0000","0"
"538","board_15x5_18_16631_none","15","5","18","41","57","2","146502","3","75","146502","37","146619","912","1026","8888","0.8888","0"
"539","board_10x5_10_16658_none","10","5","10","19","40","0","4906","3","50","4906","37","4998","400","400","10000","1.0000","0"
"540","board_6x12_10_16670_none","6","12","10","16","62","0","3725","3","72","3725","37","3839","620","620","10000","1.0000","0"
"541","board_4x18_18_16682_none","4","18","18","41","54","2","21427","3","72","21427","37","21541","864","972","8888","0.8888","0"
"542","board_4x19_19_16703_none","4","19","19","35","57","2","18499","3","76","18499","37","18617","969","1083","8947","0.8947","0"
"543","board_4x19_18_16727_none","4","19","18","34","58","2","31235","3","76","31235","37","31353","928","1044","8888","0.8888","0"
"544","board_9x8_15_16748_none","9","8","15","50","57","0","72797","3","72","72797","37","72911","855","855","10000","1.0000","0"
"545","board_12x4_13_16765_none","12","4","13","28","35","3","22093","3","48","22093","37","22183","350","455","7692","0.7692","0"
"546","board_18x8_19_16783_none","18","8","19","37","125","0","14694","3","144","14694","37","14880","2375","2375","10000","1.0000","0"
"547","board_19x19_94_16805_none","19","19","94","107","150","6","365621","3","361","365621","37","366024","12498","25098","4979","0.4979","1"
"548","board_14x12_29_16920_none","14","12","29","66","139","0","34597","3","168","34597","37","34807","4031","4031","10000","1.0000","0"
"549","board_8x4_8_16953_none","8","4","8","19","24","1","21378","3","32","21378","37","21452","168","192","8750","0.8750","0"
"550","board_4x10_7_16962_none","4","10","7","9","33","1","4108","3","40","4108","37","4190","198","231","8571","0.8571","0"
"551","board_6x19_24_16971_none","6","19","24","38","67","0","251050","3","114","251050","37","251206","1608","2160","7444","0.7444","1"
"552","board_7x19_23_16998_none","7","19","23","54","110","1","17394","3","133","17394","37","17569","2420","2530","9565","0.9565","0"
"553","board_11x14_28_17028_none","11","14","28","51","126","0","79311","3","154","79311","37","79507","3528","3528","10000","1.0000","0"
"554","board_16x6_26_17059_none","16","6","26","52","70","2","49456","3","96","49456","37","49594","1680","1820","9230","0.9230","0"
"555","board_19x4_11_17094_none","19","4","11","22","65","0","27268","3","76","27268","37","27386","715","715","10000","1.0000","0"
"556","board_19x12_55_17106_none","19","12","55","67","113","3","394255","3","228","394255","37","394525","5696","9515","5986","0.5986","1"
"557","board_14x19_39_17170_none","14","19","39","70","227","0","25114","3","266","25114","37","25422","8853","8853","10000","1.0000","0"
"558","board_9x14_27_17212_none","9","14","27","59","99","2","70064","3","126","70064","37","70232","2475","2673","9259","0.9259","0"
"559","board_8x12_23_17245_none","8","12","23","26","55","1","138070","3","96","138070","37","138208","1192","1679","7099","0.7099","1"
"560","board_6x8_12_17269_none","6","8","12","16","36","0","6876","3","48","6876","37","6966","432","432","10000","1.0000","0"
"561","board_4x4_3_17283_none","4","4","3","6","13","1","2424","3","16","2424","37","2482","26","39","6666","0.6666","0"
"562","board_6x12_19_17287_none","6","12","19","36","53","2","26316","3","72","26316","37","26430","901","1007","8947","0.8947","0"
"563","board_12x19_33_17311_none","12","19","33","64","195","0","20203","3","228","20203","37","20473","6435","6435","10000","1.0000","0"
"564","board_19x8_37_17349_none","19","8","37","58","115","2","63783","3","152","63783","37","63977","4025","4255","9459","0.9459","0"
"565","board_19x4_11_17392_none","19","4","11","23","65","0","11103","3","76","11103","37","11221","715","715","10000","1.0000","0"
"566","board_18x5_16_17405_none","18","5","16","52","74","3","67906","3","90","67906","37","68038","962","1184","8125","0.8125","0"
"567","board_15x12_47_17426_none","15","12","47","97","133","6","268508","3","180","268508","37","268730","5453","6251","8723","0.8723","0"
"568","board_10x19_28_17482_none","10","19","28","65","162","0","15001","3","190","15001","37","15233","4536","4536","10000","1.0000","0"
"569","board_4x14_17_17512_none","4","14","17","23","39","2","23751","3","56","23751","37","23849","585","663","8823","0.8823","0"
"570","board_4x5_3_17533_none","4","5","3","4","17","0","1783","3","20","1783","37","1845","51","51","10000","1.0000","0"
"571","board_5x4_3_17537_none","5","4","3","9","17","1","13672","3","20","13672","37","13734","34","51","6666","0.6666","0"
"572","board_11x12_33_17542_none","11","12","33","48","63","3","349326","3","132","349326","37","349500","1782","3267","5454","0.5454","1"
"573","board_15x18_38_17581_none","15","18","38","62","232","1","27083","3","270","27083","37","27395","8584","8816","9736","0.9736","0"
"574","board_17x19_48_17621_none","17","19","48","86","275","0","37050","3","323","37050","37","37415","13200","13200","10000","1.0000","0"
"575","board_19x10_40_17672_none","19","10","40","88","150","1","31945","3","190","31945","37","32177","5850","6000","9750","0.9750","0"
"576","board_16x4_10_17716_none","16","4","10","21","54","2","13944","3","64","13944","37","14050","432","540","8000","0.8000","0"
"577","board_8x14_19_17728_none","8","14","19","45","93","0","209800","3","112","209800","37","209954","1767","1767","10000","1.0000","0"
"578","board_7x16_16_17749_none","7","16","16","25","96","0","14569","3","112","14569","37","14723","1536","1536","10000","1.0000","0"
"579","board_4x18_18_17767_none","4","18","18","33","54","1","84084","3","72","84084","37","84198","918","972","9444","0.9444","0"
"580","board_4x12_12_17787_none","4","12","12","27","36","0","12214","3","48","12214","37","12304","432","432","10000","1.0000","0"
"581","board_11x4_11_17803_none","11","4","11","16","33","1","15243","3","44","15243","37","15329","330","363","9090","0.9090","0"
"582","board_18x14_37_17819_none","18","14","37","88","215","0","20869","3","252","20869","37","21163","7955","7955","10000","1.0000","0"
"583","board_19x18_49_17860_none","19","18","49","89","293","0","51450","3","342","51450","37","51834","14357","14357","10000","1.0000","0"
"584","board_19x19_94_17913_none","19","19","94","195","267","2","376126","3","361","376126","37","376529","24564","25098","9787","0.9787","0"
"585","board_14x6_12_18020_none","14","6","12","35","72","0","11185","3","84","11185","37","11311","864","864","10000","1.0000","0"
"586","board_6x8_10_18035_none","6","8","10","31","38","2","61479","3","48","61479","37","61569","304","380","8000","0.8000","0"
"587","board_4x19_19_18048_none","4","19","19","32","57","0","33451","3","76","33451","37","33569","1083","1083","10000","1.0000","0"
"588","board_8x14_19_18072_none","8","14","19","44","93","0","20074","3","112","20074","37","20228","1767","1767","10000","1.0000","0"
"589","board_15x4_15_18094_none","15","4","15","33","45","1","65914","3","60","65914","37","66016","630","675","9333","0.9333","0"
"590","board_19x8_26_18112_none","19","8","26","52","126","1","71204","3","152","71204","37","71398","3150","3276","9615","0.9615","0"
"591","board_18x19_83_18140_none","18","19","83","177","238","1","443330","3","342","443330","37","443714","19495","21497","9068","0.9068","1"
"592","board_16x19_72_18234_none","16","19","72","133","219","2","384346","3","304","384346","37","384692","15304","16704","9161","0.9161","1"
"593","board_9x8_12_18317_none","9","8","12","26","60","0","11803","3","72","11803","37","11917","720","720","10000","1.0000","0"
"594","board_5x4_5_18331_none","5","4","5","7","15","1","2656","3","20","2656","37","2718","60","75","8000","0.8000","0"
"595","board_4x12_7_18337_none","4","12","7","12","41","0","20522","3","48","20522","37","20612","287","287","10000","1.0000","0"
"596","board_5x16_17_18346_none","5","16","17","24","34","2","96082","3","80","96082","37","96204","452","1071","4220","0.4220","1"
"597","board_7x19_34_18364_none","7","19","34","6","16","2","45624","3","133","45624","37","45799","346","3366","1027","0.1027","1"
"598","board_15x12_26_18406_none","15","12","26","57","154","0","55504","3","180","55504","37","55726","4004","4004","10000","1.0000","0"
"599","board_19x4_17_18436_none","19","4","17","38","59","3","15340","3","76","15340","37","15458","826","1003","8235","0.8235","0"
"600","board_19x6_18_18459_none","19","6","18","39","96","1","20323","3","114","20323","37","20479","1632","1728","9444","0.9444","0"
"601","board_19x8_21_18479_none","19","8","21","57","131","1","26607","3","152","26607","37","26801","2620","2751","9523","0.9523","0"
"602","board_12x19_59_18502_none","12","19","59","44","61","7","419208","3","228","419208","37","419478","2416","9971","2423","0.2423","1"
"603","board_7x14_14_18573_none","7","14","14","22","84","0","7426","3","98","7426","37","7566","1176","1176","10000","1.0000","0"
"604","board_4x8_9_18590_none","4","8","9","10","23","0","3755","3","32","3755","37","3829","207","207","10000","1.0000","0"
"605","board_5x6_4_18600_none","5","6","4","7","26","0","2765","3","30","2765","37","2837","104","104","10000","1.0000","0"
"606","board_6x8_7_18605_none","6","8","7","16","41","0","8737","3","48","8737","37","8827","287","287","10000","1.0000","0"
"607","board_12x19_57_18613_none","12","19","57","64","130","2","84640","3","228","84640","37","84910","7068","9747","7251","0.7251","1"
"608","board_15x19_50_18681_none","15","19","50","114","235","0","28900","3","285","28900","37","29227","11750","11750","10000","1.0000","0"
"609","board_19x10_47_18742_none","19","10","47","60","123","1","129477","3","190","129477","37","129709","5638","6721","8388","0.8388","1"
"610","board_18x4_12_18798_none","18","4","12","21","60","2","14875","3","72","14875","37","14989","600","720","8333","0.8333","0"
"611","board_17x5_11_18811_none","17","5","11","27","74","0","48641","3","85","48641","37","48768","814","814","10000","1.0000","0"
"612","board_12x12_37_18823_none","12","12","37","63","107","2","168165","3","144","168165","37","168351","3745","3959","9459","0.9459","0"
"613","board_9x18_38_18866_none","9","18","38","83","124","1","196749","3","162","196749","37","196953","4588","4712","9736","0.9736","0"
"614","board_4x16_11_18910_none","4","16","11","20","53","0","11414","3","64","11414","37","11520","583","583","10000","1.0000","0"
"615","board_5x5_5_18924_none","5","5","5","11","20","2","25386","3","25","25386","37","25453","60","100","6000","0.6000","0"
"616","board_10x6_11_18930_none","10","6","11","25","49","0","52515","3","60","52515","37","52617","539","539","10000","1.0000","0"
"617","board_14x12_43_18943_none","14","12","43","97","125","2","203410","3","168","203410","37","203620","5125","5375","9534","0.9534","0"
"618","board_15x14_55_18994_none","15","14","55","73","113","3","578548","3","210","578548","37","578800","5750","8525","6744","0.6744","1"
"619","board_19x19_53_19054_none","19","19","53","102","308","0","17956","3","361","17956","37","18359","16324","16324","10000","1.0000","0"
"620","board_18x8_34_19111_none","18","8","34","71","110","1","63823","3","144","63823","37","64009","3630","3740","9705","0.9705","0"
"621","board_11x5_9_19150_none","11","5","9","12","46","0","3036","3","55","3036","37","3133","414","414","10000","1.0000","0"
"622","board_7x12_22_19161_none","7","12","22","42","62","2","20034","3","84","20034","37","20160","1240","1364","9090","0.9090","0"
"623","board_4x18_14_19186_none","4","18","14","26","58","0","17663","3","72","17663","37","17777","812","812","10000","1.0000","0"
"624","board_4x19_13_19201_none","4","19","13","31","63","1","16364","3","76","16364","37","16482","756","819","9230","0.9230","0"
"625","board_5x14_19_19218_none","5","14","19","25","51","2","35027","3","70","35027","37","35139","867","969","8947","0.8947","0"
"626","board_11x4_6_19241_none","11","4","6","12","38","2","5571","3","44","5571","37","5657","152","228","6666","0.6666","0"
"627","board_12x4_7_19249_none","12","4","7","14","41","0","3929","3","48","3929","37","4019","287","287","10000","1.0000","0"
"628","board_18x12_54_19258_none","18","12","54","87","126","1","376237","3","216","376237","37","376495","6642","8748","7592","0.7592","1"
"629","board_19x14_56_19321_none","19","14","56","96","203","1","67686","3","266","67686","37","67994","11158","11760","9488","0.9488","1"
"630","board_19x19_63_19382_none","19","19","63","124","298","4","130599","3","361","130599","37","131002","17582","18774","9365","0.9365","0"
"631","board_18x19_72_19456_none","18","19","72","85","158","2","338558","3","342","338558","37","338942","10836","19440","5574","0.5574","1"
"632","board_12x8_17_19534_none","12","8","17","41","79","1","19219","3","96","19219","37","19357","1264","1343","9411","0.9411","0"
"633","board_11x6_10_19553_none","11","6","10","40","56","0","4214","3","66","4214","37","4322","560","560","10000","1.0000","0"
"634","board_4x8_9_19566_none","4","8","9","19","23","1","17830","3","32","17830","37","17904","184","207","8888","0.8888","0"
"635","board_4x12_10_19576_none","4","12","10","13","38","1","6649","3","48","6649","37","6739","342","380","9000","0.9000","0"
"636","board_4x16_9_19587_none","4","16","9","14","55","0","12477","3","64","12477","37","12583","495","495","10000","1.0000","0"
"637","board_8x18_36_19597_none","8","18","36","76","108","3","107932","3","144","107932","37","108118","3564","3888","9166","0.9166","0"
"638","board_15x6_12_19639_none","15","6","12","29","78","0","8769","3","90","8769","37","8901","936","936","10000","1.0000","0"
"639","board_16x5_11_19653_none","16","5","11","32","69","2","24614","3","80","24614","37","24736","621","759","8181","0.8181","0"
"640","board_19x5_24_19667_none","19","5","24","38","71","2","25231","3","95","25231","37","25368","1562","1704","9166","0.9166","0"
"641","board_19x14_39_19701_none","19","14","39","76","227","1","27334","3","266","27334","37","27642","8626","8853","9743","0.9743","0"
"642","board_12x18_58_19745_none","12","18","58","74","144","2","191930","3","216","191930","37","192188","8036","9164","8769","0.8769","1"
"643","board_9x12_19_19807_none","9","12","19","51","89","0","23491","3","108","23491","37","23641","1691","1691","10000","1.0000","0"
"644","board_8x10_11_19829_none","8","10","11","25","69","0","8878","3","80","8878","37","9000","759","759","10000","1.0000","0"
"645","board_4x4_4_19842_none","4","4","4","13","12","1","11663","3","16","11663","37","11721","36","48","7500","0.7500","0"
"646","board_4x6_6_19847_none","4","6","6","14","18","1","15715","3","24","15715","37","15781","90","108","8333","0.8333","0"
"647","board_5x12_9_19856_none","5","12","9","19","51","2","51495","3","60","51495","37","51597","357","459","7777","0.7777","0"
"648","board_9x19_35_19866_none","9","19","35","53","136","0","47977","3","171","47977","37","48190","4760","4760","10000","1.0000","0"
"649","board_12x19_61_19905_none","12","19","61","141","159","4","389535","3","228","389535","37","389805","9031","10187","8865","0.8865","1"
"650","board_17x12_30_19977_none","17","12","30","74","174","0","23177","3","204","23177","37","23423","5220","5220","10000","1.0000","0"
"651","board_18x10_24_20009_none","18","10","24","54","156","0","17034","3","180","17034","37","17256","3744","3744","10000","1.0000","0"
"652","board_19x4_19_20035_none","19","4","19","42","57","2","32267","3","76","32267","37","32385","969","1083","8947","0.8947","0"
"653","board_19x4_19_20058_none","19","4","19","33","46","4","144872","3","76","144872","37","144990","646","1083","5964","0.5964","1"
"654","board_17x10_25_20080_none","17","10","25","39","145","1","22395","3","170","22395","37","22607","3480","3625","9600","0.9600","0"
"655","board_15x14_31_20109_none","15","14","31","64","179","0","16289","3","210","16289","37","16541","5549","5549","10000","1.0000","0"
"656","board_12x18_46_20144_none","12","18","46","107","170","3","173984","3","216","173984","37","174242","7310","7820","9347","0.9347","0"
"657","board_10x19_51_20198_none","10","19","51","90","139","3","126249","3","190","126249","37","126481","6672","7089","9411","0.9411","0"
"658","board_4x10_6_20256_none","4","10","6","5","34","0","1960","3","40","1960","37","2042","204","204","10000","1.0000","0"
"659","board_4x6_5_20263_none","4","6","5","13","19","1","19916","3","24","19916","37","19982","76","95","8000","0.8000","0"
"660","board_7x6_7_20269_none","7","6","7","17","35","0","2090","3","42","2090","37","2174","245","245","10000","1.0000","0"
"661","board_9x10_12_20277_none","9","10","12","26","78","1","7675","3","90","7675","37","7807","858","936","9166","0.9166","0"
"662","board_14x18_58_20291_none","14","18","58","85","194","0","80629","3","252","80629","37","80923","11252","11252","10000","1.0000","0"
"663","board_15x19_73_20357_none","15","19","73","17","17","5","109713","3","285","109713","37","110040","181","15476","116","0.0116","1"
"664","board_19x16_45_20449_none","19","16","45","91","259","3","181788","3","304","181788","37","182134","10878","11655","9333","0.9333","0"
"665","board_19x12_34_20497_none","19","12","34","61","194","0","17611","3","228","17611","37","17881","6596","6596","10000","1.0000","0"
"666","board_18x5_24_20534_none","18","5","24","31","38","5","52535","3","90","52535","37","52667","582","1584","3674","0.3674","1"
"667","board_12x8_13_20562_none","12","8","13","32","83","1","12848","3","96","12848","37","12986","996","1079","9230","0.9230","0"
"668","board_9x14_27_20577_none","9","14","27","73","99","3","46709","3","126","46709","37","46877","2376","2673","8888","0.8888","0"
"669","board_4x19_13_20607_none","4","19","13","24","63","0","10315","3","76","10315","37","10433","819","819","10000","1.0000","0"
"670","board_4x18_10_20621_none","4","18","10","34","62","0","17621","3","72","17621","37","17735","620","620","10000","1.0000","0"
"671","board_4x14_8_20632_none","4","14","8","14","48","1","5708","3","56","5708","37","5806","336","384","8750","0.8750","0"
"672","board_4x10_9_20641_none","4","10","9","26","31","3","15421","3","40","15421","37","15503","186","279","6666","0.6666","0"
"673","board_10x4_7_20652_none","10","4","7","13","33","1","13467","3","40","13467","37","13549","198","231","8571","0.8571","0"
"674","board_12x6_10_20660_none","12","6","10","15","62","0","3586","3","72","3586","37","3700","620","620","10000","1.0000","0"
"675","board_17x14_58_20672_none","17","14","58","85","125","2","619865","3","238","619865","37","620145","6890","10440","6599","0.6599","1"
"676","board_18x18_85_20749_none","18","18","85","155","237","2","550870","3","324","550870","37","551236","19667","20315","9681","0.9681","1"
"677","board_19x19_53_20848_none","19","19","53","85","308","1","37088","3","361","37088","37","37491","16016","16324","9811","0.9811","0"
"678","board_19x16_45_20907_none","19","16","45","91","259","0","16227","3","304","16227","37","16573","11655","11655","10000","1.0000","0"
"679","board_12x4_11_20957_none","12","4","11","19","37","3","17173","3","48","17173","37","17263","296","407","7272","0.7272","0"
"680","board_10x4_6_20969_none","10","4","6","11","34","0","6426","3","40","6426","37","6508","204","204","10000","1.0000","0"
"681","board_6x10_12_20976_none","6","10","12","25","48","1","5705","3","60","5705","37","5807","528","576","9166","0.9166","0"
"682","board_4x18_17_20990_none","4","18","17","35","55","1","13852","3","72","13852","37","13966","880","935","9411","0.9411","0"
"683","board_6x16_17_21013_none","6","16","17","41","79","0","43056","3","96","43056","37","43194","1343","1343","10000","1.0000","0"
"684","board_8x12_23_21034_none","8","12","23","60","73","2","109792","3","96","109792","37","109930","1533","1679","9130","0.9130","0"
"685","board_11x6_17_21059_none","11","6","17","9","24","0","120496","3","66","120496","37","120604","408","833","4897","0.4897","1"
"686","board_16x4_9_21080_none","16","4","9","5","55","0","3429","3","64","3429","37","3535","495","495","10000","1.0000","0"
"687","board_18x8_31_21091_none","18","8","31","41","80","4","133722","3","144","133722","37","133908","2028","3503","5789","0.5789","1"
"688","board_19x18_71_21126_none","19","18","71","116","261","3","262706","3","342","262706","37","263090","17718","19241","9208","0.9208","1"
"689","board_16x18_49_21207_none","16","18","49","86","239","0","28775","3","288","28775","37","29105","11711","11711","10000","1.0000","0"
"690","board_8x5_6_21261_none","8","5","6","15","34","0","8222","3","40","8222","37","8304","204","204","10000","1.0000","0"
"691","board_4x5_4_21268_none","4","5","4","10","16","2","2729","3","20","2729","37","2791","32","64","5000","0.5000","0"
"692","board_5x18_16_21273_none","5","18","16","44","74","3","73681","3","90","73681","37","73813","962","1184","8125","0.8125","0"
"693","board_12x14_46_21294_none","12","14","46","54","84","3","296561","3","168","296561","37","296771","3498","5612","6233","0.6233","1"
"694","board_14x12_43_21351_none","14","12","43","62","110","1","70773","3","168","70773","37","70983","4605","5375","8567","0.8567","1"
"695","board_15x10_36_21407_none","15","10","36","83","114","1","319984","3","150","319984","37","320176","3990","4104","9722","0.9722","0"
"696","board_19x4_14_21446_none","19","4","14","28","62","0","16315","3","76","16315","37","16433","868","868","10000","1.0000","0"
"697","board_19x6_29_21462_none","19","6","29","54","85","2","85047","3","114","85047","37","85203","2295","2465","9310","0.9310","0"
"698","board_15x19_38_21497_none","15","19","38","88","247","0","53031","3","285","53031","37","53358","9386","9386","10000","1.0000","0"
"699","board_8x14_29_21540_none","8","14","29","66","83","2","86074","3","112","86074","37","86228","2241","2407","9310","0.9310","0"
"700","board_6x10_12_21578_none","6","10","12","28","48","0","20344","3","60","20344","37","20446","576","576","10000","1.0000","0"
"701","board_5x8_7_21592_none","5","8","7","10","33","0","8457","3","40","8457","37","8539","231","231","10000","1.0000","0"
"702","board_4x4_3_21601_none","4","4","3","6","13","1","1898","3","16","1898","37","1956","26","39","6666","0.6666","0"
"703","board_6x10_14_21605_none","6","10","14","23","46","0","12303","3","60","12303","37","12405","644","644","10000","1.0000","0"
"704","board_9x16_21_21622_none","9","16","21","53","123","0","78256","3","144","78256","37","78442","2583","2583","10000","1.0000","0"
"705","board_14x19_55_21645_none","14","19","55","102","211","1","146095","3","266","146095","37","146403","11394","11605","9818","0.9818","0"
"706","board_16x18_73_21710_none","16","18","73","150","215","3","117885","3","288","117885","37","118215","15050","15695","9589","0.9589","0"
"707","board_19x5_14_21797_none","19","5","14","25","81","0","7765","3","95","7765","37","7902","1134","1134","10000","1.0000","0"
"708","board_19x4_14_21814_none","19","4","14","40","62","0","15434","3","76","15434","37","15552","868","868","10000","1.0000","0"
"709","board_16x8_31_21830_none","16","8","31","63","97","0","101314","3","128","101314","37","101484","3007","3007","10000","1.0000","0"
"710","board_12x14_26_21866_none","12","14","26","47","142","0","16630","3","168","16630","37","16840","3692","3692","10000","1.0000","0"
"711","board_11x16_25_21897_none","11","16","25","62","151","1","17080","3","176","17080","37","17298","3624","3775","9600","0.9600","0"
"712","board_6x19_29_21923_none","6","19","29","55","85","3","51822","3","114","51822","37","51978","2210","2465","8965","0.8965","0"
"713","board_4x8_4_21959_none","4","8","4","11","28","0","1804","3","32","1804","37","1878","112","112","10000","1.0000","0"
"714","board_5x4_4_21964_none","5","4","4","10","16","1","2637","3","20","2637","37","2699","48","64","7500","0.7500","0"
"715","board_9x6_13_21970_none","9","6","13","29","41","1","17755","3","54","17755","37","17851","492","533","9230","0.9230","0"
"716","board_10x8_17_21987_none","10","8","17","26","63","0","73119","3","80","73119","37","73241","1071","1071","10000","1.0000","0"
"717","board_11x10_20_22006_none","11","10","20","52","90","0","57777","3","110","57777","37","57929","1800","1800","10000","1.0000","0"
"718","board_18x19_93_22029_none","18","19","93","184","214","3","536905","3","342","536905","37","537289","19155","23157","8271","0.8271","1"
"719","board_19x12_34_22144_none","19","12","34","67","194","0","19157","3","228","19157","37","19427","6596","6596","10000","1.0000","0"
"720","board_17x5_17_22182_none","17","5","17","35","68","0","84000","3","85","84000","37","84127","1156","1156","10000","1.0000","0"
"721","board_16x4_16_22202_none","16","4","16","30","48","1","27387","3","64","27387","37","27493","720","768","9375","0.9375","0"
"722","board_14x4_15_22223_none","14","4","15","26","41","2","14084","3","56","14084","37","14182","533","615","8666","0.8666","0"
"723","board_9x10_13_22240_none","9","10","13","21","77","1","11998","3","90","11998","37","12130","924","1001","9230","0.9230","0"
"724","board_7x14_14_22254_none","7","14","14","32","84","1","12111","3","98","12111","37","12251","1092","1176","9285","0.9285","0"
"725","board_4x19_21_22271_none","4","19","21","28","55","2","14587","3","76","14587","37","14705","1045","1155","9047","0.9047","0"
"726","board_4x19_21_22294_none","4","19","21","44","55","1","37610","3","76","37610","37","37728","1100","1155","9523","0.9523","0"
"727","board_5x12_8_22319_none","5","12","8","14","52","0","5988","3","60","5988","37","6090","416","416","10000","1.0000","0"
"728","board_10x4_11_22329_none","10","4","11","25","29","2","22677","3","40","22677","37","22759","261","319","8181","0.8181","0"
"729","board_18x12_31_22343_none","18","12","31","50","185","2","43751","3","216","43751","37","44009","5365","5735","9354","0.9354","0"
"730","board_19x19_74_22378_none","19","19","74","163","287","0","72774","3","361","72774","37","73177","21238","21238","10000","1.0000","0"
"731","board_12x6_19_22466_none","12","6","19","8","22","3","31099","3","72","31099","37","31213","259","1007","2571","0.2571","1"
"732","board_5x8_5_22491_none","5","8","5","12","35","0","4244","3","40","4244","37","4326","175","175","10000","1.0000","0"
"733","board_4x10_6_22498_none","4","10","6","15","34","0","4802","3","40","4802","37","4884","204","204","10000","1.0000","0"
"734","board_5x19_21_22506_none","5","19","21","40","74","1","85655","3","95","85655","37","85792","1480","1554","9523","0.9523","0"
"735","board_12x8_24_22532_none","12","8","24","48","72","1","111814","3","96","111814","37","111952","1656","1728","9583","0.9583","0"
"736","board_18x4_12_22565_none","18","4","12","25","60","0","6916","3","72","6916","37","7030","720","720","10000","1.0000","0"
"737","board_18x5_13_22579_none","18","5","13","37","77","0","7604","3","90","7604","37","7736","1001","1001","10000","1.0000","0"
"738","board_19x14_66_22594_none","19","14","66","140","190","0","156379","3","266","156379","37","156687","12540","13200","9500","0.9500","1"
"739","board_15x19_41_22670_none","15","19","41","81","244","0","34660","3","285","34660","37","34987","10004","10004","10000","1.0000","0"
"740","board_9x10_22_22717_none","9","10","22","36","68","1","29406","3","90","29406","37","29538","1428","1496","9545","0.9545","0"
"741","board_6x5_7_22745_none","6","5","7","17","23","2","20347","3","30","20347","37","20419","115","161","7142","0.7142","0"
"742","board_4x4_3_22753_none","4","4","3","8","13","0","5052","3","16","5052","37","5110","39","39","10000","1.0000","0"
"743","board_5x14_19_22757_none","5","14","19","22","28","2","112758","3","70","112758","37","112870","430","969","4437","0.4437","1"
"744","board_11x19_29_22779_none","11","19","29","55","180","1","15754","3","209","15754","37","16005","5040","5220","9655","0.9655","0"
"745","board_17x10_44_22815_none","17","10","44","77","126","4","178368","3","170","178368","37","178580","5040","5544","9090","0.9090","0"
"746","board_18x8_37_22870_none","18","8","37","84","107","5","138611","3","144","138611","37","138797","3424","3959","8648","0.8648","0"
"747","board_18x6_28_22912_none","18","6","28","28","24","4","193769","3","108","193769","37","193919","352","2240","1571","0.1571","1"
"748","board_18x8_31_22944_none","18","8","31","45","69","3","339545","3","144","339545","37","339731","1800","3503","5138","0.5138","1"
"749","board_17x12_53_22978_none","17","12","53","101","151","6","246000","3","204","246000","37","246246","7097","8003","8867","0.8867","0"
"750","board_12x19_41_23044_none","12","19","41","81","187","1","57007","3","228","57007","37","57277","7480","7667","9756","0.9756","0"
"751","board_7x16_23_23088_none","7","16","23","48","89","2","55916","3","112","55916","37","56070","1869","2047","9130","0.9130","0"
"752","board_4x6_5_23114_none","4","6","5","11","19","0","12175","3","24","12175","37","12241","95","95","10000","1.0000","0"
"753","board_4x4_3_23120_none","4","4","3","8","13","0","3939","3","16","3939","37","3997","39","39","10000","1.0000","0"
"754","board_6x6_8_23124_none","6","6","8","19","28","1","30916","3","36","30916","37","30994","196","224","8750","0.8750","0"
"755","board_10x14_35_23133_none","10","14","35","60","82","4","163821","3","140","163821","37","164003","2450","3675","6666","0.6666","1"
"756","board_11x16_38_23171_none","11","16","38","43","61","2","430615","3","176","430615","37","430833","2042","5244","3893","0.3893","1"
"757","board_14x19_38_23214_none","14","19","38","99","228","0","39360","3","266","39360","37","39668","8664","8664","10000","1.0000","0"
"758","board_18x16_71_23254_none","18","16","71","131","197","0","845267","3","288","845267","37","845597","13987","15407","9078","0.9078","1"
"759","board_18x4_10_23341_none","18","4","10","21","62","0","8531","3","72","8531","37","8645","620","620","10000","1.0000","0"
"760","board_18x4_10_23353_none","18","4","10","11","62","0","14223","3","72","14223","37","14337","620","620","10000","1.0000","0"
"761","board_16x5_16_23364_none","16","5","16","25","64","2","27823","3","80","27823","37","27945","896","1024","8750","0.8750","0"
"762","board_11x12_33_23382_none","11","12","33","70","99","1","74014","3","132","74014","37","74188","3168","3267","9696","0.9696","0"
"763","board_5x19_17_23420_none","5","19","17","41","78","1","56515","3","95","56515","37","56652","1248","1326","9411","0.9411","0"
"764","board_4x8_6_23438_none","4","8","6","16","26","0","5281","3","32","5281","37","5355","156","156","10000","1.0000","0"
"765","board_7x4_4_23445_none","7","4","4","11","24","0","3582","3","28","3582","37","3652","96","96","10000","1.0000","0"
"766","board_10x5_12_23450_none","10","5","12","20","38","0","69597","3","50","69597","37","69689","456","456","10000","1.0000","0"
"767","board_12x8_26_23463_none","12","8","26","42","55","1","79601","3","96","79601","37","79739","1360","1820","7472","0.7472","1"
"768","board_19x19_63_23496_none","19","19","63","141","298","0","31857","3","361","31857","37","32260","18774","18774","10000","1.0000","0"
"769","board_19x19_88_23567_none","19","19","88","192","273","2","279891","3","361","279891","37","280294","23478","24024","9772","0.9772","0"
"770","board_18x12_47_23668_none","18","12","47","114","169","3","104540","3","216","104540","37","104798","7436","7943","9361","0.9361","0"
"771","board_11x4_11_23722_none","11","4","11","18","33","0","21620","3","44","21620","37","21706","363","363","10000","1.0000","0"
"772","board_7x10_14_23740_none","7","10","14","21","56","0","11698","3","70","11698","37","11810","784","784","10000","1.0000","0"
"773","board_5x14_11_23756_none","5","14","11","35","59","3","64664","3","70","64664","37","64776","472","649","7272","0.7272","0"
"774","board_4x19_13_23768_none","4","19","13","31","63","0","18205","3","76","18205","37","18323","819","819","10000","1.0000","0"
"775","board_4x19_15_23783_none","4","19","15","28","61","1","19807","3","76","19807","37","19925","854","915","9333","0.9333","0"
"776","board_8x10_11_23802_none","8","10","11","23","69","1","23987","3","80","23987","37","24109","690","759","9090","0.9090","0"
"777","board_16x5_20_23816_none","16","5","20","43","60","1","71370","3","80","71370","37","71492","1140","1200","9500","0.9500","0"
"778","board_17x6_25_23837_none","17","6","25","39","77","1","25642","3","102","25642","37","25786","1848","1925","9600","0.9600","0"
"779","board_18x10_32_23865_none","18","10","32","75","148","1","28343","3","180","28343","37","28565","4588","4736","9687","0.9687","0"
"780","board_19x18_60_23901_none","19","18","60","152","282","0","39241","3","342","39241","37","39625","16920","16920","10000","1.0000","0"
"781","board_18x19_93_23968_none","18","19","93","116","194","1","434066","3","342","434066","37","434450","17793","23157","7683","0.7683","1"
"782","board_11x8_13_24073_none","11","8","13","28","75","1","31627","3","88","31627","37","31757","900","975","9230","0.9230","0"
"783","board_6x4_6_24089_none","6","4","6","15","18","2","4187","3","24","4187","37","4253","72","108","6666","0.6666","0"
"784","board_4x10_5_24098_none","4","10","5","9","35","0","4321","3","40","4321","37","4403","175","175","10000","1.0000","0"
"785","board_7x19_35_24104_none","7","19","35","66","98","2","57891","3","133","57891","37","58066","3234","3430","9428","0.9428","0"
"786","board_12x12_21_24149_none","12","12","21","60","123","0","12114","3","144","12114","37","12300","2583","2583","10000","1.0000","0"
"787","board_18x4_19_24172_none","18","4","19","42","53","4","67278","3","72","67278","37","67392","795","1007","7894","0.7894","0"
"788","board_19x10_26_24193_none","19","10","26","44","164","0","14693","3","190","14693","37","14925","4264","4264","10000","1.0000","0"
"789","board_18x14_45_24220_none","18","14","45","81","207","2","58930","3","252","58930","37","59224","8901","9315","9555","0.9555","0"
"790","board_14x19_64_24269_none","14","19","64","95","165","1","1166445","3","266","1166445","37","1166753","10358","12928","8012","0.8012","1"
"791","board_6x8_10_24343_none","6","8","10","21","38","0","11701","3","48","11701","37","11791","380","380","10000","1.0000","0"
"792","board_5x6_8_24354_none","5","6","8","16","22","1","23509","3","30","23509","37","23581","154","176","8750","0.8750","0"
"793","board_4x8_5_24364_none","4","8","5","13","27","0","4312","3","32","4312","37","4386","135","135","10000","1.0000","0"
"794","board_11x19_53_24370_none","11","19","53","53","94","2","320542","3","209","320542","37","320793","4670","8268","5648","0.5648","1"
"795","board_16x16_35_24434_none","16","16","35","79","221","0","14234","3","256","14234","37","14532","7735","7735","10000","1.0000","0"
"796","board_17x14_35_24472_none","17","14","35","75","203","0","12627","3","238","12627","37","12907","7105","7105","10000","1.0000","0"
"797","board_18x10_38_24513_none","18","10","38","83","142","3","43503","3","180","43503","37","43725","4970","5396","9210","0.9210","0"
"798","board_19x5_25_24554_none","19","5","25","31","47","5","72305","3","95","72305","37","72442","825","1750","4714","0.4714","1"
"799","board_16x10_27_24583_none","16","10","27","45","133","0","33902","3","160","33902","37","34104","3591","3591","10000","1.0000","0"
"800","board_15x12_38_24612_none","15","12","38","94","142","1","77310","3","180","77310","37","77532","5254","5396","9736","0.9736","0"
"801","board_9x19_36_24654_none","9","19","36","77","135","1","133880","3","171","133880","37","134093","4725","4860","9722","0.9722","0"
"802","board_7x19_19_24696_none","7","19","19","29","114","0","6286","3","133","6286","37","6461","2166","2166","10000","1.0000","0"
"803","board_4x8_8_24717_none","4","8","8","20","24","1","7764","3","32","7764","37","7838","168","192","8750","0.8750","0"
"804","board_5x4_3_24726_none","5","4","3","14","17","0","4481","3","20","4481","37","4543","51","51","10000","1.0000","0"
"805","board_11x12_33_24730_none","11","12","33","26","51","2","113540","3","132","113540","37","113714","1485","3267","4545","0.4545","1"
"806","board_14x16_58_24767_none","14","16","58","75","117","2","281329","3","224","281329","37","281595","6454","9628","6703","0.6703","1"
"807","board_19x18_49_24841_none","19","18","49","100","293","1","58134","3","342","58134","37","58518","14064","14357","9795","0.9795","0"
"808","board_18x6_28_24895_none","18","6","28","47","79","3","62128","3","108","62128","37","62278","1972","2240","8803","0.8803","1"
"809","board_12x6_13_24925_none","12","6","13","33","59","1","11305","3","72","11305","37","11419","708","767","9230","0.9230","0"
"810","board_7x16_27_24940_none","7","16","27","56","85","0","28875","3","112","28875","37","29029","2295","2295","10000","1.0000","0"
"811","board_4x19_11_24972_none","4","19","11","16","65","0","4117","3","76","4117","37","4235","715","715","10000","1.0000","0"
"812","board_5x10_14_24985_none","5","10","14","20","36","1","31636","3","50","31636","37","31728","468","504","9285","0.9285","0"
"813","board_6x8_11_25002_none","6","8","11","6","16","2","44576","3","48","44576","37","44666","102","407","2506","0.2506","1"
"814","board_9x4_5_25015_none","9","4","5","7","31","0","1885","3","36","1885","37","1963","155","155","10000","1.0000","0"
"815","board_11x4_7_25021_none","11","4","7","24","37","0","8515","3","44","8515","37","8601","259","259","10000","1.0000","0"
"816","board_14x6_18_25030_none","14","6","18","34","66","2","13901","3","84","13901","37","14027","1056","1188","8888","0.8888","0"
"817","board_17x12_53_25049_none","17","12","53","68","96","5","194211","3","204","194211","37","194457","4333","8003","5414","0.5414","1"
"818","board_19x19_55_25112_none","19","19","55","104","306","0","35942","3","361","35942","37","36345","16830","16830","10000","1.0000","0"
"819","board_16x10_38_25170_none","16","10","38","85","122","1","62576","3","160","62576","37","62778","4514","4636","9736","0.9736","0"
"820","board_8x5_8_25211_none","8","5","8","9","23","0","65917","3","40","65917","37","65999","184","256","7187","0.7187","1"
"821","board_4x14_12_25220_none","4","14","12","31","44","0","17471","3","56","17471","37","17569","528","528","10000","1.0000","0"
"822","board_4x16_11_25233_none","4","16","11","21","53","1","10324","3","64","10324","37","10430","530","583","9090","0.9090","0"
"823","board_6x18_26_25248_none","6","18","26","42","82","0","34077","3","108","34077","37","34227","2132","2132","10000","1.0000","0"
"824","board_12x6_11_25279_none","12","6","11","17","61","1","8927","3","72","8927","37","9041","610","671","9090","0.9090","0"
"825","board_19x8_39_25292_none","19","8","39","59","96","4","270429","3","152","270429","37","270623","3292","4407","7469","0.7469","1"
"826","board_19x10_47_25338_none","19","10","47","65","119","2","576553","3","190","576553","37","576785","5307","6721","7896","0.7896","1"
"827","board_18x19_59_25391_none","18","19","59","89","274","0","147137","3","342","147137","37","147521","16166","16697","9681","0.9681","1"
"828","board_15x18_68_25458_none","15","18","68","103","155","6","775955","3","270","775955","37","776267","9328","13736","6790","0.6790","1"
"829","board_10x10_17_25536_none","10","10","17","36","83","0","27763","3","100","27763","37","27905","1411","1411","10000","1.0000","0"
"830","board_6x4_4_25554_none","6","4","4","16","20","1","4495","3","24","4495","37","4561","60","80","7500","0.7500","0"
"831","board_4x12_9_25559_none","4","12","9","23","39","2","11932","3","48","11932","37","12022","273","351","7777","0.7777","0"
"832","board_7x19_22_25570_none","7","19","22","42","111","0","11828","3","133","11828","37","12003","2442","2442","10000","1.0000","0"
"833","board_9x19_42_25595_none","9","19","42","36","33","3","306845","3","171","306845","37","307058","999","5418","1843","0.1843","1"
"834","board_17x8_18_25648_none","17","8","18","26","118","0","10821","3","136","10821","37","10999","2124","2124","10000","1.0000","0"
"835","board_18x5_16_25669_none","18","5","16","49","74","3","67684","3","90","67684","37","67816","962","1184","8125","0.8125","0"
"836","board_19x6_29_25687_none","19","6","29","48","82","3","334372","3","114","334372","37","334528","2123","2465","8612","0.8612","1"
"837","board_18x10_32_25723_none","18","10","32","72","148","0","31613","3","180","31613","37","31835","4736","4736","10000","1.0000","0"
"838","board_14x19_54_25761_none","14","19","54","125","212","0","124549","3","266","124549","37","124857","11448","11448","10000","1.0000","0"
"839","board_11x19_57_25819_none","11","19","57","123","150","6","1019038","3","209","1019038","37","1019289","7638","8664","8815","0.8815","1"
"840","board_8x16_26_25890_none","8","16","26","64","102","2","205799","3","128","205799","37","205969","2448","2652","9230","0.9230","0"
"841","board_4x5_4_25918_none","4","5","4","12","16","1","6227","3","20","6227","37","6289","48","64","7500","0.7500","0"
"842","board_5x6_7_25924_none","5","6","7","14","23","2","4683","3","30","4683","37","4755","115","161","7142","0.7142","0"
"843","board_6x8_8_25932_none","6","8","8","16","40","1","6026","3","48","6026","37","6116","280","320","8750","0.8750","0"
"844","board_10x16_28_25942_none","10","16","28","64","132","0","9618","3","160","9618","37","9820","3696","3696","10000","1.0000","0"
"845","board_17x18_62_25975_none","17","18","62","127","244","1","82975","3","306","82975","37","83323","14884","15128","9838","0.9838","0"
"846","board_19x10_28_26045_none","19","10","28","80","162","1","24500","3","190","24500","37","24732","4374","4536","9642","0.9642","0"
"847","board_19x4_20_26074_none","19","4","20","40","56","1","40278","3","76","40278","37","40396","1064","1120","9500","0.9500","0"
"848","board_15x8_17_26099_none","15","8","17","37","103","0","11883","3","120","11883","37","12045","1751","1751","10000","1.0000","0"
"849","board_10x16_34_26118_none","10","16","34","86","126","1","59761","3","160","59761","37","59963","4158","4284","9705","0.9705","0"
"850","board_4x16_10_26156_none","4","16","10","32","54","0","10550","3","64","10550","37","10656","540","540","10000","1.0000","0"
"851","board_4x8_7_26168_none","4","8","7","15","25","1","18761","3","32","18761","37","18835","150","175","8571","0.8571","0"
"852","board_6x4_6_26176_none","6","4","6","10","18","0","3859","3","24","3859","37","3925","108","108","10000","1.0000","0"
"853","board_12x10_18_26183_none","12","10","18","32","102","0","21296","3","120","21296","37","21458","1836","1836","10000","1.0000","0"
"854","board_15x14_44_26202_none","15","14","44","88","166","0","99448","3","210","99448","37","99700","7304","7304","10000","1.0000","0"
"855","board_19x19_63_26250_none","19","19","63","134","283","0","109291","3","361","109291","37","109694","17829","18774","9496","0.9496","1"
"856","board_19x16_43_26321_none","19","16","43","83","256","1","237204","3","304","237204","37","237550","10747","11223","9575","0.9575","1"
"857","board_15x4_15_26376_none","15","4","15","38","45","4","25481","3","60","25481","37","25583","495","675","7333","0.7333","0"
"858","board_12x4_9_26397_none","12","4","9","19","39","0","8788","3","48","8788","37","8878","351","351","10000","1.0000","0"
"859","board_5x16_22_26409_none","5","16","22","37","49","2","221711","3","80","221711","37","221833","962","1276","7539","0.7539","1"
"860","board_4x19_11_26436_none","4","19","11","25","65","0","7836","3","76","7836","37","7954","715","715","10000","1.0000","0"
"861","board_8x8_16_26448_none","8","8","16","23","48","1","12149","3","64","12149","37","12255","720","768","9375","0.9375","0"
"862","board_11x4_9_26469_none","11","4","9","18","35","1","17037","3","44","17037","37","17123","280","315","8888","0.8888","0"
"863","board_16x6_14_26479_none","16","6","14","34","82","0","13130","3","96","13130","37","13268","1148","1148","10000","1.0000","0"
"864","board_19x19_76_26496_none","19","19","76","171","285","1","86651","3","361","86651","37","87054","21375","21660","9868","0.9868","0"
"865","board_16x14_47_26583_none","16","14","47","93","177","1","86608","3","224","86608","37","86874","8142","8319","9787","0.9787","0"
"866","board_12x8_26_26636_none","12","8","26","44","70","5","127267","3","96","127267","37","127405","1470","1820","8076","0.8076","0"
"867","board_11x6_17_26668_none","11","6","17","36","49","1","11971","3","66","11971","37","12079","784","833","9411","0.9411","0"
"868","board_9x4_6_26690_none","9","4","6","11","30","0","17167","3","36","17167","37","17245","180","180","10000","1.0000","0"
"869","board_6x5_4_26699_none","6","5","4","9","26","0","19546","3","30","19546","37","19618","104","104","10000","1.0000","0"
"870","board_5x6_5_26704_none","5","6","5","4","25","0","1440","3","30","1440","37","1512","125","125","10000","1.0000","0"
"871","board_4x16_15_26710_none","4","16","15","28","49","0","33964","3","64","33964","37","34070","735","735","10000","1.0000","0"
"872","board_8x18_24_26730_none","8","18","24","54","120","4","51326","3","144","51326","37","51512","2400","2880","8333","0.8333","0"
"873","board_14x8_26_26756_none","14","8","26","49","86","2","51817","3","112","51817","37","51971","2064","2236","9230","0.9230","0"
"874","board_19x6_25_26789_none","19","6","25","45","89","2","36330","3","114","36330","37","36486","2047","2225","9200","0.9200","0"
"875","board_18x18_54_26821_none","18","18","54","138","270","0","28577","3","324","28577","37","28943","14580","14580","10000","1.0000","0"
"876","board_12x18_46_26883_none","12","18","46","106","170","2","89070","3","216","89070","37","89328","7480","7820","9565","0.9565","0"
"877","board_7x8_11_26939_none","7","8","11","29","45","2","22249","3","56","22249","37","22347","405","495","8181","0.8181","0"
"878","board_4x4_3_26952_none","4","4","3","10","13","0","8221","3","16","8221","37","8279","39","39","10000","1.0000","0"
"879","board_5x12_15_26956_none","5","12","15","39","45","3","93696","3","60","93696","37","93798","540","675","8000","0.8000","0"
"880","board_8x18_20_26974_none","8","18","20","46","124","0","28714","3","144","28714","37","28900","2480","2480","10000","1.0000","0"
"881","board_14x18_58_26995_none","14","18","58","98","179","2","558337","3","252","558337","37","558631","9994","11252","8881","0.8881","1"
"882","board_18x10_37_27066_none","18","10","37","76","143","1","30266","3","180","30266","37","30488","5148","5291","9729","0.9729","0"
"883","board_18x8_25_27109_none","18","8","25","64","119","1","47670","3","144","47670","37","47856","2856","2975","9600","0.9600","0"
"884","board_19x6_17_27138_none","19","6","17","46","97","0","18271","3","114","18271","37","18427","1649","1649","10000","1.0000","0"
"885","board_18x8_37_27158_none","18","8","37","80","107","2","124585","3","144","124585","37","124771","3745","3959","9459","0.9459","0"
"886","board_16x12_40_27197_none","16","12","40","85","152","0","25305","3","192","25305","37","25539","6080","6080","10000","1.0000","0"
"887","board_11x19_31_27240_none","11","19","31","45","178","0","24542","3","209","24542","37","24793","5518","5518","10000","1.0000","0"
"888","board_7x18_32_27275_none","7","18","32","38","63","4","226759","3","126","226759","37","226927","1640","3008","5452","0.5452","1"
"889","board_4x6_3_27308_none","4","6","3","8","21","0","2110","3","24","2110","37","2176","63","63","10000","1.0000","0"
"890","board_8x8_15_27312_none","8","8","15","31","49","0","6729","3","64","6729","37","6835","735","735","10000","1.0000","0"
"891","board_16x19_64_27330_none","16","19","64","94","240","0","36392","3","304","36392","37","36738","15360","15360","10000","1.0000","0"
"892","board_18x18_85_27401_none","18","18","85","180","239","5","424395","3","324","424395","37","424761","19120","20315","9411","0.9411","0"
"893","board_19x8_21_27503_none","19","8","21","37","131","0","25487","3","152","25487","37","25681","2751","2751","10000","1.0000","0"
"894","board_18x5_16_27526_none","18","5","16","31","74","1","10700","3","90","10700","37","10832","1110","1184","9375","0.9375","0"
"895","board_14x6_21_27544_none","14","6","21","33","63","4","48763","3","84","48763","37","48889","1071","1323","8095","0.8095","0"
"896","board_12x8_21_27569_none","12","8","21","44","75","1","10880","3","96","10880","37","11018","1500","1575","9523","0.9523","0"
"897","board_5x19_24_27595_none","5","19","24","56","70","4","239619","3","95","239619","37","239756","1396","1704","8192","0.8192","1"
"898","board_4x10_6_27622_none","4","10","6","16","34","0","4209","3","40","4209","37","4291","204","204","10000","1.0000","0"
"899","board_8x4_8_27629_none","8","4","8","14","24","1","22477","3","32","22477","37","22551","168","192","8750","0.8750","0"
"900","board_16x12_26_27641_none","16","12","26","56","166","0","22166","3","192","22166","37","22400","4316","4316","10000","1.0000","0"
"901","board_19x19_98_27668_none","19","19","98","202","263","1","224942","3","361","224942","37","225345","25511","25774","9897","0.9897","0"
"902","board_17x10_25_27784_none","17","10","25","60","145","1","38208","3","170","38208","37","38420","3480","3625","9600","0.9600","0"
"903","board_15x6_19_27813_none","15","6","19","39","71","3","66361","3","90","66361","37","66493","1136","1349","8421","0.8421","0"
"904","board_7x8_8_27833_none","7","8","8","17","48","0","6033","3","56","6033","37","6131","384","384","10000","1.0000","0"
"905","board_6x10_8_27842_none","6","10","8","20","52","0","4619","3","60","4619","37","4721","416","416","10000","1.0000","0"
"906","board_4x19_19_27852_none","4","19","19","28","50","3","45918","3","76","45918","37","46036","779","1083","7192","0.7192","1"
"907","board_8x12_14_27873_none","8","12","14","29","82","1","17473","3","96","17473","37","17611","1066","1148","9285","0.9285","0"
"908","board_14x4_15_27890_none","14","4","15","28","41","4","21615","3","56","21615","37","21713","451","615","7333","0.7333","0"
"909","board_19x10_28_27910_none","19","10","28","45","162","0","28386","3","190","28386","37","28618","4536","4536","10000","1.0000","0"
"910","board_19x14_58_27943_none","19","14","58","98","208","1","74499","3","266","74499","37","74807","11856","12064","9827","0.9827","0"
"911","board_18x19_71_28013_none","18","19","71","168","271","1","92373","3","342","92373","37","92757","18970","19241","9859","0.9859","0"
"912","board_16x18_41_28090_none","16","18","41","98","247","0","19775","3","288","19775","37","20105","10127","10127","10000","1.0000","0"
"913","board_11x10_24_28132_none","11","10","24","31","86","1","47165","3","110","47165","37","47317","1978","2064","9583","0.9583","0"
"914","board_9x6_15_28158_none","9","6","15","31","39","1","7491","3","54","7491","37","7587","546","585","9333","0.9333","0"
"915","board_8x5_10_28174_none","8","5","10","14","30","1","22679","3","40","22679","37","22761","270","300","9000","0.9000","0"
"916","board_4x8_4_28187_none","4","8","4","10","28","0","2030","3","32","2030","37","2104","112","112","10000","1.0000","0"
"917","board_6x19_27_28192_none","6","19","27","29","87","0","31732","3","114","31732","37","31888","2349","2349","10000","1.0000","0"
"918","board_10x18_24_28221_none","10","18","24","37","156","0","11121","3","180","11121","37","11343","3744","3744","10000","1.0000","0"
"919","board_16x8_33_28248_none","16","8","33","47","84","3","109063","3","128","109063","37","109233","2487","3135","7933","0.7933","1"
"920","board_18x4_16_28293_none","18","4","16","24","45","2","80744","3","72","80744","37","80858","608","896","6785","0.6785","1"
"921","board_18x12_54_28312_none","18","12","54","110","162","2","251722","3","216","251722","37","251980","8424","8748","9629","0.9629","0"
"922","board_12x19_35_28378_none","12","19","35","62","193","0","28124","3","228","28124","37","28394","6755","6755","10000","1.0000","0"
"923","board_10x18_26_28416_none","10","18","26","47","154","1","30430","3","180","30430","37","30652","3850","4004","9615","0.9615","0"
"924","board_4x5_4_28446_none","4","5","4","10","16","0","1971","3","20","1971","37","2033","64","64","10000","1.0000","0"
"925","board_4x6_5_28451_none","4","6","5","12","19","1","10908","3","24","10908","37","10974","76","95","8000","0.8000","0"
"926","board_7x12_22_28457_none","7","12","22","58","62","3","24978","3","84","24978","37","25104","1178","1364","8636","0.8636","0"
"927","board_15x19_41_28484_none","15","19","41","92","244","0","24217","3","285","24217","37","24544","10004","10004","10000","1.0000","0"
"928","board_17x16_57_28529_none","17","16","57","92","215","0","43365","3","272","43365","37","43679","12255","12255","10000","1.0000","0"
"929","board_18x14_61_28590_none","18","14","61","107","191","8","152867","3","252","152867","37","153161","10123","11651","8688","0.8688","0"
"930","board_18x12_58_28657_none","18","12","58","66","95","4","581954","3","216","581954","37","582212","4878","9164","5323","0.5323","1"
"931","board_19x10_49_28723_none","19","10","49","97","141","3","160791","3","190","160791","37","161023","6486","6909","9387","0.9387","0"
"932","board_18x4_11_28783_none","18","4","11","30","61","1","17586","3","72","17586","37","17700","610","671","9090","0.9090","0"
"933","board_11x16_38_28796_none","11","16","38","66","138","1","34376","3","176","34376","37","34594","5106","5244","9736","0.9736","0"
"934","board_7x19_19_28838_none","7","19","19","23","114","0","10730","3","133","10730","37","10905","2166","2166","10000","1.0000","0"
"935","board_4x14_15_28860_none","4","14","15","40","41","3","49637","3","56","49637","37","49735","492","615","8000","0.8000","0"
"936","board_6x4_3_28879_none","6","4","3","3","21","0","1384","3","24","1384","37","1450","63","63","10000","1.0000","0"
"937","board_14x14_41_28883_none","14","14","41","78","155","1","53327","3","196","53327","37","53565","6200","6355","9756","0.9756","0"
"938","board_15x16_41_28927_none","15","16","41","58","199","0","11935","3","240","11935","37","12217","8159","8159","10000","1.0000","0"
"939","board_17x19_43_28976_none","17","19","43","97","280","0","24677","3","323","24677","37","25042","12040","12040","10000","1.0000","0"
"940","board_18x19_62_29027_none","18","19","62","151","280","0","35735","3","342","35735","37","36119","17360","17360","10000","1.0000","0"
"941","board_18x8_25_29093_none","18","8","25","37","119","0","16711","3","144","16711","37","16897","2975","2975","10000","1.0000","0"
"942","board_15x4_10_29119_none","15","4","10","17","50","0","5112","3","60","5112","37","5214","500","500","10000","1.0000","0"
"943","board_7x14_17_29130_none","7","14","17","32","81","1","9459","3","98","9459","37","9599","1296","1377","9411","0.9411","0"
"944","board_4x19_17_29151_none","4","19","17","33","59","1","10145","3","76","10145","37","10263","944","1003","9411","0.9411","0"
"945","board_4x18_18_29171_none","4","18","18","42","54","2","40375","3","72","40375","37","40489","864","972","8888","0.8888","0"
"946","board_9x5_6_29191_none","9","5","6","4","39","0","3503","3","45","3503","37","3590","234","234","10000","1.0000","0"
"947","board_10x4_7_29198_none","10","4","7","15","33","0","31809","3","40","31809","37","31891","231","231","10000","1.0000","0"
"948","board_12x4_12_29206_none","12","4","12","25","36","2","12753","3","48","12753","37","12843","360","432","8333","0.8333","0"
"949","board_14x5_18_29221_none","14","5","18","36","45","2","83055","3","70","83055","37","83167","706","936","7542","0.7542","1"
"950","board_19x18_50_29242_none","19","18","50","118","292","0","18573","3","342","18573","37","18957","14600","14600","10000","1.0000","0"
"951","board_18x18_85_29299_none","18","18","85","81","117","3","160082","3","324","160082","37","160448","9228","20315","4542","0.4542","1"
"952","board_12x6_11_29398_none","12","6","11","24","61","0","5610","3","72","5610","37","5724","671","671","10000","1.0000","0"
"953","board_7x5_9_29410_none","7","5","9","23","26","2","26584","3","35","26584","37","26661","182","234","7777","0.7777","0"
"954","board_4x12_7_29422_none","4","12","7","21","41","0","13199","3","48","13199","37","13289","287","287","10000","1.0000","0"
"955","board_5x19_26_29431_none","5","19","26","45","69","1","35025","3","95","35025","37","35162","1725","1794","9615","0.9615","0"
"956","board_6x19_29_29461_none","6","19","29","59","83","4","125792","3","114","125792","37","125948","2067","2465","8385","0.8385","1"
"957","board_14x6_15_29496_none","14","6","15","29","69","0","13047","3","84","13047","37","13173","1035","1035","10000","1.0000","0"
"958","board_16x4_16_29512_none","16","4","16","32","48","2","27977","3","64","27977","37","28083","672","768","8750","0.8750","0"
"959","board_18x4_19_29529_none","18","4","19","38","53","0","30226","3","72","30226","37","30340","1007","1007","10000","1.0000","0"
"960","board_19x12_32_29552_none","19","12","32","66","196","1","35143","3","228","35143","37","35413","6076","6272","9687","0.9687","0"
"961","board_16x19_80_29590_none","16","19","80","130","156","5","382699","3","304","382699","37","383045","11360","17920","6339","0.6339","1"
"962","board_14x18_51_29683_none","14","18","51","77","183","1","181537","3","252","181537","37","181831","9132","10251","8908","0.8908","1"
"963","board_7x6_9_29747_none","7","6","9","19","33","1","6652","3","42","6652","37","6736","264","297","8888","0.8888","0"
"964","board_4x8_4_29757_none","4","8","4","12","28","0","3465","3","32","3465","37","3539","112","112","10000","1.0000","0"
"965","board_6x16_20_29762_none","6","16","20","36","76","1","44819","3","96","44819","37","44957","1444","1520","9500","0.9500","0"
"966","board_11x19_44_29784_none","11","19","44","95","165","0","54243","3","209","54243","37","54494","7260","7260","10000","1.0000","0"
"967","board_18x8_30_29834_none","18","8","30","63","114","0","126463","3","144","126463","37","126649","3420","3420","10000","1.0000","0"
"968","board_19x4_18_29868_none","19","4","18","38","46","1","98601","3","76","98601","37","98719","770","1044","7375","0.7375","1"
"969","board_18x8_20_29890_none","18","8","20","38","124","0","12030","3","144","12030","37","12216","2480","2480","10000","1.0000","0"
"970","board_18x10_26_29913_none","18","10","26","61","154","2","27052","3","180","27052","37","27274","3696","4004","9230","0.9230","0"
"971","board_17x12_35_29944_none","17","12","35","81","169","0","12488","3","204","12488","37","12734","5915","5915","10000","1.0000","0"
"972","board_10x19_41_29983_none","10","19","41","102","149","3","81918","3","190","81918","37","82150","5662","6109","9268","0.9268","0"
"973","board_9x19_29_30032_none","9","19","29","53","142","0","19106","3","171","19106","37","19319","4118","4118","10000","1.0000","0"
"974","board_4x8_8_30065_none","4","8","8","10","24","0","5881","3","32","5881","37","5955","192","192","10000","1.0000","0"
"975","board_4x5_5_30076_none","4","5","5","7","15","2","2536","3","20","2536","37","2598","45","75","6000","0.6000","0"
"976","board_7x8_8_30084_none","7","8","8","19","48","0","3243","3","56","3243","37","3341","384","384","10000","1.0000","0"
"977","board_10x14_35_30093_none","10","14","35","70","105","2","83874","3","140","83874","37","84056","3465","3675","9428","0.9428","0"
"978","board_12x18_58_30137_none","12","18","58","111","153","4","255302","3","216","255302","37","255560","8242","9164","8993","0.8993","1"
"979","board_17x19_46_30204_none","17","19","46","90","277","1","90441","3","323","90441","37","90806","12465","12742","9782","0.9782","0"
"980","board_19x6_32_30259_none","19","6","32","61","82","3","140646","3","114","140646","37","140802","2378","2624","9062","0.9062","0"
"981","board_15x6_13_30301_none","15","6","13","40","77","0","12685","3","90","12685","37","12817","1001","1001","10000","1.0000","0"
"982","board_12x10_26_30315_none","12","10","26","60","94","2","28694","3","120","28694","37","28856","2256","2444","9230","0.9230","0"
"983","board_6x19_20_30346_none","6","19","20","55","94","0","32354","3","114","32354","37","32510","1880","1880","10000","1.0000","0"
"984","board_4x14_11_30367_none","4","14","11","31","45","1","36208","3","56","36208","37","36306","450","495","9090","0.9090","0"
"985","board_7x4_5_30379_none","7","4","5","18","23","0","21872","3","28","21872","37","21942","115","115","10000","1.0000","0"
"986","board_12x8_21_30385_none","12","8","21","54","75","3","258381","3","96","258381","37","258519","1350","1575","8571","0.8571","0"
"987","board_15x12_47_30411_none","15","12","47","93","133","2","73502","3","180","73502","37","73724","5985","6251","9574","0.9574","0"
"988","board_18x18_65_30464_none","18","18","65","99","244","3","181944","3","324","181944","37","182310","15083","16835","8959","0.8959","1"
"989","board_18x19_60_30536_none","18","19","60","132","282","0","35232","3","342","35232","37","35616","16920","16920","10000","1.0000","0"
"990","board_19x19_53_30603_none","19","19","53","91","308","3","87790","3","361","87790","37","88193","15400","16324","9433","0.9433","0"
"991","board_18x12_58_30666_none","18","12","58","83","107","4","281084","3","216","281084","37","281342","5574","9164","6082","0.6082","1"
"992","board_15x5_13_30734_none","15","5","13","27","62","1","32676","3","75","32676","37","32793","744","806","9230","0.9230","0"
"993","board_8x8_15_30748_none","8","8","15","45","49","3","68848","3","64","68848","37","68954","588","735","8000","0.8000","0"
"994","board_4x19_10_30764_none","4","19","10","19","66","0","12975","3","76","12975","37","13093","660","660","10000","1.0000","0"
"995","board_6x14_22_30776_none","6","14","22","42","62","3","97753","3","84","97753","37","97879","1178","1364","8636","0.8636","0"
"996","board_7x12_22_30799_none","7","12","22","38","53","3","123287","3","84","123287","37","123413","980","1364","7184","0.7184","1"
"997","board_10x6_11_30823_none","10","6","11","28","49","0","10239","3","60","10239","37","10341","539","539","10000","1.0000","0"
"998","board_17x6_25_30836_none","17","6","25","41","77","0","26282","3","102","26282","37","26426","1925","1925","10000","1.0000","0"
"999","board_19x18_50_30871_none","19","18","50","98","292","0","43132","3","342","43132","37","43516","14600","14600","10000","1.0000","0"
"1000","board_15x14_55_30923_none","15","14","55","103","155","4","196797","3","210","196797","37","197049","7905","8525","9272","0.9272","0"
