8 14 27 board_8x14_27_1_none
93931192
13991129
12221011
92110000
34911121
99211929
44313231
99494921
39599391
22496421
91299910
22123210
91000111
11000191

11 19 31 board_11x19_31_35_none
02932210111
02939910292
01122321394
00001291299
11223932122
19299391000
11222211111
00111011291
00292019321
11493012910
29492001110
29311000000
22200011111
19100129229
11211192292
00191111111
11211000000
29200011100
29200019100

18 14 66 board_18x14_66_70_none
019494920001110199
012995941012911354
001223992139311999
000002493399412249
000001949499492133
000112149433493299
222292149319212949
993933939211101132
239349431101110019
132499921233922221
929395943999229921
232223399493112493
292019222212232399
292011100001999222

19 6 21 board_19x6_21_151_none
0112929229100000122
0192121292100000199
0111000111001110233
1100012321001921292
9100029991012392494
1100029931019229399

18 5 18 board_18x5_18_177_none
000111112291000011
122292292921011229
299323922221139393
932293220191199339
110112910111122129

17 6 25 board_17x6_25_200_none
92212911910293211
29494332221299391
12994992191234921
12493392111193331
29311123321112991
29200019991001221

12 14 37 board_12x14_37_231_none
910029929291
222139431211
192923932321
112223939992
011292133439
019223229111
011229933421
111193229991
191112122432
332001921191
991002493221
221013994921
000019993129
000013931011

7 19 23 board_7x19_23_273_none
9239391
1299311
1232100
1921100
1129111
1233219
9299111
2322100
9100000
1100111
1100292
9100292
1101221
1111910
1911121
1111139
1111939
1923331
1129910

4 16 19 board_4x16_19_299_none
1221
2991
3941
4930
9930
9930
3920
2321
9391
9411
9300
9311
3491
9921
9421
1291

4 6 3 board_4x6_3_321_none
0111
0191
1322
9291
1211
0000

7 4 6 board_7x4_6_325_none
9201392
9201992
2211221
1910000

10 8 21 board_10x8_21_332_none
0000019999
0000013942
2333333210
9999999211
2445943493
0192112999
0112112959
0001911121

17 19 46 board_17x19_46_358_none
00019291293100111
00011212399111291
00011101932119211
22119101221011111
99112210192100129
22101910129100293
01111121111100292
01911129100000111
01111921100000000
12111110000000000
92921111112210000
12139219239910000
00029212939310111
00012322121100191
11101992100122211
29201239101299211
29211233201933391
11119299113332921
00011222119929210

18 19 74 board_18x19_74_408_none
000002942101110000
000113999112921000
112294553129492221
192939991029534991
333122321024994942
991000000019994239
232100000012593293
019211000000292393
011291111011322292
001232292129392111
113939223921392000
193943329322221111
112239931292921292
111396930223291293
922994920192221239
394332222334920293
293921292994921393
112129323395321939
000011291129911121

19 12 49 board_19x12_49_496_none
9211939200000012921
3921249200000019229
2931292100011233211
2229322111139499100
9321293392299943200
9920129949223239200
9920013931100029200
3421012210111011100
9291019111292111222
2422011119229119399
9493111243211113942
2993911999100002920

18 6 15 board_18x6_15_552_none
000000129100191000
000000192111212110
012210223129112910
129921292932219210
933329212129111111
129111100011100019

12 5 16 board_12x5_16_570_none
029422110000
139992921100
194543139211
123993249329
019339939229

11 6 18 board_11x6_18_590_none
29329222100
29493399211
12933932291
12139432211
92029499321
92011394991

5 18 13 board_5x18_13_613_none
11211
19291
11211
00000
00000
00111
22291
99211
34210
92921
12129
00011
23210
99920
95920
12110
00000
00000

4 14 14 board_4x14_14_628_none
3931
9992
9592
1322
0191
0111
0011
0029
1139
1932
1292
0129
1232
1991

9 5 7 board_9x5_7_645_none
910292000
342393100
999229100
232111100
000000000

16 8 27 board_16x8_27_654_none
0192111129421122
2449119129991199
9993211112322232
5959222211001910
9941299291112110
3931333211292000
1129291011393110
0011211019212910

17 10 29 board_17x10_29_686_none
29392100001911292
29329100012211939
11122200019102242
00129100011101939
00192100112111139
00122100192921111
11029200112129210
92139201110023921
23921102920139491
19210002920199311

19 18 59 board_19x18_59_719_none
0000012910019921129
0000019221114931921
0000022219224921121
0011119232399211129
0019112929223211921
0022202231101922110
0029212910001292121
0029219320000112929
0133212910001123331
0199201111122939932
0139200001929359599
0122100001122939339
0292000001111121111
0393001111921100000
0292001912239211221
0111002221933911992
1222111911294432392
1992911110129991111

19 19 97 board_19x19_97_786_none
1111921199101921100
1922391233101129211
2229211192101122391
9332100239222934931
3991001294949599920
9321112923959694221
2200193222239921139
9111229119123311299
2229111111119322943
2942200000124994492
2939212222293994993
1121292993934544949
1232334449239993231
2999399393229643910
9455599329224993331
2399932111293944992
9349422210112394949
9239319931100396331
1129213939100299910

19 19 92 board_19x19_92_895_none
9212221113920000000
9329949129932221111
2935993229439949219
2229949223923959421
9112222392111139910
1100001932100013331
0000112129100002949
0000192123432113949
0000129339999119331
0000013993494233921
0000002943333929239
2210001393992121239
9910112494232100193
3320295992139200249
3920299931199211299
9942369421223339333
4993999219212993292
2993355322393493229
1221199911922939111

17 14 41 board_17x14_41_1003_none
29101910111001999
92112332393223453
11019299393992991
12232333212233321
92991191011119100
12221111019222210
00000000012911910
01110000001111121
02921110000000019
02921911121211122
01111222939391191
00001394239422222
11001999111393291
91001232100293921

16 12 28 board_16x12_28_1051_none
0000011101910000
0000019101110000
0011111100000000
0129332100122100
0294999201299200
1394479411949200
9212999911132311
1101249310029492
0000011100029492
0111000012221211
1291000019910111
1921000012210191

15 10 20 board_15x10_20_1082_none
111000000019119
191012210122111
111129910191000
110193221211000
910111029310000
111111139932100
001911922399211
002221110122291
111910011111211
911110019119100

7 5 8 board_7x5_8_1103_none
9100011
1211129
0191293
2432292
9991111

4 18 14 board_4x18_14_1113_none
9129
1129
0022
2229
9921
2221
0019
0011
0000
1110
1910
1110
1111
9219
9211
2211
9229
2921

4 19 19 board_4x19_19_1129_none
2229
9931
3920
1221
1291
9211
1111
0129
1292
1943
3599
9993
3432
9229
2921
2220
1910
2220
1910

8 16 22 board_8x16_22_1152_none
19100000
11101110
11012910
92029321
92029219
23221222
19910292
34310292
99101332
23211991
01912331
02221921
01911239
01121292
00129211
00192100

12 8 17 board_12x8_17_1176_none
000000191000
111012321011
293129910029
399239310139
295932100192
129491001221
012922111910
001111911110

19 6 20 board_19x6_20_1196_none
0000001929100001221
1110113231111212992
1910192921019293339
2220112291011229122
1921001233210122229
1291001929910191192

18 19 86 board_18x19_86_1218_none
011291293119929399
129433499112232599
394995993100129393
995499931000293322
495956420001393291
399399922122934931
943434493939393931
129292393292212292
011213931111000129
011102920012210011
019101110019920111
132201221014941191
929112992002992222
122229592002349119
012933921002932332
019392221013921992
011223493119222492
111019999112339322
191013942101992291

11 14 22 board_11x14_22_1318_none
00019101910
00122102220
00292012921
11392019492
29311012492
29310001932
12910002239
01110001921
00000112110
01110191111
12910112291
92121101921
12129211110
01922910000

10 12 18 board_10x12_18_1343_none
0000001110
1211001910
9292122210
2312929100
9113332210
1119911910
0134433210
1299299100
1943222111
1392000129
0292000192
0111000111

6 5 7 board_6x5_7_1368_none
001232
002999
014952
129920
922210

4 10 6 board_4x10_6_1376_none
1291
9311
9311
1291
0111
0000
0011
1119
9111
1100

5 14 15 board_5x14_15_1384_none
00000
00011
11129
19239
13931
02920
01110
12110
93931
13949
01249
11293
92293
92129

11 19 37 board_11x19_37_1403_none
00122100111
11199210191
91123910122
22112211129
19119101932
11111223492
00000199492
11001345942
91001993939
22223333221
19399229211
12933932391
01112239322
00112932492
01292129493
01921011392
01110000111
00000001232
00000001999

15 14 31 board_15x14_31_1446_none
000019211000011
000122291000019
121291122100011
929322129101110
231292292101921
921222921012391
921911222129211
223220293921100
193910394110000
139310292000000
139211211000011
194329100000019
129921111111111
012210019119100

18 6 30 board_18x6_30_1480_none
911129101929929920
221932212233224930
912493392191003941
222994993222102991
923934979219101232
129212999211100019

18 8 21 board_18x8_21_1515_none
000000011101929100
000000019102231100
111011112211921000
192239201911291000
239299201111221111
922343200001921291
122929100001239432
019221100000193991

18 10 31 board_18x10_31_1538_none
939219212921100000
139211393129211121
011111392012911929
110019211012212231
921111100029312910
129100000149493220
022201110199312910
129212911232101221
192292223932110191
111111193992910111

16 14 55 board_16x14_55_1571_none
0001921199499991
0001291124995421
0000234213959211
0000199923931292
0012349593220129
1129922922910011
1922212332221000
2342112992191000
1999239793111000
1232399993100011
0011496949111129
1129594121119129
9139594321012343
1129329991001999

14 18 63 board_14x18_63_1632_none
93493921211000
29994349391111
12322993921191
00001233210111
12110019212121
94911121292929
99322922333221
33493239929211
29594293233593
49699322019999
99695392112494
95999339100129
94344921111111
29129310019100
22129200011100
93111101110011
99112222921019
93119929391011

11 19 46 board_11x19_46_1705_none
12110000000
92910011211
12221019291
00191011333
00223111399
22292912993
99323222931
23911911110
01111110011
12122210019
94939921022
94944592139
12239923959
12293212949
92933111121
23292911232
91112112999
33111213953
99119292129

6 14 15 board_6x14_15_1756_none
139200
949311
292291
122333
239299
992239
221011
011211
019291
011211
111111
191191
111111
000000

4 10 11 board_4x10_11_1773_none
9921
2229
0011
0000
2321
9991
9521
9310
2932
1299

4 4 3 board_4x4_3_1786_none
1221
1992
1392
0111

6 6 5 board_6x6_5_1792_none
000000
012210
139920
939920
122210
000000

8 10 16 board_8x10_16_1798_none
11000019
91001121
33101910
99222210
34929100
93343211
29399119
12932222
12221191
91191111

10 14 38 board_10x14_38_1817_none
1299293391
9223459931
2212999930
9119459941
1111295959
0000124993
0111019449
0193333921
1239992110
2923431000
9322910000
9539210111
9993200191
9439100111

15 19 50 board_15x19_50_1861_none
110019100019211
910133211111291
220299119211222
921293222291191
391112291222222
932101921293291
129112210293921
022219100113220
019122200112910
011129201292110
012239323921111
019921299321392
012210139329392
001110011293321
111910000112910
911110011212110
222121129391011
293929129423139
293121111292939

16 19 45 board_16x19_45_1918_none
9111111100000000
1119239200011100
0023499300019100
1229949311122111
9393221291191019
9311000111112232
1101221000001991
0001991011112321
0002331019119100
0001910022211100
0012210019100122
0129111111100199
1292119100000122
9323232101122210
1393991001939910
0294331001149520
1333910011129920
1992110019114930
1221000011102920

19 14 56 board_19x14_56_1973_none
1239111111101910000
1994329119102221110
2339942212211911932
9113949422923222399
1224359992293911932
0199949421139421110
0139931100039910000
0024421221029310000
1129922992011100011
9239329492111011119
2932211322191019111
1239100192322011111
1395310129292211019
1999910011229291011

18 4 10 board_18x4_10_2037_none
129211000011211000
192292211019392000
111139391011392011
000029311000111019

15 6 16 board_15x6_16_2048_none
001111991112910
012912342393110
019222929392000
011229221211000
110192101232111
910111001999119

12 10 30 board_12x10_30_2065_none
922999100019
249432101121
199211112921
233119119392
292132211349
923939100299
112942101393
113392111921
193933923220
129229392910

11 12 36 board_11x12_36_2100_none
01291139311
12932399692
93229499992
39223955542
93924959929
23239994432
92293339292
29211012339
12210001921
02932112220
13992911910
92222111110

5 19 14 board_5x19_14_2151_none
00011
00019
00011
00011
11119
19111
23221
92929
13231
12921
93291
92111
22100
19100
11100
11111
19229
12921
01110

4 12 12 board_4x12_12_2166_none
1110
1910
2210
9432
9999
9942
3310
9211
1291
1222
9119
1111

6 5 5 board_6x5_5_2182_none
910191
220222
910191
221111
191000

7 4 4 board_7x4_4_2188_none
2991191
9321111
1100000
0000000

9 4 5 board_9x4_5_2194_none
911110000
111910011
112110129
191000192

16 14 55 board_16x14_55_2201_none
1912920292000019
1123942393212121
0029599339293931
0029943921324991
1114931111393232
9114942211992029
2229939912342239
1922222322939593
2332101394249993
9299101994922339
1233201239210011
0029200122100111
1139411393100191
9129911999100111

19 19 50 board_19x19_50_2263_none
1910001910000000191
1110001110111001221
1111111211191012910
9119229291123229210
1111292211019921100
0000111000123211221
0000000111191001992
0011100292111012492
0129211292000019211
0192291111000022200
0122222100000019111
0019119100000011229
1122221100111012493
1911921112492019992
1112239119993123931
0112921223433911121
0193220191192121119
0234921111111019111
0199391000000011100

19 16 75 board_19x16_75_2315_none
9239211299321000122
1299229435991011399
0122129493942139493
0000023933391299522
1100019229212399392
9211011112211944339
2493110001911393932
9393910013331394239
1323111129929322932
1291113943333922229
9212395992292129343
1112995932932024999
0019459312391029969
0012399201921029459
0001933211121122399
0001111910019119222

14 4 7 board_14x4_7_2401_none
02931100111000
02939210191000
01122921212110
00001129101910

9 6 13 board_9x6_13_2409_none
993932221
334993991
193493221
129211111
122100292
191000292

4 16 13 board_4x16_13_2425_none
0199
1243
1939
1139
0011
0000
0000
0111
1292
9549
9992
2432
0191
0111
1100
9100

5 16 22 board_5x16_22_2443_none
00122
11299
39322
99432
23999
01369
00199
01232
12910
29420
39910
94310
39311
29391
33322
99119

11 5 7 board_11x5_7_2473_none
00000111111
00000192291
00000239321
00112293910
00192922110

18 8 37 board_18x8_37_2481_none
001139921212393100
012939329494999211
129332223996953391
922922913999339222
233339213952292119
199293213932221022
122229229392911129
000012921212111921

19 12 48 board_19x12_48_2530_none
2991000000124921992
9321112110199921349
1101292921245421193
1112933391199291239
9129449422233212292
1129399392291112921
0011222229223392110
0012221111119944210
0019929100023499910
0012232200019223221
1111119100123211139
9119111100192911939

19 16 46 board_19x16_46_2583_none
0000000191002920000
1111110111002920011
1922910000001110019
1292221000111000122
0111191001291000292
1110111001921001392
2920000001110001921
2932332100011212221
2229999211129291191
9112444911922322221
2221292223221922910
1939311293923339210
2259300293239921211
2949200111294221291
2931111100293129211
1110019100112921100

19 18 47 board_19x18_47_2633_none
0191000011119212910
0111000019122392110
1111100012229223321
9119222101932219991
1111299212129123421
0000134491122229100
0000019931191192100
0012234920122211000
0019929210019100000
0124331100122100000
0294932210191001110
1394949910111001910
1923249310000123210
1111932100111199100
0001291000191233100
0000112110111191000
1110112910011222100
1910192110019119100

17 18 78 board_17x18_78_2682_none
11394932292929111
19399399212243329
11222233322299292
11000139399222211
91001299543100000
12222944991001110
02993292222111910
02992233102922220
13442299113932910
92992494229229331
12349493292123939
00194943922139349
00114959211939349
22213993223453399
99392223939999222
94943102933953200
23299212122229210
91122291019112910

15 14 51 board_15x14_51_2776_none
991000001110000
343221213920011
939929293920139
139321212110299
011111100001394
011129201122949
139339201929493
949921101122492
149521122101921
139593399101110
933999495222210
239443394939910
944492229393221
299939111211019

10 6 8 board_10x6_8_2841_none
2920000000
3920000000
9210111000
1101392000
0112992111
0192221191

6 4 6 board_6x4_6_2852_none
293121
294929
129332
011291

5 5 6 board_5x5_6_2859_none
93229
29921
12321
11191
91111

4 12 8 board_4x12_8_2866_none
1121
1939
1139
0011
0000
0011
1239
1992
2331
1910
1221
0191

6 19 24 board_6x19_24_2876_none
911129
221921
943221
999119
232111
111221
912991
235941
199920
249421
192291
111222
000191
000111
000111
111291
911932
111292
000129

8 19 39 board_8x19_39_2903_none
19101110
23212920
93922931
13921291
23222321
99119931
33213949
29213493
94493993
29959592
35949532
99322991
49301221
49410000
99910111
94210191
11001332
00112991
00192221

12 12 26 board_12x12_26_2952_none
019119100111
122232200293
921929211299
931121291122
931112221000
291192911221
111112112991
000000003941
000000002920
121111101110
929229222321
121293929991

15 8 16 board_15x8_16_2982_none
001110011291000
112910019211000
193210022211100
129100129119211
022200192111291
019223321111111
011299921291000
000139329211000

19 5 25 board_19x5_25_2999_none
9293992012211912992
3439493239911223949
9921239399521192121
2321029559391111000
0191012992211000000

19 6 29 board_19x6_29_3031_none
0012929222921212299
1139322929339293954
1939212221292349499
2332119100112299322
9292233210002953211
1212992910002939119

16 19 62 board_16x19_62_3063_none
1111100012929910
9119100019222210
2212321123221100
9211993292939211
2911495932292291
2321396931111111
9292499591111000
3433999931191000
9939796920111000
2249994221222111
0029439349599119
1121123999993111
2910019349432100
9211122221119100
1101911910122100
1101122210191000
9100019211333110
1100012911992910
0000001111222110

9 14 22 board_9x14_22_3129_none
111911232
933322999
399394494
932393939
220112232
910000191
110111122
000192119
000129111
000011111
000000019
111000122
191011291
111019211

5 6 5 board_5x6_5_3153_none
02920
13920
92110
11011
11119
19111

4 5 4 board_4x5_4_3159_none
1100
9222
1299
0133
0019

4 8 6 board_4x8_6_3164_none
0111
0191
1333
9399
2949
1121
0000
0000

6 12 10 board_6x12_10_3173_none
002991
002931
002231
001929
001121
000111
000192
000139
000029
000011
110011
910019

12 19 63 board_12x19_63_3184_none
921293921291
293493139311
129943239200
025949931100
019944920111
134449433392
949949499939
949339449321
342111292222
992100112299
349111101959
395329211139
999932910011
245932121100
139493339111
299329993119
953223593121
939229212910
121292101110

19 8 26 board_19x8_26_3257_none
0011119229100019100
0139211293211121211
0299200112911910293
0394100001111110399
1493011100012221393
1993119222119929211
1239111299123432100
0011100122119291000

18 5 19 board_18x5_19_3285_none
112921910019119921
912921110011113592
111221111111002993
110292192291003992
910292112921002931

16 10 22 board_16x10_22_3306_none
2210019119291000
9910011111211000
2210011100111122
0000019100191199
0000012221322122
0001111929391011
0012911122921019
0019321001110011
0123391111011211
0192921191019291

12 16 42 board_12x16_42_3329_none
011119222100
019111399200
011100399200
110000293100
911221111000
111992000122
001493001299
000293112954
000129119399
122232212332
949939202931
994249313991
393139229531
112932139932
001393139599
000293922932

7 19 27 board_7x19_27_3377_none
0129221
0193929
0123221
1119211
9122391
2219322
9211393
9200299
2210133
1910019
1233232
0199939
0124931
1102220
9102920
1213920
1293220
2932910
2921110

4 14 9 board_4x14_9_3407_none
0019
0011
0011
1119
9221
2910
1110
0000
1100
9321
3991
2942
1291
0111

4 8 6 board_4x8_6_3417_none
0191
1221
1910
2321
9291
1211
1211
9291

4 6 6 board_4x6_6_3425_none
2910
9420
9910
3320
1921
1129

6 4 5 board_6x4_5_3433_none
011119
029211
039311
029219

7 5 6 board_7x5_6_3440_none
0111019
0191122
1221192
1911239
1111921

15 18 68 board_15x18_68_3447_none
019939391001291
122239422112921
911232291192110
222992222122111
193594393239229
249594994994921
199493239595321
122211011399393
000000011234599
110111129119932
922493293222321
129999424920191
013459394942221
012943313992921
129399101333139
293222211192139
493000191239139
992000111192129

19 14 40 board_19x14_40_3528_none
0123910000112121111
1399210000293929119
1993100111295453211
1222110191129999100
0001921322012332100
1101129292211000011
9101121229392001239
2201921111392002992
9101129210111002931
2200012910001222110
9100001233211992000
1100011299922492000
0001129223229211000
0001921100011100000

18 5 23 board_18x5_23_3571_none
191191111192111239
234321293212922992
199921299101249531
234391244211299920
191111199119224920

16 4 12 board_16x4_12_3597_none
0000000192911129
0123221223222932
1299929119119229
9223221111111111

14 5 10 board_14x5_10_3611_none
01111129211000
01911921292110
12322110223921
29291000192291
92211000111111

11 8 13 board_11x8_13_3622_none
91000000011
12110000019
01911110133
01111910299
11001110293
92000001221
93221001921
12991001129

5 19 24 board_5x19_24_3636_none
19349
12999
01232
11111
19239
23399
94942
29931
12391
00111
11000
93210
39910
29431
12939
01249
11292
19321
12910

4 16 9 board_4x16_9_3665_none
0000
0011
1129
1921
2220
1921
1291
0111
0000
0000
1100
9210
2932
1399
0293
0111

7 6 11 board_7x6_11_3675_none
9299100
1333100
0192221
1212992
9312249
9391029

14 6 12 board_14x6_12_3687_none
11191001999100
92111001393111
93000000111019
93000000000011
93111000000000
92191000000000

19 18 81 board_19x18_81_3701_none
9100019100029910000
2200122212259421100
9200193393999319100
9421129939499211100
2992123331222212121
2333911921122393939
9119212391299494259
1122213942399424959
1239339991394294992
1993995931292139421
1233594110111029200
0029693000011122200
0139993110129229211
0295932910192292291
0394123320123321122
0393019922229910019
0394133329933310011
0293929112229100000

19 19 55 board_19x19_55_3790_none
0000111000019291019
0000192110011211011
0000112932100111000
2221101299100191111
9939100122100111191
9952100001110011211
9993110012921019222
9993910019391011399
3432121111211000293
1910019111211000111
1110012229291000000
1100113931211011100
9101394920000019211
1212994121101121291
0294492029201921322
0399323139201129392
1393293921100011392
9211129210000000111
1100011100000000000

19 19 49 board_19x19_49_3848_none
9111112211222991000
2229119923992221000
1921112229942000000
1110000012391000000
1110000000111000000
1922111121100000000
1393922929100000000
0293292121100111111
0111122111100191191
0000019119100111111
1110122111100011100
2921291000000129100
3921921000000293100
9223320000000292000
1119910000000222111
1113331100111192292
9201939100191249329
9212493100111299321
1119392000000294910

14 6 21 board_14x6_21_3900_none
29911911110011
93323221910019
11192911111121
00123222222910
11139449939221
91199999931119

9 4 5 board_9x4_5_3924_none
011100111
019100191
233210111
992910000

5 10 12 board_5x10_12_3930_none
01129
12921
29310
39311
92291
34321
99921
39329
22111
91000

4 18 14 board_4x18_14_3944_none
1100
9100
1111
0019
1121
2931
2949
1292
0111
1100
9100
2200
9211
9339
2949
1139
1121
1910

4 19 12 board_4x19_12_3961_none
0019
0011
1100
9100
1111
0019
1232
1991
1221
0000
0000
1100
9100
2321
3991
9931
2210
1221
1991

11 8 22 board_11x8_22_3974_none
29292110011
94334920029
93939921139
12293211921
00111002231
22101112949
99312923949
39392292121

16 4 8 board_16x4_8_3998_none
1911910011211191
1111110029492211
0000000029939100
0000000012221100

17 4 10 board_17x4_10_4007_none
19101921000001921
11101292110012392
01110112910019239
01910001110011129

19 14 67 board_19x14_67_4019_none
1129911293210012221
9129322939920029929
1112339224952129332
2322992102999221119
9992221001234921232
9531001221124943991
3931001991199499432
2991123432234594392
1232299291193992293
1129222212223931139
2932322111912220029
2932994921123920011
1239349931229930000
0192129329294920000

19 18 58 board_19x18_58_4099_none
0001110011222100000
0112921119299221100
0192129343323929100
1221024999312121111
1910019999391000019
1110014953332111111
0001112921929129200
0112933222222239200
0192399239201922210
1211296949312111921
9100139931393111291
1223239421293910111
1299921291123210000
9334210111019210000
1291112121112921011
0122292929101291029
0029312121100111029
0029200000000000011

14 16 53 board_14x16_53_4164_none
01911921191191
13332392111111
93992392001110
13949211112910
12121222293210
91000199339211
11111134922391
11191019211932
92222122112392
95392291019229
99933933121111
34339493921111
92294949391191
94493394311111
39933499101110
29329932101910

12 14 46 board_12x14_46_4226_none
929211129111
243911922229
939532111921
249992122210
396932929100
999223342211
943339939119
111994942222
012334592191
019239993222
013959593292
013994439229
129449921111
193922210000

10 10 24 board_10x10_24_4277_none
0129339210
0194994921
0239494239
0192223921
0123229210
0129931222
0194921299
1213221949
9101923231
1101292910

7 5 5 board_7x5_5_4304_none
1110199
1910122
1121100
0019111
0011119

4 6 6 board_4x6_6_4311_none
0191
1221
1910
3331
9929
9321

6 18 15 board_6x18_15_4319_none
110292
921392
129211
012332
111999
911232
110000
000000
000111
000192
000139
000039
000139
000192
000111
000111
011291
019211

14 14 51 board_14x14_51_4335_none
19911122211221
23223939922992
91029942229492
12139942222322
01923499391292
01111944932392
00012393349211
01129323992100
12932392222221
29449311012991
49499310139542
99424920299939
99412920294239
39911110111011

19 4 11 board_19x4_11_4390_none
0192100000000001910
0129100011112222321
0012210019119939292
0001910011113931229

19 5 23 board_19x5_23_4403_none
1111912999932991192
2921112979993232229
2920001299692019111
1110012333921122100
0000019911110191000

19 8 39 board_19x8_39_4427_none
2921911292111229993
2922221949239394699
1111911293399449599
0112110129224949493
0191000012212931211
1332111001911221111
2992393112220192392
9339393911910112992

14 19 38 board_14x19_38_4473_none
12121101910000
92929102332121
12121101992939
00111001234492
00191000019931
00111001123920
00000013921221
00000019920191
00000012210111
11000000000122
92212110000299
29393911221294
11393111992239
00223122322921
01292929101110
01922121211000
12210000292000
19211111292000
11291191111000

10 19 46 board_10x19_46_4515_none
1922393211
1394999291
1399455421
9233499932
1119395499
0011229333
0011112392
1129102949
2932212931
2921912231
1122211929
2229213231
9932392910
4932922110
9492121211
9432119291
2929221211
2233910011
9119210019

9 18 41 board_9x18_41_4567_none
111911999
922111243
391122119
932199233
392222299
939111239
132229443
019349999
023993349
129321011
932200011
139200019
029200011
121100000
921100011
239212139
293493949
922993139

6 12 15 board_6x12_15_4612_none
001910
001110
221111
991191
221111
111011
191019
111133
001399
002999
112969
911139

4 8 5 board_4x8_5_4628_none
0129
0193
0129
1111
9100
1100
1100
9100

4 4 3 board_4x4_3_4635_none
1100
9111
2219
9111

8 12 16 board_8x12_16_4639_none
01992110
01222910
00001221
00111191
00191111
01344210
23999910
99443210
24931100
13939100
92232100
11191000

15 19 69 board_15x19_69_4657_none
920193229392921
921239933922393
332922229210299
993110123333332
393211293999920
139391294334931
029311129211129
012222222910022
001939912220019
113249423931233
292933493949499
922239934349493
222395329921322
193999223432392
234943912993992
929211123933931
121100019322110
110000011291000
910000000111000

17 18 78 board_17x18_78_4735_none
11001399200000191
92002999200000111
93013993100011211
92019332111129492
22112349219129939
19212999322234321
11394332393299111
00299211299234329
11222291134449921
19101221019999310
22101932223454211
92101299392299229
29211344933955921
12922993292399442
02249693221294999
23949923920112243
99494323920122119
39329119210199111

19 6 18 board_19x6_18_4835_none
0000019923942111100
1110023329999119210
1910019123432112910
2210011129201122221
9100000029202939119
1100000011102931111

17 5 22 board_17x5_22_4855_none
12911939399922910
93222395943392221
12911939921232291
02221134532929211
01910019992121100

9 18 27 board_9x18_27_4886_none
000019111
000123349
000193999
111139432
393249200
994993100
223993100
002349211
012921291
129210111
932101110
292111910
112911110
001110000
110011100
910019100
221121100
911910000

4 14 9 board_4x14_9_4915_none
0000
0000
0000
0011
1119
9222
1392
0292
0222
1392
9492
9411
9200
1100

5 5 5 board_5x5_5_4925_none
19100
12321
01992
12392
91111

10 6 13 board_10x6_13_4933_none
1112931291
2912939432
9211122991
1211001332
1292101291
9229101921

14 12 23 board_14x12_23_4949_none
00001910000000
11002220000000
92101910000000
39212210011100
39219100129221
93122211293929
93129229322232
12933922910191
01292111110222
00111000000192
11000000001239
91000000001921

16 16 44 board_16x16_44_4975_none
9102920000001110
1102920011101910
1212121119102231
9493129222212939
9694921291192149
9493110111112149
1211000011212939
1101110019292121
9211921122333100
2933391191199100
1299211111122111
1232112210000019
2931019921101121
2992233339101910
1222991192101221
0001221111000191

19 16 54 board_19x16_54_5024_none
0191000122119119222
1343211199111111299
2999291122100000122
2942211001110000000
1110000001910000000
0012332101110122111
0019999101110299129
1123593101910293139
1922921112232322029
1129210191199291011
0011112321133433111
0000029910029399219
2332129321129449211
9999232219234921100
3443929221299210011
1911122910122100019

15 4 16 board_15x4_16_5084_none
929102931292292
132203959339229
019102993932333
011101222129299

8 10 11 board_8x10_11_5105_none
29201910
39301110
39300000
29200000
23421000
19991111
12321191
01110111
01921100
01129100

7 12 12 board_7x12_12_5117_none
9100129
2200193
9100129
1100011
1100122
9101299
1101949
0001121
0000000
0001110
0012910
0019210

6 14 15 board_6x14_15_5132_none
111191
192211
129210
013920
002920
111110
910000
342211
999291
232211
001110
111910
922231
921929

4 19 15 board_4x19_15_5149_none
0000
0000
0011
1129
9139
2229
9122
2219
9211
9521
9992
2492
0222
0191
0111
0000
0000
2210
9910

4 16 11 board_4x16_11_5168_none
0191
0122
0139
0299
0293
1211
9211
1291
0111
1100
9210
3920
2920
1110
1100
9100

9 6 13 board_9x6_13_5182_none
110019391
920012932
930001139
930000029
952211011
999291000

16 6 14 board_16x6_14_5197_none
0001129920000000
0002933920000000
0002921110011100
0001111110029200
1112212931129311
9119912939111291

19 19 95 board_19x19_95_5213_none
2920002921921000011
2921223933492112249
1222992292994292999
1292221112399322232
9211001221134910000
1211001991019210000
1393111333121112210
9395931294921239910
2339949339932993332
1933495944493331199
1139439992923931239
1129394433222939221
9322323911911245931
9392293221232299939
1229213931199434332
1121103993249491191
2921113995933931111
9592192349934931232
2992111193229921999

16 14 33 board_16x14_33_5327_none
0191000191111000
1221001221191000
2910001911332000
9210001111991000
2210000112221000
1910000192100000
1110111239100000
1101291193311000
9102942129291000
2313992112432011
9292349101991019
2311193201221022
9100129223210029
1100011299910029

9 4 9 board_9x4_9_5364_none
112921939
923921139
392221011
921191000

4 12 10 board_4x12_10_5374_none
1221
1992
2492
9211
2210
1910
1110
1110
2931
2992
1349
0192

6 19 20 board_6x19_20_5387_none
019100
011100
011111
029219
029211
011100
000000
001110
111910
921221
942391
939921
233210
191122
221199
921232
921910
234320
199910

12 10 30 board_12x10_30_5410_none
223991011392
993943239392
223392995421
001922499910
001111394221
111001933229
191112129921
112292112210
123949322110
199393992910

19 5 13 board_19x5_13_5448_none
0000193910000011100
0000129211110019100
1110011101921011100
3921110001292111211
9921910000129119291

19 10 41 board_19x10_41_5465_none
9101111911110199221
2201912343910135949
9312112999210129969
9391002942112394499
1322112110129933954
1291191001395339499
1921111001993932394
2220000001222291129
3920000000001221011
9920000000001910000

19 12 56 board_19x12_56_5510_none
0011291019100000000
0019321012211110000
0012921002943921100
1101392113999339421
9310292193479329991
9910222113999314941
9410191013999213920
9311333129432119321
9319299129200012391
9222322112211123942
1129421112923959949
0029991192129999931

19 14 70 board_19x14_70_5573_none
1910001910011292939
1111111121129313369
0002942119139412999
0014999122239494699
1229995329239329994
9394549922922333492
4949293211222991122
9931322000192221029
2210192121212110029
0111113949101922232
0293223992101139929
1494992343222239432
2993221199399394391
9321000123932393921

12 18 32 board_12x18_32_5652_none
001110019211
111910011291
911111110111
121101910011
019211121119
012921129111
111291192211
921211222191
129111291111
011119211000
110012210000
920001910111
921122210192
111929100249
123332111299
199391019222
149422111100
029219100000

7 8 14 board_7x8_14_5691_none
9999100
9643100
9391000
2322100
9229111
3942119
2991022
1221019

4 4 3 board_4x4_3_5706_none
1991
1221
0111
0191

4 10 11 board_4x10_11_5710_none
9210
2921
2492
2992
9531
9921
2392
1239
1921
1110

7 16 27 board_7x16_27_5722_none
9329119
9393221
1212921
0001129
0111122
0191192
0111239
0001394
1123999
1929969
1124941
1213920
9392110
9311000
2211222
9119299

9 19 29 board_9x19_29_5751_none
000129100
000192100
000111000
011100000
139200111
399200191
994221333
932929299
122221222
019100011
133311019
199292111
123339100
001921100
001221000
000191011
110123339
920129992
920194931

10 19 29 board_10x19_29_5782_none
0001139392
0001949429
0123349211
0199292211
0123321191
0001910111
0112110000
1291112110
9212292910
1101922110
0012210000
1119111111
9222239219
2911939322
1222122391
0292001921
1392001110
9211000011
1100000019

12 19 34 board_12x19_34_5818_none
000000191000
000000111000
232100000000
999222100111
952299222292
921343299229
111992232122
112222921129
292001291192
292111111111
112392000000
012992000000
019321111000
011111291000
111019211122
191011222299
122101299222
019101943200
011101129100

18 10 46 board_18x10_46_5854_none
122929992111912920
949543334932212920
949992129949312110
233449129449391111
191193333921211191
232213992110111122
939102932233393229
953222211999939932
992939312233222391
222139391000000111

19 4 11 board_19x4_11_5911_none
0000111000000000111
0000191000123211291
0112332000199923931
0192991000123229920

15 14 51 board_15x14_51_5923_none
110001910000199
932112210112243
399129212392939
943229329943139
139223595991122
139229993222292
931129941002949
920013920003941
111223220003930
002992910002931
112943110001393
912392111211299
232939229291139
929221292211011

11 19 31 board_11x19_31_5977_none
00000001910
00000012210
01110019211
12910012391
92221001932
11192111139
11112921129
92212139321
39391029920
29311124920
11100293110
00001393111
11001939119
93111232111
93910191000
23110111000
91000111000
12110191111
01910111191

6 16 23 board_6x16_23_6011_none
221019
992111
949100
121211
001392
002992
123942
929392
231339
931293
949329
249211
922321
111991
112221
191000

4 10 10 board_4x10_10_6039_none
2229
9931
4930
3930
2920
1232
0199
2332
9910
2210

4 4 3 board_4x4_3_6051_none
1910
3320
9910
2210

7 6 10 board_7x6_10_6055_none
1299492
1934992
2212931
9212210
9219100
1111100

12 16 35 board_12x16_35_6069_none
001912921910
001112921110
000001110111
111011211292
192129391292
123923931111
019212921110
132312223920
939292293931
392223923392
932019211939
291011223221
111011299100
111129222211
911932200292
111129100292

18 18 78 board_18x18_78_6108_none
993920192139421292
335931344939992392
194931999433339321
114943359391123921
003992933432293249
002933249939423939
012322939449392243
029392123931211299
249311002932110394
992100012493921292
331000019393291233
920000022311222199
920011239200191122
331029399311112110
991139333391002931
343293219222102991
199339111119113431
123921100011119910

19 10 41 board_19x10_41_6201_none
0000122111119393100
0111299229211399111
0192399239300233119
0113943239200193221
0003931922221229921
1103942233939223439
9113992299239329394
2339339233212921399
1992111119101110149
1221000011100000029

18 4 10 board_18x4_10_6249_none
011119100122100191
029211100199100222
029211100233101291
011119100191001921

11 10 27 board_11x10_27_6260_none
92912932921
12112959329
00113499322
00293994391
01393239211
02942011100
03992111122
02993192299
01392223949
00111192121

4 19 19 board_4x19_19_6291_none
0122
0199
0122
0011
0129
0293
1392
1921
1110
2221
9939
9952
5949
9931
2210
0111
1292
9239
1129

5 8 6 board_5x8_6_6317_none
01939
01292
00222
01392
01992
01221
00000
00000

6 6 5 board_6x6_5_6324_none
000000
001110
222910
993110
392111
111191

9 4 7 board_9x4_7_6330_none
001392011
111993129
922222921
291001110

14 8 26 board_14x8_26_6338_none
29119100029200
94223421029200
99229992011111
22295794110029
00129993910039
23222322110029
99910011112332
23210019119991

17 14 35 board_17x14_35_6367_none
11191000000112110
91222000000193920
11191000000113920
00233101110002220
00199422910112910
00139992110192110
11135642000111000
92299992121112210
23956532939119921
92299911292223391
11123210111191111
00000000000111000
00001221011101110
00001991019101910

19 19 78 board_19x19_78_6407_none
1922923920000000129
2249329920000111192
1949312210122392233
1249211100199492199
0192119100139422232
1211022322112922910
9210129399102392110
2910193495311921000
1121229229932110011
1239211224992232129
9299411292222999139
1359911933211243339
0199422239910019292
1233922922210023532
1911393111232119991
1110293101999223421
0011239201399329100
0029339200122293221
0029392100000112929

18 12 37 board_18x12_37_6494_none
019100001110112910
232100001910193331
991111113221344991
222393293921999421
001994924931259300
012493112920029200
019211112121112321
121101393119101991
931001999221101232
992102343910000019
239101911110000011
011101110000000000

17 10 25 board_17x10_25_6536_none
11100191122100029
19212222299111129
11292911932119111
11212111110011100
29200011100000000
29200019210112110
11101133910192910
01223949321212110
01993959319111100
01222139211119100

15 6 13 board_15x6_13_6564_none
001110111000011
222910191000019
992222221000011
342393921100000
929393129222100
121211011299100

14 5 12 board_14x5_12_6578_none
00111199129491
11291122129921
19212110123210
22202920191000
19102920111000

9 5 11 board_9x5_11_6591_none
932221119
939939233
122392299
011211233
019100191

8 6 12 board_8x6_12_6603_none
29101129
93211921
13943321
03999291
03963311
02939100

4 19 15 board_4x19_15_6619_none
1110
1921
2239
9129
2211
9100
1222
1299
1943
1291
1221
1921
2229
9332
2991
2331
1910
1110
0000

4 19 23 board_4x19_23_6637_none
0029
1139
1921
1110
0111
0191
0111
1111
9219
9433
9499
9669
9999
4942
9332
2399
9433
9391
1211

8 12 14 board_8x12_14_6664_none
91011119
22119111
19222100
12391000
01932000
23391000
99211000
94210011
12910019
01221011
00292000
00292000

11 6 12 board_11x6_12_6679_none
11292001910
91292001110
12233321011
01929991129
01133421193
00019100129

12 5 13 board_12x5_13_6693_none
991191000191
931111011222
233210029219
199910029432
123210012991

17 5 20 board_17x5_20_6708_none
01129119101392019
12921222112994111
29210191019499211
92111211023544392
11019100019992939

19 18 71 board_19x18_71_6733_none
1100112111111129100
9321292911923931100
9939212122393943210
9931111119433299920
9421019123992224931
1291122129439222229
0111292039312929111
1101392029212221111
9113942011129200139
2229992110029200199
2944443910122100122
2993929331291000011
1393122929443100029
0123222222999210139
0019929212233921293
0012221291113391292
0000000233393921222
0000000199393110191

16 18 59 board_16x18_59_6816_none
2912939291111000
9213941222291122
2224930019212299
1939920022312949
1139321119292132
0011229111322019
0000192211192222
0000111191129392
0111000111022493
0191000000029549
0122100000139992
1119111101294432
9111129201939129
1211029213331129
1292244339911121
2932999949421921
3942344393911291
2991191112110111

10 8 14 board_10x8_14_6882_none
0001111991
1101911221
9223210000
1299111100
0133219100
0019223332
0011293999
0000113959

8 5 9 board_8x5_9_6897_none
13939291
19941322
13932391
01129921
00012210

5 4 5 board_5x4_5_6907_none
92129
93292
12921
01110

4 5 4 board_4x5_4_6913_none
1991
1221
0122
0199
0122

4 16 15 board_4x16_15_6918_none
0191
1211
9100
1100
1100
9200
9310
3920
2920
2331
2991
9421
9310
3920
4941
9939

5 18 22 board_5x18_22_6938_none
19910
12332
11399
29399
94554
29999
12349
00011
00111
00292
01392
01932
12129
91011
22111
29119
92122
11019

8 19 37 board_8x19_37_6967_none
11192291
92222921
23922110
92392000
33394210
99229910
34322221
19921129
13921943
13233499
92929932
12122221
11100019
19321122
24991191
94932232
29322929
22293242
91112929

15 10 26 board_15x10_26_7014_none
001299921112391
002943229119932
013920011123592
029421221019493
029922991011392
123229321011211
191011101129111
111001111921119
000112922110011
000192291000000

18 5 23 board_18x5_23_7044_none
293929100193399100
949221222229943222
931211199113491199
110293354202931122
000293999102920000

19 10 28 board_19x10_28_7070_none
1100001129100011111
9100002942100019119
1211013991000011122
0191019322110000019
1222121102931000011
2921921113992110000
2921249229433921000
1232299239319391000
1299222129211211000
9222100011100000000

12 19 51 board_12x19_51_7103_none
129992911110
294322111921
293211112291
129291192232
233333322939
992949934593
333299599992
292139434321
392011291000
921001222110
110001911910
111112222110
292291191000
939432111000
123993210011
013959920019
129349930011
192294931111
111112129119

7 12 14 board_7x12_14_7160_none
0029211
0039319
0139322
0293291
0292122
1212129
9101921
1112210
0019211
1132391
1929211
1121100

5 8 10 board_5x8_10_7176_none
29200
29211
11129
11039
93149
93939
12232
00191

4 4 4 board_4x4_4_7187_none
9119
1222
1291
1921

6 10 10 board_6x10_10_7194_none
019291
011211
000011
000019
000011
012210
129920
195920
239320
193910

7 12 17 board_7x12_17_7206_none
9101921
1112391
0029311
1249200
1992111
1221129
1211192
9392221
9523910
9392110
2311011
9100019

14 19 46 board_14x19_46_7224_none
11019119222492
91012333939992
12111993394942
12911239212291
29321133200111
93391199100000
12932222100000
13239100000122
93932211100199
94229119100122
29111111100122
34321100011299
99929210019333
23222910133391
00001110199322
00000000122392
00000000011393
00000000129229
00000000192111

15 19 41 board_15x19_41_7279_none
111921292110000
922239312910000
139229202332110
029211101992910
011100001222110
011100011100000
029200019101110
029200011101910
011100000001232
000112110000199
000193921100139
001239229100011
012921222100111
019221292110292
122239424920292
191199393942211
111233223399111
011392019222119
019392011100011

19 6 32 board_19x6_32_7323_none
0001999949949393939
1102344995993494249
9112911395559212932
2219210129992101291
9432100012432011211
9991000000191019100

16 8 22 board_16x8_22_7362_none
1129210001921100
1922921102239100
2221139201943211
1910029201299329
1111121100139921
0002920000013320
0013932221112910
0019229929119210

10 18 43 board_10x18_43_7386_none
0000122291
1223399311
9399949200
1394332111
0112292119
0002949233
1112942399
1911392394
2342393393
1999433939
1233993221
1102349100
9101922210
2312123942
9291019999
2311013594
9101111939
1101911121

5 18 13 board_5x18_13_7433_none
19210
12910
12321
19291
22311
19111
11129
00029
00011
00000
11100
29100
92222
11199
00133
01129
01921
01110

4 14 12 board_4x14_12_7447_none
9291
2311
9100
2321
1991
2321
9210
2910
1110
1232
1999
1232
2210
9910

5 4 3 board_5x4_3_7460_none
01910
01121
01129
01921

10 8 17 board_10x8_17_7464_none
2999224920
2942299920
1111233210
0001932100
1122499100
1929494111
2231392019
1910111011

15 16 58 board_15x16_58_7483_none
019993292212110
012493939392932
011213232923499
019101911123994
011102331139949
000002993399532
122102999399491
199101244433921
232100019912220
921011112333921
292129211299229
249339219332111
299492112921111
299312111291191
123222921122222
001929391019119

17 19 55 board_17x19_55_7547_none
11100000001110122
19100000001921299
11100000112129332
01110111192122910
12910191112912220
92111221113232910
11001911292939210
11112211933292100
29329101291222000
29921111211191000
23221229211221000
91019394922921100
23221394229339100
29910139321292100
93210139931222000
22011295991192100
91129229332229210
11192234329112921
00111199921101129

18 19 50 board_18x19_50_7610_none
000019111100019119
121111129200011222
929111239200000292
132219292100011392
129112321001129333
192113920001921299
111019931101110122
000012239200000000
111000029201110011
192101132201910029
129101929212121139
011101132391019129
122100019211011111
299100011100111000
293100011111393110
111122119129494910
000199122229329210
001233229221112210
001911922910001910

19 19 52 board_19x19_52_7666_none
2211910000011211000
9922111110019291111
2392111910011211191
0112911110000000111
0001221011100000122
1100191019100122299
9111322011100199333
1119291000112233391
0011211001292923942
0001111122922293991
0112911939310112221
0294232249300001110
0394949339311001910
0293299921292111110
0112245542212910111
0001929999312110191
0012222349391000111
0019100122211000000
0011100191000000000

19 18 59 board_19x18_59_7723_none
0111000011211139910
1392000019292299420
9392001122339223910
2433111911921101110
1993933322110011100
1393299291000019100
0112243311000011211
0002939211000111191
0002931291000192211
0012221222211129211
1129339119291011291
1922992111211011211
1122322121100019100
0019101929101132211
0012223342202939339
0002939939212944993
0002954594911129992
0001299393110012321

19 16 65 board_19x16_65_7787_none
0011100000001129210
0029310012333922932
0029921129999432299
0023491193455991139
0019223332299421133
0011119939349200199
0000125942932222222
0000194942391299111
1212223939212393119
9292911121112932111
1324220011239329211
0193932119299211291
0239399111233200222
2392233311019223391
9932019291122299921
9491011211191123210

17 5 14 board_17x5_14_7860_none
00000001299101991
00000001932101232
11000001232111129
92221000199129229
12991000122129211

10 8 19 board_10x8_19_7876_none
1239219932
9299223599
1344229594
0199229492
0249321211
0193910000
0223121100
0191019100

4 19 11 board_4x19_11_7900_none
0000
0000
0000
1110
1910
1110
0111
0191
0111
0000
0000
1100
9100
1111
2229
9932
9329
2333
9299

5 12 16 board_5x12_16_7912_none
00019
00022
11119
39432
99992
49549
92292
33211
99210
23921
02239
01921

8 6 8 board_8x6_8_7929_none
01129119
12933321
29229910
92123310
11019100
00011100

12 4 9 board_12x4_9_7939_none
112929920000
192124931121
222002921929
191001111121

16 8 33 board_16x8_33_7949_none
9100292111199111
2201493191122119
9201992111011111
9202331111029310
2211910292039921
1922211392139339
3459202942294349
9999202991293992

18 12 52 board_18x12_52_7990_none
019111129311992291
011129339911349211
111029394432292100
293111239499223210
399211039944349921
932291029592999592
110111124943232392
232211295992100122
999291294959211019
342211112292291022
921101121211222029
129101929100191029

19 19 50 board_19x19_50_8055_none
0129100112911910111
0192211192111221191
0112291111000192221
0001932011100112921
0001392019100112292
0000292012210191129
0000222001911222121
1101291001111911910
9211932211001222110
2922229291000192110
2239122422111112910
2921119392192223210
9420022492129299210
9910019211123444910
2210011100192992121
0000000000112332019
0000001110000192121
0000002920000123910
0000002920000019210

18 18 78 board_18x18_78_8107_none
111991001929993992
911221012223444992
232100029323929432
199211029499342492
244391012494939492
199211124943139532
244201299991013991
299101956942003963
943202399392113999
129212932229229343
011292121111292119
122322129211111011
929912943391001221
122212993932101991
011224449229101221
129399932322100000
292395329292100000
921129111229100000

17 14 62 board_17x14_62_8194_none
23999201999339100
99499201234992211
22222100113932292
00000000193221939
00000112233923342
00000193949493991
00111129499329332
01292222393123329
01939391222019932
02232932393112493
13932129499101499
93993222932102999
23249922321002969
91029329291001292

12 6 11 board_12x6_11_8265_none
191191019100
111122111100
000019111222
110022329299
921119292222
129111211000

11 5 7 board_11x5_7_8277_none
00000000000
01110001221
01922111992
01292922239
00112291011

9 4 6 board_9x4_6_8286_none
991011100
931019100
220011211
910000191

7 5 8 board_7x5_8_8294_none
2910000
9320000
2921222
2249399
1939322

4 18 9 board_4x18_9_8303_none
0011
0129
0192
0111
0000
0000
0000
0000
1211
9291
1222
0019
1222
9292
1229
0011
0011
0019

6 19 27 board_6x19_27_8314_none
192100
139432
139999
943494
991129
331011
921211
129392
133493
199229
123221
124920
199931
123392
000239
111192
191111
112110
001910

10 12 26 board_10x12_26_8348_none
9299499100
1239494200
0012339210
0001922910
1113321221
9119910292
2222211392
2911111921
9212921110
1102932110
0012495920
0019399920

14 6 12 board_14x6_12_8378_none
29100001910192
93200112110129
29100191000011
11100111011100
11012321019100
91019991011100

15 5 11 board_15x5_11_8391_none
110001110191011
910002920111019
221112920000011
932911121100011
939210019100019

19 10 41 board_19x10_41_8404_none
3931111000002922939
9991192221003932942
9532124991113921129
1291019931193342111
1211013321223999100
9200001923922943210
9200002349921222921
1211001993321192291
1393101221192232211
1999100000112929100

17 19 68 board_17x19_68_8450_none
19100191019119291
22212333221111211
19119939921011211
22323393391129391
19291111111294921
11211112232393121
12111393999212129
92912993232112932
13344942111119391
12999239219221211
92232129212921100
12110012333229321
01910001999333991
01232101359939421
11199210193239322
91123910112121399
11001222122921293
11000193949492221
91000113949312910

9 10 13 board_9x10_13_8526_none
000112929
122392121
939932000
293391111
122211191
019100111
011111100
000019100
001121111
001910019

8 8 8 board_8x8_8_8540_none
19101910
11101110
00112110
00294910
01399210
12932100
92110000
11000000

6 5 5 board_6x5_5_8549_none
000019
123332
199991
123321
000000

4 4 4 board_4x4_4_8556_none
0292
1392
9222
1119

4 4 4 board_4x4_4_8561_none
1119
9111
2211
9119

4 8 6 board_4x8_6_8566_none
0019
0122
1291
2932
9392
1229
0011
0000

8 19 31 board_8x19_31_8574_none
00001110
11012910
93229210
29932321
13921991
01111343
00001399
00001993
11113542
19239992
11299659
00123992
00123321
00199100
12343200
19939211
13942392
01239229
00192111

15 14 37 board_15x14_37_8610_none
000019910000029
111135420111029
191199910292011
111123321293221
000000191112991
000000111002331
000000111002931
000001292112991
122101933911221
199201129221111
139200011119229
123210012332293
293920129992129
923920194992011

19 4 19 board_19x4_19_8654_none
1910011393129910000
2231229499129310011
1929293944333322129
1121212292992992921

19 6 25 board_19x6_25_8674_none
1139310000011101129
1959921000019212921
1399492100122292121
0294449221291112129
0123994939332212921
0019323932929292110

17 12 28 board_17x12_28_8705_none
92910000191000011
13220000111000019
01910000000000011
01110111011212221
00000191129292991
00011212292212332
00129112921011291
00192119221229211
11211022219392111
19210019112922129
23910011102332921
92110000001992110

14 18 51 board_14x18_51_8739_none
99910000000111
23210011111291
12221229119211
19939292223221
12392211295949
00122100299992
00019210234332
00013920192129
11014942239239
91019992922921
11013432222121
01122921294229
12929391299921
29221211234210
92100012392110
11001129932921
11001934921291
91001129210111

9 19 41 board_9x19_41_8795_none
029229311
029229391
022211211
129101110
921102920
233223931
299929493
954233599
992129942
233934920
019393220
011223910
232119210
999211100
969211100
931119222
110133399
011399233
019393119

6 14 12 board_6x14_12_8842_none
000111
001392
002992
002942
001129
221011
991000
221000
000011
000019
000022
000139
000299
000293

4 4 4 board_4x4_4_8857_none
9210
3910
9320
2910

10 14 25 board_10x14_25_8862_none
0000129221
0122293949
0199212299
0122101232
0000002942
1100002999
9210002599
2921002994
2391113992
9211192221
1100111000
0001110000
1101910000
9101110000

14 19 67 board_14x19_67_8892_none
99210191002931
34911221114959
19211910193992
11101110124542
00000112249992
11000193999592
92011324942211
92019392221111
22024942393291
92129949393921
24932392323110
93920111191000
23111110111111
93234920000292
95999932111392
99454492911932
97949312111139
99969300011239
95949200019292

18 16 43 board_18x16_43_8965_none
920000001111910292
931000001922221393
392101111291192392
939101910111129211
121101110111011211
001222110192212291
001992921129292932
001222292121212292
011111212910000129
019119211110001132
122223910000001929
191192121112211121
111111019119910122
011101121123310199
129101910129100122
921101110192100000

19 6 29 board_19x6_29_9014_none
0001139910000029200
2222939310000039411
9949321100111139491
4949312221191294921
9343393992332395221
1299213932991299119

15 6 13 board_15x6_13_9046_none
110011119991011
911129112321029
111921211001139
001110191001932
011111211001291
019119100000111

14 8 15 board_14x8_15_9060_none
01110000000019
01921100000011
01129210000011
00012910000129
01122210000192
01929101122432
01132312929992
00019292122492

6 19 28 board_6x19_28_9077_none
002920
013920
029432
039499
259422
999311
994392
949459
122999
001232
111000
291000
921122
110199
110149
910029
231111
929100
121100

4 12 8 board_4x12_8_9111_none
0191
0111
0000
1121
1939
1249
0192
0111
1110
1921
1292
0129

9 4 6 board_9x4_6_9120_none
001910000
112110000
293121111
293929119

10 5 7 board_10x5_7_9127_none
0001911910
0001122221
0111019229
0191122292
0111191111

11 6 9 board_11x6_9_9135_none
92112911110
29129311910
11129201110
00022200111
00019100192
00011100129

18 18 81 board_18x18_81_9145_none
394210199202921110
999922349202932910
969329921212393221
393123421192392292
292019292333921292
111011223992110111
001110129321122100
002931192111299211
002992221139322392
001222921299310292
121102239224921232
949222932213932949
994929392292139499
239343533921029433
133939992111121292
939349421001910239
394494322212110293
293999299291000292

19 19 65 board_19x19_65_9242_none
0012922910000199210
1119392221001233910
9111322192111912220
1222291224932211910
0299211193939101110
0394100112121111211
0292001221000019292
1232102991000122239
1929214941000191029
2231293921110122111
1910112122910029200
1232100019320029200
0199200013932221111
0249200003949920029
0192100002933920029
0234210013433220011
0199921119993910111
1259429112349422291
1939211100029392921

19 18 47 board_19x18_47_9310_none
0011100019100000011
0019101121100000129
0011101910000001393
0000113220000001992
2210192910000012321
9910112221000019210
2210111191000013920
0000191122100113920
0001222139201293331
0001912949201922991
0001112931102221221
0001111110012910000
0001910000019221100
1101110000022229311
9211111001239239391
3491191012993922321
9921123229333211921
9310019921119101129

17 8 35 board_17x8_35_9363_none
02992129393994210
13959229449599921
92139223949439491
22022219239211333
91029211122311199
11029322229292232
11113939932212910
19102932391001110

10 5 7 board_10x5_7_9401_none
9991000000
3931011100
1110129100
0000192111
0000111019

6 12 17 board_6x12_17_9409_none
199391
149411
029211
121119
932111
399211
932291
121222
129119
192122
112139
001939

4 16 19 board_4x16_19_9429_none
9393
1399
1222
9310
9920
9931
2492
0393
1392
9211
1211
1291
1932
2392
2939
9221

4 19 15 board_4x19_15_9452_none
1110
2921
9229
1111
1121
1929
2232
9239
4949
9931
9321
1119
0011
0000
0000
1100
9100
1211
0191

4 19 13 board_4x19_13_9469_none
0000
0011
1249
2999
3969
2931
1110
0000
0111
0191
0111
0000
0000
1111
9229
3931
2920
2220
1910

5 16 14 board_5x16_14_9484_none
11100
19211
12391
01921
01110
00000
00000
00122
01299
12954
19399
22222
91111
23291
93921
29210

8 10 21 board_8x10_21_9502_none
11229932
29393399
39632133
39992129
39422921
92223210
22299321
19239929
11113331
00001910

9 8 19 board_9x8_19_9531_none
112934931
295499949
299943392
235931211
292239100
921192211
121222291
019119211

15 4 8 board_15x4_8_9552_none
000000112112920
111000192912920
192111222111221
112911910000191

16 5 11 board_16x5_11_9561_none
9210000191000000
2910000122100000
2210001129112210
9100112921129920
1100192110029920

19 18 72 board_19x18_72_9573_none
1111292292100001910
9229323939100002220
1292292232211012910
1221111192291029310
1921000129321039300
1392012234921249310
1392019939933994910
2922244449494959210
9322999493339393200
2392249492193449211
9211022311124992292
1100139201129953229
0000199202932399211
0000245312920139200
0000199911110011100
0001359310000111000
1101993222211191111
9101392199291111191

16 16 53 board_16x16_53_9660_none
1910012911129211
2332119211922391
9499233312112931
9594299292102920
1392133329212231
0111029212922929
0111029201293231
1392011111212910
1994211139311110
1239923969910000
1123329999310000
9129213953200111
1129312349100191
0012911992212232
1102221221193939
9101910000113931

11 8 22 board_11x8_22_9720_none
93229399210
29921496921
23321399391
19119222211
22212210011
29101932119
92102399322
11001949391

8 4 4 board_8x4_4_9748_none
00001910
11101110
29100111
92100191

6 4 3 board_6x4_3_9753_none
000000
011100
139200
939200

4 6 6 board_4x6_6_9757_none
1393
9399
2332
1910
1221
0191

5 19 14 board_5x19_14_9764_none
29219
29211
11211
00191
00111
11000
92000
92000
22000
91011
12129
01921
01110
00000
11000
91011
12129
02942
02939

11 14 42 board_11x14_42_9782_none
11111000191
92291111111
29443291011
24999321029
19944920139
12223920192
11139542322
91299999391
34495943921
99923343210
59411999100
99433332100
94999211110
12394911910

12 12 40 board_12x12_40_9830_none
191001929239
222001121399
191111001494
123492112993
029993293339
139533959222
922935993292
111399993239
121395534931
939239494920
931129939210
110012221100

15 8 25 board_15x8_25_9883_none
199101992291191
122213349211111
121292921211011
929212222291129
121211293921192
000191294322221
012321239293910
019910192229210

18 4 10 board_18x4_10_9912_none
012210111000001110
019910191000002931
012211332111113991
000001991191192221

19 10 50 board_19x10_50_9923_none
1119223991000012910
9122399532000019320
2219459491011223910
9222993921129394331
3923343210293494992
9492939201393393349
3922249311939321193
9310194922122921129
9432339392112391011
2999292212911921000

17 18 44 board_17x18_44_9976_none
00001110001910019
00113932211110011
00193939921000000
00112122391011100
11100000111129221
19100000111193929
11111100292123221
00019210393019100
01122921392123210
12922129212292910
92392011101922110
12392111001110011
01921191000012229
01111222121119932
00001912949112391
00123212992100122
00299201221111019
00299200000191011

15 19 42 board_15x19_42_10025_none
000000129211000
000000192291000
000111111122100
000191000019100
000111000122100
000011100191000
000029432222211
110029999119292
911123953111229
233911292122332
199210113949991
122100002949432
222110001121119
992910111111011
223332291191011
002994942111019
002949991000011
111122322110000
910000001910000

14 19 46 board_14x19_46_10069_none
13922931211000
19922939291000
13322242422000
12911929291000
19222232422000
11119119391000
11011224942000
92100295991000
29100399431000
11100395911110
00111293111921
12391122101292
19921019100129
24420012211121
19921112911910
13491193211121
01921139310019
01110039911121
00000029311910

11 18 48 board_11x18_48_10118_none
00293239999
11394994942
93393223220
99322001910
22292233210
00112999100
22101343100
99100192110
33200112921
19210001129
12910012221
01222129920
00294944920
12394992121
95932333129
99921294931
35321949930
92911139920

5 6 4 board_5x6_4_10169_none
00011
00129
00192
11211
19111
11119

4 4 3 board_4x4_3_10174_none
2910
9310
9200
1100

4 8 9 board_4x8_9_10179_none
0000
0011
1229
9493
2993
2449
9293
1229

8 16 18 board_8x16_18_10190_none
00001910
00002220
00113931
00193939
00112132
00000019
01110011
02931000
24991000
99443100
34499100
19942100
13920000
01111110
00001921
00001291

15 18 68 board_15x18_68_10210_none
299101929111100
293101232229100
122111291294210
139329211394910
939931111494110
123920129494111
233221293499329
999119444949931
942224999235941
110193953219939
001333129112332
001993111100292
001399210000393
000134921100292
011239329211111
029499323393210
039953392959931
029939212299991

18 10 32 board_18x10_32_10284_none
000191000122291191
001222110199222211
002921910244219210
003931121299223910
124920019222292110
199211133310233111
122212929920199219
000192135930139211
000112129931222111
000001922229291019

19 4 15 board_19x4_15_10319_none
9113931292011119111
1119992392029211119
1122339211149300011
1910011100199200000

16 10 33 board_16x10_33_10337_none
0000192911292111
0011212112949119
0029200013943332
0029201139493991
1111212939325952
9211292121119991
2911932211123432
1233349492191191
0199299493221111
0122222212910000

9 19 36 board_9x19_36_10376_none
239212110
993392932
444932399
993920294
332110129
910000011
111110000
001910000
111232211
920299391
921395932
111939391
111121211
922210011
129910019
012222221
111029910
291139421
921192291

4 12 9 board_4x12_9_10418_none
2239
9949
4941
2920
2210
9100
1100
1100
9100
1100
0011
0019

5 4 5 board_5x4_5_10428_none
12121
92939
23392
19211

6 4 6 board_6x4_6_10436_none
931000
992232
222999
001232

7 5 9 board_7x5_9_10444_none
9219920
9434931
2992392
1221292
0000111

15 18 45 board_15x18_45_10455_none
019100199100011
011100245321119
000111199939111
111191235942311
191122293239292
111019323922339
001122493122932
111911992019229
921122321011233
920029310000199
110029910011222
000012211129100
000111012921100
000191019332332
000111012939999
000000001293332
111001121212110
191001929101910

18 19 90 board_18x19_90_10511_none
992239101111221199
223994311911991122
112949923321221000
923332229921000111
239931013491122292
935991113931199349
294941194930122299
124942213942211139
019399312399291022
122249922932211029
192249493210111149
112992339222391199
001333394929931139
001394994234931121
112999322923922931
934994101293212991
299593000129212331
233393111122923931
191112911911129991

19 14 48 board_19x14_48_10622_none
0000000111029200011
2211110192139301249
9911921239239201999
9311292293921213353
1100112934320293929
0001111239910294242
0001910193210112929
1223220111000001132
1992910000000000019
1233321011211000022
1119292139391000029
9111334949412110139
1101299449201910192
0001949921101110111

17 4 17 board_17x4_17_10676_none
00000299129200293
11112493129200299
29229921122223332
29229310191199910

12 6 16 board_12x6_16_10695_none
999229200000
249239410011
123239910029
192923320039
112122911139
000019211921

10 10 15 board_10x10_15_10713_none
1910000000
1110111111
0000192291
0000112921
0011102231
0129112929
0192229221
0222193200
0191139421
0111029991

9 12 15 board_9x12_15_10730_none
011119211
019333391
012992921
001222221
000001291
000001921
000001110
000000000
111110122
921910199
921221139
110191011

4 19 21 board_4x19_21_10747_none
0000
1110
1921
1129
1121
3931
9991
4931
9321
2492
2992
9332
1119
0022
2229
9942
4959
2959
1139

4 14 8 board_4x14_8_10774_none
0000
1110
1910
1110
1100
9311
9391
1322
0191
1211
9210
3910
9210
1100

4 12 7 board_4x12_7_10783_none
0000
0111
0191
0222
1392
1992
2342
1929
1121
1100
9100
1100

11 4 11 board_11x4_11_10792_none
91002921292
23124931939
92939921121
12293210000

15 8 17 board_15x8_17_10807_none
011100111029200
019100193239322
122100129921299
192111122210122
112922921100011
001129229101129
000022222201921
000019119101110

16 10 22 board_16x10_22_10825_none
1100001911111221
9200001112922992
9312222112922949
1292992922211121
0112222129100011
0000000011100019
1100111000111011
9211192110191000
1291113931111000
0111002991000000

18 16 62 board_18x16_62_10848_none
293922992101110000
396492239101910000
299931012222210111
234920112929223392
921221294332299939
921291299292259432
222921122213959329
292221000002993921
921192221001222110
220112992000000000
921111392000001121
931932211111001929
921299101291001121
221122112921123221
191000139432399929
111000199929949321

19 18 58 board_19x18_58_10918_none
0011111101910192910
0019119211110112110
0011112921100000000
2210001129111100000
9911111121239200111
2322912920199200191
1292123920134311221
9532019210139922921
9993111100199539392
3999311110259492229
2349912931399311122
9223212939393100191
1291001121212110122
1211000000001921119
9200001110002239222
9200001922211932291
1100001129921291111
0000000013920111000

17 12 30 board_17x12_30_10982_none
11112910019111291
91192121111129322
11111019211029219
11000011292111111
92222110129100000
13992910011101110
02932121222112910
02220029399129310
12911249322129200
19321992100011100
23912331000000000
92111910000000000

16 10 27 board_16x10_27_11014_none
1101111121392019
9101911939492011
1101233349322100
0111199293229111
1291122212922339
9321000001111993
2910011101111392
2220129101910122
2910192102220019
9210111001910011

10 4 9 board_10x4_9_11043_none
9291199119
2311122111
9100001232
1100001999

5 10 7 board_5x10_7_11053_none
91029
22029
92121
12910
01110
00000
11100
29200
29200
11100

4 12 10 board_4x12_10_11061_none
1100
9100
1111
0019
1111
9200
9300
9200
1222
0299
1399
9222

5 19 17 board_5x19_17_11073_none
29100
93200
29100
22200
29200
29200
23221
92929
12121
00000
00000
00011
00129
00192
01221
23910
99531
49991
29421

10 10 21 board_10x10_21_11094_none
9311011100
9491129100
2921192100
1233433221
0199993991
1345959421
2993139200
2992022200
1221129100
0000192100

12 6 20 board_12x6_20_11118_none
002931112121
113991192929
192333223342
232293933991
929335949941
121299394920

19 8 22 board_19x8_22_11140_none
0112910111000011119
0193220192100019222
0112921139200011291
0001291039410000111
1111222129910000111
9119119112210001392
1111122200111002993
0000019100191002949

19 10 33 board_19x10_33_11163_none
0292019211293911910
1493012492293223331
2992012993332192991
9321019333991112221
1100011119321012321
0000000011101139992
0000001110123949439
0000001910199393211
0000001232222229100
0000000199100011100

17 19 56 board_17x19_56_11199_none
00000000000001991
00000001110001221
11000002931100111
92100014949100292
39310019931100394
39910012210000299
29311110001111232
11101910001912931
00002231101112991
01111929100001332
12911232222101291
29310191199433932
39312332239999449
39329939212333992
93294339200001221
92129111211001121
23221100191001929
29910111233101121
93210191199100000

14 16 32 board_14x16_32_11257_none
00001910001910
11112210001110
19229100011100
12921111119210
02220019223910
01911121292121
01111921111019
00112392000011
12391293110000
19932323911121
13339393112939
12932392002931
92291111001110
22211001110000
29211012910000
92291019210000

6 4 5 board_6x4_5_11291_none
112929
193232
129119
011111

4 12 12 board_4x12_12_11297_none
2910
9420
9920
3931
1392
0293
0129
0011
0011
1239
9299
1222

10 19 26 board_10x19_26_11312_none
1121111111
1939329129
2249392129
1921211011
1110011100
0000019100
0000011100
0000122211
0112299291
0294942211
0395921110
0394111910
0292001110
0111000000
0000122211
0000199291
1110122322
2911110191
9211910111

14 14 41 board_14x14_41_11343_none
19100000193929
11100112239221
11000192921100
92111112110111
93191000001292
93333110001939
12992910001121
12323342100011
29222999101139
93939494211939
13495533911232
12999992110292
19334431001493
11101910001992

19 4 11 board_19x4_11_11395_none
0019212292100011292
0011293939100139329
0000129221100199211
0000011100000122100

17 14 62 board_17x14_62_11407_none
99112999391129920
22129694933294942
00029933392922299
00124339223210233
01394942119222492
01994991124949993
01222221194959592
11100001234932443
29211112929332999
93493294332929454
39493939911121399
39533122210001393
93991111000001921
12221191000001110

16 16 62 board_16x16_62_11479_none
9399101291000111
3954201921000191
9399101110011211
2344311221019211
1929911992011291
2354311394321122
1999201349991019
2349323993321011
9111299542222111
2311139949399239
9292223499534949
1229291299393392
0011211133312932
0011100129211291
0019321195942322
0012991129999291

12 19 35 board_12x19_35_11559_none
000191011119
000111129111
000000193210
111000112921
191011101139
122129200139
019249300192
012939211211
001121229100
000001394221
011101993929
019112322121
011119100000
000012321000
111001991011
192111222139
223921111939
912921923242
111111292929

9 18 27 board_9x18_27_11595_none
112111921
192911129
112110122
001233391
122999932
939334339
931101921
220001110
910000000
111110000
012910000
129221211
921119392
331122493
991191292
221111111
111110000
911910000

4 5 3 board_4x5_3_11628_none
0011
0019
0022
1129
1921

6 8 11 board_6x8_11_11632_none
191111
111191
000111
110011
910019
121222
249592
999992

11 18 35 board_11x18_35_11644_none
01110001110
01910002920
02331002931
01991001291
01221001221
00000001910
00000123210
00000199100
11000133322
91000129399
22111294959
29329214952
39932103992
29491113949
22422192132
19293432019
11229992011
00012492000

14 19 36 board_14x19_36_11685_none
00000000019119
00011111112332
00019129202991
00011239203941
00000193202931
01221139201129
01992129200122
01239111100292
00011101111392
11100112922921
19100192129320
11100123222910
00000019911110
00000134310000
00011299100000
01129222100000
12922210122100
92111910199310
11001110139910

19 12 60 board_19x12_60_11725_none
1222291191000191191
2994932221001332111
9494922920001991122
2323333931102342299
2911994349312939432
9322249949392149931
1291039942322129992
1343129439119123592
3999222293333219333
9994291129399333399
2492111013954992932
0111000002992222110

18 4 10 board_18x4_10_11796_none
011100012991011100
019100019431129100
122111112910193200
191019101110129100

11 14 34 board_11x14_34_11808_none
19119111100
11122329100
01239392211
01993932191
02333492222
13922993291
29933943921
39329229210
92111111100
22001221000
93101992211
99102359391
22112939532
00019222991

7 19 19 board_7x19_19_11845_none
1110000
2910000
9321100
9219211
1111291
0000222
0000192
1110129
2920011
3920000
9210000
1211011
0191019
1221011
1910000
1110011
0011129
1139239
1939229

4 14 14 board_4x14_14_11865_none
2949
9399
2322
9111
1229
0294
0299
0244
0199
1232
1921
1291
0111
0000

6 4 3 board_6x4_3_11881_none
000191
000111
011211
019291

12 10 30 board_12x10_30_11885_none
011229112999
019292119443
011322011291
000191001221
110112223920
932222995941
939939596939
344932499331
992111934920
931001112920

14 12 35 board_14x12_35_11917_none
19100000001910
12332211001221
01999391011291
12333921019211
19102231112210
11112939323920
22129493994931
99239413459391
39339312992211
23921393332000
92221292192221
11191111112991

16 16 37 board_16x16_37_11954_none
1921000192111110
1291000112923920
0122223212239931
0019399911922229
1111394222210011
9100111019101110
1100011223211910
0000029494911110
0111029499210011
1292122322100129
9339119100000192
2392111211111111
9211000191191000
1100000111111000
1110001121211000
1910001929291000

19 18 90 board_19x18_90_11995_none
9911112920192122239
3311923931124939949
9222494392229932392
2929393939394310122
1121323233949201129
0122291192249422943
0199222211193993399
1233219111212392299
9129211119212332122
2349200134493992100
2995422299924959321
9499994959312932991
2335699392101222221
9119943322111292110
1234329229239424920
0199222922939494930
1345921112232923920
1993920001911111110

19 12 48 board_19x12_48_12094_none
9201911910192119111
9201222122339122219
1100294229921229122
1212499922210293119
9292994321000293121
1212221293111333910
1100111293922993331
9322291112129323991
9499333100022202931
1393299100029202220
0233333100029202931
0199291000011102991

15 4 10 board_15x4_10_12147_none
019100000192291
023310111112921
019922391002220
012229921001910

14 4 11 board_14x4_11_12158_none
91111292111000
12291292292111
01932211293392
01129100129392

11 5 14 board_11x5_14_12170_none
92001999920
93001234931
94210002391
29911111932
12211911291

10 6 16 board_10x6_16_12185_none
1299211999
9223922494
1212292392
0191239211
1222293200
1911939100

8 10 16 board_8x10_16_12206_none
19101221
22223991
92299321
29333100
22291011
91222019
11292011
11294210
91129921
11012229

5 16 11 board_5x16_11_12225_none
00000
00000
01110
12910
29421
29391
11211
00000
11100
39211
99319
39211
11100
12110
92910
12110

4 18 12 board_4x18_12_12237_none
1910
2210
9100
1100
1110
2931
2949
2392
9211
1100
1100
9100
2200
9211
2391
1921
1221
0191

4 18 19 board_4x18_19_12251_none
2399
9932
3310
9100
2221
1939
2392
1921
2221
9239
3949
3942
9491
2921
1110
0011
1129
1921

9 6 8 board_9x6_8_12275_none
911110019
221932111
911299211
111232291
001910111
001110000

16 6 24 board_16x6_24_12285_none
0019111119322110
0011129223994921
1111129219599391
9219233443493211
9213949999322100
1102949449219100

18 10 31 board_18x10_31_12314_none
000011211012229910
011119291019933321
139212332113491191
939201929101921122
121101121101222249
111110111000193999
921910191000129493
921221111000011222
110192100111011129
000129100191019129

19 18 60 board_19x18_60_12348_none
1122911911911292291
1939222322111933921
2392119291002239431
2931012432001933991
2921111992101292221
1111911359200111111
1123320199311100191
1939911259429100222
1139311939393210292
0122101122333922492
0191000112929229921
0222000192132323210
0192110222019291000
0113931392122211000
0003949392191001110
0002931322111001910
1101221191000123210
9100191111000199100

19 19 90 board_19x19_90_12420_none
9211199329291000029
1291139921211000029
0112133310000111022
0002949111100293119
0013992129311299111
1129321139393332100
1933310192339932321
1239911232294949992
0194311929223494449
1239102231119393393
2953312910011334992
2999392110000299432
1249421122111495391
1113931299119499211
9212992294211494111
4921393239111392029
9921223931119432149
3323933921233992299
9119992111992222949

18 19 90 board_18x19_90_12527_none
939311000193992292
139492111239693393
122939239239592394
911244499339423399
122399964393495942
019969999339399920
013949432292234310
001121101221029211
121100001921139319
939421112129139311
139992192132229200
012492223929233311
000222192121299291
110292222111234321
910293291293393921
221233932293993392
921939491223344492
921395942392199921
110294939392123210

15 12 26 board_15x12_26_12630_none
910191000000111
111232111100191
001929119210111
001132213920000
000019102920000
011223211121100
019292910019100
022312110011111
019221100011239
012939201239299
112139322992222
191012929321000

11 6 12 board_11x6_12_12660_none
00029200000
00139200000
00293111100
01493019211
13993122391
19932911921

6 5 7 board_6x5_7_12674_none
019910
134421
299391
294921
112110

4 8 6 board_4x8_6_12684_none
1221
1991
1232
0019
0011
2221
9929
2221

4 16 11 board_4x16_11_12691_none
0011
1119
9111
1211
0191
1221
1910
2221
9119
2221
1932
1299
1222
9210
2910
1110

6 19 30 board_6x19_30_12703_none
113920
294930
923920
332232
992299
959233
931119
121111
019100
132200
939111
394339
939959
122399
011239
019222
122291
192222
129119

10 14 21 board_10x14_21_12740_none
0001232292
0001999229
0001232111
1232222100
2999399210
2959334910
1121119210
0000011100
0000000000
0122100000
1299201110
9239201910
1122201221
0019100191

17 4 18 board_17x4_18_12764_none
12910113939112339
92122395952129992
22129939991029421
91193222321011100

19 8 23 board_19x8_23_12784_none
0029219210000000019
0139212910111001121
0192101221191001910
0111111191222001121
0000292111191000029
0012593111111000029
1129993191112121111
1922492111192929100

18 16 62 board_18x16_62_12811_none
000000000000111192
011111111101291129
019229119102931011
122393212212920000
922949212922210011
292139219229211019
233111111112391133
299100001234931199
943200113999921359
239100194979421993
922211334994933693
111911992223939992
001111221012234931
221000001129239431
992110012921299949
222910019210124992

17 19 82 board_17x19_82_12880_none
91001910000029229
12233322221029339
13999494991012921
29943995931012321
93211359311129291
11122399312921222
00299694292110139
11399992111000199
19223321011100133
11212110019210019
01293910012921011
24959211111291011
99993212920111019
96544933920111022
29949939332394339
24949431299599993
92122921139955439
22012492024599111
91019392019932100

11 16 27 board_11x16_27_12975_none
91191000000
22112121100
91001939100
22013593211
92129993191
12923592111
01111921000
11002220000
91113921110
11193932910
12222292110
92910111000
12110111122
11100191199
29200111122
29200000000

8 10 14 board_8x10_14_13005_none
91000000
11111000
00192110
00223921
11293391
19239421
22339910
29393210
29422110
12911910

7 8 11 board_7x8_11_13020_none
1112920
2922920
3931232
2920199
1110122
0000122
1110299
1910293

4 4 3 board_4x4_3_13034_none
1991
2331
1910
1110

4 6 3 board_4x6_3_13040_none
1100
9100
1100
1211
9291
1211

4 10 6 board_4x10_6_13044_none
0019
0011
1100
9100
1211
0191
0111
0122
1299
9222

6 14 18 board_6x14_18_13051_none
019100
023310
019920
136930
199931
139329
022211
019100
012210
111932
923399
394932
299210
122100

7 16 27 board_7x16_27_13075_none
9229321
3933992
9329349
9212239
2211943
2921299
3920122
9431000
3991111
2931191
1121211
0019222
0011399
0000293
0112332
0192991

10 19 47 board_10x19_47_13106_none
9223920199
2939920122
2393321111
9312291191
9201922221
1212123931
0191129992
0223293449
0194942292
1349939333
1993232499
1233229393
0029921211
1139410000
9229200000
9532111100
9992119211
9439222292
1111291129

17 12 35 board_17x12_35_13163_none
11111100199911110
19239200123211921
12939200011101291
12132200019100111
91019211123211110
11022392292911921
00019229323112239
00011111292102942
00000012339113939
00111129921119343
11291294322121299
19211292192910122

19 4 19 board_19x4_19_13202_none
0112929920011101999
0192234921129322243
1211192233933992019
9100111199229492011

18 8 21 board_18x8_21_13222_none
110000000292001992
910000000292112239
221000000111191011
293100000000111111
399210000111000191
933921011292110111
111291129322921111
000111193911129119

11 19 51 board_11x19_51_13248_none
01993211910
12349922110
91194593100
11112999322
11123459399
92299292233
23943422129
92239292293
11192224959
00111019992
11222112332
29299100019
92333111222
22192119391
91129113931
23132214941
92929129991
13231129931
01910012210

10 19 41 board_10x19_41_13308_none
9391111000
9421191000
2921233100
1291199111
0122222119
2229100011
9922210000
3321921100
1911139311
2220029391
1910011211
1121211000
2339391000
9994921111
3449321192
1921392129
3321394343
9933939999
2399223993

7 18 16 board_7x18_16_13358_none
9100000
1100000
0001110
0001910
1101221
9100292
1100292
1100111
9100000
1100000
0000011
1110129
1910293
1221292
0191222
1332292
1991293
1221129

4 6 6 board_4x6_6_13375_none
0111
0192
1229
9321
9921
2391

6 5 4 board_6x5_4_13382_none
000191
000111
011100
129210
193910

11 14 42 board_11x14_42_13388_none
01929943910
02233999310
24921499311
99931399329
95933954932
12129993229
12133439221
92929123921
24442129591
19991029921
23432113320
29119101910
92233201110
11199100000

14 18 58 board_14x18_58_13437_none
91001921211019
11001249491011
11122399932000
92299395491000
12932213931122
01110113920199
00000294331133
00000395994229
23321299499921
99992233223210
34693191001121
29392233223939
93312299399392
29102959433322
11213931291192
22394220111129
99393922210011
22212129910000

19 14 57 board_19x14_57_13505_none
0294920000012911910
0294932210019322221
0234229910123392392
0199222210294959492
2333911221294959422
9911111991112292291
2211111221011322111
0012932100029491000
0019399321029932100
1232223991135439111
2992001332199931119
9492112291124931111
1322293932001129332
0191293291000012999

19 10 51 board_19x10_51_13570_none
1139219929211110000
2939212333922933210
9343322293393399932
1299399329239339499
0123599543229432222
0112999999223991111
0192394443292232392
1332222191111139492
2991192221001299522
9321112910001949391

16 4 9 board_16x4_9_13630_none
0011100123221119
0019100199929111
0011112333221211
0000019910000191

12 8 21 board_12x8_21_13640_none
000001993291
111122594932
923939494291
139931392111
029321322111
122119392291
191012923931
111001112920

5 19 15 board_5x19_15_13665_none
00000
00000
01110
01921
12391
19211
11100
11100
29200
39411
29492
22392
92232
12929
12221
29100
94210
93910
12110

4 10 12 board_4x10_12_13681_none
2910
9420
9921
3592
2992
9321
2211
9339
2992
1221

11 5 9 board_11x5_9_13695_none
00000019111
22100011119
99211000122
22392001392
00292001992

15 10 39 board_15x10_39_13706_none
939493129921392
249599249539392
192393299592211
123321139933110
129910013593921
932210001994291
920000113593111
111221293993122
001991293493199
001221111292122

19 19 55 board_19x19_55_13757_none
1910000000001993221
2220000001111394993
1921000001910113999
1291000001110112243
0112110111000292019
1101921291000292133
9311129211111112299
9910011100192233932
2210000011212999210
1110001129112332111
1910002931119100029
1221002920011211039
0192101111110292029
0139211101910292022
0139329102331111019
0294921101991000011
1393110001232211000
9211000122119292110
1100000199111212910

19 16 73 board_19x16_73_13822_none
1939311192232399391
1139491223999395931
0124931193342213920
0193921222921212110
1223232933229292100
1911929399212449100
1112242339201993311
1223929343313349291
9299333999292921211
1334912942212121222
2392222110011229399
9921191112129293499
3310222193954422959
9100192223999911292
1111213932495210111
0019102991292000000

15 6 16 board_15x6_16_13906_none
000191000001921
122211001112239
199211111922932
123911911292292
002222220122339
001911910019292

8 6 12 board_8x6_12_13927_none
11000129
93111393
99129593
93139592
11029421
00012910

4 14 14 board_4x14_14_13941_none
9291
2321
1910
1110
2321
9991
3942
2339
9392
2932
2349
1992
1221
0000

4 18 10 board_4x18_10_13956_none
0011
1249
1999
1232
0000
1110
1910
1110
0011
0019
0011
1110
2920
2931
1129
1121
1910
1110

4 19 11 board_4x19_11_13967_none
1991
1221
0111
1291
1932
1291
1211
9100
1100
0000
0011
0019
0011
1110
1910
1110
0000
1232
1999

8 12 23 board_8x12_23_13980_none
01291111
12922291
29323942
92395939
11399321
11399421
91294991
11112221
11222100
19399211
22493291
19211111

16 4 13 board_16x4_13_14006_none
9929392001129222
2221392001921299
1110111001111259
1910000000001939

19 16 46 board_19x16_46_14021_none
1910000111000000000
1110000192111110000
0000000224921910000
1222100194931110111
9299100113920111191
1344201111111291122
0299101921101932229
0293101129101139594
0111001121100039999
1212111921100029432
9293922339100122100
1229229292100292000
0011112433110293221
0000001993920112991
0000012323942101332
0000019101299100191

19 18 46 board_19x18_46_14075_none
0191019291001910000
1221022322101110000
1910019119100012210
2220011111211019910
2921110111292012210
2921910191292001110
1111221234321001921
0111191199910001291
1393211123332100222
9599211011299111291
2993291019222229211
1232211011100193200
0019100000111129210
0011100000191012910
0000111000111012221
0111191000000019119
0192211000011223221
0129100000019292910

14 14 47 board_14x14_47_14124_none
01911122222910
02222949939210
01912959594321
01111292393992
11111122224593
93291019229939
93933222393221
13239911921000
01933311111232
01139211101999
01149319213499
01939211393943
12221111494393
19100019392299

10 8 12 board_10x8_12_14176_none
1111110000
1911910011
2332221019
2992291022
2949211029
1122210029
0002920011
0002920000

9 6 7 board_9x6_7_14190_none
001111121
001911929
001111132
110000019
921000022
291000019

5 4 5 board_5x4_5_14198_none
01121
12939
92393
11292

4 10 8 board_4x10_8_14204_none
9100
1100
1211
9292
1229
0022
1129
2931
2931
1129

8 19 37 board_8x19_37_14213_none
92212999
29292232
11211000
00111011
00192129
00112932
12233229
94999221
94996931
23239991
93233432
94991191
93221111
22100111
19211191
33391111
99322000
44492111
99392191

10 18 47 board_10x18_47_14253_none
0011293210
1119449910
9112994320
1213332921
1293922492
1923922992
2322224952
9393293949
1394954349
1213999292
9101232211
1100011111
0012229239
0019944499
2233499932
9929345421
2221299492
0000139939

17 6 15 board_17x6_15_14308_none
91191011101910000
11111019101110011
00122112210111019
11299101921291011
29433102239321000
29391001922910000

19 6 29 board_19x6_29_14325_none
0111122222119112229
0191199399211119921
0111123499410124431
0011212959921393991
2229294359921993332
9921229939311221191

16 18 49 board_16x18_49_14358_none
0111029339991000
0192139399521000
0112933349200000
0002494931100000
0001994932321000
1112443239992000
1911992193492000
1111392111111000
1121323110111000
1929292910193210
1122322110239931
1101921001294949
9101291001922293
1100111012222339
0011100019229931
0019100012924930
0011100112112931
0000000191001129

12 19 63 board_12x19_63_14414_none
002999311910
003979922110
013994392100
239593129100
994492011100
499332212110
933929292910
222233333321
191293929291
111293232322
000233291192
001299322239
111945932932
933359939392
993999432339
223953392292
234349313931
999959313931
233399219391

6 10 8 board_6x10_8_14486_none
000191
110111
910000
121211
129291
921211
110000
000011
111129
191192

5 8 6 board_5x8_6_14495_none
19119
22111
92221
23991
92221
11000
00000
00000

4 4 3 board_4x4_3_14502_none
0011
1119
9211
9200

6 10 9 board_6x10_9_14506_none
111000
191000
111000
000000
000011
012229
239921
993221
332129
191192

12 19 63 board_12x19_63_14516_none
294939299100
295963434210
113999393910
001234959531
232102959992
999323249549
465992922921
999433323220
249329292910
011293333210
112222939211
192912259319
223111939222
392001232119
992012493233
953119999299
299344443322
123999219211
001249211291

14 19 69 board_14x19_69_14592_none
99299391199100
34333921123321
92922233322992
12291299993349
22211295693192
99101239392111
94212932311111
93194449221292
93249994949339
23939424959229
29322212932221
29201912333920
11101111994931
11011102493139
92239323922149
29399499321939
11399323911121
11122212110000
91000191000000

16 18 59 board_16x18_59_14670_none
0112921292199210
0193392393223910
0129212939101110
0011101232100000
2210000292011211
9932100394139492
2399311293939592
0249391123222932
1292211029312129
1921000139493122
1221000192399229
1291001332122393
9211001991000292
1100113332111221
0122292933923931
2399223399339991
9943119223922321
9491011101110000

19 10 28 board_19x10_28_14740_none
0129291293102921910
0193311299102933320
1239100122101129910
1921100000000134310
2331000000001299211
2992000011101932291
9492000019102221221
1211000011101922910
0000000000112393121
0000000000191292019

19 6 25 board_19x6_25_14772_none
9992211193391000000
3449291129931001121
2931211013931002939
3942100002391013942
9399321002931019229
1223991002920011111

18 4 18 board_18x4_18_14799_none
001291011119212931
111921129123923992
921121292119593493
920019211012992292

17 6 18 board_17x6_18_14821_none
19129201911921000
11129201233492000
00011100199394210
11000000122229921
91000111001134449
11000191001929939

9 19 44 board_9x19_44_14840_none
110019910
932222210
939921000
122392100
110139200
943239211
999932229
345921921
193333220
113995920
113999920
923943221
139421019
149692022
949993129
943323942
393103991
299102931
122101110

7 19 32 board_7x19_32_14894_none
2931191
2993221
2493921
1944339
3499393
9944949
4933941
2934930
2393931
9212139
1222129
0199111
0122100
0111111
0191191
0222111
1291011
2921019
9210011

4 8 6 board_4x8_6_14930_none
1910
1110
2210
9920
3920
1110
1121
1929

4 6 6 board_4x6_6_14937_none
0000
0000
1211
9493
3999
2942

7 4 6 board_7x4_6_14945_none
0019992
0012493
1100129
9100011

8 5 6 board_8x5_6_14958_none
19100000
23310000
19931100
13939211
01121291

15 16 58 board_15x16_58_14965_none
191000011100000
122100019212121
019112343393929
023329999229332
019934942111291
135439321000122
299931292110029
956920234911139
499210199421921
993100149943321
232100029999391
019112223969522
122119933239493
191012399122499
223111343119344
192911991011299

19 16 43 board_19x16_43_15033_none
0111000019291000191
0191000011211000111
0112111232100111000
0001922999100191000
0001293343210111000
0011213921910000011
0029202921122210029
1129201110129910029
9111100011293221111
1211111019321019100
1292291012910023321
9212932012321019929
1101292229292122221
0011229292212910000
1129332222101121100
1922991019100019100

17 5 22 board_17x5_22_15079_none
00001910012992999
11101222139422232
29311292949411000
39922923249593100
29329211922999100

15 4 12 board_15x4_12_15104_none
000299291000191
011394321000122
029313920011129
029202920019129

9 10 15 board_9x10_15_15118_none
192910000
112232111
000299119
000294221
112222910
192911110
113220000
012911110
129222921
192119391

6 16 25 board_6x16_25_15135_none
000011
000019
000011
011100
029211
139219
953211
999211
969439
359949
994942
332292
932229
399222
394291
292111

4 19 17 board_4x19_17_15167_none
0019
1111
9100
1222
1399
2993
3952
2949
1149
0029
0011
0000
0000
0011
1129
2921
9531
9991
2321

4 18 9 board_4x18_9_15186_none
0111
1292
9229
1111
0000
0000
0000
1110
2910
9210
2200
9100
1100
1110
2920
2931
1129
0011

4 14 11 board_4x14_11_15197_none
2991
9321
1100
0011
2229
9921
4420
9910
2321
0191
0111
1110
1921
1291

10 4 8 board_10x4_8_15211_none
1100019211
9311121392
9911910393
2211110292

14 5 9 board_14x5_9_15220_none
12910001110000
19211233910000
22101999210011
91001393100019
11000111000011

19 18 82 board_19x18_82_15230_none
1929119211111019291
2231222292291133311
2932292229322199100
9499329222291122100
9459422393211111011
2399491299421191019
2944921139992111011
9229321012594110111
2211292110395942291
9311222921495999222
9922922339493232119
2229339393932211011
0012923933239492000
0001123921934992000
0000019222394931011
0012332119229222229
1119992112222349942
9112339101911999939

18 16 49 board_18x16_49_15325_none
992111910000000000
222934431000000000
001299991000000000
000123322110000000
000000012910000111
000000019321110293
000111124932910299
000191194939210122
000222129343310011
011291012929911129
129222102233432932
921119112933993129
110011119399492011
001121111344312221
112929322399102991
192122992993102931

10 4 7 board_10x4_7_15379_none
0019211129
0022391192
1119222211
9111119100

4 10 11 board_4x10_11_15388_none
0292
0393
0292
0233
0199
0233
1292
9349
3949
2931

4 14 14 board_4x14_14_15402_none
1110
1910
2220
2921
9339
2392
1932
2492
9693
9993
2339
1111
9100
1100

7 18 21 board_7x18_21_15420_none
9100000
2210111
1910191
1110111
0001110
1101921
9201291
9211322
1129391
0029422
0011392
1111392
9119432
1112992
1101249
9100029
2211121
1911910

9 14 31 board_9x14_31_15447_none
910111191
110192222
110129119
921112221
129112910
011229332
111294399
192494932
235994210
299959211
954492291
959311111
959311111
931291191

17 4 9 board_17x4_9_15483_none
00000000001921100
11000111001129100
92121291122111211
12929211199100191

19 14 66 board_19x14_66_15494_none
0192292921001393291
0113932293211999321
1102932449922233921
9202239995592001129
9312946999493111121
1292299943923922920
0111124321123922931
0122101922129211129
0199212393932210022
1233922923932932119
1922393212239399432
1249329112933449991
0199321119339923431
0123910011293211910

18 18 56 board_18x18_56_15566_none
001921101910001291
122229212121213931
939322291019293920
249491111122212110
193921000191000111
223121101221000292
291019101910000293
922121101110000129
222910001121100011
293110001929111222
292111012332119399
111191029391012954
122212249422111299
199201993911910122
249312333221110122
193911922910000199
112112392121111239
000001921019119111

11 14 42 board_11x14_42_15626_none
93992122921
14964939392
13999494439
92232399292
11000233322
12110192392
93910223993
95210192494
99111211299
22229100133
22293210019
99224931222
22239939291
00199321211

6 5 4 board_6x5_4_15676_none
111191
191222
122291
019211
011100

4 4 3 board_4x4_3_15681_none
1291
9222
1119
0011

4 8 8 board_4x8_8_15685_none
0029
0029
1121
2931
2991
2321
9321
2991

8 19 20 board_8x19_20_15695_none
12339921
19993492
12321292
00000111
00000111
00000292
00000292
00000111
00111000
00191000
00222000
11291000
29423110
29393910
11229320
11024920
91019920
11012210
00000000

9 19 25 board_9x19_25_15716_none
292119392
949211494
139201399
011101932
000001221
001110191
122910222
929322291
121292921
000123210
111129100
191192100
111122211
111029391
191029311
111011100
000000000
110000000
910000000

12 18 53 board_12x18_53_15744_none
000192999392
221123459449
991129292299
343293312232
299229112921
933332119391
111991011211
112232100000
192119100000
129112210000
121101910000
910012322221
331139594992
993299995992
399349695542
123393949991
001922293443
001110111199

14 16 58 board_14x16_58_15803_none
99219399399100
99321499433100
95921394291000
29493493111011
11395994212239
11239999392992
29139955943321
92239329949111
11193324931119
00239292110011
01292211000000
12932111100111
29449219111291
29499311229211
22499200193210
19222100112910

18 8 24 board_18x8_24_15871_none
000000019211019932
112110122291023599
192910191111019399
113331111000011222
113991011100001110
294932139200001910
294322939200012210
129292121100019100

19 4 13 board_19x4_13_15899_none
0192291111000001110
1212921192111111910
9211121324932911110
2910019293939210000

19 6 31 board_19x6_31_15916_none
9200000199911911999
9201233349323332494
2201999932239949439
9101395921939499921
2311113221121224320
9291001910000001910

14 18 33 board_14x18_33_15954_none
93921100000000
29239311000000
11129391000011
00011211000029
00000000000029
00001110001232
00001910001992
00001121112339
11000129119111
92100192111100
29210122100000
13931019100000
02991122111222
01221192119299
01221129111233
01991011100129
01221012221292
00000019929211

9 19 41 board_9x19_41_15989_none
019101939
011101139
111110011
943922210
999339921
994293239
394321029
239910011
943311110
939113920
121119931
112233391
192993321
123449921
019293239
011322029
000192243
000123999
000019493

6 14 20 board_6x14_20_16033_none
000000
011100
239210
994910
993110
931000
121211
029491
029931
013931
002492
112993
934992
299321

4 8 5 board_4x8_5_16058_none
9210
2910
2231
1939
1292
0111
0000
0000

5 5 6 board_5x5_6_16064_none
11111
29219
49311
99300
39200

8 10 16 board_8x10_16_16071_none
99101910
23323220
01993910
02595220
01994920
01223920
00001110
00122100
00199421
00139991

16 19 74 board_16x19_74_16092_none
1121101293911921
1929101949532291
2232212349992111
9119129394593111
2211249412949339
9212399201149939
2393994210029443
9213943910123399
1101249310193949
0011299311239232
0019334921921229
0012923932211292
1112393229323931
2921939124993920
2921121119933220
1111110013321921
1102920012911129
9223931119431122
2929229112991191

19 10 28 board_19x10_28_16190_none
0000193221211000000
0000129939291011111
0000012494322119229
0111000299229111292
0191000123392100111
1211000002931000000
9100011102931001110
1100129101291001921
2210294211222101129
9910299119119100011

19 8 21 board_19x8_21_16220_none
0193211110001221000
0129911910001991000
0023311110012321011
0019222100019111129
0011299101132219239
1211122102939111292
9291000113931100122
1211000192110000019

19 6 18 board_19x6_18_16242_none
9292221000000029311
1223991111000029391
0129321191111122211
1292100222191191000
1921001292233321000
1110001922929910000

17 4 18 board_17x4_18_16262_none
93999112999101932
29493119494201399
11211023439100293
00000019921100111

14 8 23 board_14x8_23_16283_none
11002920012939
91113920019239
22292221122111
19211192292221
11100249312991
12210299201221
29921393212110
29329211192910

10 14 19 board_10x14_19_16311_none
0011101291
1129201921
9129201110
2211100000
9111100111
1119100192
0022200139
0019211029
1132391011
1929211111
2221100191
9101221111
1102991000
0002931000

4 18 18 board_4x18_18_16332_none
0129
0293
1392
9222
2229
1932
3449
9992
3942
2229
9111
1111
1129
1921
2210
9111
1229
0192

4 14 9 board_4x14_9_16351_none
0000
1110
1910
1232
1299
1949
1121
0011
0029
0039
0139
0192
0111
0000

5 6 5 board_5x6_5_16362_none
00011
22119
99111
23210
12910
92110

6 5 6 board_6x5_6_16368_none
000192
111129
192111
239210
193910

10 5 12 board_10x5_12_16376_none
1392029219
9392029211
2322122321
1911922992
1111292392

12 8 17 board_12x8_17_16390_none
232100012939
999100019349
243200012921
129100001110
192100000122
232111100199
929229210122
122922910000

19 19 95 board_19x19_95_16408_none
9119119101992111939
2211222101222922493
9112494211111129493
1229999932922232492
0195655992129939432
1239992222123493992
2934532122911922392
9549911929321222332
9993333222910192991
2321199222221324342
0000123929119294939
0001111233221229942
0002932394920024439
0113939959920019932
1293223949421012339
9439212132391011293
9931291019211139449
4932332233211299939
9229929299119223221

19 18 72 board_19x18_72_16520_none
1999229211199210191
1495921292334921111
1393110129293391000
9323110012449222111
2392921123992119119
2933392299532011111
9229339239391000000
2222921111223321000
2921110000029991111
2920000000029432291
3320011212121119211
9920019392921022200
9920012922291019111
2221112210123343229
0019119111129999249
0011111129339695959
0000012239493923949
0000019922922111121

18 12 30 board_18x12_30_16599_none
000000000000000000
000000000001110000
000001221112910122
110123992292121399
931299422922129393
939239311112931211
122222911112920000
233911111911110000
999210002220000000
342100001921111000
921101111292291000
129101910129211000

15 5 18 board_15x5_18_16631_none
001991029391129
012321139311293
129211294210292
932392394921211
129212939229100

10 5 10 board_10x5_10_16658_none
0192922210
0113239910
1101934420
9212139910
1291029310

6 12 10 board_6x12_10_16670_none
000192
000129
011111
129100
933310
129932
012399
001243
001929
001121
000000
000000

4 18 18 board_4x18_18_16682_none
0191
1221
1910
2221
9129
2249
2939
9332
1291
1322
9492
9492
1322
0192
0129
0011
1222
9299

4 19 19 board_4x19_19_16703_none
1119
9332
2993
1399
0233
0293
0399
0293
1222
9439
9992
2321
1110
2920
2931
1291
0111
1100
9100

4 19 18 board_4x19_18_16727_none
9291
1211
1110
2910
9210
1100
1110
1921
2349
1992
2321
9221
3949
9399
1222
0011
0029
0149
0199

9 8 15 board_9x8_15_16748_none
111129291
191192211
122212110
019211910
012933221
113399339
192949399
112121222

12 4 13 board_12x4_13_16765_none
992100129399
349100295932
192211299321
111191122291

18 8 19 board_18x8_19_16783_none
111291019100001910
911921023310001110
111110019921110111
000001123932910191
000112933392110122
111192399211000019
291111293100000011
921000111000000000

19 19 94 board_19x19_94_16805_none
2921001911999119299
9391112112453111233
2321192212993210019
1932229392349931022
1399212922295991019
0299312211923942111
0139219112212349222
0023433229112993399
0019993943339592294
0012493399499322239
1100111395993129339
9101110394221029921
1112922392000023310
0019393932221019210
0011224943992123931
0112129399322923949
1294942322101294349
2959949311112239931
9399339391192923920

14 12 29 board_14x12_29_16920_none
22101110191111
99101932211292
93112399200292
11129349321211
11293294939211
91292113931291
11111012321111
11001129292110
92001921212921
92001110002359
11000000001999
00000000001232

8 4 8 board_8x4_8_16953_none
12322221
19992992
23422249
19100029

4 10 7 board_4x10_7_16962_none
0029
0029
0011
0000
0000
0111
0191
1322
9392
9329

6 19 24 board_6x19_24_16971_none
111110
922910
392110
922121
233949
199399
134543
129991
933432
291191
221111
921000
292100
129100
123210
192910
113331
012991
019321

7 19 23 board_7x19_23_16998_none
9101121
2322929
1992132
1222129
1112931
1924930
1293920
0112232
0000199
2210122
9911110
3332910
1929221
1122229
0001921
1123320
1929910
1122210
0000000

11 14 28 board_11x14_28_17028_none
00011119229
00019112921
00011101110
00000000011
01110011129
12910029339
19320029942
23910013993
92110002499
23221112932
19929119210
12232211211
22129310191
99129910111

16 6 26 board_16x6_26_17059_none
9292393921222111
3422994129399229
9922492024943932
4921921019921393
9212220012322399
1101910000192932

19 4 11 board_19x4_11_17094_none
1110029329291019111
1910029393311011129
1111121229100000029
0001910011100000011

19 12 55 board_19x12_55_17106_none
0192129212921000011
0123921292393110029
0019221223595932139
1122229129999399239
1923932239433332293
1139943921101910139
0029599221101110029
1112932229111211122
9201111293239492291
9300112933939949422
9301394392122239491
9201993921000012921

14 19 39 board_14x19_39_17170_none
00019100001921
22111211001291
99100193210222
33100129910192
92100012321249
29100000191199
22200011322122
19100019292100
11211122229100
11191292011100
91112392000000
11001921001110
12211110001910
19910000001110
23321111000111
92291192100191
34921139200111
99320139311000
23910192291000

9 14 27 board_9x14_27_17212_none
019210191
233911221
993112920
394323920
129992110
013431000
001910011
112110019
192211122
129292291
244439333
999922399
954311932
129101110

8 12 23 board_8x12_23_17245_none
11299100
19222100
12210000
01921100
01129210
11023921
92129392
94393329
29959432
14959991
14942332
19920019

6 8 12 board_6x8_12_17269_none
191011
123229
019953
124999
293243
493019
992011
221000

4 4 3 board_4x4_3_17283_none
9210
2921
1129
0011

6 12 19 board_6x12_19_17287_none
113949
193993
124592
239932
993229
221022
011119
129222
194492
129939
012232
000019

12 19 33 board_12x19_33_17311_none
001921191000
112492111000
943993100000
999349311110
993129911910
222123321221
112922910191
192239210111
111192100000
111111000111
292000000292
292000000292
111000001221
110000001921
921100001393
129100001399
011100112932
000000192110
000000111000

19 8 37 board_19x8_37_17349_none
9100001910019922221
1100012211234492991
0001249422992923453
0002999992223343999
0014969931012999543
0019932210029569491
1233210111029399322
1991000191011222119

19 4 11 board_19x4_11_17392_none
0199100000001129210
0122111111112922910
0000019239219212220
0000012939211101910

18 5 16 board_18x5_16_17405_none
192100111192100199
139211291129101232
139219211011101921
293111211112111291
292000191192910111

15 12 47 board_15x12_47_17426_none
192110199101110
112922243323921
001393939399391
123495493933321
299939933212920
933333229213931
110292012393492
110292001939392
920112111243322
932111921199239
393933492122299
923992992000139

10 19 28 board_10x19_28_17482_none
1121100000
1929211000
1243391122
0199211199
0123210122
1101910000
9101121100
2210019100
1910122100
2220192100
1910129100
1121111211
0019101292
1132323939
1929299332
1122332291
0001910111
1122210122
1929100199

4 14 17 board_4x14_17_17512_none
1910
1110
0000
0122
1399
1999
1232
0111
1292
1949
3492
9931
9941
9991

4 5 3 board_4x5_3_17533_none
1100
9100
1111
0029
0029

5 4 3 board_5x4_3_17537_none
11129
19129
11111
00000

11 12 33 board_11x12_33_17542_none
19212222921
33393994229
99323999122
95922333229
29339101921
23933222210
19494949211
22394959219
91223293211
11192249200
11112939200
91001121100

15 18 38 board_15x18_38_17581_none
000191000000000
000111000011222
011100000019299
019100012221222
022200019911110
019100012212920
011211000002920
011291000001110
139322101110000
949319212921111
149312392129119
139201921012332
192102220001991
222002931102442
292102939112992
939101121119339
121100001232122
000000001991019

17 19 48 board_17x19_48_17621_none
01291001910019100
01921001110022200
12210000001139200
19210000002949211
23911111113952119
92111922912991011
12111293211221111
01922339100000191
12339921100000122
29393210011222229
29432100029399292
23929100029432222
93232211012910019
92191191001110133
11111111000000199
00001110111000122
00123910191011100
00199210111029310
00122100000029910

19 10 40 board_19x10_40_17672_none
1993211191001921011
3599493332123492019
9944994991199493111
2239533931139339200
1139932122221129200
9229991019921122100
9212321123391191000
1100000191111111000
0000011212121211011
0000019101929291019

16 4 10 board_16x4_10_17716_none
9292100000000111
2449200000011291
9399200001129211
1393100001921100

8 14 19 board_8x14_19_17728_none
01129111
01932219
12229222
29211393
39410299
29910122
12210000
01111221
01922991
01292221
11211000
29310011
29910019
12210011

7 16 16 board_7x16_16_17749_none
2391011
9921019
3310011
9100000
1101110
0001910
1222110
2991000
2931111
1221191
0193332
0129929
0023321
0019100
1121100
1910000

4 18 18 board_4x18_18_17767_none
1222
9299
1239
0011
0011
2339
9994
2599
1494
1992
2342
1939
1393
1392
9211
1100
0000
0000

4 12 12 board_4x12_12_17787_none
1292
9329
9211
2200
9321
9939
2392
1332
1991
1332
0191
0111

11 4 11 board_11x4_11_17803_none
00111199939
00192225952
00239103949
00192102931

18 14 37 board_18x14_37_17819_none
121211191191000000
939391111222000000
139311001291000000
011100001932000000
001110012392110000
001910019212911110
001110012211222910
111000001910192110
291123223320112110
921199939911112931
111344239311912959
001991011101111299
222332011211111122
991191019291191000

19 18 49 board_19x18_49_17860_none
0199200000011211000
0249311011119492000
0192291129234992000
0111223395499321000
0000192999932111100
0012322233210019100
0019910000000011100
0012210000112110000
1100000011292921222
9111100019223229299
2229222111119111222
1921299111122200011
1110123239229200019
0001111939229310011
0112911121112921000
1292110000112291000
1921000000293222111
1110000000299119119

19 19 94 board_19x19_94_17913_none
0192101221139329229
1229101992299392292
9211101239233422111
9311100011119292221
9229200000122212992
2239322221393112349
2933929949499439239
9392235994949995931
1223393994244994931
1119922223949423239
9223210125959202953
1291000199931102999
1232100123321001259
2939223210191112139
3952299911233493943
2993223211929995399
1499111112333499222
0394119129492122211
0292011129492000191

14 6 12 board_14x6_12_18020_none
00000001129111
12111111921119
93932922221111
24992129119100
19321022211100
11100019100000

6 8 10 board_6x8_10_18035_none
292019
292011
222111
191191
222111
193210
129931
013991

4 19 19 board_4x19_19_18048_none
1100
9322
9599
9943
2391
0111
0122
0199
1232
1921
3492
9949
2392
1232
1939
1149
0029
0011
0000

8 14 19 board_8x14_19_18072_none
11192111
92129119
92022211
22119100
19111100
11100011
00011119
11029211
92129211
29111229
11100192
11000222
92221292
12991292

15 4 15 board_15x4_15_18094_none
029993921921122
139424953392299
192102999229222
111001232111100

19 8 26 board_19x8_26_18112_none
0000001910199492000
0000012210139594110
0001129210133595920
0112922910199394920
0193211111232323221
0239100113931191191
0192211194991111111
0111191129321000000

18 19 83 board_18x19_83_18140_none
112111910122229321
192911111299393991
344221101949312343
999229101122210199
233933310001911343
012229931112211992
019113939229212359
011112221393293499
000129101392129993
111293213931013431
293392194931111910
394942213932911110
923949313239321111
232239393931392191
939343313921392111
395999212222932100
299454594392129100
123939999922232211
001139959311991191

16 19 72 board_16x19_72_18234_none
0001910199212291
1122210122292921
2939211011212110
2931291129100111
2321222193210293
9292292233921399
2312944949493493
9101399499539921
1211395959494331
0191293249423939
1222223392293392
9129229921112932
1129229310012339
0022211100029492
1139323210039931
1949499911139920
1249449421922210
0294494911110000
0293993110000000

9 8 12 board_9x8_12_18317_none
001910000
012321000
019392000
121392000
921222011
392192129
293223921
129119210

5 4 5 board_5x4_5_18331_none
29491
29921
23210
91000

4 12 7 board_4x12_7_18337_none
1910
1110
0000
2210
9920
4920
9210
1100
0111
1291
1921
1110

5 16 17 board_5x16_17_18346_none
92019
93121
12921
12492
29492
39411
29200
11111
11019
92122
94291
93921
12221
00191
11211
19100

7 19 34 board_7x19_34_18364_none
0129100
0194310
1239921
1933339
1392193
0394229
0299111
0133200
0019221
1123939
1924952
2229959
9334992
2993321
2339111
9112229
2201921
9312232
9391199

15 12 26 board_15x12_26_18406_none
111111000011111
191292000129119
111292000192111
000111000111000
000011100000111
110019321000192
942123991000129
999229332211122
355492119291191
199922121211222
123211910000192
000001110000129

19 4 17 board_19x4_17_18436_none
1929129219210199939
1121139312910123239
1211029201221001232
9291011100191001991

19 6 18 board_19x6_18_18459_none
2210001110012222339
9920012910019929992
3920019221112223942
1110011119210001291
0000112122911110111
0000192911111910000

19 8 21 board_19x8_21_18479_none
0192110000001121229
1213920001111929292
9102931101911121211
2201129211121100000
9212123921129100111
1292912921921100191
1222111111221000222
1910000000191000191

12 19 59 board_12x19_59_18502_none
019992139329
014992199921
003941124320
114952101910
294999312110
395459491000
399394931111
944923931291
393211129211
949211011100
931292211000
110139391000
121129322100
939321229222
249920194599
295920239999
294210296952
129211294931
011291112291

7 14 14 board_7x14_14_18573_none
0000191
1100111
9200000
9300000
9200000
2200000
9100000
1100000
2211110
9911921
2222391
0029433
0139399
0192222

4 8 9 board_4x8_9_18590_none
3993
9999
9449
1111
0111
0191
0111
0000

5 6 4 board_5x6_4_18600_none
01110
23910
99210
22100
00111
00191

6 8 7 board_6x8_7_18605_none
191000
111011
001139
112949
912931
112220
001910
001110

12 19 57 board_12x19_57_18613_none
929211129229
133912933931
129223933920
943339329332
299299211299
355543112343
999992029939
234994129459
111399111299
920134310133
942129920019
299129930011
232113920011
910001110019
232221211122
939929291191
932221212221
110000013920
000000019920

15 19 50 board_15x19_50_18681_none
000129211019210
110192291124920
911221122294930
222910029423920
192110029943210
112110124999100
001922293353200
001292922949211
000112111299329
000112121223921
000192929101121
111123221100019
191129111211122
111293119291191
012593011211111
019993100000000
014959210011100
112943911129211
911129211921291

19 10 47 board_19x10_47_18742_none
1119399921910191000
9213945931111221000
9434933942101921000
2999392299101392011
3553223443100292029
9993129991000111029
3599239642000011111
1944934992110029211
1293249942910039319
0112939921110029211

18 4 12 board_18x4_12_18798_none
000193920011223999
000113920019299332
111122210011222100
911929100000000000

17 5 11 board_17x5_11_18811_none
00000001911911110
00000001122322910
11000000019293331
91112110012322991
11192910001911221

12 12 37 board_12x12_37_18823_none
939100019920
392100013920
922111122210
112932929100
013993354310
019323999931
022202969992
019211295693
023910129959
239321123992
994911911332
239211110191

9 18 38 board_9x18_38_18866_none
122100192
299112349
294329949
129394392
132493221
939322921
944921139
129931129
023329111
019122200
011119332
110024999
910019993
110123321
011291111
019333291
122399211
911932100

4 16 11 board_4x16_11_18910_none
0000
0011
0019
1121
1910
1110
0011
0139
0299
1393
9211
2200
9321
2992
1392
0111

5 5 5 board_5x5_5_18924_none
00191
00111
00122
11299
19239

10 6 11 board_10x6_11_18930_none
1100011100
9100029322
1101139399
1222922349
1993211921
1239101110

14 12 43 board_14x12_43_18943_none
92292222221000
12934992991000
01294942344210
22213931199921
99101394333229
44211399911232
99219239323992
49322232219992
93911939322432
12111149921292
00123239491292
00199921211111

15 14 55 board_15x14_55_18994_none
129292111113949
192349329229959
111199495944953
012334949939499
019913943331393
123323942921222
922912992292291
394212342229322
299101939111392
232101292101392
920000122212921
920001129394220
110001943595921
000001299399391

19 19 53 board_19x19_53_19054_none
0001911910019922910
0001111222134439210
0000000192939921100
0122111323139310011
0199119291011100029
1222112321000122129
9100001932100199111
1100002399100133211
0111112932100019339
0191192110000012992
0111122111111101221
0011119119229100000
0019112222921100000
1111101912221221000
9100001111933992110
1101121112499422932
1101929119399312299
9101121111222392122
1100000000000292000

18 8 34 board_18x8_34_19111_none
019222211002931291
233399291002949311
993932323222139200
349210193992122211
193200129339119129
129321011223222239
134992110294922921
199322910299229210

11 5 9 board_11x5_9_19150_none
00000000111
01121100191
01939310222
01149911392
00029311992

7 12 22 board_7x12_22_19161_none
0012992
2339339
9992111
9543210
2929921
2232392
2921129
9491011
9433100
2399100
9223221
1101929

4 18 14 board_4x18_14_19186_none
0199
0122
0000
0111
0191
0111
1100
9221
2939
2359
1992
1332
0191
1322
9392
1393
0129
0011

4 19 13 board_4x19_13_19201_none
0000
0000
1221
2991
3952
2992
1239
0011
0000
1110
1921
1291
1222
9119
2232
1929
1121
1100
9100

5 14 19 board_5x14_19_19218_none
19100
11111
01249
12999
93499
13953
02993
01499
11399
19443
23991
92221
11000
00000

11 4 6 board_11x4_6_19241_none
91011211019
22019291011
92121211000
12910000000

12 4 7 board_12x4_7_19249_none
019100111000
011222291011
001299321019
001933910011

18 12 54 board_18x12_54_19258_none
112921001122392932
293392112949933299
922922913994492233
111112333959329339
111001993249313992
392001349129313953
993100192233392399
239111212299211299
011119211955421259
000123922299991199
000192291124431233
000111111001910191

19 14 56 board_19x14_56_19321_none
0019211910000012321
2222922122210019991
9911292119910123332
2210129112222391019
1110011100019921122
2910000011112210191
9211111129100111122
2211923942101291019
1912395992001921022
1122939994222232229
0019455993994399293
0023999433399932239
0029594391234210029
0029312921191000011

19 19 63 board_19x19_63_19382_none
9119929992001223920
1112222492123993920
0122100123499333210
0199101129993119111
0122101922332111239
1111101232119100199
9119111299211101354
1112229239211102999
1101933322229102942
9101239911921101121
1100193211110000029
0000112110000000029
0011102920000000011
0029202921110000000
2239212211921100000
9922229101129111100
3432921100011119211
2994221121100011392
9493911929100000292

18 19 72 board_18x19_72_19456_none
000000001221112929
000001123993293242
001111929999224939
002921122494239931
002931211123939310
001129391129342311
221012944393949391
992111299922299411
222910134310139322
222110139201121299
991111299201921122
332292294333393210
292292112999229910
293322001232112332
249391001110111199
939322112921191122
121119129492222100
000011129439119221
000000012921112929

12 8 17 board_12x8_17_19534_none
112933210019
192299910011
221234210000
910191111000
220111191122
931011211199
992119100139
239111100011

11 6 10 board_11x6_10_19553_none
01111921111
01911291191
02231211111
12929111100
29321119211
29200011291

4 8 9 board_4x8_9_19566_none
1910
2220
2921
9592
2993
1239
1222
9291

4 12 10 board_4x12_10_19576_none
9392
9329
3321
9921
2349
0199
0122
0000
1100
9100
1100
0000

4 16 9 board_4x16_9_19587_none
0000
0000
0011
1129
1921
2210
9321
4991
9931
9310
1100
1110
1910
1110
0000
0000

8 18 36 board_8x18_36_19597_none
00199211
01232291
02931211
24939100
99232311
33129392
92029439
92012392
23323942
29995959
39696992
93494942
12922291
01232211
01299100
12932211
93210191
29100111

15 6 12 board_15x6_12_19639_none
011100001929100
019100112122210
121100191013920
910001232129920
110001929129321
000001121111119

16 5 11 board_16x5_11_19653_none
9101129100001910
1101932101111110
0112291001922210
0191222012229910
0111191019112210

19 5 24 board_19x5_24_19667_none
1991192999112399111
1221234594239943129
1100199592199491029
9211139932122211011
1291012391000000000

19 14 39 board_19x14_39_19701_none
9100000019211110111
1100000012911932291
0001110001222299432
0012921000191249929
0129391011211193332
0295432119100111191
0299929111100000111
0234221111100000011
0292111019100000029
0292293222100011129
0111399392100019221
0000294939100123910
0000113231100192221
0000001910000111191

12 18 58 board_12x18_58_19745_none
221129212291
991193493943
953222993299
994932221139
496991000011
295952000000
113992000000
222393221111
992112992291
992001222943
221000001299
111110011333
921921229392
933239293939
494932322121
996943920000
596994920111
999339210191

9 12 19 board_9x12_19_19807_none
000111111
111292292
291292292
921122222
110019129
000022229
232119111
999112210
342212910
910192110
231211011
929100019

8 10 11 board_8x10_11_19829_none
11211000
19291000
23432000
94992110
29932910
12211110
00111000
00191000
11112110
91001910

4 4 4 board_4x4_4_19842_none
1291
9321
2921
1291

4 6 6 board_4x6_6_19847_none
0111
0292
1392
2921
9421
9391

5 12 9 board_5x12_9_19856_none
00011
00019
11022
91019
11011
00000
00000
11111
92191
92222
22292
91292

9 19 35 board_9x19_35_19866_none
000001110
012211921
029912391
029311932
011102391
000013931
000019930
110013920
920001221
920111191
331293211
992399211
942932292
921110129
220000133
910111199
332291244
994931199
239920122

12 19 61 board_12x19_61_19905_none
233221291199
999929321249
233222921292
110123229321
921199322910
393249923320
394933329910
293129112210
222121212110
922921293910
292239229332
111295332499
111299929393
292135542322
293139993392
223949699492
924942944932
129932392392
012229211292

17 12 30 board_17x12_30_19977_none
00192910001910111
11212110001110191
19111222100000111
23229299100000000
93942222111100000
13992110019210000
02443911134920000
12992222929930000
92333293233920000
11192922922210000
11112222129211000
91000191011291000

18 10 24 board_18x10_24_20009_none
122101929291012910
199101121211019210
133311000000011111
129392000000000019
921393211000000011
121229291012210000
019122311019910000
132219111112210011
929332119100000019
122991011100000011

19 4 19 board_19x4_19_20035_none
1110192112333910000
1910129119999421221
2322121123449921993
9292910019113921399

19 4 19 board_19x4_19_20058_none
0293291192112399299
0293921129229933343
0112121112394322939
0000019101922912931

17 10 25 board_17x10_25_20080_none
11112939101121229
29219392101929393
39311322001121392
29200192100000111
11100239211000000
11000193391001110
93110139311001921
94920139200001129
13920192100000011
01110111000000000

15 14 31 board_15x14_31_20109_none
000000129291191
001110193422222
001921339392291
001129293922921
221011212222110
991001110191000
931001911221000
110001123931100
000001239939111
001122993332119
112929321191011
192122210111000
221002920000000
910002920000000

12 18 46 board_12x18_46_20144_none
011112992191
019129794211
012239999200
002943599411
002939349593
001132393999
111139422232
191199921000
122224592000
019212992000
011393221000
111292112221
291111193991
933111223931
292911912220
112111122910
121100019320
929100012910

10 19 51 board_10x19_51_20198_none
1129100000
2944310000
9599910000
9934320000
3311932111
9211299329
2911359493
1111992494
1101221399
9321101394
9939222939
9596949331
1399993910
0234323331
1291001992
9223212349
3339911921
9949421121
3932910019

4 10 6 board_4x10_6_20256_none
0000
0000
0000
0000
0000
0122
0199
0249
2392
9921

4 6 5 board_4x6_5_20263_none
1910
1110
1110
2921
9329
9211

7 6 7 board_7x6_7_20269_none
0192129
0129129
0011111
0112110
0293910
0293110

9 10 12 board_9x10_12_20277_none
910012210
110019910
121123310
929119100
122332100
002992100
113949100
192122210
111001910
000001110

14 18 58 board_14x18_58_20291_none
01910001939219
01110001149311
00001221139211
00001992292119
00002459322022
11001993392129
94323349213931
99992921102920
59522110012210
99200000019222
93222212121299
11199493921333
00139595349492
00011394995993
00000129339969
22101232124992
99211992019431
23911392012910

15 19 73 board_15x19_73_20357_none
949392393100019
299329399100022
232222234310019
921291019910011
129211012210111
122100000000192
292101121111239
959212939119239
994922932223931
224931111912920
112931102333342
932229101994999
949344311394953
954999910112291
949953322110233
395921292921199
393233923391233
953299211922292
999222101111939

19 16 45 board_19x16_45_20449_none
9111211111000111129
1119291192121291192
0011211112929211222
0000000001121100191
0000011100000011211
0011119100000129221
0129111100000194939
0193210011101234931
0223921019101929320
1393393111101123931
1993299201110002949
1392139312910001293
1211011292111110129
9210000122101921111
2921000029212229100
1291000029219111100

19 12 34 board_19x12_34_20497_none
0000011112921199100
0000019119391122100
0000011222322112110
0000000191191193910
1100001221111139321
9100012921000029229
1100129391000011129
0000193311000000011
1110139200000011211
1910029212321029491
2220011229992029942
1910000193492013991

18 5 24 board_18x5_24_20534_none
111110293922921019
932921395449392121
992129449992213931
331012994931113949
910001222110192139

12 8 13 board_12x8_13_20562_none
921000019100
292100022200
129100129100
132200192111
929100122119
121111119111
000019332100
000012991000

9 14 27 board_9x14_27_20577_none
129931029
194991029
223232111
192119100
129222100
022492000
129492122
922921199
222121233
191029329
111029393
112121229
192921022
112291019

4 19 13 board_4x19_13_20607_none
2910
9210
1100
0000
0000
0111
1291
9211
1211
0191
0222
0292
0293
0129
0122
0192
0249
1299
1932

4 18 10 board_4x18_10_20621_none
0011
0129
1292
1921
2210
9211
1291
1221
1910
2210
9111
1119
0011
0111
0191
0111
0111
0191

4 14 8 board_4x14_8_20632_none
9211
1291
0111
1100
9100
1222
0199
1222
9100
1100
2210
9910
2210
0000

4 10 9 board_4x10_9_20641_none
0011
0019
1121
1921
2391
2931
3941
2939
2232
9119

10 4 7 board_10x4_7_20652_none
0011392019
1239392011
1993321000
1222910000

12 6 10 board_12x6_10_20660_none
001921000292
013491000292
019931000111
025930000011
019920000019
012210000011

17 14 58 board_17x14_58_20672_none
11101910000019292
29323210011111239
39399200019211139
92239311122911921
12122911922122210
02933321293339211
13939921339993291
92233229496995432
11192112994999991
00129212233334942
00012392129213391
12222922933392943
29929211292922399
29321100112110299

18 18 85 board_18x18_85_20749_none
110111001910193929
920293223220249431
920294992921299910
110249423392395321
110299312939229119
921393394342112332
239212393991012991
943311922221019321
939922110011123321
133491000029229939
129443100029339931
922999322233394310
222249599399229321
293122995953323992
294923455959493393
129393999399692129
011213953349921011
000001291193210000

19 19 53 board_19x19_53_20848_none
1921000019949200019
2492000024969300011
1992000029499211211
1221000029322119291
0000000011100011322
2210001221000000191
9920013992110111111
3920019942921292100
1110013932229229210
1111212129112222921
9229291122101912391
2921212291112112931
1110002931292002920
0000002920292001232
0000012210233100199
0000019100199100133
0000011100122100019
0122211000000000011
0199291000000000000

19 16 45 board_19x16_45_20907_none
0112921000000011291
0193392101110129211
0112939101910192100
0001122322221111000
0000001991191001221
1100012321123222991
9210019100019929321
2910012210013342200
1110001921101929210
0000113239112222921
0012393921119101291
0029939221122322333
0029321119119299299
0011100011112332222
0001221111012921100
0001991191019229100

12 4 11 board_12x4_11_20957_none
910029202939
342239202942
999292101129
232211000011

10 4 6 board_10x4_6_20969_none
0001110000
1101921100
9312139200
9391029200

6 10 12 board_6x10_12_20976_none
992000
393100
239100
193210
223932
192299
222133
292019
292011
111000

4 18 17 board_4x18_17_20990_none
0019
1111
9111
1119
0122
2392
9939
3321
9311
9392
1239
0149
1299
9233
1119
0011
0111
0191

6 16 17 board_6x16_17_21013_none
221000
992121
223939
002942
001239
001292
112921
192121
222129
911932
111291
221111
991011
221019
000022
000019

8 12 23 board_8x12_23_21034_none
92191192
93111129
93111121
23923920
29439931
29394491
11339211
01292211
01922392
02232992
12929321
19221100

11 6 17 board_11x6_17_21059_none
01911910000
12333210111
29399111292
92394229349
22223922499
19119211993

16 4 9 board_16x4_9_21080_none
0000019100191019
0111011100111022
1293210000000029
1939910000000029

18 8 31 board_18x8_31_21091_none
000001129493110019
011112933994911243
019229392394322999
244922432129292232
999211992022322100
232101493019229210
110000292012393921
910000111001922129

19 18 71 board_19x18_71_21126_none
1121291000122399991
2949211000199394321
3992112211233332211
9532019932912949292
9493123993222992339
1393911222912343392
2322110001111929931
9931000000002233920
4991000111012923231
9432000191019392929
1291000111011212232
0112110001110000292
0001910002920001392
0001110002920001932
1211001222110013492
9291001992122229939
3432101344929944431
9929100199223939910

16 18 49 board_16x18_49_21207_none
1211000191001910
9393101332112110
2499101991191000
2942101333221000
3930000192910000
3920000113220111
9310000112910192
9411111193220129
9491191112911121
3953211001111910
2999222100002220
1232299100012910
1221233100139420
2991191011399920
3932221019396930
9211910011213931
2211111110001129
1910001910000011

8 5 6 board_8x5_6_21261_none
00199100
00233100
01292221
01922991
01111221

4 5 4 board_4x5_4_21268_none
9111
1229
0192
1211
9100

5 18 16 board_5x18_16_21273_none
23391
99921
39310
11100
00000
11222
19299
11222
00111
11191
92221
12921
01291
12321
19910
12210
01121
01929

12 14 46 board_12x14_46_21294_none
920011211192
930029493349
931039795993
392139999692
922922499932
112221244492
001911949329
111222299211
931291134310
959333119910
994499323321
239949391192
023321211129
019100000011

14 12 43 board_14x12_43_21351_none
01932112921100
02399129439221
01932129495929
01110023699321
01110029999410
12921039659932
93391029933499
12932112239322
23349211129200
99399329232200
44494393929100
99229212121100

15 10 36 board_15x10_36_21407_none
991000111111111
942011291191191
291129321112221
111194920001932
110114942122399
921123993939332
942929459594910
959321299594110
949322222392111
121299100111191

19 4 14 board_19x4_14_21446_none
0000029911221000011
1211029432991011129
9391123929321019129
9311192121100011111

19 6 29 board_19x6_29_21462_none
1939223499211011211
1293499993291019393
1239494332323121399
9229311019494910139
9212210012999332111
1101910001232299100

15 19 38 board_15x19_38_21497_none
112910199101110
293110122101910
292000000001221
111000000000191
000000000111111
000000000292000
011100001393121
019100001922929
011111102222231
011129201911910
019239201111110
233921112210000
992222129910000
942193932321000
291113931291000
111001129212121
122100011101929
199211011102342
122291019101991

8 14 29 board_8x14_29_21540_none
01299119
12932111
29310111
39301291
39413942
29495992
11399339
12333221
19932910
13949321
12239219
19111233
11112399
00019949

6 10 12 board_6x10_12_21578_none
291000
921111
220191
911221
222921
192291
112332
002991
003952
002991

5 8 7 board_5x8_7_21592_none
00019
00022
01129
01932
13391
92921
13220
01910

4 4 3 board_4x4_3_21601_none
1929
1132
0019
0011

6 10 14 board_6x10_14_21605_none
000192
001349
113992
194931
129221
011229
000192
011222
129239
192299

9 16 21 board_9x16_21_21622_none
111000011
292110019
922910011
111110111
001110191
001922221
001292921
000113239
110012932
910019229
110122111
000192111
011229129
129111129
932211011
291191000

14 19 55 board_14x19_55_21645_none
01221000002942
02994210124999
13999920299443
29445920293291
29329320122322
12933921019392
24492292233493
99932229299229
24339111222111
01932100000000
01291000000000
00222000011100
12292100129100
92939100192211
13231211111191
01910192110233
12322223921299
19293923922942
11229229212920

16 18 73 board_16x18_73_21710_none
0199939211199929
1345943391124331
2992292921002931
3942222110002949
3932921211001139
9392139492100011
1211139939100000
0011294332211111
0139439119119119
0199932122334443
1244593129399999
2929394933933443
9232329392121392
1119332211029593
1112992110139492
9102333920293322
2324922931393191
9299921291292111

19 5 14 board_19x5_14_21797_none
1100000001121211000
9312110001929291000
9593910001132311000
3994331000019100111
2932991000011100191

19 4 14 board_19x4_14_21814_none
0001293921910112110
1111923922331294920
1912221111991294931
1111910001221112291

16 8 31 board_16x8_31_21830_none
1101922232119211
9112392999122391
2239423343119211
1959591292011211
2399921292011393
9334310111139599
9329100000199953
2921100000124991

12 14 26 board_12x14_26_21866_none
000000292292
112122594392
193939999322
114953332291
002991001332
001332001991
000191112221
110111191111
910001343291
110001999321
000001233921
011100001291
019100000111
011100000000

11 16 25 board_11x16_25_21897_none
01292100019
01939210011
01123921110
11002933920
92001293931
92111112291
22192121211
91223929111
11192121119
00111001121
00000002931
00000003991
11000002931
91000012210
11111019100
00191011100

6 19 29 board_6x19_29_21923_none
992232
222999
012332
239100
992100
232211
129392
394492
999311
399432
123999
002353
013939
129952
923991
221221
921000
291000
111000

4 8 4 board_4x8_4_21959_none
0011
0129
0192
1211
9100
2210
1910
1110

5 4 4 board_5x4_4_21964_none
12129
92921
12121
00019

9 6 13 board_9x6_13_21970_none
129229399
921294943
111249491
001939422
112121291
191000111

10 8 17 board_10x8_17_21987_none
0112110000
0192910011
0123221229
0139329293
0299921229
1399310011
1944432100
1129999100

11 10 20 board_11x10_20_22006_none
01221191111
13992221191
29933921221
39312921910
93112211110
92029201221
22029201991
92122101221
92191001110
11111001910

18 19 93 board_18x19_93_22029_none
111000129212991019
293212394393432011
299593993959391111
249993223499521191
395431001999921222
994931012445339349
224991129294932999
113941193439932343
912931339293392291
221139393311113931
922249439312123931
239949339392929229
922393921212121222
221123210122111292
192129210199229229
222934921244921122
911139921949432339
121129311299929993
019111100123223949

19 12 34 board_19x12_34_22144_none
0139910012210111000
0199311139910292000
2343202949420292000
9929102932910111000
2221101112220000111
1211001111910000292
9392102921111221393
9329103930001991293
1122202921111221129
0129101111910001121
0192111101110001910
0111019100000001110

17 5 17 board_17x5_17_22182_none
12110002991019210
93910002942112910
39210112129102231
93210192112211939
12910129101911292

16 4 16 board_16x4_16_22202_none
2920002939100139
2920002931111399
2231113320019499
1929119910012932

14 4 15 board_14x4_15_22223_none
00011211199219
00019292349222
11022449593119
91019299992011

9 10 13 board_9x10_13_22240_none
011292299
029312932
249201110
992111111
221019119
000122111
001291000
001921000
112110000
191000000

7 14 14 board_7x14_14_22254_none
9100111
1100192
1100239
9100192
2201221
9101910
1101110
0000111
1121291
1929322
1133491
0019932
0012229
0000011

4 19 21 board_4x19_21_22271_none
0293
0299
0122
2321
9993
2599
0293
1333
9399
9333
1129
0029
0011
1100
9200
9300
9311
2492
9392

4 19 21 board_4x19_21_22294_none
0019
2232
9929
9431
2921
2239
1921
1110
2210
9910
3421
9392
2492
9222
2219
9111
2332
3999
9942

5 12 8 board_5x12_8_22319_none
00000
00000
12110
93921
29392
11229
01121
02931
02991
01221
00000
00000

10 4 11 board_10x4_11_22329_none
9112493211
1129999292
1139432239
1921100029

18 12 31 board_18x12_31_22343_none
910191000000191000
221111000011211011
191000000019100019
111011101232100022
000019101991111129
012221101222291293
129911232101932392
193323999101139311
111296963200029200
000299949200011100
000139339200111000
000011111100191000

19 19 74 board_19x19_74_22378_none
0001122910111111000
1101929331291293110
9222222949311293921
2939102399200123391
1292101954200129222
0112111299100192119
0123921233101343111
1299392392123999111
1932229492199332119
2210012921122100011
9100001110000122100
2311122112210199111
9292299119922332119
1339454213349932111
1293999101949499421
2932232101393239991
2931101111394333321
2239101923949991000
1921101293932321000

12 6 19 board_12x6_19_22466_none
992292110019
349323911232
921294432992
110129993349
000023434942
000019119939

5 8 5 board_5x8_5_22491_none
19111
11229
00192
00122
00019
01121
01910
01110

4 10 6 board_4x10_6_22498_none
1921
1129
1222
9291
1211
0011
0029
0029
0011
0000

5 19 21 board_5x19_21_22506_none
39322
99499
39322
11211
00191
00122
00019
11011
91000
11111
00292
01393
01939
12132
93339
39992
93321
12221
01991

12 8 24 board_12x8_24_22532_none
112221001110
194992123910
349993399321
996942999319
239922359211
012211922210
012211111921
019910001129

18 4 12 board_18x4_12_22565_none
129991001911139200
922321112111939321
110000191012222929
000000111019101121

18 5 13 board_18x5_13_22579_none
292101111110000000
939101911910000000
242212222210000111
929119129201221191
121111129201991111

19 14 66 board_19x14_66_22594_none
1911991122291111000
1233321199322293100
0199212232293599111
0122293910139994129
0112239320039692139
0192933911259411293
1212129211999411292
9100122112349392222
3321292119222229239
9939339111393121399
4942932101394911393
2922493111949333921
1122994922493299210
0019323921992122100

15 19 41 board_15x19_41_22670_none
029321211000011
029929291000019
023321211111011
019100001392011
011100001992019
000000001332011
000000000191000
000011212221000
110019393910000
921111394231100
129211112929100
011291001121222
001222110000299
001912931100293
002222949211322
123923349219291
299229932111211
293123592111000
111019392191000

9 10 22 board_9x10_22_22717_none
232211000
999394210
963499921
959324339
399313931
293293931
221112139
910000139
110001292
000001921

6 5 7 board_6x5_7_22745_none
199100
122211
111291
932921
992110

4 4 3 board_4x4_3_22753_none
0011
1239
1992
1221

5 14 19 board_5x14_19_22757_none
11100
29200
39311
93292
92129
22111
29211
29219
22211
19100
23321
93993
49599
99339

11 19 29 board_11x19_29_22779_none
92001910000
92001110011
11000000019
00000000011
00111111122
11293291199
91299333222
11233299100
01292222100
12939210000
19222910000
11212110000
11191011100
92221019100
12910011211
12110000191
91000000222
11011212392
00019292992

17 10 44 board_17x10_44_22815_none
29993299491000292
93499339921122392
11139212210299332
00011211000395939
00011292121393393
01129212939421394
12921102249921499
93110002944921994
93100002994232492
29100001393929211

18 8 37 board_18x8_37_22870_none
911291029200191019
111921039301221122
012210029311911392
239222223922212992
992299494239214941
952249594921293931
991295949211233391
221294931101929211

18 6 28 board_18x6_28_22912_none
999100000029391191
942111101149411111
121119101939322111
129221101121299229
934931211011359449
293939291019299399

18 8 31 board_18x8_31_22944_none
111019119211139200
292012221292399300
292112910123999311
111193221129494391
011223911933422921
129229212249921110
193922322939920011
112111992122210019

17 12 53 board_17x12_53_22978_none
01922910000000029
13392111121111139
93921001929119239
29431002343234931
13992001993939931
14993101349494339
19959100192392192
12393332211111233
00112999311011399
00012499492129499
23229349329139533
99922921111129391

12 19 41 board_12x19_41_23044_none
110001129210
921101933910
139201292110
039411111000
039492100011
029449200019
012939200011
013331112210
019931229931
013939394939
112133922121
292019210000
292122101110
111191001910
121211001110
939321000011
394992111229
939339119392
121111112921

7 16 23 board_7x16_23_23088_none
0293221
0294992
0139449
0039449
0029939
1112221
9100122
1100299
1111393
2911921
9212220
1101910
0012321
0129291
0192322
0111191

4 6 5 board_4x6_5_23114_none
0111
1392
2992
9332
1119
0011

4 4 3 board_4x4_3_23120_none
1910
1110
1121
1929

6 6 8 board_6x6_8_23124_none
921111
393292
293939
124331
019910
012210

10 14 35 board_10x14_35_23133_none
0111019239
0192112949
1229212392
9113921932
1102921291
1101121222
9211019119
1293233321
0239939921
1395932339
9495331293
3939929229
9323332221
9201911910

11 16 38 board_11x16_38_23171_none
91019112391
11022229931
22119129931
99111112339
45422221192
99993991111
34424952100
19213949100
12934942100
01299391111
12343212291
92991013931
12221019931
01111122391
01911921111
01111291000

14 19 38 board_14x19_38_23214_none
00012210001910
00019910012210
11112211129100
19212111921100
22393911110000
19229221100000
11111119100111
00011111111292
11019100019339
92121111223921
34921119393220
99339223923920
34932392112920
92129212222110
11011101992100
00000002349211
00000001921291
11111001221111
91191000191000

18 16 71 board_18x16_71_23254_none
110129292299921100
910192224944339100
220111019921922210
911121112223322920
112939210019924941
123932910013449939
929211111111993221
121211123911222221
001291199320123992
112944333921399593
292299923349493493
921134595993921293
221139599944331129
191299949593992011
112396431393392000
001939910111111000

18 4 10 board_18x4_10_23341_none
000001911910001910
001111222110002220
001911291001222921
001111921001992291

18 4 10 board_18x4_10_23353_none
000111029394920000
000191029439920000
000111012922222210
000000001110019910

16 5 16 board_16x5_16_23364_none
2922910000129299
9392110011393222
1334210019392000
0299911132311000
0294211929100000

11 12 33 board_11x12_33_23382_none
00139321100
11199929210
91245322910
22199211110
91246931211
11299949391
00295932921
01344323220
12999392921
93479534391
23999399211
19332222100

5 19 17 board_5x19_17_23420_none
91191
11111
00000
00000
00000
11000
93211
99391
39311
11100
12210
19921
12391
12221
93921
93129
12121
13920
19920

4 8 6 board_4x8_6_23438_none
0011
1119
9221
3920
2931
1129
0122
0191

7 4 4 board_7x4_4_23445_none
1212910
9292110
1222100
0019100

10 5 12 board_10x5_12_23450_none
0122101292
1299202959
9349202949
2932202231
1129101910

12 8 26 board_12x8_26_23463_none
001922993492
111293349992
920129129542
921121112939
221921102392
911249312942
221299912939
911933211121

19 19 63 board_19x19_63_23496_none
0000019100191192910
0000012221212222121
0111001929222910019
1293211233929431022
2949910192122992129
9239310111001392192
1122211100000111111
0019119100000111000
0011111100000191111
1111111110000111292
1922911910001110292
2229321110013931111
9223910012229992111
1292110019932349219
0111000013931129222
0001110113239234329
1112920193932499921
2923931334922994221
2922921992112931019

19 19 88 board_19x19_88_23567_none
9393939292232119222
2939494434999343499
1121393993995999393
1100112233339594321
9311000129223933910
9491000294493129210
2922222399392022311
1111994953322119291
0123595939119112321
0199393121112211921
0122222100012911392
0000029322119332492
0000029599223959931
1111122994912999931
1911911222223465491
2221110111293999211
1910122292393233210
1221199323922112931
0191122292111912939

18 12 47 board_18x12_47_23668_none
222292911221011291
994933212992129211
399229212992194310
133223923331139921
019119392911139329
121111212112931111
920011211002932210
920019393111129910
121223493910012221
139393922110111019
299549210000292122
933992100000292191

11 4 11 board_11x4_11_23722_none
12999222100
92243399321
11019349929
00012922221

7 10 14 board_7x10_14_23740_none
0111019
0192121
1212921
9101393
2200399
9200293
9200122
1100019
1110133
1910199

5 14 11 board_5x14_11_23756_none
23210
99910
23210
11111
92291
29211
12321
01991
01221
00000
00011
11119
19122
11119

4 19 13 board_4x19_13_23768_none
0019
1121
1910
2210
9321
2991
1332
0191
1211
9311
9392
1229
0011
0000
1221
1991
1232
0019
0011

4 19 15 board_4x19_15_23783_none
1910
3331
9939
3339
9221
3910
9310
9200
1100
1110
2910
9321
1291
0111
0011
0019
0011
1121
1929

8 10 11 board_8x10_11_23802_none
11019100
91011211
22011292
92129229
12921111
02220000
01921100
02239100
12921100
92110000

16 5 20 board_16x5_20_23816_none
2921019931129910
9391024949239321
1222119393921119
0019122313332232
0011119101992991

17 6 25 board_17x6_25_23837_none
12994939293229100
92394942229942200
33212291013939210
99200222123222910
59300191299211110
99200111294910000

18 10 32 board_18x10_32_23865_none
011129201110000000
019239201911110111
012921112212920192
001110129103931239
000000192213921921
000011212292111110
001139212922121111
001949229421939229
001293349922393493
000112993229212992

19 18 60 board_19x18_60_23901_none
1222119129200000000
9299111129200112110
2323221111100192910
9101929112332212221
1101232119999210191
1111393244433911221
9329394999312221910
9922323969911911110
9322923393322110111
1119393931192111291
0122213931239329211
0193211239129392111
0239910192112321029
0193211221001922239
1221001910001129931
1910112110111013920
1110191000191001110
0000111000111000000

18 19 93 board_18x19_93_23968_none
012492111001110192
019992294211910129
123431299944332232
922910124999949959
129320002499969999
123910001945699543
293220001129993392
934920011224953493
239920019293399392
294332111239433333
394299100029392299
399222100133329222
494211000199322100
993291000139392121
222922121112333939
112222929322929493
192293334993342494
112939394933992399
001122939212932932

11 8 13 board_11x8_13_24073_none
19119100000
34321100000
99921100000
24339210000
01934920111
01129920191
00123321111
00191191000

6 4 6 board_6x4_6_24089_none
929129
242229
929111
121100

4 10 5 board_4x10_5_24098_none
2931
2939
1232
0191
0111
0000
0011
0019
0011
0000

7 19 35 board_7x19_35_24104_none
0199920
1235941
2923993
2934999
1394942
0294220
0113920
1103941
9113992
2219339
9211222
9310292
2921292
1291222
0111192
1121339
1929393
1122493
0001939

12 12 21 board_12x12_21_24149_none
000001111921
011101911129
129211121111
922910019210
111121112910
000139312121
000199391129
000123432192
011102991111
019214941111
011293920191
000112110111

18 4 19 board_18x4_19_24172_none
912999911110293119
333943333910299221
993321199321123910
239291122291001110

19 10 26 board_19x10_26_24193_none
1101291199210000000
9101921134910000000
1101110029310001110
0000123249311101910
1221199939219101110
1992233221122311000
1222910000019292100
1111110000011229210
2921100001221012910
9229100001991001110

18 14 45 board_18x14_45_24220_none
911111221191292000
111911993443392000
002221239999211000
012910012494321122
129210011212993399
932100029201399495
391000029200233399
932111011111291122
291191001129211000
222221001932101110
911910001291001921
233210000111001139
199322110000011129
123992910000019111

14 19 64 board_14x19_64_24269_none
00011299339100
00019223993200
11122202469421
19129201999992
22239411395592
19129920113942
11235932112949
11299493933349
19334959499292
12392299322322
12922232100191
92112920012321
11002920019921
01111110023449
13942111119399
94999129322393
94342249491111
12911399311000
01111993100000

6 8 10 board_6x8_10_24343_none
000011
011119
019343
012999
012332
129221
923939
112931

5 6 8 board_5x6_8_24354_none
00011
11129
39229
99311
49411
29391

4 8 5 board_4x8_5_24364_none
1921
2391
2921
9210
1100
0111
0191
0111

11 19 53 board_11x19_53_24370_none
29910011291
94332119211
94399333321
94994994992
29323349992
11101922432
11213331191
19293992122
12324993119
23912959232
99323393929
23494932232
01994920191
13443110111
93992100000
25959100000
19941101110
13931101921
01129101291

16 16 35 board_16x16_35_24434_none
0001999112910019
1111232119210011
2910000022311000
9210000019292211
1100000011229291
0000000000012321
2210000000112910
9921111000192110
2392392122211000
0112993299100000
0113332943311000
0192922129291111
0112291011222291
0011322011119211
0019291019222210
0011211012911910

17 14 35 board_17x14_35_24472_none
00001921291000122
00001129211000199
00112121100001232
00294920000001910
00294931111012210
11112291191019210
91000111112122910
11112110001922110
01394920112291000
01995921291111111
01239212931001291
01132202920012932
01929112321019239
01121119291011129

18 10 38 board_18x10_38_24513_none
912939100000191191
113942221112322221
013933939119912931
239394931112212991
993339210011112321
333921100019119210
192221000011112921
232291112110001129
949312394921221011
949201994921991000

19 5 25 board_19x5_25_24554_none
9311193221129329299
9392239949249932222
1213933993399491000
1102921233944321000
9101110019392910000

16 10 27 board_16x10_27_24583_none
1910011100019921
1110019100013449
0012232200002994
0019939200002999
1122239200113342
1921111111292921
1139200019335339
0029211111299932
0011229100123229
0000192100000011

15 12 38 board_15x12_38_24612_none
129993992922391
922449433129921
110193391012210
111112921000011
191001121100019
223221129100122
193991192211191
139421122291222
029312129211191
022495942201221
129499939112910
921394221119210

9 19 36 board_9x19_36_24654_none
001991011
112343119
193399222
129932392
013320292
123910111
199531011
139991129
233321192
992111111
393291000
129212110
121101910
942101110
999222100
943399211
122959319
019239211
011111100

7 19 19 board_7x19_19_24696_none
0029991
0039521
1129200
9122200
1119100
1121100
2910000
9210000
2200011
9201129
9301921
9201110
1211000
0191000
1211000
9210000
2910011
1110029
0000029

4 8 8 board_4x8_8_24717_none
1111
9119
1111
2221
9939
9492
2311
9100

5 4 3 board_5x4_3_24726_none
11211
19391
12921
01110

11 12 33 board_11x12_33_24730_none
00000011100
01222139200
01992939311
02333242391
12922929222
29349333339
94399439939
99339499321
49223943211
92119229119
22012332122
91001991019

14 16 58 board_14x16_58_24767_none
39392100299929
99449311496342
23949911993929
02394311222121
01959200001110
01299201122921
01343101939591
01991001139931
01222222234931
11112993992291
92193339432122
93239111392029
23932322392039
29439299211039
39493333200039
29329119100029

19 18 49 board_19x18_49_24841_none
1921000019119100111
1291000011111100191
0122100000000011211
1119101111110019100
9211212922911122210
9311294392111922910
2492293921002392121
1993123211111921019
1392019101911110011
1211012211110001110
9100112910000001921
1100193220000002359
0000223921100001999
0000192129211123332
0000111122293499100
0111000191239993211
0191000111194931292
0111000000112110292

18 6 28 board_18x6_28_24895_none
292222932100001110
933993299310001910
249692149922223320
299921149439929910
959310199329322221
292100139211100019

12 6 13 board_12x6_13_24925_none
910000199111
110000122119
001111222121
112911994920
193221495920
112910293110

7 16 27 board_7x16_27_24940_none
0000011
1121129
1929129
1121233
1221199
1991259
1221199
0011249
1129459
9139999
1239542
0194921
1239339
9129229
1111111
0000000

4 19 11 board_4x19_11_24972_none
0019
2232
9929
2343
1299
9322
9200
1100
0000
1110
1910
1110
0000
0000
0000
0011
0029
0029
0011

5 10 14 board_5x10_14_24985_none
01221
01993
13499
92932
23210
29100
93211
49219
99311
99200

6 8 11 board_6x8_11_25002_none
012939
129393
192229
123221
019910
012210
012221
019929

9 4 5 board_9x4_5_25015_none
011100191
029200111
029421000
012991000

11 4 7 board_11x4_7_25021_none
01921101121
01129112939
01121119239
01910011111

14 6 18 board_14x6_18_25030_none
39311000199291
99392110122211
22323910000011
11192221000139
91112292211199
11001939291139

17 12 53 board_17x12_53_25049_none
93399211110191122
99394911921222299
22213332129119349
12222992011233392
93993492001299211
93239334211932100
23122399923220000
92922944494942100
12294449339999222
01249992293333399
12949421123211932
92292100019911110

19 19 55 board_19x19_55_25112_none
1100192100000000000
9111229100001111110
1119111101111911910
0022200001911223220
1239111101110192910
1992119111111223210
3431011119119119211
9910000123222221292
3320011393922910129
1910019393239210011
1110022422192211000
0000139492111191000
0000199492000122100
0000133312110029200
1211019101910039421
9292121101110039929
3433910001121129321
9939420002949321100
2239910002949910000

16 10 38 board_16x10_38_25170_none
1239221119993291
1995939223499222
1395931291133219
0249321212249333
0199319101999399
0249432112332222
1293992139200111
1922223949421191
1110113932991111
0000192111221000

8 5 8 board_8x5_8_25211_none
29212910
92292121
11112239
00012992
00019321

4 14 12 board_4x14_12_25220_none
1121
1929
2231
1910
2220
1910
2210
9200
9411
9491
2921
2231
2939
2931

4 16 11 board_4x16_11_25233_none
2210
9920
3931
1291
0111
0000
1232
1999
1249
0122
0191
1221
1910
1110
1100
9100

6 18 26 board_6x18_26_25248_none
000000
121100
939310
139910
023310
019332
124999
194959
239342
194939
223931
922210
349100
992100
232211
139391
299411
299200

12 6 11 board_12x6_11_25279_none
292191001929
293221001121
112910000000
122210000000
949200001110
299200001910

19 8 39 board_19x8_39_25292_none
1911110299210001221
1111932395931101991
0012399434939101232
0029324992132201139
1249423931029212959
2995993211139439399
9594969201922992222
9312299201111221000

19 10 47 board_19x10_47_25338_none
0029920019229292100
1249932233594339100
9399339929994922210
2932129322494332921
1110123210123992292
1100193910019553229
9221229221223999332
3939233219292233991
2931399111211124431
1110293100000199910

18 19 59 board_18x19_59_25391_none
019222100002931111
121299111113949229
910122229239594393
220111193939499229
920191112121223332
930111001110002991
920000001910002931
332110001110123210
993920000011299200
334930111019349200
923920191012921211
293220111001110292
223910001110000292
193220001911222221
223921101111992910
293239211001222110
933921291000122100
393110112121299100
292000001929222100

15 18 68 board_15x18_68_25458_none
199292911992110
133313221234920
129101911129931
192101111933391
111011212291111
111019393222222
191122399219299
112392139322443
013992013921991
129943235931221
294493999941111
393393259993392
923942029549939
113992122393221
002944932921000
122229993110122
949223492000199
992291111000122

10 10 17 board_10x10_17_25536_none
0019291000
0123321000
1292910111
1933110191
1291011222
0111019239
0112122399
0193911943
0139311129
0029200011

6 4 4 board_6x4_4_25554_none
191111
111191
121211
929100

4 12 9 board_4x12_9_25559_none
1119
9111
1100
0111
0191
0111
0000
1111
9229
1393
2492
9921

7 19 22 board_7x19_22_25570_none
0001110
0113931
0294991
0293221
0122100
0019222
0011299
0000122
0011100
0029311
1129492
9113959
1102949
0002342
1212991
9392221
9311000
1111100
0019100

9 19 42 board_9x19_42_25595_none
129211292
193392392
222949311
922249311
932943391
129499211
023932100
019320111
233910191
992110122
221000029
000000029
110123232
922399939
292995493
123322949
129222349
194939293
113931229

17 8 18 board_17x8_18_25648_none
00011100000192100
11029421000129100
91029991000011100
11013442100001110
01222929100112921
01992121100193391
12321000000139421
19100000000029910

18 5 16 board_18x5_16_25669_none
199222100191011229
123399211211019292
112949219111111211
193222221119100011
129101910011100019

19 6 29 board_19x6_29_25687_none
1129920000192221000
9229920000123992111
9313331100019449119
9523939210013931111
9993932932103941111
9932111299102939119

18 10 32 board_18x10_32_25723_none
129100123910192100
292100199210129221
932100133200012929
129100019100113231
011101132201394910
111111929102999420
912933231102959921
112992911111122392
112233211910000129
191019101110000011

14 19 54 board_14x19_54_25761_none
00012939421011
11119239991019
19221223321122
23911292211191
94211949291111
99101393211000
33311292000000
39391111000000
99311000000122
23210011211199
02931129392233
02959229439229
12399212932292
19333212291222
12392291111191
02949222100122
02931119211029
12221112392249
19119101922992

11 19 57 board_11x19_57_25819_none
00192291199
01349321122
12994910011
19449222229
23932119921
93391012321
12932000191
23392110222
99323911291
33394332921
91293992110
22213442111
29223993291
93399493932
29345423492
23399911993
92959311392
24493323432
19939299991

8 16 26 board_8x16_26_25890_none
00112939
11192293
91122229
11019332
11123991
19229321
11293210
12322910
19911121
23310019
29100011
93211100
29119100
12332211
01993392
01393992

4 5 4 board_4x5_4_25918_none
0129
0293
1392
1921
1110

5 6 7 board_5x6_7_25924_none
91199
11139
22111
99200
39200
11100

6 8 8 board_6x8_8_25932_none
110199
910233
110191
110111
910122
110199
011222
019100

10 16 28 board_10x16_28_25942_none
0019992291
0012339211
0011112210
0029201921
0029201392
1222111392
9393119211
1399321100
0139921110
0013921921
1112221129
1911910011
1112220000
0013920000
1229931100
9293229100

17 18 62 board_17x18_62_25975_none
11199392129100000
92124932921111100
92002921110019210
33101121100013920
99211019321113920
33292112992193231
92239311392224939
39229921221194942
29214931910129229
23323921110011111
92992111121211011
12221001929392239
22100012233922993
99100019229211392
22211011292100233
11292001221000299
93492012910011393
29921019210019211

19 10 28 board_19x10_28_26045_none
0011292121212129119
1129212929393921111
1932112333493110111
1291019293921000191
0112132339310111111
0001929129200192211
0112121111100129291
0191000111000011322
0122100191111111191
0019100111191191111

19 4 20 board_19x4_20_26074_none
0129101910192119210
1293322110129124920
9322991122233329941
2911221199299294991

15 8 17 board_15x8_17_26099_none
001911910002920
001223220002920
000193910001110
000129320011100
011123922339100
019229339992100
012921294421000
001110129100000

10 16 34 board_10x16_34_26118_none
1229212929
9292292121
2332211111
1939211392
1259429392
1399921211
1996422121
2599292929
2993334221
3941199111
2931222129
2229100029
9112210011
1102920000
0002920000
0001110000

4 16 10 board_4x16_10_26156_none
0192
0129
1121
1910
1121
0019
0011
0000
1232
1999
1232
1110
1921
2239
1921
1110

4 8 7 board_4x8_7_26168_none
9211
9329
2392
9211
2210
2910
9210
1100

6 4 6 board_6x4_6_26176_none
019100
243311
999291
942211

12 10 18 board_12x10_18_26183_none
000000112110
000001294920
000001939920
000001123320
000000112910
011101293221
249201939229
999201132392
953200019211
129100011100

15 14 44 board_15x14_44_26202_none
019339392221000
013993922991111
013943111221292
129393211110293
193459911932229
233999421299232
929445921234939
121293921913941
000112111113930
111011100013920
293229100019210
299392100011100
249433100000000
192299100000000

19 19 63 board_19x19_63_26250_none
0191000012921292111
0112110029592393292
0001921029492293392
0112291122211123932
1292221191000019339
1922911222111122392
2343211922911922932
1999211139311292291
2465910029200111111
1999221111100011100
1232129200000019100
0000139311000011100
0001293391011111111
1112922921019229119
9119322110011393111
1111291011111392000
0001221129229322011
0002921294921292239
0002921939210112992

19 16 43 board_19x16_43_26321_none
0000000001911111292
0011100001111912959
0019100000001223992
2221100000000192221
9920000001110111000
3920000112921000000
1222110192291000000
0193910122211111111
1229210019210191191
9112210023921222222
1101921019339229239
0001291012933922939
0000122101293222231
0001129212222911921
0112932292911111129
0192291112110000011

15 4 15 board_15x4_15_26376_none
929299929212921
231345321393392
920199100292292
920122100111111

12 4 9 board_12x4_9_26397_none
111199493100
191123999100
122112332100
019119100000

5 16 22 board_5x16_22_26409_none
01910
13220
92921
23292
92129
93122
39129
94239
94921
94221
93191
93222
39119
93122
92019
11011

4 19 11 board_4x19_11_26436_none
0000
0000
2210
9921
2229
1111
9100
1100
2210
9910
2210
1110
1921
2239
2921
9310
9200
1100
0000

8 8 16 board_8x8_16_26448_none
93119100
99223221
93292929
11112232
11000192
93100139
99311029
39391011

11 4 9 board_11x4_9_26469_none
22291000111
99211000292
94200122392
29100199211

16 6 14 board_16x6_14_26479_none
0011100000019100
0019211011112321
1232291019101992
1992332022201239
1222992119101121
0001239111101910

19 19 76 board_19x19_76_26496_none
9391000000293911110
9523110111293112931
9392921192322013992
2322291129492029593
2921223123992029329
9491192912931122233
9323323232211292299
1119922939102943943
0023492393102939392
0019212392001232239
0022212921000292029
0019129321222393132
0122239219299212929
0191192122323211232
0112222129101911392
0001912942201122993
0001123939210019492
0000129332921111211
0000193911129100000

16 14 47 board_16x14_47_26583_none
0019999322100000
0012349399211000
0000122334391000
1100191192921011
9100112334221129
1211123993911932
0191199439223491
0111249322119932
2221292392013491
9949421394112942
9499920394912991
1224920394111232
0002220393000019
0001910292000011

12 8 26 board_12x8_26_26636_none
921029999119
391029444321
942022229910
992129129310
332943211100
922399100122
239222223399
192100199932

11 6 17 board_11x6_17_26668_none
12221292939
29929223239
39421239211
29421199310
13992123910
02992001110

9 4 6 board_9x4_6_26690_none
001110191
001921211
123339100
199292100

6 5 4 board_6x5_4_26699_none
000111
000192
000129
011222
019291

5 6 5 board_5x6_5_26704_none
00000
11000
91011
11029
01149
01939

4 16 15 board_4x16_15_26710_none
1100
9321
3992
9449
1293
1239
1921
2220
2920
2931
1291
1211
9100
1111
0139
0199

8 18 24 board_8x18_24_26730_none
00000129
12111292
93933932
29399491
11239311
00012210
00112910
11193210
91129100
23221100
19910000
23321100
19119100
12233310
01929910
12122210
91000122
11000199

14 8 26 board_14x8_26_26756_none
99311111019100
39391192111100
23433459310011
19929999910019
13332445331111
01910193939111
01111239394339
00001921229939

19 6 25 board_19x6_25_26789_none
0139219391019212129
1399322932111292921
9394911139421112110
2322110039992100000
2920011129559310000
2920019112939910000

18 18 54 board_18x18_54_26821_none
000019111291019391
000011229211012921
221111193211102220
992191129129201910
392111011239311110
112222111394911110
112992911993122910
192234321343229210
122119922299292100
019224593933432000
122292993111991000
291112222111221000
932000001910000000
292100001110001232
129100112221112999
011211192992292232
111192212239211000
191129100011100000

12 18 46 board_12x18_46_26883_none
910000111011
110111191019
000191112232
000112111991
012222922432
019929339291
024431292322
129921223292
194593293939
123994939332
029549221393
029932100399
134491111294
299311191129
949310111122
123921110192
013921910129
019211110011

7 8 11 board_7x8_11_26939_none
0193991
1229432
9112391
1101921
0113220
0192921
1212129
9100011

4 4 3 board_4x4_3_26952_none
0191
1221
1921
1129

5 12 15 board_5x12_15_26956_none
00000
11111
93291
99211
33322
19499
12994
12593
19392
22322
19229
11292

8 18 20 board_8x18_20_26974_none
00000000
11100000
29200000
29200000
22212110
93292910
94922110
29332100
12399311
01949391
01121211
12110111
92910192
12110129
01111121
01922910
01129210
00011100

14 18 58 board_14x18_58_26995_none
00111129292110
01291192223921
01932111029439
01291111149492
01233392399421
01939922995921
12494211239391
19393100022322
23439101129229
19921212934942
12210293295949
00000393129952
00001392014992
00001932113959
00001292293349
00001333939293
00112992232349
00192221191199

18 10 37 board_18x10_37_27066_none
910111000019102992
222291111011113992
193932291000019432
113922942101132391
001123949101929211
110019492102231111
911122922111910019
222933211922321011
192299312129494210
111139391012999910

18 8 25 board_18x8_25_27109_none
001299101910112299
001933222210293943
001222939201393291
001292139201921122
001922121102231229
112111921102939392
191001129102932921
111000011101111110

19 6 17 board_19x6_17_27138_none
1911221001910000111
2232991002220000191
1929332101910000222
2231129311121100191
1910029932119211111
1110012399111291000

18 8 37 board_18x8_37_27158_none
949100111001111921
993211291013922392
334921932119932949
193922249212229239
333112959411232111
991113969912991000
931193399523942000
110129239392291000

16 12 40 board_16x12_40_27197_none
0129229291001129
0192294532002942
1212249991113939
9113949532193232
1119942391239119
0013339212393122
1101932201992029
9112229101221029
1119222100111022
0122291000191019
0293222100123221
0299119100019910

11 19 31 board_11x19_31_27240_none
11102991000
19114952111
11119992291
00013433931
00001912931
00012211129
23229100011
99921101110
39310012921
11100019229
00012221111
12129910000
93922211110
94210001910
39100112110
92100292000
11000393000
00000292000
00000111000

7 18 32 board_7x18_32_27275_none
1910019
2332111
9299200
2339200
9223332
1394999
0299699
0249493
1393222
1992019
1221011
1222110
3993931
9933939
3332221
1929100
1232111
0191019

4 6 3 board_4x6_3_27308_none
1100
9100
1100
1110
1921
1129

8 8 15 board_8x8_15_27312_none
29211100
29339311
13969591
02999921
12233221
91001129
11012932
00019391

16 19 64 board_16x19_64_27330_none
2991013992111000
3932239993392000
9311994423994211
9201239103999391
1100022202969521
0122119101149921
0199111100029329
1233201121223332
9329101929392991
9493101122933443
1393221112129299
0123992293332333
0019349439991191
0011129495931111
0000023939210000
0001129221100111
0001921100000192
0001110011101249
0000000019101939

18 18 85 board_18x18_85_27401_none
001921299910012921
001139349520019349
111029229921111299
191012233329100139
122212939211100011
129393359432111100
932933993999329210
932392222249393921
139323210122212129
029329921393221122
122293339394991191
392223292225941222
993393932229921392
349393249394432993
192211299422992249
111001495933433139
012334993299392932
019999931123922129

19 8 21 board_19x8_21_27503_none
0000111292000191000
0122291292000111000
2399222212221000000
9943229201991000000
2229129312332000000
0011222292291012210
0000192229211019921
0000129111100012391

18 5 16 board_18x5_16_27526_none
931011291000191111
992229212110111191
239292101910000122
023421001232111119
019910000199119111

14 6 21 board_14x6_21_27544_none
92999200199392
24459201243492
29932101939321
29591001293921
23921000112139
19210000000029

12 8 21 board_12x8_21_27569_none
111291001910
911922112220
111111922910
000124492232
001299933399
001933239942
012321029941
019291013939

5 19 24 board_5x19_24_27595_none
91192
22239
19129
23321
19910
23321
19119
11233
00199
00122
22111
99239
34399
92932
23210
19210
23910
94321
99291

4 10 6 board_4x10_6_27622_none
1100
9100
1211
1291
9311
9200
2311
9291
1211
0000

8 4 8 board_8x4_8_27629_none
01292100
13969200
19999311
12332291

16 12 26 board_16x12_26_27641_none
1929100001110191
2242200002920111
2939211002931100
2931291002239211
2220111001932391
1910000113239211
1110000293921100
0000000293110111
0000111122211191
0000292019391111
0000394233921000
0000293992110000

19 19 98 board_19x19_98_27668_none
0293299100192129920
0396953311112923920
1499949493112221221
9394239596922931291
2333221399932939222
1929911359921121229
2232211993221222292
2910002332139399322
9221112911949449219
1119239422494921111
0022399922993121211
0019234339421129392
0022219139521193949
1129211129992223139
9349321112494492122
2993939200129993292
3432149410013993494
9910039931212249599
2210029939291029493

17 10 25 board_17x10_25_27784_none
00019112910122119
11111119210199222
29211011100122292
92291000000011229
12221000000019111
01921000012232200
12391001129939221
29322101923932929
29219102221111121
11111101910000000

15 6 19 board_15x6_19_27813_none
910292019939219
110294222239211
001239911133310
001934321949910
001292911299410
000112110139200

7 8 8 board_7x8_8_27833_none
0000111
0000191
0000111
0011100
1239210
2993921
9432129
2910011

6 10 8 board_6x10_8_27842_none
011100
019100
022200
139421
939991
233321
192100
129100
011100
000000

4 19 19 board_4x19_19_27852_none
1939
1293
1229
9232
2939
2493
1992
1221
1211
9391
9411
9200
1100
0000
1110
1910
3320
9920
9920

8 12 14 board_8x12_14_27873_none
91000000
22212110
19292910
23433321
19939492
12349592
00193921
11212110
19100000
11101110
00001910
00001110

14 4 15 board_14x4_15_27890_none
92233493100000
23999999211100
94455959219100
29929221111100

19 10 28 board_19x10_28_27910_none
0000000000112399100
1100112111292994200
9100192911933339210
2211222122339224920
1911910019393293920
1111110012492234221
0000000002931299229
0000000002920299239
0000000001110122129
0000000000000000011

19 14 58 board_19x14_58_27943_none
0011292299333910000
0019239323999211121
1111129201233211939
9321011211012911292
3992000191019210111
3993221112132200000
9433991112939210011
9219322293393910029
2221102969323210039
1932114999219100039
2399229953211100029
1959349539100000011
2392299921222100000
9211139310199100000

18 19 71 board_18x19_71_28013_none
910019293920000191
221122324920111111
191191193220192111
222112222911239239
191001912332932299
112123321994492232
001929922249933910
002243491029449421
001929321122299392
001122910292233339
000001121392191193
221011239422112239
991019399391112921
232113953211192110
029203991111122100
029312942192239221
012922391123993939
001249311019433139
000199200011291011

16 18 41 board_16x18_41_28090_none
0000000000000191
0000000011100111
0000000029200000
0000011129200000
1100019221111100
9210012921129111
3921001291192129
9491001222232129
2933211911929221
1129921111233910
0013920001292221
0112221113931191
1291191194931111
2921111129391000
9210000011211000
2211100011222111
9219210019299119
9212910011222111

11 10 24 board_11x10_24_28132_none
91000001110
33100001921
99211001139
93393121129
12394929222
02949333493
02931395999
01110399942
00001394210
00001921000

9 6 15 board_9x6_15_28158_none
999399100
399323221
234211939
192911292
222121322
910019291

8 5 10 board_8x5_10_28174_none
00000192
12110239
94920293
39931292
29491111

4 8 4 board_4x8_4_28187_none
0019
0022
0019
1121
1910
1121
0019
0011

6 19 27 board_6x19_27_28192_none
111000
392000
992011
963229
999394
974599
999399
942222
110000
000000
000111
221292
992293
393239
222921
922210
129100
011100
000000

10 18 24 board_10x18_24_28221_none
0191000000
0111011100
1211029200
9291029310
1211012921
0001111139
0112910029
0192121233
0111019399
0000012932
1100112221
9101291292
1101921292
1101110111
9100000000
1101221011
0112991019
0192221011

16 8 33 board_16x8_33_28248_none
1911111292119239
1122934959233499
0129399992399493
2392224932394943
9931012333922299
4920019299310122
9210122239200000
1100191011100000

18 4 16 board_18x4_16_28293_none
111910000019391000
922221111234932000
239129229399391122
921129229322211199

18 12 54 board_18x12_54_28312_none
129911992002993931
932322392013933991
920191112129322331
110223111922911910
110193923333333331
911349494994992992
111994594959944492
002349923395593942
001922211939934949
001111112232229239
011212922910011111
019292292110000000

12 19 35 board_12x19_35_28378_none
111000000000
292111000000
292292000000
111293100111
000129100191
000011222211
000000199200
000000139211
122210122229
939910191192
932210111111
110111000000
110192100111
921239200192
129129211229
011111229332
001110294992
013943493392
019999921111

10 18 26 board_10x18_26_28416_none
9211001921
2492001139
1994101139
2599101932
9393101129
1211011222
0000019291
0000012332
0000001929
0011212121
0019391000
0012921000
0012221100
0019119100
1121122200
1910019100
1222121100
0192910000

4 5 4 board_4x5_4_28446_none
0019
1132
2929
9221
1100

4 6 5 board_4x6_5_28451_none
9920
3920
1221
1291
1921
1110

7 12 22 board_7x12_22_28457_none
9213939
9219963
1113999
2222349
9929111
2222210
1122910
1939210
1292211
1211292
9112492
1119921

15 19 41 board_15x19_41_28484_none
019211019100111
011291011100191
000222000000111
221191000000000
991223110000122
221192921100199
000234229100233
001399112332291
012994211999321
019322922395910
011101292239321
110000223921292
910011292110129
111129211000011
111921211000000
911221191111000
121292332191011
019212991111019
011101221000011

17 16 57 board_17x16_57_28529_none
01291001939310122
23921001139910199
99321000123210139
34592000191000011
29992012443101110
95931019999101921
93110013993102391
12121223321012932
01939499111129329
12359954219239322
19299599123492292
22339323229932239
19111101922229239
11100001110023921
00000000001129221
00000000001921119

18 14 61 board_18x14_61_28590_none
921991000000000292
921222110111000393
110112910292000393
221194320394110292
991239922595910111
332295329999210011
292499124993211029
949393229432292029
931212393292392011
110002992129443211
110002932234999491
921001111993999921
392111212222234331
939119291000001929

18 12 58 board_18x12_58_28657_none
299119229221119291
393111293929222322
932122213231292393
392199212932349499
392233292299299339
942393332122222222
939393991000012492
121323222121119992
011392012929225963
019492029322494999
012922139212995493
001111921119493921

19 10 49 board_19x10_49_28723_none
1222110012222992291
1994921119949669311
2499339335969999200
1932294995993494322
3320113999332239399
9910001243219139422
2210011119221129310
0012229333910012910
1119922993221223220
9112211222911992910

18 4 11 board_18x4_11_28783_none
191000019991019211
111000023421122291
111110019100192221
911910011100112910

11 16 38 board_11x16_38_28796_none
00129993999
00195533993
00129911221
12122321000
93921291000
24932921000
92394321000
22399291000
91294311011
33229100019
99221211011
96920192211
95931129291
29391011322
11222100191
00019100111

7 19 19 board_7x19_19_28838_none
1991000
1232100
0019221
0123939
0295593
0299992
0123321
0000000
0000000
0000111
1100191
9211111
1291000
0112110
0002920
0003930
0013920
0019221
0011119

4 14 15 board_4x14_15_28860_none
1932
2399
9333
1292
0129
1111
9111
2339
2993
2949
2231
1921
2239
1921

6 4 3 board_6x4_3_28879_none
001939
001292
000111
000000

14 14 41 board_14x14_41_28883_none
29921129119129
94921921111139
13221110000029
02921110011122
03942921019119
13939392244321
93332223999921
39492019494391
29492122211222
22211191000192
92000112110239
93100001910192
39201111121211
29201910019100

15 16 41 board_15x16_41_28927_none
000000029421000
000000029991111
000111012321191
000191000012321
000111001129910
111001222922210
192112994210000
249329499321000
199392223994210
122211013599910
221001239933221
991002993210019
941002942100011
920001239322110
110011293993910
000019212393110

17 19 43 board_17x19_43_28976_none
11211001910000000
29391001110000000
29422000011100000
23492000029200000
92993110029312121
23222910011292939
91112221011213249
11191191019101921
00111111011112210
01121100000029211
01929211000029229
02231291000022229
02931222100029321
02939119100029910
01121111100012221
00122100000000019
22299100001111121
99233200001911921
22119100001111129

18 19 62 board_18x19_62_29027_none
192910019223910000
124320133499210111
019911299394322291
233212942229399211
991002931022493100
332002492019211011
191001994111100019
111112399111100011
111192222119100000
191129101121100000
111022202931211111
110019113949491191
922121119349932211
393921012933329111
294391112129111119
129211192122311011
232100129119392011
991011122211392029
221019119100111029

18 8 25 board_18x8_25_29093_none
000019299910019111
011112333210012229
019101910000013942
232101110001129939
991011100002932221
221019211014941000
111011393119992110
191000299112322910

15 4 10 board_15x4_10_29119_none
122999100122100
929493211199100
121212291122100
000001921000000

7 14 17 board_7x14_17_29130_none
9210000
2910000
2232210
2939910
3953310
3939100
9333210
1393910
0293110
0122100
0019321
1122991
2911221
9210000

4 19 17 board_4x19_17_29151_none
0000
1111
9119
2332
1991
2342
1939
2392
2931
3930
3930
2920
3320
9921
2492
0292
1211
9200
9200

4 18 18 board_4x18_18_29171_none
9921
9439
1292
1232
1929
1121
0111
1291
1932
1129
2232
9929
3331
1921
1139
0039
0139
0192

9 5 6 board_9x5_6_29191_none
110111000
910191000
220111000
931000011
991000019

10 4 7 board_10x4_7_29198_none
0191000111
1333100293
9299100299
1222100122

12 4 12 board_12x4_12_29206_none
911222110019
112992910133
124932111399
199210001993

14 5 18 board_14x5_18_29221_none
99921100111111
39439111292292
12932119212939
02392112333232
01939101999119

19 18 50 board_19x18_50_29242_none
0001239100112921100
0001993100193239100
0112393101222921100
0191129211922210011
1343112922229211019
1999101129111291022
2332211012210122119
9111291013921129111
2229211019921932100
2942100012211291000
2992112221100111000
1239119929101121100
0022212222322939100
0019100002993392100
0122111214943931000
0191019293922921110
0111011212111111910
0000000000000001110

18 18 85 board_18x18_85_29299_none
911393110123210019
343994922399910011
999595392995310000
464493934469311000
999212394999392100
994100294953329100
392011212139322210
112239100039922910
233994200139329321
999699100192222291
395993111222293332
239332119229339939
932219122393923349
129112229334211921
233212943399112321
992923994932119392
223392399210011494
001921122100000299

12 6 11 board_12x6_11_29398_none
000112911399
000192111993
221111001332
992110000191
222910011211
001110019100

7 5 9 board_7x5_9_29410_none
9212921
2392291
1932211
3339210
9922910

4 12 7 board_4x12_7_29422_none
0000
0000
0000
0111
1291
2931
3931
9391
1222
1129
1921
1110

5 19 26 board_5x19_26_29431_none
19932
12499
01393
01932
01393
00299
22239
99111
34310
19910
13331
12929
93243
92199
22222
39310
99910
49410
29200

6 19 29 board_6x19_29_29461_none
910191
111232
001939
112493
923992
249941
299931
295329
129222
022391
019322
022492
019493
012939
111121
921100
249200
299311
932291

14 6 15 board_14x6_15_29496_none
19119910001110
22224420001910
19119910013320
11112210019931
00001110135949
00001910199392

16 4 16 board_16x4_16_29512_none
2991199391000292
2953224942101392
2399102939112921
9222101121119210

18 4 19 board_18x4_19_29529_none
123392922210113993
199923239910193999
234222922221212359
191019210019100192

19 12 32 board_19x12_32_29552_none
9100192101910191000
1100139201110111111
0000139311000000192
1110193392101221129
1910129229101992011
1110011122212492111
0000000019119222292
0011211011222119239
1129291001291011129
1921211001922121111
2321000001122929100
9291000000019221100

16 19 80 board_16x19_80_29590_none
1910001122912931
1222222949323992
1292993399219493
1923459222112449
2232992111101992
2939432019101332
3941291011211191
3921233221392111
9322929929494210
2393223332949910
9329211922495442
9533922129394999
9992291022329343
9421222139432119
1211192299992121
0191112944333921
0111113393229492
2222392939932593
9929922122229392

14 18 51 board_14x18_51_29683_none
00192911299100
00123211933210
00019101222921
22222112493291
99291029992222
22322029953392
00192112499392
00129100395322
00012210399229
01111921496492
01912239599921
01222922995221
01292111392019
12921001221011
94222212920000
99119912920000
22112322110011
00000191000019

7 6 9 board_7x6_9_29747_none
9292110
1223910
0029310
0039311
1139319
9129211

4 8 4 board_4x8_4_29757_none
1910
1110
0111
1292
9229
1111
0000
0000

6 16 20 board_6x16_20_29762_none
239221
994949
223993
123592
939932
139492
011339
000192
000111
011100
029200
029200
022200
019221
012929
001121

11 19 44 board_11x19_44_29784_none
29211111291
29329119211
34932211211
99229100292
33211100292
19101122321
22112929910
92129343421
12922929391
02344332932
23999923493
99443494999
23910294953
12210113391
29311001921
29391001110
11211000000
01232100000
01999100000

18 8 30 board_18x8_30_29834_none
110000000012210000
920000011119910000
931111019113432110
393391011112992910
949921112129334320
139421294921129932
122291299422139599
191111139392921393

19 4 18 board_19x4_18_29868_none
0001233221112939211
1111999929229393391
1922595222922322932
1129392001111911291

18 8 20 board_18x8_20_29890_none
111000011100111000
291000129100191000
921011292100222000
221129432000292111
911934993100292292
221293999100111292
911222232100000111
111910000000000000

18 10 26 board_18x10_26_29913_none
199391000012211129
139311000019911932
011100000012211292
111000000000122229
292000000000199111
292000000001243311
223221000001929291
292992101122221211
932239212929100000
920011292121100000

17 12 35 board_17x12_35_29944_none
00000001911910111
11000002332110191
92100112991111222
29222392333392191
12939921192992111
02394310113331111
01939321001910191
01233991001221222
01293432000191192
01939391000222239
01123931011291192
00002920019211111

10 19 41 board_10x19_41_29983_none
9299119119
2443111111
2991000000
9322110111
1102931293
1102991399
9211221394
2910001392
1110112921
0011292121
1119212129
9111112921
2322139321
1993949219
1224941111
1112932221
1912249939
1122949339
0019392111

9 19 29 board_9x19_29_30032_none
001922939
012392292
019432222
012991192
001333239
110192921
910112110
121100000
129210122
394910299
994211393
349101921
921101110
121211122
019291199
011211139
000000011
000000000
000000000

4 8 8 board_4x8_8_30065_none
0000
0000
2321
9991
9543
2399
9332
2910

4 5 5 board_4x5_5_30076_none
2999
2942
1110
1100
9100

7 8 8 board_7x8_8_30084_none
0000000
1111222
9119299
1111239
0001121
0012910
0019321
0011291

10 14 35 board_10x14_35_30093_none
1233929921
2999222492
2994100393
1392000292
0222111111
0191191000
1212233210
9201929910
9212233432
2339239399
2993299322
2994233221
1393922939
0112292139

12 18 58 board_12x18_58_30137_none
122239932949
299299993399
393225992294
932014941129
391019920133
922122210199
111921100122
012229101110
129111112910
193210019210
222910133311
911233499291
122399995421
139957959921
199499943329
244445439222
199299292291
122222211111

17 19 46 board_17x19_46_30204_none
11112391000011119
19119921001129111
22112210123932100
91000000199493210
11000000123939910
11100000002343210
19100000001992110
22200001222222921
19111101991001291
22219101221000111
19332100122100111
12992100299200191
01239100299321211
00011100123929210
00000122101122921
00011299100012391
11029322100019322
91149300111011291
11199200191000111

19 6 32 board_19x6_32_30259_none
9201299992110029491
9201959632922239932
2202359911129943329
9102993211124959321
1102932122912949931
0001111929211123991

15 6 13 board_15x6_13_30301_none
191011100000111
222019210000191
191012932111222
112111299229119
001921222292222
001129100111191

12 10 26 board_12x10_26_30315_none
394931111119
994939229111
932133922210
220129222910
910192129321
110112149319
110001939211
921101232211
129100293292
011100299229

6 19 20 board_6x19_20_30346_none
122100
199210
233910
912331
222991
192221
233100
299100
293100
233111
199219
139211
122111
293129
293921
112110
000011
000129
000192

4 14 11 board_4x14_11_30367_none
0019
1232
1991
1221
1100
9200
9211
2229
1932
1139
1139
1921
1221
0191

7 4 5 board_7x4_5_30379_none
0111191
0192332
1222991
1911221

12 8 21 board_12x8_21_30385_none
191013992110
232119932910
929112322221
121100191292
111122211293
192299201359
139339201999
029211101232

15 12 47 board_15x12_47_30411_none
299119119299210
494122211223921
993249311001139
333999491000029
193469311011111
112993322129100
113333993921100
193922993110011
125931232212139
019942119293949
134599122329459
929932119112992

18 18 65 board_18x18_65_30464_none
191192111999920019
111112911249941011
221001121113992110
992000029311222921
392000029910001291
111000012210000222
111000012221100292
291000019929210292
932101122344910111
239213920299310000
193394920299201110
223959321333212910
924969429392294220
239959492392293910
195459521111223110
129949910000292000
123494210000292011
191292000000111019

18 19 60 board_18x19_60_30536_none
000111111000111000
011292291001291111
029449311002942191
139499211102992221
293495239201223920
292293939310013920
111112122932119321
000000001299111392
000011100122100292
001249200122211122
001999311299291129
001243392494211192
001129229494100111
112942111399211000
913991112232292221
112931294910223991
001110299210192221
000011333211122100
000019291191019100

19 19 53 board_19x19_53_30603_none
1991000191019100019
3554210122111100011
9999932129100111000
4944992921111291000
9321223220019211000
2910001910122100000
1110001110191000000
2210001221111000000
9910001992000122100
3320002492000199100
2931101921000122100
2949201110000000111
1139311112110000192
1222392193910001359
9392292129210001999
1392222011100012332
1332292001110019100
1991292001910122100
1221111001110191000

18 12 58 board_18x12_58_30666_none
199210002920000191
234922112920000111
192294921121222222
223239931019299299
194944592122443239
239959943911991122
944599949211232291
939959931111129421
233239421129239910
191022392292295531
332019229212349992
991011111101994992

15 5 13 board_15x5_13_30734_none
000000191111000
111110223292121
932910293922929
993221293111121
392191111000000

8 8 15 board_8x8_15_30748_none
19492000
23993111
92393392
12239492
12922921
92222221
22191191
91111111

4 19 10 board_4x19_10_30764_none
0191
1232
1929
3331
9910
2210
1100
9100
2200
9100
1100
0000
1100
9111
2229
1921
1110
0000
0000

6 14 22 board_6x14_22_30776_none
019339
123992
192232
221019
921222
129493
133999
929442
123920
003941
112992
912349
122921
019210

7 12 22 board_7x12_22_30799_none
1110139
2910299
9211399
1102942
1102931
9102349
1212993
0193339
1229221
9234921
2399391
9222211

10 6 11 board_10x6_11_30823_none
0001911232
1101112999
9321113959
2991192121
1221122100
0000019100

17 6 25 board_17x6_25_30836_none
19992100123210192
13949210199932239
01133911233399129
00019211910233122
00011113432394229
00000019992999921

19 18 50 board_19x18_50_30871_none
0012210000191000191
0019942100123210111
1123999111119921100
1922243219112229211
1291019122200122392
0123221119210191292
0019932222921322111
0024939911129291000
1239333210011211000
1992292110011100000
2321113920139200000
9100013920199432100
1100019210245999200
0000022201299349200
0000029311932111100
0000029922110001110
0000012391000001921
0000000111000001129

15 14 55 board_15x14_55_30923_none
911911999493229
122322244999292
029391029554432
249322129949929
993219113959421
249323211139322
139393931134499
944434991199932
299939322249431
139492101933939
011322001393139
110191000292011
910122101221000
110019101910000
